binary_id_trainneg,label,cwe_id_trainneg,source_id_num,token_sig,top_token,top_count,token_total,token_unique,known_cwe,binary_id_test,cwe_id_test,tri_pred,tri_margin
BIN_1007904,0,,1097,,,0,0,0,,BIN_8390979,CWE-121,CWE-121,0.7515602564206728
BIN_1015835,0,,2893,,,0,0,0,,BIN_9820943,CWE-121,CWE-121,0.9131007009326308
BIN_1017931,0,,6428,CWE-122:7|CWE-805:7,CWE-122,7,14,2,CWE-122,BIN_9685531,CWE-122,CWE-122,1.3145671823537786
BIN_1027007,0,,5423,CWE-122:6|CWE-193:6,CWE-122,6,12,2,CWE-122,BIN_7142090,CWE-122,CWE-122,1.5212781778251359
BIN_1028736,0,,10467,,,0,0,0,,BIN_9717986,CWE-122,CWE-122,0.5608163022555963
BIN_1033902,0,,10503,,,0,0,0,,BIN_7517028,CWE-122,CWE-122,0.7421291444657593
BIN_1038960,0,,1634,CWE-121:4|CWE-805:4,CWE-121,4,8,2,CWE-121,BIN_6636259,CWE-121,CWE-121,0.9683869100381253
BIN_1051826,0,,2422,,,0,0,0,,BIN_4555349,CWE-121,CWE-121,0.9412542024275956
BIN_1065397,0,,13126,,,0,0,0,,BIN_2657207,CWE-126,CWE-126,0.40900396883371937
BIN_1067720,0,,1836,CWE-121:4|CWE-805:4,CWE-121,4,8,2,CWE-121,BIN_1192329,CWE-121,CWE-121,1.49767892620586
BIN_1068663,0,,6779,CWE-122:7|CWE-806:7,CWE-122,7,14,2,CWE-122,BIN_4436444,CWE-122,CWE-122,1.5839821887977759
BIN_1074577,0,,14243,CWE-126:6,CWE-126,6,6,1,CWE-126,BIN_5524568,CWE-126,CWE-126,0.3409288725769906
BIN_1076060,0,,13080,CWE-126:7|CWE-129:7,CWE-126,7,14,2,CWE-126,BIN_8468191,CWE-126,CWE-126,0.20277279030811624
BIN_1079455,0,,8309,,,0,0,0,,BIN_9928959,CWE-122,CWE-122,0.39495333577524205
BIN_1081273,0,,1996,CWE-121:4|CWE-805:4,CWE-121,4,8,2,CWE-121,BIN_5580320,CWE-121,CWE-121,1.0117263044881186
BIN_1098263,0,,460,,,0,0,0,,BIN_2043915,CWE-121,CWE-121,1.38253171269603
BIN_1105137,0,,10416,,,0,0,0,,BIN_5717504,CWE-122,CWE-122,0.8013152191805935
BIN_1108048,0,,3043,CWE-121:1|CWE-806:1,CWE-121,1,2,2,CWE-121,BIN_3440902,CWE-121,CWE-121,0.7940097640920911
BIN_1138513,0,,868,,,0,0,0,,BIN_7576528,CWE-121,CWE-121,0.8309683906108998
BIN_1143451,0,,5558,CWE-122:7|CWE-193:7,CWE-122,7,14,2,CWE-122,BIN_7039851,CWE-122,CWE-122,1.286266497228321
BIN_1145947,0,,3981,,,0,0,0,,BIN_9907650,CWE-121,CWE-121,1.1387781863324842
BIN_1154595,0,,2861,,,0,0,0,,BIN_7215413,CWE-121,CWE-121,0.708094628955928
BIN_1158952,0,,14312,,,0,0,0,,BIN_5527060,CWE-126,CWE-126,0.6409248241042028
BIN_1164620,0,,3703,,,0,0,0,,BIN_5145509,CWE-121,CWE-121,0.9733911498318198
BIN_1166104,0,,9780,,,0,0,0,,BIN_4602522,CWE-122,CWE-122,0.805634141308178
BIN_1183865,0,,10368,,,0,0,0,,BIN_4784215,CWE-122,CWE-122,0.7943099093724028
BIN_1199980,0,,5727,CWE-122:8|CWE-193:8,CWE-122,8,16,2,CWE-122,BIN_2304111,CWE-122,CWE-122,1.0425464766649566
BIN_1202323,0,,13112,,,0,0,0,,BIN_4230091,CWE-126,CWE-126,0.25558087460118306
BIN_1203974,0,,7732,CWE-122:6,CWE-122,6,6,1,CWE-122,BIN_5420970,CWE-122,CWE-122,1.278185627170867
BIN_1218819,0,,4733,,,0,0,0,,BIN_1581869,CWE-121,CWE-121,1.1845716280495342
BIN_1235866,0,,7529,CWE-122:7,CWE-122,7,7,1,CWE-122,BIN_6777843,CWE-122,CWE-122,1.221003634631675
BIN_1238362,0,,148,,,0,0,0,,BIN_1205825,CWE-121,CWE-121,0.31732170550868477
BIN_1238761,0,,4348,CWE-121:4,CWE-121,4,4,1,CWE-121,BIN_2257336,CWE-121,CWE-121,1.5310626335217798
BIN_1249674,0,,6326,CWE-122:7|CWE-805:7,CWE-122,7,14,2,CWE-122,BIN_3248150,CWE-122,CWE-122,1.4989323243023633
BIN_1263391,0,,6016,CWE-122:10|CWE-805:10,CWE-122,10,20,2,CWE-122,BIN_7525952,CWE-122,CWE-122,1.3852913585779933
BIN_1268205,0,,4736,,,0,0,0,,BIN_1052196,CWE-121,CWE-121,1.2300129224726217
BIN_1272776,0,,10687,,,0,0,0,,BIN_3378435,CWE-122,CWE-122,0.17834721726533598
BIN_1288048,0,,2093,,,0,0,0,,BIN_4785238,CWE-121,CWE-121,1.5337127568821178
BIN_1291129,0,,8449,,,0,0,0,,BIN_7935642,CWE-122,CWE-122,0.5559663707805137
BIN_1291891,0,,14053,CWE-126:7,CWE-126,7,7,1,CWE-126,BIN_2069826,CWE-126,CWE-122,0.2941155194071884
BIN_1298737,0,,5276,CWE-122:7|CWE-193:7,CWE-122,7,14,2,CWE-122,BIN_9905339,CWE-122,CWE-122,1.722939317817781
BIN_1299018,0,,2818,,,0,0,0,,BIN_2274144,CWE-121,CWE-121,0.7137220425755062
BIN_1300200,0,,0,,,0,0,0,,BIN_1258632,CWE-121,CWE-126,0.4247179303313786
BIN_1304476,0,,13806,,,0,0,0,,BIN_5986527,CWE-126,CWE-126,0.7523892255948038
BIN_1321120,0,,6294,CWE-122:13|CWE-805:13,CWE-122,13,26,2,CWE-122,BIN_1100088,CWE-122,CWE-122,1.2149843898806516
BIN_1325992,0,,2615,,,0,0,0,,BIN_5895387,CWE-121,CWE-121,1.0264772602432795
BIN_1336586,0,,778,,,0,0,0,,BIN_4331971,CWE-121,CWE-121,0.6381546021119073
BIN_1340429,0,,13955,,,0,0,0,,BIN_3156859,CWE-126,CWE-126,1.285560470725441
BIN_1358462,0,,13441,,,0,0,0,,BIN_3453724,CWE-126,CWE-126,0.3366593123236622
BIN_1366695,0,,8301,,,0,0,0,,BIN_6138938,CWE-122,CWE-122,0.6882891441260085
BIN_1369642,0,,1275,,,0,0,0,,BIN_5129507,CWE-121,CWE-121,0.7333140226672636
BIN_1374803,0,,7717,CWE-122:7,CWE-122,7,7,1,CWE-122,BIN_4121604,CWE-122,CWE-122,1.5891998428955045
BIN_1386589,0,,674,CWE-121:4|CWE-193:4,CWE-121,4,8,2,CWE-121,BIN_6414179,CWE-121,CWE-121,1.5090669973504163
BIN_1409206,0,,14189,CWE-126:6,CWE-126,6,6,1,CWE-126,BIN_7621791,CWE-126,CWE-122,0.37347539406546515
BIN_1412302,0,,10143,,,0,0,0,,BIN_1912482,CWE-122,CWE-126,0.0825453265696309
BIN_1420435,0,,8253,,,0,0,0,,BIN_4544491,CWE-122,CWE-122,0.594230765495817
BIN_1424572,0,,5940,CWE-122:6|CWE-805:6,CWE-122,6,12,2,CWE-122,BIN_2582755,CWE-122,CWE-122,1.2504070431051288
BIN_1436696,0,,3164,,,0,0,0,,BIN_2006524,CWE-121,CWE-121,1.2130854493947543
BIN_1443599,0,,4329,,,0,0,0,,BIN_2973699,CWE-121,CWE-121,1.0727276415342077
BIN_1472392,0,,1140,,,0,0,0,,BIN_1610355,CWE-121,CWE-121,0.6326837186076564
BIN_1478190,0,,6469,CWE-122:7|CWE-805:7,CWE-122,7,14,2,CWE-122,BIN_6657861,CWE-122,CWE-122,0.9615797256944915
BIN_1481662,0,,9026,,,0,0,0,,BIN_5378596,CWE-122,CWE-122,0.23796302739684802
BIN_1509690,0,,5870,CWE-122:9|CWE-805:9,CWE-122,9,18,2,CWE-122,BIN_8501255,CWE-122,CWE-122,1.1262023971214328
BIN_1509887,0,,4169,,,0,0,0,,BIN_4908955,CWE-121,CWE-121,1.2298275583467126
BIN_1512821,0,,10480,CWE-122:4,CWE-122,4,4,1,CWE-122,BIN_4161277,CWE-122,CWE-122,0.5967015895647361
BIN_1530057,0,,1029,,,0,0,0,,BIN_1027831,CWE-121,CWE-121,1.3008256200483006
BIN_1531045,0,,7144,CWE-122:7|CWE-806:7,CWE-122,7,14,2,CWE-122,BIN_6813665,CWE-122,CWE-122,1.777588897936024
BIN_1541896,0,,4881,,,0,0,0,,BIN_3359914,CWE-121,CWE-121,1.367179773236526
BIN_1543440,0,,9493,,,0,0,0,,BIN_5447288,CWE-122,CWE-122,0.7764115526113392
BIN_1546516,0,,10131,,,0,0,0,,BIN_1146818,CWE-122,CWE-122,0.8124929014730035
BIN_1569098,0,,3222,,,0,0,0,,BIN_2716626,CWE-121,CWE-121,0.9774658797352378
BIN_1574165,0,,9879,,,0,0,0,,BIN_3192900,CWE-122,CWE-122,0.7390331087018565
BIN_1619747,0,,2460,,,0,0,0,,BIN_7181353,CWE-121,CWE-121,0.8879241085345473
BIN_1626222,0,,10478,CWE-122:8,CWE-122,8,8,1,CWE-122,BIN_7543628,CWE-122,CWE-122,0.8449986766272723
BIN_1628151,0,,10117,,,0,0,0,,BIN_4222021,CWE-122,CWE-122,0.8106775702576453
BIN_1630534,0,,10139,CWE-122:1|CWE-806:1,CWE-122,1,2,2,CWE-122,BIN_8500895,CWE-122,CWE-122,0.746456989027797
BIN_1642540,0,,13298,,,0,0,0,,BIN_4074509,CWE-126,CWE-121,0.15579650019202906
BIN_1643116,0,,7587,CWE-122:6,CWE-122,6,6,1,CWE-122,BIN_3010047,CWE-122,CWE-122,1.266432240912828
BIN_1644295,0,,1504,,,0,0,0,,BIN_9376238,CWE-121,CWE-121,1.2844368611443135
BIN_1646499,0,,7214,CWE-122:9|CWE-806:9,CWE-122,9,18,2,CWE-122,BIN_8076460,CWE-122,CWE-122,1.732885499384619
BIN_1653498,0,,6666,CWE-122:7|CWE-805:7,CWE-122,7,14,2,CWE-122,BIN_5684930,CWE-122,CWE-122,1.3617302589780467
BIN_1665842,0,,1943,,,0,0,0,,BIN_5557933,CWE-121,CWE-121,1.1333375153876404
BIN_1678602,0,,14450,CWE-126:6,CWE-126,6,6,1,CWE-126,BIN_1445181,CWE-126,CWE-126,1.118683687566
BIN_1702205,0,,10262,,,0,0,0,,BIN_6664811,CWE-122,CWE-122,0.592851354311998
BIN_1704753,0,,7620,CWE-122:6,CWE-122,6,6,1,CWE-122,BIN_9154132,CWE-122,CWE-122,1.6386800923185652
BIN_1711838,0,,4946,,,0,0,0,,BIN_4793963,CWE-126,CWE-122,0.25754963780958395
BIN_1712322,0,,8319,,,0,0,0,,BIN_8522851,CWE-122,CWE-122,0.37756357512801164
BIN_1721049,0,,13896,,,0,0,0,,BIN_3869518,CWE-126,CWE-126,0.7148554560917164
BIN_1726647,0,,2258,,,0,0,0,,BIN_7933707,CWE-121,CWE-121,1.142276413334577
BIN_1730111,0,,7485,CWE-122:7,CWE-122,7,7,1,CWE-122,BIN_1383969,CWE-122,CWE-122,1.2276758300221633
BIN_1738639,0,,1995,,,0,0,0,,BIN_7470299,CWE-121,CWE-121,0.8111608318989093
BIN_1741361,0,,5430,CWE-122:13|CWE-193:13,CWE-122,13,26,2,CWE-122,BIN_9394790,CWE-122,CWE-122,1.523503832559249
BIN_1741669,0,,513,,,0,0,0,,BIN_6545696,CWE-126,CWE-126,0.1986791922199188
BIN_1747861,0,,14246,CWE-126:10,CWE-126,10,10,1,CWE-126,BIN_1684866,CWE-126,CWE-122,1.0396882521978092
BIN_1749897,0,,2737,,,0,0,0,,BIN_9017039,CWE-121,CWE-121,0.9934179948471713
BIN_1772948,0,,10223,,,0,0,0,,BIN_9361542,CWE-122,CWE-122,0.8027781273823191
BIN_1779124,0,,6050,CWE-122:7|CWE-805:7,CWE-122,7,14,2,CWE-122,BIN_7153594,CWE-122,CWE-122,1.641299774244304
BIN_1780692,0,,13109,,,0,0,0,,BIN_8715438,CWE-126,CWE-126,0.2676117145898117
BIN_1781152,0,,10670,CWE-122:13,CWE-122,13,13,1,CWE-122,BIN_2623770,CWE-122,CWE-122,1.0671249805637701
BIN_1787321,0,,3561,,,0,0,0,,BIN_9364488,CWE-121,CWE-121,0.6971050298176672
BIN_1792897,0,,3368,,,0,0,0,,BIN_3302761,CWE-121,CWE-121,0.4145467266624796
BIN_1816944,0,,10835,,,0,0,0,,BIN_5704317,CWE-122,CWE-122,0.3908581313152467
BIN_1818090,0,,10548,,,0,0,0,,BIN_7111479,CWE-122,CWE-122,0.5171741404105491
BIN_1819757,0,,14042,CWE-126:7,CWE-126,7,7,1,CWE-126,BIN_8269415,CWE-126,CWE-122,0.3307672879489625
BIN_1831449,0,,10167,,,0,0,0,,BIN_1932572,CWE-122,CWE-122,0.8054836143924107
BIN_1836370,0,,1667,,,0,0,0,,BIN_1125275,CWE-121,CWE-121,1.0028173326413574
BIN_1840853,0,,1133,,,0,0,0,,BIN_8918937,CWE-121,CWE-121,0.9312393303010831
BIN_1848132,0,,3365,,,0,0,0,,BIN_4717211,CWE-121,CWE-121,0.35364716121253537
BIN_1853523,0,,6256,CWE-122:10|CWE-805:10,CWE-122,10,20,2,CWE-122,BIN_2025801,CWE-122,CWE-122,1.2425927637398626
BIN_1854725,0,,13816,CWE-126:8,CWE-126,8,8,1,CWE-126,BIN_6970659,CWE-126,CWE-126,0.23467678987155527
BIN_1860737,0,,4674,,,0,0,0,,BIN_6076043,CWE-121,CWE-121,0.7677421832224831
BIN_1862611,0,,2814,,,0,0,0,,BIN_7101919,CWE-121,CWE-121,0.8389466749374722
BIN_1868363,0,,4933,,,0,0,0,,BIN_6032043,CWE-121,CWE-121,0.01018897984072581
BIN_1873055,0,,8072,,,0,0,0,,BIN_9138243,CWE-122,CWE-122,0.8957712099080171
BIN_1883080,0,,10712,CWE-122:8,CWE-122,8,8,1,CWE-122,BIN_8346998,CWE-122,CWE-122,0.37673933836937
BIN_1893073,0,,5425,CWE-122:7|CWE-193:7,CWE-122,7,14,2,CWE-122,BIN_1945768,CWE-122,CWE-122,1.5059201699519025
BIN_1910562,0,,3226,,,0,0,0,,BIN_1186022,CWE-121,CWE-121,1.1437664204946583
BIN_1911793,0,,8174,CWE-122:10|CWE-129:10,CWE-122,10,20,2,CWE-122,BIN_6495604,CWE-122,CWE-122,1.2628674037743703
BIN_1912459,0,,6920,CWE-122:6|CWE-806:6,CWE-122,6,12,2,CWE-122,BIN_8503509,CWE-122,CWE-122,1.6110100133333123
BIN_1912770,0,,10698,,,0,0,0,,BIN_3537062,CWE-122,CWE-122,0.3404978483603429
BIN_1922087,0,,7678,CWE-122:7,CWE-122,7,7,1,CWE-122,BIN_8966351,CWE-122,CWE-122,1.6748008639452543
BIN_1923451,0,,7764,CWE-122:6,CWE-122,6,6,1,CWE-122,BIN_7213781,CWE-122,CWE-122,1.5734989866942477
BIN_1925964,0,,8295,,,0,0,0,,BIN_5834755,CWE-122,CWE-122,0.6868558511727673
BIN_1928004,0,,9701,,,0,0,0,,BIN_5994610,CWE-122,CWE-122,0.5354577353897128
BIN_1930120,0,,10507,,,0,0,0,,BIN_2292600,CWE-122,CWE-122,0.7808079325638562
BIN_1939888,0,,2778,,,0,0,0,,BIN_7244295,CWE-121,CWE-121,0.8046386317220414
BIN_1947696,0,,4580,,,0,0,0,,BIN_4766113,CWE-121,CWE-121,1.1217033905623526
BIN_1949716,0,,7067,CWE-122:7|CWE-806:7,CWE-122,7,14,2,CWE-122,BIN_1361766,CWE-122,CWE-122,1.6435477789584974
BIN_1950767,0,,4147,,,0,0,0,,BIN_6245764,CWE-121,CWE-121,1.4706894453015145
BIN_1957136,0,,13702,,,0,0,0,,BIN_8513381,CWE-126,CWE-126,0.41960393116814165
BIN_1961018,0,,2587,,,0,0,0,,BIN_6077220,CWE-121,CWE-121,1.0907564595457147
BIN_1965270,0,,13078,,,0,0,0,,BIN_6116750,CWE-126,CWE-126,0.5845141958474417
BIN_1969013,0,,375,,,0,0,0,,BIN_2052803,CWE-121,CWE-121,1.162439221784025
BIN_1969059,0,,197,,,0,0,0,,BIN_6333672,CWE-121,CWE-126,0.3913289115265707
BIN_1973933,0,,10606,,,0,0,0,,BIN_9997006,CWE-122,CWE-122,0.5758777823081073
BIN_1987377,0,,13392,,,0,0,0,,BIN_7378908,CWE-126,CWE-126,0.46459895577561616
BIN_1991762,0,,3794,,,0,0,0,,BIN_2310211,CWE-121,CWE-121,1.0406687914526267
BIN_2010179,0,,2709,,,0,0,0,,BIN_8846823,CWE-121,CWE-121,1.4431246033596163
BIN_2013216,0,,934,,,0,0,0,,BIN_7963047,CWE-121,CWE-121,1.626811100179462
BIN_2016154,0,,7718,CWE-122:7,CWE-122,7,7,1,CWE-122,BIN_5399511,CWE-122,CWE-122,1.5891998428955045
BIN_2020194,0,,6688,CWE-122:10|CWE-805:10,CWE-122,10,20,2,CWE-122,BIN_5758100,CWE-122,CWE-122,1.372714613506893
BIN_2026790,0,,8845,,,0,0,0,,BIN_9776749,CWE-122,CWE-122,0.5109701617345721
BIN_2031671,0,,1172,,,0,0,0,,BIN_4421842,CWE-121,CWE-121,0.8873182939924625
BIN_2037910,0,,9418,CWE-122:6|CWE-805:6,CWE-122,6,12,2,CWE-122,BIN_9042456,CWE-122,CWE-122,0.691360509978326
BIN_2038033,0,,2303,,,0,0,0,,BIN_1773960,CWE-121,CWE-121,1.2041095071976256
BIN_2045941,0,,9797,,,0,0,0,,BIN_1606105,CWE-122,CWE-122,0.9347052285916666
BIN_2064551,0,,7023,CWE-122:8|CWE-806:8,CWE-122,8,16,2,CWE-122,BIN_7569731,CWE-122,CWE-122,0.9696856064484604
BIN_2069142,0,,10377,,,0,0,0,,BIN_9327074,CWE-122,CWE-121,0.052418624848255935
BIN_2075125,0,,5006,CWE-122:11|CWE-129:11,CWE-122,11,22,2,CWE-122,BIN_2659233,CWE-122,CWE-122,1.3890646474941493
BIN_2082462,0,,4742,CWE-121:8,CWE-121,8,8,1,CWE-121,BIN_7874694,CWE-121,CWE-121,0.43869761153392584
BIN_2114247,0,,7430,CWE-122:7,CWE-122,7,7,1,CWE-122,BIN_9291968,CWE-122,CWE-122,1.1613959791388775
BIN_2119442,0,,1790,,,0,0,0,,BIN_8649600,CWE-121,CWE-121,1.2167421504453892
BIN_2119859,0,,8203,,,0,0,0,,BIN_2927518,CWE-122,CWE-122,0.7140053447594286
BIN_2128971,0,,2715,,,0,0,0,,BIN_7212877,CWE-121,CWE-121,1.5520541360493971
BIN_2134817,0,,8222,CWE-122:8|CWE-193:8,CWE-122,8,16,2,CWE-122,BIN_4020805,CWE-122,CWE-122,0.6174160633391744
BIN_2140341,0,,694,,,0,0,0,,BIN_1453661,CWE-121,CWE-121,0.8294933817797638
BIN_2148279,0,,4966,,,0,0,0,,BIN_4860053,CWE-122,CWE-126,0.14630194331387542
BIN_2150185,0,,3381,,,0,0,0,,BIN_5137647,CWE-121,CWE-121,0.5409655091863332
BIN_2157202,0,,8969,,,0,0,0,,BIN_9870948,CWE-122,CWE-122,0.5642913646313109
BIN_2173962,0,,6877,CWE-122:8|CWE-806:8,CWE-122,8,16,2,CWE-122,BIN_2562440,CWE-122,CWE-122,1.704095484978775
BIN_2174040,0,,3022,,,0,0,0,,BIN_5636039,CWE-121,CWE-121,0.9585776352663533
BIN_2177580,0,,13229,,,0,0,0,,BIN_5763689,CWE-126,CWE-121,0.4471804551342238
BIN_2181152,0,,13364,,,0,0,0,,BIN_5905603,CWE-126,CWE-126,0.01699093770726795
BIN_2181968,0,,2499,,,0,0,0,,BIN_6599212,CWE-121,CWE-121,1.5802104793648921
BIN_2183461,0,,6830,CWE-122:9|CWE-806:9,CWE-122,9,18,2,CWE-122,BIN_7034349,CWE-122,CWE-122,1.6566043151311454
BIN_2183641,0,,8884,,,0,0,0,,BIN_3404597,CWE-122,CWE-122,0.33475748189093046
BIN_2186524,0,,1374,,,0,0,0,,BIN_1155546,CWE-121,CWE-121,1.1372188044039773
BIN_2194548,0,,9183,,,0,0,0,,BIN_4756058,CWE-122,CWE-122,0.19993202248957903
BIN_2201424,0,,9836,,,0,0,0,,BIN_8903384,CWE-122,CWE-122,0.7895124964822657
BIN_2210898,0,,2419,,,0,0,0,,BIN_6734710,CWE-121,CWE-121,0.9149838097663952
BIN_2213541,0,,1257,,,0,0,0,,BIN_9118827,CWE-121,CWE-121,0.719663285964655
BIN_2230126,0,,7723,CWE-122:7,CWE-122,7,7,1,CWE-122,BIN_3444108,CWE-122,CWE-122,1.6346230623881965
BIN_2234754,0,,2698,,,0,0,0,,BIN_5137919,CWE-121,CWE-121,1.2977780158657586
BIN_2239029,0,,791,,,0,0,0,,BIN_7861413,CWE-121,CWE-121,0.8378157276287165
BIN_2242686,0,,3891,,,0,0,0,,BIN_8372306,CWE-121,CWE-121,0.9578682792766944
BIN_2246781,0,,4258,,,0,0,0,,BIN_1136887,CWE-121,CWE-121,1.0276294201620775
BIN_2250064,0,,9120,,,0,0,0,,BIN_6517264,CWE-122,CWE-122,0.3790912328841409
BIN_2260537,0,,1312,CWE-121:6|CWE-805:6,CWE-121,6,12,2,CWE-121,BIN_4802255,CWE-121,CWE-121,0.3796776795142395
BIN_2269482,0,,1935,,,0,0,0,,BIN_2511696,CWE-121,CWE-121,1.0251776582489862
BIN_2277519,0,,2074,CWE-121:4|CWE-805:4,CWE-121,4,8,2,CWE-121,BIN_1886292,CWE-121,CWE-121,1.699927172519922
BIN_2283508,0,,13355,,,0,0,0,,BIN_2329381,CWE-126,CWE-126,0.06219118856485384
BIN_2294580,0,,5028,CWE-122:7|CWE-129:7,CWE-122,7,14,2,CWE-122,BIN_9572967,CWE-122,CWE-122,1.581705015316326
BIN_2297800,0,,2867,,,0,0,0,,BIN_1858800,CWE-121,CWE-121,0.8432156545792718
BIN_2302602,0,,9444,,,0,0,0,,BIN_4803849,CWE-122,CWE-122,0.8281076221204515
BIN_2303914,0,,13081,CWE-126:1|CWE-129:1,CWE-126,1,2,2,CWE-126,BIN_9051608,CWE-126,CWE-126,0.5746369097495649
BIN_2315365,0,,4982,CWE-122:9|CWE-129:9,CWE-122,9,18,2,CWE-122,BIN_6797005,CWE-122,CWE-122,1.1446383271821765
BIN_2316778,0,,13518,,,0,0,0,,BIN_6756549,CWE-126,CWE-126,0.5641405848441472
BIN_2317756,0,,10620,CWE-122:4,CWE-122,4,4,1,CWE-122,BIN_3673938,CWE-122,CWE-122,0.3289970862503564
BIN_2324663,0,,622,,,0,0,0,,BIN_6733172,CWE-121,CWE-121,1.2997870542168695
BIN_2326605,0,,10164,,,0,0,0,,BIN_7113494,CWE-122,CWE-122,0.7799438730535054
BIN_2328598,0,,3603,,,0,0,0,,BIN_8951379,CWE-121,CWE-121,0.9419527755421739
BIN_2335683,0,,1636,CWE-121:4|CWE-805:4,CWE-121,4,8,2,CWE-121,BIN_5578342,CWE-121,CWE-121,0.8898934858107646
BIN_2349138,0,,8204,,,0,0,0,,BIN_4678623,CWE-122,CWE-122,0.645284246567038
BIN_2349927,0,,2316,CWE-121:4|CWE-805:4,CWE-121,4,8,2,CWE-121,BIN_5024961,CWE-121,CWE-121,1.3743589718138232
BIN_2350027,0,,6965,CWE-122:6|CWE-806:6,CWE-122,6,12,2,CWE-122,BIN_7082690,CWE-122,CWE-122,1.715147165904396
BIN_2362150,0,,10270,,,0,0,0,,BIN_2039778,CWE-122,CWE-122,0.729992206603176
BIN_2370880,0,,5516,CWE-122:7|CWE-193:7,CWE-122,7,14,2,CWE-122,BIN_1209342,CWE-122,CWE-122,1.5754655129903825
BIN_2373725,0,,1981,,,0,0,0,,BIN_4504521,CWE-121,CWE-121,0.9771353735630846
BIN_2396442,0,,7396,CWE-122:6|CWE-806:6,CWE-122,6,12,2,CWE-122,BIN_7497100,CWE-122,CWE-122,1.2821873326446838
BIN_2397000,0,,2146,,,0,0,0,,BIN_9976421,CWE-121,CWE-121,1.190285844229379
BIN_2407939,0,,3190,CWE-121:8|CWE-806:8,CWE-121,8,16,2,CWE-121,BIN_7912059,CWE-121,CWE-121,0.3523219021503772
BIN_2427593,0,,1069,,,0,0,0,,BIN_9127579,CWE-121,CWE-121,1.4358780416433292
BIN_2428807,0,,5333,CWE-122:6|CWE-193:6,CWE-122,6,12,2,CWE-122,BIN_5578392,CWE-122,CWE-122,1.5131167769897054
BIN_2430043,0,,1784,,,0,0,0,,BIN_2816978,CWE-121,CWE-121,1.3113534933018847
BIN_2436508,0,,6917,CWE-122:6|CWE-806:6,CWE-122,6,12,2,CWE-122,BIN_8635927,CWE-122,CWE-122,1.7099598456516483
BIN_2445062,0,,2177,,,0,0,0,,BIN_3933923,CWE-121,CWE-121,0.9614058408915528
BIN_2446988,0,,13539,,,0,0,0,,BIN_6230955,CWE-126,CWE-121,0.2792469330046843
BIN_2449350,0,,705,,,0,0,0,,BIN_3898847,CWE-121,CWE-121,0.6825889031060364
BIN_2483654,0,,13451,,,0,0,0,,BIN_6662350,CWE-126,CWE-126,0.4481724760826964
BIN_2487425,0,,1616,,,0,0,0,,BIN_9581789,CWE-121,CWE-121,0.8535615181758257
BIN_2488043,0,,616,,,0,0,0,,BIN_1431120,CWE-121,CWE-121,1.271117947835811
BIN_2504782,0,,8633,,,0,0,0,,BIN_9185112,CWE-122,CWE-122,0.64633517796392
BIN_2513378,0,,7448,CWE-122:6,CWE-122,6,6,1,CWE-122,BIN_5518904,CWE-122,CWE-122,1.114373865045534
BIN_2522059,0,,3468,,,0,0,0,,BIN_7442633,CWE-121,CWE-121,0.8483066924800505
BIN_2528741,0,,9978,,,0,0,0,,BIN_5847418,CWE-122,CWE-122,0.6780095122239151
BIN_2534396,0,,13253,,,0,0,0,,BIN_7801076,CWE-126,CWE-126,0.6058663358711299
BIN_2546582,0,,9117,,,0,0,0,,BIN_3224783,CWE-122,CWE-122,0.3881209697004381
BIN_2573303,0,,9781,,,0,0,0,,BIN_6859841,CWE-122,CWE-122,0.7804875812410783
BIN_2617934,0,,6996,CWE-122:6|CWE-806:6,CWE-122,6,12,2,CWE-122,BIN_5329834,CWE-122,CWE-122,1.7908183060665699
BIN_2631708,0,,10502,,,0,0,0,,BIN_7944788,CWE-122,CWE-122,0.6313242134809497
BIN_2631785,0,,13748,,,0,0,0,,BIN_1604929,CWE-126,CWE-126,0.642380279736713
BIN_2643196,0,,9547,,,0,0,0,,BIN_2347861,CWE-122,CWE-122,0.7527879052824018
BIN_2657888,0,,10422,,,0,0,0,,BIN_4918457,CWE-122,CWE-122,0.7874613527660294
BIN_2660080,0,,5611,CWE-122:7|CWE-193:7,CWE-122,7,14,2,CWE-122,BIN_7532158,CWE-122,CWE-122,1.2432973377716305
BIN_2671500,0,,13752,,,0,0,0,,BIN_6466028,CWE-126,CWE-126,0.7030674711882666
BIN_2672170,0,,6202,CWE-122:6|CWE-805:6,CWE-122,6,12,2,CWE-122,BIN_3288208,CWE-122,CWE-122,1.5109168087653189
BIN_2686163,0,,13800,,,0,0,0,,BIN_2507147,CWE-126,CWE-126,0.7584195944480133
BIN_2691057,0,,5812,CWE-122:6|CWE-805:6,CWE-122,6,12,2,CWE-122,BIN_2623553,CWE-122,CWE-122,1.12048722353707
BIN_2707999,0,,1395,,,0,0,0,,BIN_8741723,CWE-121,CWE-121,1.3397363884682851
BIN_2717483,0,,8102,,,0,0,0,,BIN_6321272,CWE-122,CWE-122,0.546809265078312
BIN_2723407,0,,5435,CWE-122:7|CWE-193:7,CWE-122,7,14,2,CWE-122,BIN_7174944,CWE-122,CWE-122,1.341397154480464
BIN_2725977,0,,10428,CWE-122:4,CWE-122,4,4,1,CWE-122,BIN_9682870,CWE-122,CWE-122,0.318362643428722
BIN_2731662,0,,466,,,0,0,0,,BIN_3368147,CWE-121,CWE-121,1.3937169291444578
BIN_2732652,0,,8224,CWE-122:4|CWE-193:4,CWE-122,4,8,2,CWE-122,BIN_2333504,CWE-122,CWE-122,0.5733490928987826
BIN_2757078,0,,3909,,,0,0,0,,BIN_6567541,CWE-121,CWE-121,1.060142628134243
BIN_2758041,0,,13271,,,0,0,0,,BIN_7027646,CWE-126,CWE-126,0.5676682722212191
BIN_2759155,0,,13301,,,0,0,0,,BIN_9736300,CWE-126,CWE-126,0.08674164246805893
BIN_2767150,0,,4941,,,0,0,0,,BIN_8532208,CWE-121,CWE-121,0.3388393928731963
BIN_2775308,0,,14139,CWE-126:7,CWE-126,7,7,1,CWE-126,BIN_9489139,CWE-126,CWE-126,0.038582800742412465
BIN_2776380,0,,4033,,,0,0,0,,BIN_2348413,CWE-121,CWE-121,0.9237922021787749
BIN_2782324,0,,2222,,,0,0,0,,BIN_8446279,CWE-121,CWE-121,0.8894905129281891
BIN_2788032,0,,4372,,,0,0,0,,BIN_1310739,CWE-121,CWE-121,0.6916158523980084
BIN_2792704,0,,4405,,,0,0,0,,BIN_1515681,CWE-121,CWE-121,0.8619570567564238
BIN_2793355,0,,3091,CWE-121:1|CWE-806:1,CWE-121,1,2,2,CWE-121,BIN_8122528,CWE-121,CWE-121,0.6610112759113289
BIN_2797539,0,,254,,,0,0,0,,BIN_9696326,CWE-121,CWE-126,0.05993250789169391
BIN_2802543,0,,501,,,0,0,0,,BIN_7993862,CWE-126,CWE-126,0.5703685250269315
BIN_2809449,0,,6298,CWE-122:6|CWE-805:6,CWE-122,6,12,2,CWE-122,BIN_6183484,CWE-122,CWE-122,1.1277239332222218
BIN_2813987,0,,7433,CWE-122:7,CWE-122,7,7,1,CWE-122,BIN_7383543,CWE-122,CWE-122,1.1613959791388775
BIN_2836124,0,,6619,CWE-122:7|CWE-805:7,CWE-122,7,14,2,CWE-122,BIN_8864875,CWE-122,CWE-122,1.2749345314892477
BIN_2837224,0,,2773,,,0,0,0,,BIN_1406988,CWE-121,CWE-121,0.923652325682641
BIN_2860725,0,,10177,,,0,0,0,,BIN_9802965,CWE-122,CWE-122,0.8794678420003449
BIN_2862527,0,,7012,CWE-122:6|CWE-806:6,CWE-122,6,12,2,CWE-122,BIN_9440293,CWE-122,CWE-122,1.4021793469280999
BIN_2867154,0,,6042,CWE-122:7|CWE-805:7,CWE-122,7,14,2,CWE-122,BIN_7190797,CWE-122,CWE-122,1.6497810747524624
BIN_2878877,0,,10750,,,0,0,0,,BIN_3429859,CWE-122,CWE-121,0.07215798872292567
BIN_2880271,0,,14144,CWE-126:13,CWE-126,13,13,1,CWE-126,BIN_8284017,CWE-126,CWE-122,0.08057225283780664
BIN_2892415,0,,4028,,,0,0,0,,BIN_1120725,CWE-121,CWE-121,1.2081292124821381
BIN_2892840,0,,908,,,0,0,0,,BIN_1559540,CWE-121,CWE-121,1.697753028656047
BIN_2908790,0,,2626,,,0,0,0,,BIN_9413742,CWE-121,CWE-121,1.2153351283107883
BIN_2909317,0,,1421,,,0,0,0,,BIN_3943899,CWE-121,CWE-121,1.17270985991616
BIN_2916536,0,,13228,CWE-126:10|CWE-129:10,CWE-126,10,20,2,CWE-126,BIN_7079583,CWE-126,CWE-122,0.04538584643726473
BIN_2963333,0,,2134,,,0,0,0,,BIN_8331983,CWE-121,CWE-121,1.1897542264066863
BIN_2966094,0,,1653,,,0,0,0,,BIN_8566824,CWE-121,CWE-121,1.0282917164830363
BIN_2970947,0,,10479,,,0,0,0,,BIN_9857343,CWE-122,CWE-122,0.12725417811903256
BIN_2973476,0,,5511,CWE-122:7|CWE-193:7,CWE-122,7,14,2,CWE-122,BIN_5185722,CWE-122,CWE-122,1.5005303357178121
BIN_2974014,0,,13894,,,0,0,0,,BIN_7306601,CWE-126,CWE-126,0.6805453650323117
BIN_2985125,0,,4378,,,0,0,0,,BIN_4916286,CWE-121,CWE-121,0.8490014375784858
BIN_2991657,0,,5658,CWE-122:7|CWE-193:7,CWE-122,7,14,2,CWE-122,BIN_5171591,CWE-122,CWE-122,1.2110092898269404
BIN_2994229,0,,8212,,,0,0,0,,BIN_2917749,CWE-122,CWE-122,0.22559282299172015
BIN_2995151,0,,13403,,,0,0,0,,BIN_3874192,CWE-126,CWE-126,0.2557514138661081
BIN_3000648,0,,4294,,,0,0,0,,BIN_4055495,CWE-121,CWE-121,1.010219588572327
BIN_3004885,0,,2469,,,0,0,0,,BIN_2251167,CWE-121,CWE-121,1.1662630853040086
BIN_3008640,0,,1954,CWE-121:4|CWE-805:4,CWE-121,4,8,2,CWE-121,BIN_1068578,CWE-121,CWE-121,1.1591974010956165
BIN_3024201,0,,14175,CWE-126:7,CWE-126,7,7,1,CWE-126,BIN_7737056,CWE-126,CWE-122,0.3472894244845487
BIN_3031162,0,,6831,CWE-122:8|CWE-806:8,CWE-122,8,16,2,CWE-122,BIN_1115713,CWE-122,CWE-122,0.8628860016944869
BIN_3049511,0,,7196,CWE-122:7|CWE-806:7,CWE-122,7,14,2,CWE-122,BIN_1176380,CWE-122,CWE-122,1.8062438952014963
BIN_3068348,0,,1224,,,0,0,0,,BIN_3760298,CWE-121,CWE-121,0.7116701211422376
BIN_3103497,0,,6588,CWE-122:10|CWE-805:10,CWE-122,10,20,2,CWE-122,BIN_1626440,CWE-122,CWE-122,1.31168439734958
BIN_3103726,0,,8843,CWE-122:1|CWE-805:1,CWE-122,1,2,2,CWE-122,BIN_5592832,CWE-122,CWE-122,0.7072429731116063
BIN_3105745,0,,5341,CWE-122:8|CWE-193:8,CWE-122,8,16,2,CWE-122,BIN_5723845,CWE-122,CWE-122,1.4382286598131264
BIN_3113849,0,,7628,CWE-122:7,CWE-122,7,7,1,CWE-122,BIN_2383929,CWE-122,CWE-122,1.6939258838157953
BIN_3132755,0,,3933,,,0,0,0,,BIN_5979884,CWE-121,CWE-121,1.1290830445091902
BIN_3138071,0,,346,,,0,0,0,,BIN_3063465,CWE-121,CWE-121,1.3175306455069524
BIN_3150483,0,,4528,,,0,0,0,,BIN_1909059,CWE-121,CWE-121,1.0940050532558074
BIN_3150928,0,,7384,CWE-122:7|CWE-806:7,CWE-122,7,14,2,CWE-122,BIN_7800434,CWE-122,CWE-122,1.62325732364691
BIN_3153130,0,,10317,,,0,0,0,,BIN_7328090,CWE-122,CWE-122,0.7032379754385911
BIN_3170555,0,,7595,CWE-122:7,CWE-122,7,7,1,CWE-122,BIN_8698297,CWE-122,CWE-122,0.7691799189370567
BIN_3170585,0,,3597,,,0,0,0,,BIN_8828477,CWE-121,CWE-121,1.143461109656621
BIN_3176153,0,,4719,,,0,0,0,,BIN_2960062,CWE-121,CWE-121,1.0488157786081382
BIN_3195512,0,,1175,,,0,0,0,,BIN_7442145,CWE-121,CWE-121,0.7349875652917817
BIN_3204205,0,,13642,,,0,0,0,,BIN_5072422,CWE-126,CWE-126,1.2586957715840357
BIN_3208754,0,,9979,,,0,0,0,,BIN_2369634,CWE-122,CWE-122,0.6224304997913276
BIN_3217897,0,,7194,CWE-122:7|CWE-806:7,CWE-122,7,14,2,CWE-122,BIN_3647297,CWE-122,CWE-122,1.7915199254254657
BIN_3218430,0,,8160,,,0,0,0,,BIN_1594638,CWE-122,CWE-122,0.9184991631611609
BIN_3220132,0,,4210,,,0,0,0,,BIN_6581251,CWE-121,CWE-121,0.9266778900057229
BIN_3225527,0,,7692,CWE-122:10,CWE-122,10,10,1,CWE-122,BIN_9697108,CWE-122,CWE-122,1.1477085329918797
BIN_3234941,0,,2673,CWE-121:1|CWE-805:1,CWE-121,1,2,2,CWE-121,BIN_8050648,CWE-121,CWE-121,0.9366455852694815
BIN_3236440,0,,1905,,,0,0,0,,BIN_5260790,CWE-121,CWE-121,1.144037416824248
BIN_3243736,0,,876,CWE-121:4|CWE-193:4,CWE-121,4,8,2,CWE-121,BIN_6238683,CWE-121,CWE-121,0.7587715684415617
BIN_3258715,0,,7236,,,0,0,0,,BIN_7886378,CWE-122,CWE-122,0.2576881358760156
BIN_3259501,0,,9407,,,0,0,0,,BIN_3545993,CWE-122,CWE-122,0.8439858975799036
BIN_3262848,0,,5174,CWE-122:9|CWE-129:9,CWE-122,9,18,2,CWE-122,BIN_6976463,CWE-122,CWE-122,1.3450957853929253
BIN_3287670,0,,3229,,,0,0,0,,BIN_3527394,CWE-121,CWE-121,1.1020816708895818
BIN_3289884,0,,304,,,0,0,0,,BIN_6624120,CWE-121,CWE-121,1.344605414002155
BIN_3291618,0,,7114,CWE-122:6|CWE-806:6,CWE-122,6,12,2,CWE-122,BIN_1670569,CWE-122,CWE-122,1.274581384624169
BIN_3298586,0,,5318,CWE-122:7|CWE-193:7,CWE-122,7,14,2,CWE-122,BIN_4010611,CWE-122,CWE-122,1.5332488855141824
BIN_3309078,0,,3431,,,0,0,0,,BIN_9391740,CWE-121,CWE-121,0.3037088182066032
BIN_3311522,0,,10120,,,0,0,0,,BIN_6101716,CWE-122,CWE-122,0.8121291136218566
BIN_3313653,0,,2475,,,0,0,0,,BIN_7462820,CWE-121,CWE-121,0.6384382123502335
BIN_3324720,0,,2138,,,0,0,0,,BIN_3729186,CWE-121,CWE-121,0.9640753474412903
BIN_3324870,0,,13962,CWE-126:4,CWE-126,4,4,1,CWE-126,BIN_4914324,CWE-126,CWE-122,0.18618239715729198
BIN_3327583,0,,595,,,0,0,0,,BIN_2220122,CWE-121,CWE-121,1.3884210874310692
BIN_3327990,0,,9351,,,0,0,0,,BIN_5486532,CWE-122,CWE-122,0.7739667354774087
BIN_3363701,0,,8109,,,0,0,0,,BIN_5759959,CWE-122,CWE-122,0.6258590462038119
BIN_3369511,0,,6015,CWE-122:8|CWE-805:8,CWE-122,8,16,2,CWE-122,BIN_8708263,CWE-122,CWE-122,1.160131391947682
BIN_3374248,0,,7766,CWE-122:7,CWE-122,7,7,1,CWE-122,BIN_1867149,CWE-122,CWE-122,1.5892099836722877
BIN_3385965,0,,7112,CWE-122:6|CWE-806:6,CWE-122,6,12,2,CWE-122,BIN_2294657,CWE-122,CWE-122,1.5552304536511397
BIN_3391247,0,,1464,,,0,0,0,,BIN_1517330,CWE-121,CWE-121,1.1447777454261607
BIN_3393414,0,,3086,,,0,0,0,,BIN_8282446,CWE-121,CWE-121,0.6858614952948434
BIN_3400478,0,,6046,CWE-122:7|CWE-805:7,CWE-122,7,14,2,CWE-122,BIN_5846930,CWE-122,CWE-122,1.6193165061634325
BIN_3403658,0,,1955,,,0,0,0,,BIN_9287175,CWE-121,CWE-121,0.8727718525621353
BIN_3404072,0,,10508,,,0,0,0,,BIN_3548445,CWE-122,CWE-122,0.7988868635343241
BIN_3406665,0,,5192,CWE-122:7|CWE-129:7,CWE-122,7,14,2,CWE-122,BIN_8782220,CWE-122,CWE-122,1.3481210322148836
BIN_3431909,0,,1633,CWE-121:1|CWE-805:1,CWE-121,1,2,2,CWE-121,BIN_8970634,CWE-121,CWE-121,0.7333022553344823
BIN_3432929,0,,6864,CWE-122:7|CWE-806:7,CWE-122,7,14,2,CWE-122,BIN_2858681,CWE-122,CWE-122,1.7030170397923459
BIN_3436271,0,,4101,,,0,0,0,,BIN_9057845,CWE-121,CWE-121,1.1368530391920826
BIN_3439502,0,,6097,CWE-122:7|CWE-805:7,CWE-122,7,14,2,CWE-122,BIN_7685311,CWE-122,CWE-122,1.619800554128262
BIN_3448688,0,,10236,CWE-122:4|CWE-806:4,CWE-122,4,8,2,CWE-122,BIN_3888560,CWE-122,CWE-122,0.3055966394352931
BIN_3455334,0,,3510,,,0,0,0,,BIN_3652578,CWE-121,CWE-121,0.5965933345679175
BIN_3457452,0,,2612,,,0,0,0,,BIN_4104842,CWE-121,CWE-121,1.1902299572205113
BIN_3463498,0,,7924,,,0,0,0,,BIN_4696093,CWE-122,CWE-122,0.6846479979706788
BIN_3464255,0,,8541,,,0,0,0,,BIN_6083471,CWE-122,CWE-122,0.5899555974614296
BIN_3464928,0,,2386,,,0,0,0,,BIN_1905016,CWE-121,CWE-121,1.2353958456946539
BIN_3475856,0,,10081,,,0,0,0,,BIN_6680853,CWE-122,CWE-122,0.868584570082612
BIN_3477322,0,,5038,CWE-122:9|CWE-129:9,CWE-122,9,18,2,CWE-122,BIN_1629499,CWE-122,CWE-122,1.7098968618953394
BIN_3479120,0,,13612,,,0,0,0,,BIN_9346118,CWE-126,CWE-126,0.7778252449351744
BIN_3480126,0,,6489,CWE-122:6|CWE-805:6,CWE-122,6,12,2,CWE-122,BIN_4510869,CWE-122,CWE-122,1.0921976072988433
BIN_3484166,0,,374,,,0,0,0,,BIN_9324806,CWE-121,CWE-121,1.2109034955573037
BIN_3487317,0,,3716,CWE-121:4|CWE-806:4,CWE-121,4,8,2,CWE-121,BIN_7893735,CWE-121,CWE-121,0.595802744018318
BIN_3488246,0,,4307,,,0,0,0,,BIN_6271988,CWE-121,CWE-121,1.461552462475324
BIN_3492700,0,,8292,,,0,0,0,,BIN_4180111,CWE-122,CWE-122,0.57577419020306
BIN_3510958,0,,2293,,,0,0,0,,BIN_8781315,CWE-121,CWE-121,1.3956430430189872
BIN_3520380,0,,6002,CWE-122:7|CWE-805:7,CWE-122,7,14,2,CWE-122,BIN_2639360,CWE-122,CWE-122,1.2004391591153571
BIN_3528340,0,,6186,CWE-122:7|CWE-805:7,CWE-122,7,14,2,CWE-122,BIN_7680721,CWE-122,CWE-122,1.615678736045653
BIN_3534121,0,,3847,,,0,0,0,,BIN_7810270,CWE-121,CWE-121,1.0862839384351635
BIN_3541094,0,,13481,,,0,0,0,,BIN_2143998,CWE-126,CWE-126,0.5747634583817877
BIN_3545037,0,,14048,CWE-126:13,CWE-126,13,13,1,CWE-126,BIN_3366354,CWE-126,CWE-122,0.46152079900679466
BIN_3551694,0,,4252,,,0,0,0,,BIN_4565318,CWE-121,CWE-121,0.9102524683545241
BIN_3558141,0,,7309,,,0,0,0,,BIN_5659126,CWE-122,CWE-122,0.18997704613514985
BIN_3565931,0,,3910,CWE-121:8|CWE-806:8,CWE-121,8,16,2,CWE-121,BIN_6931994,CWE-121,CWE-121,0.2426250998838581
BIN_3566592,0,,736,,,0,0,0,,BIN_8299030,CWE-121,CWE-121,0.6673517388203871
BIN_3569489,0,,1456,,,0,0,0,,BIN_5271548,CWE-121,CWE-121,1.1504344476606214
BIN_3569909,0,,3938,,,0,0,0,,BIN_6983427,CWE-121,CWE-121,0.9159639651130764
BIN_3575191,0,,4669,,,0,0,0,,BIN_8710353,CWE-121,CWE-121,0.928555386706154
BIN_3589574,0,,1893,,,0,0,0,,BIN_9750434,CWE-121,CWE-121,1.390340308085818
BIN_3589745,0,,8105,,,0,0,0,,BIN_4155693,CWE-122,CWE-122,0.5118295784496967
BIN_3590008,0,,6496,CWE-122:10|CWE-805:10,CWE-122,10,20,2,CWE-122,BIN_4068628,CWE-122,CWE-122,1.4202126158097088
BIN_3593186,0,,2949,,,0,0,0,,BIN_3425616,CWE-121,CWE-121,1.0994351531622732
BIN_3595795,0,,1911,,,0,0,0,,BIN_5258040,CWE-121,CWE-121,1.4863375664504987
BIN_3596246,0,,10617,,,0,0,0,,BIN_4142467,CWE-122,CWE-122,0.10542369204997024
BIN_3603467,0,,6494,CWE-122:9|CWE-805:9,CWE-122,9,18,2,CWE-122,BIN_3505170,CWE-122,CWE-122,0.7569180156520919
BIN_3604072,0,,1776,,,0,0,0,,BIN_7811622,CWE-121,CWE-121,1.3285585505890807
BIN_3608694,0,,7782,CWE-122:13,CWE-122,13,13,1,CWE-122,BIN_4981942,CWE-122,CWE-122,1.5821413009558762
BIN_3610462,0,,5427,CWE-122:6|CWE-193:6,CWE-122,6,12,2,CWE-122,BIN_8293489,CWE-122,CWE-122,1.3974035777071534
BIN_3611908,0,,4494,CWE-121:9,CWE-121,9,9,1,CWE-121,BIN_8095593,CWE-121,CWE-122,0.26994135103365346
BIN_3627076,0,,3418,,,0,0,0,,BIN_1068243,CWE-121,CWE-121,0.6505608766319846
BIN_3633388,0,,554,CWE-121:4|CWE-193:4,CWE-121,4,8,2,CWE-121,BIN_1961597,CWE-121,CWE-121,1.5403523038220555
BIN_3643338,0,,2872,CWE-121:6|CWE-805:6,CWE-121,6,12,2,CWE-121,BIN_5266854,CWE-121,CWE-121,0.0692636746994662
BIN_3652927,0,,6292,CWE-122:6|CWE-805:6,CWE-122,6,12,2,CWE-122,BIN_7955346,CWE-122,CWE-122,1.290094828799967
BIN_3663644,0,,13363,,,0,0,0,,BIN_2636467,CWE-126,CWE-121,0.23093112238649993
BIN_3666526,0,,5282,CWE-122:7|CWE-193:7,CWE-122,7,14,2,CWE-122,BIN_9288799,CWE-122,CWE-122,1.7048693561047066
BIN_3667005,0,,8936,,,0,0,0,,BIN_3899246,CWE-122,CWE-122,0.5758972594526776
BIN_3671326,0,,2699,,,0,0,0,,BIN_7268196,CWE-121,CWE-121,1.2638663186653019
BIN_3675854,0,,7147,CWE-122:7|CWE-806:7,CWE-122,7,14,2,CWE-122,BIN_8981502,CWE-122,CWE-122,1.7902697583523073
BIN_3678482,0,,123,,,0,0,0,,BIN_3923236,CWE-121,CWE-121,0.12233840683269503
BIN_3691965,0,,5811,CWE-122:6|CWE-805:6,CWE-122,6,12,2,CWE-122,BIN_8596220,CWE-122,CWE-122,1.3529910654549533
BIN_3692225,0,,6572,CWE-122:7|CWE-805:7,CWE-122,7,14,2,CWE-122,BIN_8620290,CWE-122,CWE-122,1.3461340698184858
BIN_3698269,0,,9421,,,0,0,0,,BIN_9218165,CWE-122,CWE-122,0.15725994748908834
BIN_3713381,0,,1825,,,0,0,0,,BIN_6292988,CWE-121,CWE-121,1.3479454685219197
BIN_3717645,0,,1783,,,0,0,0,,BIN_6121373,CWE-121,CWE-121,1.3296674479246091
BIN_3728467,0,,5530,CWE-122:6|CWE-193:6,CWE-122,6,12,2,CWE-122,BIN_1997811,CWE-122,CWE-122,1.2326056444872713
BIN_3732820,0,,13609,,,0,0,0,,BIN_7434539,CWE-126,CWE-126,1.134539039681398
BIN_3736200,0,,1384,,,0,0,0,,BIN_9295115,CWE-121,CWE-121,1.0128515255383612
BIN_3736858,0,,7434,CWE-122:7,CWE-122,7,7,1,CWE-122,BIN_7097178,CWE-122,CWE-122,1.2315162805963267
BIN_3739587,0,,472,,,0,0,0,,BIN_9867289,CWE-121,CWE-121,1.6427726850228421
BIN_3743936,0,,1016,,,0,0,0,,BIN_9941630,CWE-121,CWE-121,1.1590055264610988
BIN_3763369,0,,8741,,,0,0,0,,BIN_6817742,CWE-122,CWE-122,0.4809998088835906
BIN_3772515,0,,6244,CWE-122:6|CWE-805:6,CWE-122,6,12,2,CWE-122,BIN_9375261,CWE-122,CWE-122,1.3106772310938393
BIN_3773340,0,,10460,,,0,0,0,,BIN_3075281,CWE-122,CWE-122,0.8099004007563604
BIN_3786263,0,,7837,,,0,0,0,,BIN_3102642,CWE-122,CWE-122,0.2598602211680566
BIN_3809601,0,,8932,,,0,0,0,,BIN_9702060,CWE-122,CWE-122,0.2954920337686203
BIN_3819141,0,,6719,CWE-122:6|CWE-805:6,CWE-122,6,12,2,CWE-122,BIN_1728786,CWE-122,CWE-122,1.5083528690658943
BIN_3823743,0,,7237,,,0,0,0,,BIN_2247322,CWE-122,CWE-122,0.14397695333872176
BIN_3823888,0,,2663,,,0,0,0,,BIN_4852831,CWE-121,CWE-121,1.1565573416963515
BIN_3831122,0,,4299,,,0,0,0,,BIN_1821353,CWE-121,CWE-121,1.1996131398925391
BIN_3832608,0,,10468,,,0,0,0,,BIN_6078282,CWE-122,CWE-122,0.12240027332884434
BIN_3835848,0,,1988,,,0,0,0,,BIN_5087969,CWE-121,CWE-121,0.9973586962458754
BIN_3836604,0,,2829,,,0,0,0,,BIN_9962112,CWE-121,CWE-121,0.8107752873024762
BIN_3837399,0,,2467,,,0,0,0,,BIN_8682782,CWE-121,CWE-121,1.0279406786005931
BIN_3845336,0,,8397,,,0,0,0,,BIN_7745465,CWE-122,CWE-122,0.6904073307047266
BIN_3846598,0,,9269,,,0,0,0,,BIN_9801182,CWE-122,CWE-122,0.48008912368295154
BIN_3861600,0,,9135,,,0,0,0,,BIN_9554278,CWE-122,CWE-122,0.16113846109318525
BIN_3861833,0,,10699,,,0,0,0,,BIN_6650062,CWE-122,CWE-122,0.34767548822517946
BIN_3864912,0,,6304,CWE-122:10|CWE-805:10,CWE-122,10,20,2,CWE-122,BIN_1291336,CWE-122,CWE-122,1.2532292039040642
BIN_3865361,0,,3896,,,0,0,0,,BIN_3138248,CWE-121,CWE-121,0.982737313055837
BIN_3871934,0,,867,,,0,0,0,,BIN_8136304,CWE-121,CWE-121,0.7446323065964413
BIN_3873513,0,,7341,CWE-122:7|CWE-806:7,CWE-122,7,14,2,CWE-122,BIN_3040126,CWE-122,CWE-122,1.8100738195416963
BIN_3888968,0,,2312,CWE-121:6|CWE-805:6,CWE-121,6,12,2,CWE-121,BIN_9669111,CWE-121,CWE-121,0.29552731885274847
BIN_3908892,0,,13764,CWE-126:6,CWE-126,6,6,1,CWE-126,BIN_7713723,CWE-126,CWE-126,0.23258376534934272
BIN_3920833,0,,4050,CWE-121:6|CWE-806:6,CWE-121,6,12,2,CWE-121,BIN_5794564,CWE-121,CWE-121,0.33801154791918087
BIN_3922013,0,,2551,,,0,0,0,,BIN_1455487,CWE-121,CWE-121,1.2032592625628555
BIN_3926029,0,,4691,CWE-121:1,CWE-121,1,1,1,CWE-121,BIN_4201564,CWE-121,CWE-121,0.7484961188347772
BIN_3927626,0,,10693,,,0,0,0,,BIN_2143047,CWE-122,CWE-122,0.38819526743810207
BIN_3931067,0,,10118,,,0,0,0,,BIN_7487594,CWE-122,CWE-122,0.8106775702576453
BIN_3934441,0,,3895,,,0,0,0,,BIN_2505513,CWE-121,CWE-121,1.1644076382754365
BIN_3938445,0,,6520,CWE-122:7|CWE-805:7,CWE-122,7,14,2,CWE-122,BIN_6560272,CWE-122,CWE-122,1.366992769584436
BIN_3946918,0,,9232,CWE-122:4|CWE-805:4,CWE-122,4,8,2,CWE-122,BIN_4722199,CWE-122,CWE-122,0.5728320458794842
BIN_3952845,0,,8583,,,0,0,0,,BIN_3346061,CWE-122,CWE-122,0.6287758888755898
BIN_3953380,0,,6914,CWE-122:7|CWE-806:7,CWE-122,7,14,2,CWE-122,BIN_9658817,CWE-122,CWE-122,1.7070755379019793
BIN_3953851,0,,1532,,,0,0,0,,BIN_7786937,CWE-121,CWE-121,1.0645636210450764
BIN_3959529,0,,13606,,,0,0,0,,BIN_5113387,CWE-126,CWE-126,1.1886538488932539
BIN_3974030,0,,1301,,,0,0,0,,BIN_6558203,CWE-121,CWE-121,1.2651962254756568
BIN_3979146,0,,10181,,,0,0,0,,BIN_4492829,CWE-122,CWE-122,0.9341210450074344
BIN_3989425,0,,9947,CWE-122:1|CWE-806:1,CWE-122,1,2,2,CWE-122,BIN_4731180,CWE-122,CWE-122,0.7951382906163295
BIN_3999543,0,,6278,CWE-122:7|CWE-805:7,CWE-122,7,14,2,CWE-122,BIN_6795875,CWE-122,CWE-122,1.219166402589801
BIN_4003508,0,,579,,,0,0,0,,BIN_2605578,CWE-121,CWE-121,1.340620185345422
BIN_4004855,0,,10855,,,0,0,0,,BIN_4025173,CWE-122,CWE-122,0.18810564743529112
BIN_4014860,0,,5917,CWE-122:8|CWE-805:8,CWE-122,8,16,2,CWE-122,BIN_9918388,CWE-122,CWE-122,1.1391650859655873
BIN_4015020,0,,2496,,,0,0,0,,BIN_1957866,CWE-121,CWE-121,1.5896795248428717
BIN_4023512,0,,8829,,,0,0,0,,BIN_5012153,CWE-122,CWE-122,0.7071828413643271
BIN_4029469,0,,9119,,,0,0,0,,BIN_2723995,CWE-122,CWE-122,0.7325250309059799
BIN_4049611,0,,13399,,,0,0,0,,BIN_4380420,CWE-126,CWE-126,0.06927978226493958
BIN_4055234,0,,5087,CWE-122:7|CWE-129:7,CWE-122,7,14,2,CWE-122,BIN_1855363,CWE-122,CWE-122,2.4758619355942395
BIN_4058808,0,,2541,,,0,0,0,,BIN_8851263,CWE-121,CWE-121,1.0405652701139503
BIN_4060586,0,,10047,,,0,0,0,,BIN_5877775,CWE-122,CWE-126,0.08569498171082618
BIN_4094438,0,,14323,,,0,0,0,,BIN_3720197,CWE-126,CWE-126,0.8211079007193853
BIN_4095475,0,,5758,CWE-122:7|CWE-805:7,CWE-122,7,14,2,CWE-122,BIN_3531195,CWE-122,CWE-122,1.4166040540858513
BIN_4100588,0,,1630,,,0,0,0,,BIN_8909534,CWE-121,CWE-121,0.9729731807486602
BIN_4109930,0,,6671,CWE-122:6|CWE-805:6,CWE-122,6,12,2,CWE-122,BIN_1816692,CWE-122,CWE-122,1.4906940909175668
BIN_4114715,0,,3805,,,0,0,0,,BIN_9887665,CWE-121,CWE-121,1.1223246529333166
BIN_4117700,0,,10515,,,0,0,0,,BIN_9312454,CWE-122,CWE-122,0.5495190777870395
BIN_4118097,0,,5392,CWE-122:10|CWE-193:10,CWE-122,10,20,2,CWE-122,BIN_7448286,CWE-122,CWE-122,1.3876218941380198
BIN_4125794,0,,6158,CWE-122:9|CWE-805:9,CWE-122,9,18,2,CWE-122,BIN_2204598,CWE-122,CWE-122,1.346558904973792
BIN_4128495,0,,5272,CWE-122:7|CWE-193:7,CWE-122,7,14,2,CWE-122,BIN_1511045,CWE-122,CWE-122,1.7405403467703757
BIN_4132043,0,,4044,,,0,0,0,,BIN_9681596,CWE-121,CWE-121,0.9047717154070973
BIN_4138766,0,,1135,,,0,0,0,,BIN_1884467,CWE-121,CWE-121,0.6275353353539197
BIN_4140095,0,,10284,CWE-122:4,CWE-122,4,4,1,CWE-122,BIN_9014981,CWE-122,CWE-122,0.5411103263418677
BIN_4146193,0,,9903,,,0,0,0,,BIN_5036511,CWE-122,CWE-122,0.10046107460430453
BIN_4152111,0,,6491,CWE-122:7|CWE-805:7,CWE-122,7,14,2,CWE-122,BIN_6658862,CWE-122,CWE-122,1.2786808994911287
BIN_4185819,0,,989,,,0,0,0,,BIN_4765248,CWE-121,CWE-121,1.387416021520441
BIN_4185893,0,,2072,CWE-121:6|CWE-805:6,CWE-121,6,12,2,CWE-121,BIN_8998965,CWE-121,CWE-121,0.5617998668832747
BIN_4186374,0,,7246,,,0,0,0,,BIN_6808461,CWE-122,CWE-122,0.4384533385593391
BIN_4194186,0,,4374,,,0,0,0,,BIN_1479254,CWE-121,CWE-121,0.6392710741586501
BIN_4206858,0,,14178,CWE-126:7,CWE-126,7,7,1,CWE-126,BIN_2191730,CWE-126,CWE-122,0.4109930082495128
BIN_4211339,0,,6133,CWE-122:7|CWE-805:7,CWE-122,7,14,2,CWE-122,BIN_8140818,CWE-122,CWE-122,1.5023101306350213
BIN_4212382,0,,4381,,,0,0,0,,BIN_2054350,CWE-121,CWE-121,0.8153253988621544
BIN_4215285,0,,9136,CWE-122:4|CWE-805:4,CWE-122,4,8,2,CWE-122,BIN_3444005,CWE-122,CWE-122,0.42929067359360373
BIN_4217385,0,,8552,,,0,0,0,,BIN_2837964,CWE-122,CWE-122,0.4494597032097545
BIN_4218743,0,,2755,,,0,0,0,,BIN_4989787,CWE-121,CWE-121,1.0850716299670735
BIN_4220921,0,,348,CWE-121:6|CWE-131:6,CWE-121,6,12,2,CWE-121,BIN_5302550,CWE-121,CWE-121,0.34894632466603676
BIN_4222420,0,,5199,CWE-122:10|CWE-129:10,CWE-122,10,20,2,CWE-122,BIN_9477340,CWE-122,CWE-122,0.6600307929655952
BIN_4226456,0,,14493,,,0,0,0,,BIN_9984726,CWE-126,CWE-126,0.42451294716620247
BIN_4263933,0,,13486,,,0,0,0,,BIN_5412177,CWE-126,CWE-126,0.6385306209126015
BIN_4268251,0,,3569,,,0,0,0,,BIN_9355193,CWE-121,CWE-121,1.1950709549377287
BIN_4269281,0,,3175,,,0,0,0,,BIN_2569057,CWE-121,CWE-121,0.831322159998876
BIN_4272900,0,,2714,CWE-121:4|CWE-805:4,CWE-121,4,8,2,CWE-121,BIN_9536437,CWE-121,CWE-121,1.654123022909724
BIN_4273874,0,,6085,CWE-122:7|CWE-805:7,CWE-122,7,14,2,CWE-122,BIN_9612891,CWE-122,CWE-122,1.522891122131853
BIN_4280386,0,,5966,CWE-122:9|CWE-805:9,CWE-122,9,18,2,CWE-122,BIN_3236309,CWE-122,CWE-122,1.166111424268586
BIN_4284102,0,,2711,,,0,0,0,,BIN_4300645,CWE-121,CWE-121,1.4841239527041186
BIN_4285365,0,,9514,CWE-122:6|CWE-805:6,CWE-122,6,12,2,CWE-122,BIN_7926597,CWE-122,CWE-122,0.41128172697045845
BIN_4285609,0,,9162,,,0,0,0,,BIN_9419716,CWE-122,CWE-122,0.28101412636278617
BIN_4291904,0,,6008,CWE-122:6|CWE-805:6,CWE-122,6,12,2,CWE-122,BIN_3125135,CWE-122,CWE-122,1.151980606069305
BIN_4292777,0,,14225,CWE-126:7,CWE-126,7,7,1,CWE-126,BIN_7686936,CWE-126,CWE-122,0.33414642081640156
BIN_4302348,0,,6238,CWE-122:7|CWE-805:7,CWE-122,7,14,2,CWE-122,BIN_1106965,CWE-122,CWE-122,1.3100503621031532
BIN_4303583,0,,10644,CWE-122:7,CWE-122,7,7,1,CWE-122,BIN_9602298,CWE-122,CWE-122,1.3342012832813275
BIN_4328500,0,,834,CWE-121:4|CWE-193:4,CWE-121,4,8,2,CWE-121,BIN_6456450,CWE-121,CWE-121,0.7850344775102509
BIN_4331638,0,,10749,,,0,0,0,,BIN_1483512,CWE-122,CWE-122,0.21418866237197898
BIN_4336508,0,,8988,CWE-122:4|CWE-805:4,CWE-122,4,8,2,CWE-122,BIN_9439245,CWE-122,CWE-122,0.4687337283658546
BIN_4340099,0,,14396,,,0,0,0,,BIN_8964803,CWE-126,CWE-126,0.9398805998652915
BIN_4340573,0,,13202,,,0,0,0,,BIN_8756138,CWE-126,CWE-121,0.4357393259661891
BIN_4346890,0,,14058,CWE-126:10,CWE-126,10,10,1,CWE-126,BIN_4003162,CWE-126,CWE-122,1.129979442306515
BIN_4357724,0,,6906,CWE-122:7|CWE-806:7,CWE-122,7,14,2,CWE-122,BIN_3015484,CWE-122,CWE-122,1.7399530769212064
BIN_4362246,0,,13326,CWE-126:6|CWE-129:6,CWE-126,6,12,2,CWE-126,BIN_7703624,CWE-126,CWE-126,0.17460180319602647
BIN_4364451,0,,9564,CWE-122:4|CWE-805:4,CWE-122,4,8,2,CWE-122,BIN_6421533,CWE-122,CWE-122,0.31414841978353436
BIN_4367360,0,,1785,,,0,0,0,,BIN_7359474,CWE-121,CWE-121,1.3026908810735214
BIN_4378801,0,,6381,CWE-122:7|CWE-805:7,CWE-122,7,14,2,CWE-122,BIN_6491952,CWE-122,CWE-122,1.33657837946613
BIN_4380718,0,,8444,,,0,0,0,,BIN_5988839,CWE-122,CWE-122,0.5563572894195614
BIN_4381378,0,,14181,CWE-126:7,CWE-126,7,7,1,CWE-126,BIN_3958151,CWE-126,CWE-122,0.4273443093402408
BIN_4386905,0,,2828,,,0,0,0,,BIN_7766476,CWE-121,CWE-121,0.7656312059455159
BIN_4391212,0,,4080,,,0,0,0,,BIN_8128231,CWE-121,CWE-121,1.1138957438571702
BIN_4393209,0,,4037,,,0,0,0,,BIN_8921309,CWE-121,CWE-121,0.9177111690096748
BIN_4426334,0,,6011,CWE-122:7|CWE-805:7,CWE-122,7,14,2,CWE-122,BIN_5114054,CWE-122,CWE-122,1.1315671996210979
BIN_4431866,0,,6901,CWE-122:7|CWE-806:7,CWE-122,7,14,2,CWE-122,BIN_9758176,CWE-122,CWE-122,1.719468133513098
BIN_4433507,0,,10048,CWE-122:4|CWE-806:4,CWE-122,4,8,2,CWE-122,BIN_5003646,CWE-122,CWE-122,0.23964977262985493
BIN_4434541,0,,2868,,,0,0,0,,BIN_1441144,CWE-121,CWE-121,0.8245204021729287
BIN_4461533,0,,10127,,,0,0,0,,BIN_7294516,CWE-122,CWE-122,0.980761932486568
BIN_4470900,0,,8779,,,0,0,0,,BIN_6606841,CWE-122,CWE-122,0.8058880496470231
BIN_4483976,0,,1074,CWE-121:4|CWE-193:4,CWE-121,4,8,2,CWE-121,BIN_9382657,CWE-121,CWE-121,1.500170581806188
BIN_4498732,0,,146,,,0,0,0,,BIN_1673692,CWE-121,CWE-121,0.255104268638625
BIN_4513393,0,,4774,,,0,0,0,,BIN_8253984,CWE-121,CWE-121,1.07339500331067
BIN_4513956,0,,2020,,,0,0,0,,BIN_8811036,CWE-121,CWE-121,1.4561667821861046
BIN_4517302,0,,853,,,0,0,0,,BIN_1618886,CWE-121,CWE-121,0.8117038938902374
BIN_4522281,0,,13308,,,0,0,0,,BIN_7439482,CWE-126,CWE-126,0.09236522918290013
BIN_4524654,0,,3613,,,0,0,0,,BIN_8412409,CWE-121,CWE-121,1.0672884051109741
BIN_4532666,0,,9417,,,0,0,0,,BIN_6182461,CWE-122,CWE-122,0.018567923475704684
BIN_4533708,0,,8020,,,0,0,0,,BIN_5921375,CWE-122,CWE-122,1.0116270053144603
BIN_4543972,0,,14282,,,0,0,0,,BIN_9613809,CWE-126,CWE-126,0.6031784216317357
BIN_4550070,0,,10328,,,0,0,0,,BIN_4181452,CWE-122,CWE-122,0.6005398918321758
BIN_4559054,0,,14231,CWE-126:7,CWE-126,7,7,1,CWE-126,BIN_8050813,CWE-126,CWE-122,0.3724068202347923
BIN_4559065,0,,7633,CWE-122:7,CWE-122,7,7,1,CWE-122,BIN_7781125,CWE-122,CWE-122,1.7134857316924796
BIN_4572401,0,,13864,CWE-126:8,CWE-126,8,8,1,CWE-126,BIN_1231705,CWE-126,CWE-126,0.31113950756093095
BIN_4579615,0,,2191,,,0,0,0,,BIN_7900216,CWE-121,CWE-121,1.1972046753161163
BIN_4589716,0,,8824,,,0,0,0,,BIN_1403634,CWE-122,CWE-122,0.6960759360022853
BIN_4592518,0,,4581,,,0,0,0,,BIN_6352772,CWE-121,CWE-121,1.1242149494988427
BIN_4601263,0,,161,,,0,0,0,,BIN_7422701,CWE-121,CWE-121,0.3385712147742632
BIN_4603672,0,,9466,CWE-122:6|CWE-805:6,CWE-122,6,12,2,CWE-122,BIN_2211668,CWE-122,CWE-122,0.44112080930119
BIN_4620676,0,,10332,CWE-122:4,CWE-122,4,4,1,CWE-122,BIN_2290024,CWE-122,CWE-122,0.5291478517094163
BIN_4639042,0,,8153,,,0,0,0,,BIN_3184774,CWE-122,CWE-122,0.9506363661443558
BIN_4647475,0,,5726,CWE-122:9|CWE-193:9,CWE-122,9,18,2,CWE-122,BIN_3029780,CWE-122,CWE-122,1.1391766744702814
BIN_4656922,0,,5947,CWE-122:7|CWE-805:7,CWE-122,7,14,2,CWE-122,BIN_6056519,CWE-122,CWE-122,1.2757999996920582
BIN_4667632,0,,2342,,,0,0,0,,BIN_5033631,CWE-121,CWE-121,1.0819832694187803
BIN_4669010,0,,1265,,,0,0,0,,BIN_4822768,CWE-121,CWE-121,0.7607077958933015
BIN_4683764,0,,4780,,,0,0,0,,BIN_3353368,CWE-121,CWE-121,1.3247101428603418
BIN_4685514,0,,543,,,0,0,0,,BIN_1259150,CWE-121,CWE-121,1.4029195927184182
BIN_4690392,0,,2384,,,0,0,0,,BIN_2463753,CWE-121,CWE-121,1.0775049428013381
BIN_4705688,0,,5855,CWE-122:6|CWE-805:6,CWE-122,6,12,2,CWE-122,BIN_1784472,CWE-122,CWE-122,1.377333349262642
BIN_4706634,0,,10610,,,0,0,0,,BIN_8377289,CWE-122,CWE-122,0.5786634417967228
BIN_4711380,0,,14102,CWE-126:10,CWE-126,10,10,1,CWE-126,BIN_2131197,CWE-126,CWE-122,1.0747150224085233
BIN_4716275,0,,13529,,,0,0,0,,BIN_4432018,CWE-126,CWE-126,0.6652505761176266
BIN_4755466,0,,13936,,,0,0,0,,BIN_3144537,CWE-126,CWE-126,0.6349036265093976
BIN_4760803,0,,4263,,,0,0,0,,BIN_1936509,CWE-121,CWE-121,1.1931486768291442
BIN_4763691,0,,993,CWE-121:1|CWE-193:1,CWE-121,1,2,2,CWE-121,BIN_2106640,CWE-121,CWE-121,1.1526723939115577
BIN_4768855,0,,10022,,,0,0,0,,BIN_6948375,CWE-122,CWE-122,0.7463542261172965
BIN_4782627,0,,351,,,0,0,0,,BIN_1872089,CWE-121,CWE-121,1.2345034909723664
BIN_4784635,0,,7983,,,0,0,0,,BIN_7291769,CWE-122,CWE-126,0.39138503411828973
BIN_4790814,0,,584,,,0,0,0,,BIN_8365448,CWE-121,CWE-121,1.3906232860846885
BIN_4792566,0,,4454,CWE-121:9,CWE-121,9,9,1,CWE-121,BIN_3796677,CWE-121,CWE-121,0.6479154048597795
BIN_4794134,0,,1587,,,0,0,0,,BIN_8908150,CWE-121,CWE-121,1.2501923828272683
BIN_4811544,0,,7792,CWE-122:10,CWE-122,10,10,1,CWE-122,BIN_1358389,CWE-122,CWE-122,1.22923040941295
BIN_4812119,0,,9952,CWE-122:4|CWE-806:4,CWE-122,4,8,2,CWE-122,BIN_2202229,CWE-122,CWE-122,0.6548008290508175
BIN_4815430,0,,1256,,,0,0,0,,BIN_9157539,CWE-121,CWE-121,0.7005557314927542
BIN_4820164,0,,10608,,,0,0,0,,BIN_7053399,CWE-122,CWE-122,0.6986573118484003
BIN_4827708,0,,10506,,,0,0,0,,BIN_5198510,CWE-122,CWE-122,0.7620866103064495
BIN_4830807,0,,5725,CWE-122:8|CWE-193:8,CWE-122,8,16,2,CWE-122,BIN_6119232,CWE-122,CWE-122,1.2355604638421833
BIN_4838798,0,,1294,,,0,0,0,,BIN_8580741,CWE-121,CWE-121,1.3703004944862178
BIN_4842058,0,,6159,CWE-122:8|CWE-805:8,CWE-122,8,16,2,CWE-122,BIN_7334045,CWE-122,CWE-122,1.063527858657181
BIN_4850479,0,,3649,,,0,0,0,,BIN_9515824,CWE-121,CWE-121,0.8716512793327047
BIN_4858750,0,,10191,,,0,0,0,,BIN_5260738,CWE-122,CWE-126,0.07389312756811711
BIN_4863077,0,,1222,,,0,0,0,,BIN_8025811,CWE-121,CWE-121,0.6300143192112395
BIN_4865249,0,,9734,,,0,0,0,,BIN_8604165,CWE-122,CWE-122,0.8034270425939085
BIN_4865531,0,,1150,,,0,0,0,,BIN_2816784,CWE-121,CWE-121,0.7697099020327578
BIN_4868552,0,,3212,,,0,0,0,,BIN_6324548,CWE-121,CWE-121,1.2414226561149606
BIN_4885526,0,,6182,CWE-122:7|CWE-805:7,CWE-122,7,14,2,CWE-122,BIN_1011294,CWE-122,CWE-122,1.5276342990067038
BIN_4886049,0,,13759,,,0,0,0,,BIN_7207562,CWE-126,CWE-126,0.4454311819404425
BIN_4899473,0,,1189,,,0,0,0,,BIN_1303456,CWE-121,CWE-121,0.9007362274252757
BIN_4901267,0,,6299,CWE-122:7|CWE-805:7,CWE-122,7,14,2,CWE-122,BIN_5552603,CWE-122,CWE-122,1.1691167965523883
BIN_4915430,0,,5001,CWE-122:7|CWE-129:7,CWE-122,7,14,2,CWE-122,BIN_2029711,CWE-122,CWE-122,1.1291756950112921
BIN_4917945,0,,3412,,,0,0,0,,BIN_8475116,CWE-121,CWE-121,0.4654153508999088
BIN_4932765,0,,100,,,0,0,0,,BIN_4490036,CWE-121,CWE-121,0.258379688001815
BIN_4942289,0,,4986,CWE-122:9|CWE-129:9,CWE-122,9,18,2,CWE-122,BIN_3321726,CWE-122,CWE-122,1.1805986372287918
BIN_4945203,0,,3405,,,0,0,0,,BIN_1024189,CWE-121,CWE-121,0.6744624934850922
BIN_4953166,0,,3658,,,0,0,0,,BIN_1203559,CWE-121,CWE-121,1.0519580971354987
BIN_4956133,0,,5365,CWE-122:7|CWE-193:7,CWE-122,7,14,2,CWE-122,BIN_9687291,CWE-122,CWE-122,1.476567679393072
BIN_4958364,0,,1819,,,0,0,0,,BIN_5075564,CWE-121,CWE-121,1.3499088495875078
BIN_4969199,0,,7736,CWE-122:6,CWE-122,6,6,1,CWE-122,BIN_9783708,CWE-122,CWE-122,1.4740246964712163
BIN_4971967,0,,10405,,,0,0,0,,BIN_3068610,CWE-122,CWE-122,0.659700531978641
BIN_4987839,0,,8210,,,0,0,0,,BIN_8621038,CWE-122,CWE-122,0.49800819705323984
BIN_4996400,0,,9841,,,0,0,0,,BIN_8123545,CWE-122,CWE-122,0.807721708761037
BIN_5003524,0,,9225,,,0,0,0,,BIN_8270871,CWE-122,CWE-122,0.18384615656414593
BIN_5005512,0,,10472,,,0,0,0,,BIN_1233967,CWE-122,CWE-122,0.5334408187346605
BIN_5009617,0,,2396,CWE-121:4|CWE-805:4,CWE-121,4,8,2,CWE-121,BIN_7413692,CWE-121,CWE-121,0.979087457823804
BIN_5012806,0,,14437,,,0,0,0,,BIN_8108677,CWE-126,CWE-126,1.4363458987076587
BIN_5017333,0,,9160,,,0,0,0,,BIN_1942669,CWE-122,CWE-122,0.2865387309436671
BIN_5018022,0,,2813,,,0,0,0,,BIN_2159209,CWE-121,CWE-121,0.8389466749374722
BIN_5020527,0,,5086,CWE-122:9|CWE-129:9,CWE-122,9,18,2,CWE-122,BIN_3908808,CWE-122,CWE-122,1.6723494904125487
BIN_5028743,0,,13853,,,0,0,0,,BIN_4196558,CWE-126,CWE-126,1.203761426928248
BIN_5043128,0,,7215,CWE-122:8|CWE-806:8,CWE-122,8,16,2,CWE-122,BIN_4860258,CWE-122,CWE-122,0.8636659663286522
BIN_5050947,0,,6142,CWE-122:7|CWE-805:7,CWE-122,7,14,2,CWE-122,BIN_2401897,CWE-122,CWE-122,1.5998874440913728
BIN_5052198,0,,4339,,,0,0,0,,BIN_2678877,CWE-121,CWE-121,1.2151573571830099
BIN_5053168,0,,6334,CWE-122:7|CWE-805:7,CWE-122,7,14,2,CWE-122,BIN_2876684,CWE-122,CWE-122,1.5877509287340148
BIN_5053666,0,,384,,,0,0,0,,BIN_3041661,CWE-121,CWE-121,1.358546480469904
BIN_5071016,0,,10333,,,0,0,0,,BIN_4782448,CWE-122,CWE-122,0.5104871380943745
BIN_5074252,0,,4379,,,0,0,0,,BIN_8914304,CWE-121,CWE-121,0.8242302760647435
BIN_5078250,0,,5426,CWE-122:7|CWE-193:7,CWE-122,7,14,2,CWE-122,BIN_5326357,CWE-122,CWE-122,1.4375097580173875
BIN_5088251,0,,3261,,,0,0,0,,BIN_6085736,CWE-121,CWE-121,0.7927919339801832
BIN_5094538,0,,5965,CWE-122:8|CWE-805:8,CWE-122,8,16,2,CWE-122,BIN_5449601,CWE-122,CWE-122,1.242846216731842
BIN_5095395,0,,2188,,,0,0,0,,BIN_5143164,CWE-121,CWE-121,0.927126649150266
BIN_5110167,0,,8687,,,0,0,0,,BIN_4116380,CWE-122,CWE-122,1.3376357108504249
BIN_5118723,0,,1062,,,0,0,0,,BIN_7641043,CWE-121,CWE-121,1.2356062710804059
BIN_5125643,0,,2151,,,0,0,0,,BIN_3356801,CWE-121,CWE-121,1.2496734590085097
BIN_5131087,0,,13639,,,0,0,0,,BIN_6576466,CWE-126,CWE-126,1.3102856215587102
BIN_5133403,0,,307,,,0,0,0,,BIN_8839868,CWE-121,CWE-121,1.3618944776129835
BIN_5144272,0,,4599,,,0,0,0,,BIN_1894109,CWE-121,CWE-121,0.6521687785166821
BIN_5144327,0,,6857,CWE-122:7|CWE-806:7,CWE-122,7,14,2,CWE-122,BIN_5153094,CWE-122,CWE-122,1.6636490433559514
BIN_5145829,0,,4730,,,0,0,0,,BIN_9821027,CWE-121,CWE-121,1.245758393133487
BIN_5152256,0,,14041,CWE-126:6,CWE-126,6,6,1,CWE-126,BIN_1142154,CWE-126,CWE-122,0.3916454818657641
BIN_5153195,0,,8413,,,0,0,0,,BIN_7115242,CWE-122,CWE-122,0.5465979307294878
BIN_5157668,0,,114,,,0,0,0,,BIN_2634675,CWE-121,CWE-126,0.07715246208756832
BIN_5159359,0,,5629,CWE-122:8|CWE-193:8,CWE-122,8,16,2,CWE-122,BIN_9302113,CWE-122,CWE-122,1.1843901174367226
BIN_5174977,0,,9803,CWE-122:1|CWE-806:1,CWE-122,1,2,2,CWE-122,BIN_8798660,CWE-122,CWE-122,0.5590871573172946
BIN_5182930,0,,5806,CWE-122:7|CWE-805:7,CWE-122,7,14,2,CWE-122,BIN_5747731,CWE-122,CWE-122,1.4070673323828666
BIN_5183503,0,,6400,CWE-122:10|CWE-805:10,CWE-122,10,20,2,CWE-122,BIN_6863035,CWE-122,CWE-122,1.2746535764490177
BIN_5194876,0,,13409,,,0,0,0,,BIN_6309712,CWE-126,CWE-126,0.25877920908420093
BIN_5206315,0,,7061,CWE-122:6|CWE-806:6,CWE-122,6,12,2,CWE-122,BIN_9735256,CWE-122,CWE-122,1.5994889203684368
BIN_5209266,0,,692,,,0,0,0,,BIN_3873894,CWE-121,CWE-121,0.7907910647066756
BIN_5213633,0,,7919,,,0,0,0,,BIN_2779695,CWE-122,CWE-122,1.1499129054336183
BIN_5220245,0,,5334,CWE-122:13|CWE-193:13,CWE-122,13,26,2,CWE-122,BIN_4040428,CWE-122,CWE-122,1.5012981024730694
BIN_5238024,0,,4091,,,0,0,0,,BIN_7336803,CWE-121,CWE-121,1.3169558835492425
BIN_5250863,0,,13495,,,0,0,0,,BIN_2995141,CWE-126,CWE-126,0.28712285420976236
BIN_5253092,0,,2815,,,0,0,0,,BIN_3689956,CWE-121,CWE-121,0.6597886063907921
BIN_5260494,0,,4504,CWE-121:7,CWE-121,7,7,1,CWE-121,BIN_7729319,CWE-121,CWE-122,0.14164491915700766
BIN_5263840,0,,748,,,0,0,0,,BIN_8345464,CWE-121,CWE-121,0.9244532019024341
BIN_5266391,0,,3239,,,0,0,0,,BIN_8305436,CWE-121,CWE-121,0.6531345275941554
BIN_5279842,0,,9470,CWE-122:8|CWE-805:8,CWE-122,8,16,2,CWE-122,BIN_8899662,CWE-122,CWE-122,0.7186959266091179
BIN_5291986,0,,4104,CWE-121:4|CWE-806:4,CWE-121,4,8,2,CWE-121,BIN_8928482,CWE-121,CWE-121,0.47336879970124546
BIN_5305163,0,,1469,,,0,0,0,,BIN_3273414,CWE-121,CWE-121,1.2469219307870012
BIN_5307618,0,,13311,,,0,0,0,,BIN_6363398,CWE-126,CWE-126,0.1588864619139515
BIN_5308072,0,,1460,,,0,0,0,,BIN_8691443,CWE-121,CWE-121,1.125932619386675
BIN_5331939,0,,295,,,0,0,0,,BIN_9138075,CWE-121,CWE-121,1.1377967170803265
BIN_5349471,0,,9256,,,0,0,0,,BIN_4613015,CWE-122,CWE-122,0.6612129676138061
BIN_5355406,0,,5469,CWE-122:7|CWE-193:7,CWE-122,7,14,2,CWE-122,BIN_8375772,CWE-122,CWE-122,1.5570050498187986
BIN_5370432,0,,108,,,0,0,0,,BIN_7171825,CWE-121,CWE-121,0.2078447638846126
BIN_5370750,0,,817,,,0,0,0,,BIN_6565682,CWE-121,CWE-121,0.5573221539160138
BIN_5373346,0,,10521,,,0,0,0,,BIN_7793121,CWE-122,CWE-122,0.11836255309940466
BIN_5377600,0,,2946,,,0,0,0,,BIN_6735686,CWE-121,CWE-121,1.1028047896498605
BIN_5381178,0,,9410,,,0,0,0,,BIN_6242786,CWE-122,CWE-122,0.21611474894974075
BIN_5391822,0,,3467,,,0,0,0,,BIN_9085437,CWE-121,CWE-121,0.7715894582794213
BIN_5428252,0,,10470,,,0,0,0,,BIN_3839959,CWE-122,CWE-122,0.8053431281524767
BIN_5437244,0,,5963,CWE-122:7|CWE-805:7,CWE-122,7,14,2,CWE-122,BIN_1844993,CWE-122,CWE-122,1.1301795647348003
BIN_5447429,0,,5240,CWE-122:7|CWE-129:7,CWE-122,7,14,2,CWE-122,BIN_8277537,CWE-122,CWE-122,1.77609423877629
BIN_5453804,0,,7486,CWE-122:7,CWE-122,7,7,1,CWE-122,BIN_2048691,CWE-122,CWE-122,1.2341726405984759
BIN_5458028,0,,3366,,,0,0,0,,BIN_2890732,CWE-121,CWE-121,0.3235454059553322
BIN_5459558,0,,1100,,,0,0,0,,BIN_8831554,CWE-121,CWE-121,0.7383876532087208
BIN_5473684,0,,10320,,,0,0,0,,BIN_4866466,CWE-122,CWE-122,0.6390455483463697
BIN_5478836,0,,6589,CWE-122:8|CWE-805:8,CWE-122,8,16,2,CWE-122,BIN_6890698,CWE-122,CWE-122,1.2643733386221245
BIN_5488116,0,,9218,,,0,0,0,,BIN_7113354,CWE-122,CWE-122,0.16016995771994644
BIN_5493136,0,,1470,,,0,0,0,,BIN_6102159,CWE-121,CWE-121,1.2258445955232826
BIN_5495434,0,,5899,CWE-122:7|CWE-805:7,CWE-122,7,14,2,CWE-122,BIN_2113681,CWE-122,CWE-122,1.2072322934854438
BIN_5507997,0,,6448,CWE-122:10|CWE-805:10,CWE-122,10,20,2,CWE-122,BIN_5980411,CWE-122,CWE-122,1.286850831207334
BIN_5514104,0,,1335,,,0,0,0,,BIN_5975839,CWE-121,CWE-121,1.3414891322615736
BIN_5517915,0,,10550,,,0,0,0,,BIN_7834750,CWE-122,CWE-122,0.5404998264484379
BIN_5518472,0,,3945,,,0,0,0,,BIN_8113374,CWE-121,CWE-121,0.9268416520620584
BIN_5519151,0,,9890,,,0,0,0,,BIN_6617622,CWE-122,CWE-122,0.8661463931062475
BIN_5521241,0,,9736,,,0,0,0,,BIN_6282665,CWE-122,CWE-122,0.7223401215227105
BIN_5522869,0,,550,,,0,0,0,,BIN_7389480,CWE-121,CWE-121,1.4702363416449789
BIN_5527006,0,,3745,,,0,0,0,,BIN_1624710,CWE-121,CWE-121,0.8854038779187655
BIN_5536262,0,,5412,CWE-122:6|CWE-193:6,CWE-122,6,12,2,CWE-122,BIN_7869604,CWE-122,CWE-122,1.4159773324335068
BIN_5543577,0,,2856,,,0,0,0,,BIN_1479729,CWE-121,CWE-121,0.7151024163797184
BIN_5550671,0,,13568,,,0,0,0,,BIN_5607454,CWE-126,CWE-126,0.5237846634684774
BIN_5551777,0,,3132,,,0,0,0,,BIN_4270081,CWE-121,CWE-121,1.1800896644536687
BIN_5556871,0,,13567,,,0,0,0,,BIN_1041169,CWE-126,CWE-126,0.7422714075266742
BIN_5567172,0,,7120,CWE-122:10|CWE-806:10,CWE-122,10,20,2,CWE-122,BIN_6155386,CWE-122,CWE-122,1.100542126924614
BIN_5568068,0,,2307,,,0,0,0,,BIN_2149121,CWE-121,CWE-121,1.2704079159126547
BIN_5604249,0,,2344,,,0,0,0,,BIN_2987898,CWE-121,CWE-121,1.0901390413236407
BIN_5605907,0,,2869,,,0,0,0,,BIN_6831104,CWE-121,CWE-121,0.8343320395934024
BIN_5612984,0,,9515,CWE-122:1|CWE-805:1,CWE-122,1,2,2,CWE-122,BIN_9645935,CWE-122,CWE-122,0.3228170237703984
BIN_5635186,0,,6394,CWE-122:6|CWE-805:6,CWE-122,6,12,2,CWE-122,BIN_8491339,CWE-122,CWE-122,1.1852454568377515
BIN_5636547,0,,9313,,,0,0,0,,BIN_9630152,CWE-122,CWE-122,0.6796022105656577
BIN_5637056,0,,4676,,,0,0,0,,BIN_5519470,CWE-121,CWE-121,0.7097094795959451
BIN_5640025,0,,3939,,,0,0,0,,BIN_6281060,CWE-121,CWE-121,0.9682487907659788
BIN_5643322,0,,4932,,,0,0,0,,BIN_2726035,CWE-121,CWE-121,0.0423316105784155
BIN_5649122,0,,14357,,,0,0,0,,BIN_7281635,CWE-126,CWE-126,0.9350331084305478
BIN_5649181,0,,5717,CWE-122:6|CWE-193:6,CWE-122,6,12,2,CWE-122,BIN_3765269,CWE-122,CWE-122,1.2334944356675752
BIN_5653722,0,,6538,CWE-122:6|CWE-805:6,CWE-122,6,12,2,CWE-122,BIN_1715051,CWE-122,CWE-122,0.6689038087608543
BIN_5654297,0,,4788,CWE-121:4,CWE-121,4,4,1,CWE-121,BIN_3641583,CWE-121,CWE-121,0.8027047301349255
BIN_5657373,0,,7252,,,0,0,0,,BIN_1502672,CWE-122,CWE-122,0.1340818657851421
BIN_5662383,0,,2906,,,0,0,0,,BIN_8683173,CWE-121,CWE-121,0.9167933844701651
BIN_5662783,0,,3799,,,0,0,0,,BIN_1191663,CWE-121,CWE-121,1.1089956464545077
BIN_5663751,0,,10142,CWE-122:8|CWE-806:8,CWE-122,8,16,2,CWE-122,BIN_4647259,CWE-122,CWE-122,1.062039802752376
BIN_5666594,0,,1832,CWE-121:6|CWE-805:6,CWE-121,6,12,2,CWE-121,BIN_7056289,CWE-121,CWE-121,0.451611952649559
BIN_5670140,0,,4696,CWE-121:4,CWE-121,4,4,1,CWE-121,BIN_5943850,CWE-121,CWE-121,0.6555163068140532
BIN_5684798,0,,8782,,,0,0,0,,BIN_8892002,CWE-122,CWE-122,0.7417654820753525
BIN_5693246,0,,9516,CWE-122:4|CWE-805:4,CWE-122,4,8,2,CWE-122,BIN_9170360,CWE-122,CWE-122,0.36184526205605105
BIN_5695560,0,,7397,CWE-122:6|CWE-806:6,CWE-122,6,12,2,CWE-122,BIN_7578151,CWE-122,CWE-122,1.6114264300796328
BIN_5700458,0,,1835,,,0,0,0,,BIN_9907325,CWE-121,CWE-121,1.4705142592834741
BIN_5702226,0,,7590,CWE-122:13,CWE-122,13,13,1,CWE-122,BIN_1255309,CWE-122,CWE-122,1.2533492615457473
BIN_5703864,0,,8463,,,0,0,0,,BIN_3385423,CWE-122,CWE-122,0.23469416083319347
BIN_5704341,0,,8307,,,0,0,0,,BIN_9383200,CWE-122,CWE-122,0.592291929188546
BIN_5713124,0,,6053,CWE-122:6|CWE-805:6,CWE-122,6,12,2,CWE-122,BIN_7027261,CWE-122,CWE-122,1.6293734411922784
BIN_5716751,0,,4952,,,0,0,0,,BIN_1574934,CWE-126,CWE-122,0.30477699256494695
BIN_5741047,0,,1736,,,0,0,0,,BIN_5411577,CWE-121,CWE-121,1.012957545383336
BIN_5743131,0,,10609,,,0,0,0,,BIN_4119079,CWE-122,CWE-122,0.705770308771888
BIN_5784175,0,,5132,CWE-122:9|CWE-129:9,CWE-122,9,18,2,CWE-122,BIN_1580017,CWE-122,CWE-122,1.884248625337078
BIN_5785265,0,,4265,CWE-121:1,CWE-121,1,1,1,CWE-121,BIN_7215507,CWE-121,CWE-121,0.800582356972303
BIN_5795960,0,,10021,,,0,0,0,,BIN_9391627,CWE-122,CWE-122,0.7463542261172965
BIN_5800743,0,,8636,,,0,0,0,,BIN_5631488,CWE-122,CWE-122,0.6560712657580571
BIN_5805236,0,,5077,CWE-122:9|CWE-129:9,CWE-122,9,18,2,CWE-122,BIN_6770531,CWE-122,CWE-122,1.5804426778493474
BIN_5808714,0,,8124,,,0,0,0,,BIN_3939978,CWE-122,CWE-126,0.3594082651534375
BIN_5812763,0,,10408,,,0,0,0,,BIN_6252983,CWE-122,CWE-122,0.7993440833768487
BIN_5813480,0,,1573,,,0,0,0,,BIN_1371038,CWE-121,CWE-121,1.2717706802042346
BIN_5814135,0,,1659,,,0,0,0,,BIN_7672950,CWE-121,CWE-121,0.8988130274481491
BIN_5818233,0,,2332,,,0,0,0,,BIN_2398807,CWE-121,CWE-121,1.2176866059247318
BIN_5823288,0,,2793,CWE-121:1|CWE-805:1,CWE-121,1,2,2,CWE-121,BIN_4590520,CWE-121,CWE-121,0.6720807428524833
BIN_5826629,0,,6856,CWE-122:7|CWE-806:7,CWE-122,7,14,2,CWE-122,BIN_7667787,CWE-122,CWE-122,1.6754157088454513
BIN_5827068,0,,8778,,,0,0,0,,BIN_9468616,CWE-122,CWE-122,0.7742640379195401
BIN_5828086,0,,9519,,,0,0,0,,BIN_8174034,CWE-122,CWE-122,0.36554947598497634
BIN_5828385,0,,5568,CWE-122:7|CWE-193:7,CWE-122,7,14,2,CWE-122,BIN_6201709,CWE-122,CWE-122,1.5007628122078207
BIN_5832200,0,,7963,,,0,0,0,,BIN_6710855,CWE-122,CWE-122,0.9655334577177472
BIN_5838384,0,,14095,CWE-126:6,CWE-126,6,6,1,CWE-126,BIN_5979373,CWE-126,CWE-122,0.2715865589850005
BIN_5851095,0,,6928,CWE-122:10|CWE-806:10,CWE-122,10,20,2,CWE-122,BIN_3552843,CWE-122,CWE-122,1.2136609344760612
BIN_5851880,0,,5774,CWE-122:9|CWE-805:9,CWE-122,9,18,2,CWE-122,BIN_4846713,CWE-122,CWE-122,0.9749179572027822
BIN_5865065,0,,13170,,,0,0,0,,BIN_3408329,CWE-126,CWE-121,0.08933424888507746
BIN_5867636,0,,13323,,,0,0,0,,BIN_5321127,CWE-126,CWE-121,0.23105624392462198
BIN_5885072,0,,5471,CWE-122:6|CWE-193:6,CWE-122,6,12,2,CWE-122,BIN_3756278,CWE-122,CWE-122,1.59505515859706
BIN_5890183,0,,2824,,,0,0,0,,BIN_4905419,CWE-121,CWE-121,0.7155272826739306
BIN_5892451,0,,1511,,,0,0,0,,BIN_6175068,CWE-121,CWE-121,1.306414142003049
BIN_5900392,0,,13085,,,0,0,0,,BIN_3161640,CWE-126,CWE-126,0.46297640195559875
BIN_5912997,0,,1057,,,0,0,0,,BIN_8839629,CWE-121,CWE-121,1.281271092393197
BIN_5916616,0,,13369,,,0,0,0,,BIN_4845379,CWE-126,CWE-126,0.47731335358363036
BIN_5918680,0,,6481,CWE-122:7|CWE-805:7,CWE-122,7,14,2,CWE-122,BIN_3606944,CWE-122,CWE-122,1.0548903245619572
BIN_5927764,0,,10073,,,0,0,0,,BIN_2252409,CWE-122,CWE-122,0.8687561903804795
BIN_5931470,0,,1351,,,0,0,0,,BIN_5083007,CWE-121,CWE-121,1.265445552693372
BIN_5934439,0,,742,,,0,0,0,,BIN_9790575,CWE-121,CWE-121,0.6866188831562245
BIN_5944279,0,,7833,,,0,0,0,,BIN_9957489,CWE-122,CWE-122,0.13054873927584132
BIN_5949815,0,,8777,,,0,0,0,,BIN_1997948,CWE-122,CWE-122,0.7578618658880105
BIN_5965899,0,,10702,,,0,0,0,,BIN_6123453,CWE-122,CWE-121,0.13652584543132928
BIN_5972970,0,,4574,,,0,0,0,,BIN_8506931,CWE-121,CWE-121,1.2859297021417775
BIN_5976461,0,,1862,,,0,0,0,,BIN_3504288,CWE-121,CWE-121,1.2438862895931306
BIN_5979208,0,,13865,,,0,0,0,,BIN_1885598,CWE-126,CWE-126,0.5005044262322023
BIN_5983272,0,,8536,,,0,0,0,,BIN_8789381,CWE-122,CWE-122,0.6031106215206349
BIN_5984517,0,,14131,CWE-126:7,CWE-126,7,7,1,CWE-126,BIN_9822283,CWE-126,CWE-126,0.06873490861494605
BIN_5993175,0,,13804,,,0,0,0,,BIN_2896309,CWE-126,CWE-126,0.6270915302119483
BIN_6000738,0,,13701,,,0,0,0,,BIN_2390712,CWE-126,CWE-126,0.4374410211479908
BIN_6004284,0,,7381,CWE-122:7|CWE-806:7,CWE-122,7,14,2,CWE-122,BIN_7802676,CWE-122,CWE-122,1.6363975549963559
BIN_6019003,0,,10283,CWE-122:1,CWE-122,1,1,1,CWE-122,BIN_3866388,CWE-122,CWE-122,0.6550434760417265
BIN_6021664,0,,10798,,,0,0,0,,BIN_9159915,CWE-122,CWE-122,0.1460401682100531
BIN_6030264,0,,2500,,,0,0,0,,BIN_5744750,CWE-121,CWE-121,1.560792509537983
BIN_6038387,0,,5096,CWE-122:7|CWE-129:7,CWE-122,7,14,2,CWE-122,BIN_6454882,CWE-122,CWE-122,1.6107270606486912
BIN_6039187,0,,3070,,,0,0,0,,BIN_1948398,CWE-121,CWE-121,0.8717694040205193
BIN_6040468,0,,7259,CWE-122:1|CWE-131:1,CWE-122,1,2,2,CWE-122,BIN_1908665,CWE-122,CWE-122,0.621404394084996
BIN_6046840,0,,4486,CWE-121:9,CWE-121,9,9,1,CWE-121,BIN_3663424,CWE-121,CWE-122,0.19200484719139962
BIN_6050561,0,,9543,,,0,0,0,,BIN_2940362,CWE-122,CWE-122,0.7268535340429605
BIN_6051535,0,,3709,,,0,0,0,,BIN_2907639,CWE-121,CWE-121,1.021233349111916
BIN_6070933,0,,1021,,,0,0,0,,BIN_9235519,CWE-121,CWE-121,1.1599694324325953
BIN_6085542,0,,14079,CWE-126:7,CWE-126,7,7,1,CWE-126,BIN_4833713,CWE-126,CWE-122,0.23811692790762007
BIN_6087340,0,,13693,,,0,0,0,,BIN_1654139,CWE-126,CWE-126,0.13556866293201153
BIN_6090136,0,,8926,,,0,0,0,,BIN_6182747,CWE-122,CWE-122,0.6771090480021955
BIN_6097563,0,,13763,,,0,0,0,,BIN_6929107,CWE-126,CWE-126,0.5959125860281762
BIN_6104273,0,,1213,,,0,0,0,,BIN_2169818,CWE-121,CWE-121,0.8069099301418969
BIN_6125771,0,,9016,,,0,0,0,,BIN_6122567,CWE-122,CWE-122,0.4461223416710485
BIN_6130285,0,,4981,CWE-122:9|CWE-129:9,CWE-122,9,18,2,CWE-122,BIN_9379312,CWE-122,CWE-122,1.1446383271821765
BIN_6131571,0,,8063,,,0,0,0,,BIN_2866199,CWE-122,CWE-122,1.9762591240397667
BIN_6136261,0,,6522,CWE-122:7|CWE-805:7,CWE-122,7,14,2,CWE-122,BIN_6366956,CWE-122,CWE-122,1.3662015068581956
BIN_6142121,0,,3141,,,0,0,0,,BIN_5519200,CWE-121,CWE-121,1.0988406098670356
BIN_6180809,0,,9118,,,0,0,0,,BIN_4702458,CWE-122,CWE-122,0.38320189308670616
BIN_6185382,0,,2476,CWE-121:4|CWE-805:4,CWE-121,4,8,2,CWE-121,BIN_4540845,CWE-121,CWE-121,0.8667417382828667
BIN_6219236,0,,8580,,,0,0,0,,BIN_5965766,CWE-122,CWE-122,0.5660824250808457
BIN_6226829,0,,3512,,,0,0,0,,BIN_3140837,CWE-121,CWE-121,0.5503318718960748
BIN_6228544,0,,7211,CWE-122:7|CWE-806:7,CWE-122,7,14,2,CWE-122,BIN_8023670,CWE-122,CWE-122,1.5479711299204082
BIN_6229606,0,,13946,,,0,0,0,,BIN_6347701,CWE-126,CWE-126,0.7171822512731425
BIN_6245944,0,,10361,,,0,0,0,,BIN_8467380,CWE-122,CWE-122,0.8178184173935783
BIN_6249372,0,,9556,,,0,0,0,,BIN_4268285,CWE-122,CWE-122,0.2678777438218446
BIN_6262965,0,,13559,,,0,0,0,,BIN_4579602,CWE-126,CWE-126,0.580912352328622
BIN_6281176,0,,6667,CWE-122:7|CWE-805:7,CWE-122,7,14,2,CWE-122,BIN_9438266,CWE-122,CWE-122,1.3805884303460534
BIN_6296948,0,,9899,CWE-122:1|CWE-806:1,CWE-122,1,2,2,CWE-122,BIN_6548562,CWE-122,CWE-122,0.7036681032449468
BIN_6299435,0,,4007,,,0,0,0,,BIN_4264815,CWE-121,CWE-126,0.015229879301408067
BIN_6303782,0,,13840,,,0,0,0,,BIN_3242122,CWE-126,CWE-126,1.1246980040172683
BIN_6308048,0,,9830,,,0,0,0,,BIN_4379501,CWE-122,CWE-122,0.8746608248378419
BIN_6308343,0,,13346,,,0,0,0,,BIN_9096886,CWE-126,CWE-121,0.30479730061064925
BIN_6312668,0,,5326,CWE-122:7|CWE-193:7,CWE-122,7,14,2,CWE-122,BIN_5822884,CWE-122,CWE-122,1.6906995379579728
BIN_6313965,0,,4094,,,0,0,0,,BIN_9063871,CWE-121,CWE-121,0.9584884089477437
BIN_6321454,0,,13994,CWE-126:7,CWE-126,7,7,1,CWE-126,BIN_3569094,CWE-126,CWE-122,0.5346151373802416
BIN_6326093,0,,10091,CWE-122:1|CWE-806:1,CWE-122,1,2,2,CWE-122,BIN_1596610,CWE-122,CWE-122,0.7598308768164769
BIN_6347350,0,,13418,,,0,0,0,,BIN_7172774,CWE-126,CWE-126,0.01954964449803026
BIN_6349793,0,,4409,,,0,0,0,,BIN_9351277,CWE-121,CWE-121,0.6885093131494463
BIN_6350983,0,,5279,CWE-122:6|CWE-193:6,CWE-122,6,12,2,CWE-122,BIN_3224302,CWE-122,CWE-122,1.7804561613190932
BIN_6359419,0,,8990,CWE-122:8|CWE-805:8,CWE-122,8,16,2,CWE-122,BIN_9035763,CWE-122,CWE-122,0.565510386771363
BIN_6361746,0,,5713,CWE-122:7|CWE-193:7,CWE-122,7,14,2,CWE-122,BIN_9168377,CWE-122,CWE-122,1.2658749825274975
BIN_6363041,0,,6205,CWE-122:8|CWE-805:8,CWE-122,8,16,2,CWE-122,BIN_6660054,CWE-122,CWE-122,1.470383782083137
BIN_6364812,0,,8052,,,0,0,0,,BIN_3092227,CWE-122,CWE-122,1.0541228204102653
BIN_6364994,0,,1623,,,0,0,0,,BIN_7056199,CWE-121,CWE-121,0.9286228389491991
BIN_6368584,0,,54,,,0,0,0,,BIN_5705067,CWE-121,CWE-126,0.06893336827065344
BIN_6372044,0,,4371,,,0,0,0,,BIN_8106863,CWE-121,CWE-121,0.6501506269884951
BIN_6380874,0,,1592,CWE-121:6|CWE-805:6,CWE-121,6,12,2,CWE-121,BIN_2771031,CWE-121,CWE-121,0.18194075298640833
BIN_6386712,0,,124,CWE-121:6|CWE-129:6,CWE-121,6,12,2,CWE-121,BIN_4745552,CWE-121,CWE-121,0.6695301784354413
BIN_6399131,0,,2178,,,0,0,0,,BIN_5670008,CWE-121,CWE-121,0.9700340930701665
BIN_6399337,0,,7407,CWE-122:8|CWE-806:8,CWE-122,8,16,2,CWE-122,BIN_6586667,CWE-122,CWE-122,0.9565765697939184
BIN_6410708,0,,1591,,,0,0,0,,BIN_9505566,CWE-121,CWE-121,1.400621151462786
BIN_6411924,0,,14363,,,0,0,0,,BIN_6209612,CWE-126,CWE-126,0.9543461368154954
BIN_6421672,0,,4333,,,0,0,0,,BIN_2686911,CWE-121,CWE-121,1.0389760611893435
BIN_6423346,0,,9542,,,0,0,0,,BIN_5970292,CWE-122,CWE-122,0.6255861398222997
BIN_6424628,0,,7478,CWE-122:7,CWE-122,7,7,1,CWE-122,BIN_6871104,CWE-122,CWE-122,1.16852303936603
BIN_6426659,0,,14475,,,0,0,0,,BIN_6000877,CWE-126,CWE-126,1.5253767627022916
BIN_6427601,0,,7488,CWE-122:7,CWE-122,7,7,1,CWE-122,BIN_5446873,CWE-122,CWE-122,1.2324874715861143
BIN_6438349,0,,789,,,0,0,0,,BIN_9636909,CWE-121,CWE-121,0.9094903295201446
BIN_6442260,0,,11,,,0,0,0,,BIN_9341417,CWE-121,CWE-126,0.48200321328865114
BIN_6451977,0,,9939,,,0,0,0,,BIN_3275050,CWE-122,CWE-122,0.7185089955079199
BIN_6464520,0,,3308,,,0,0,0,,BIN_4874495,CWE-121,CWE-121,0.7867109619238727
BIN_6464533,0,,8981,,,0,0,0,,BIN_8597492,CWE-122,CWE-122,0.3036866193540755
BIN_6469759,0,,7116,CWE-122:10|CWE-806:10,CWE-122,10,20,2,CWE-122,BIN_4398297,CWE-122,CWE-122,1.0344940041278226
BIN_6478070,0,,5628,CWE-122:10|CWE-193:10,CWE-122,10,20,2,CWE-122,BIN_6712777,CWE-122,CWE-122,1.1261999171614026
BIN_6485098,0,,13846,,,0,0,0,,BIN_1840901,CWE-126,CWE-126,1.1572558800969457
BIN_6491568,0,,5230,CWE-122:9|CWE-129:9,CWE-122,9,18,2,CWE-122,BIN_7241076,CWE-122,CWE-122,1.8366229708880955
BIN_6496199,0,,13765,CWE-126:1,CWE-126,1,1,1,CWE-126,BIN_5576473,CWE-126,CWE-126,0.7389170472587332
BIN_6500155,0,,8895,,,0,0,0,,BIN_4101374,CWE-122,CWE-122,0.3168919492309178
BIN_6505916,0,,2456,,,0,0,0,,BIN_5801765,CWE-121,CWE-121,0.8766109753610098
BIN_6509786,0,,8681,,,0,0,0,,BIN_5944081,CWE-122,CWE-122,0.7097626209071393
BIN_6523593,0,,2501,,,0,0,0,,BIN_3154367,CWE-121,CWE-121,1.5639662706846356
BIN_6525151,0,,3090,CWE-121:6|CWE-806:6,CWE-121,6,12,2,CWE-121,BIN_5196259,CWE-121,CWE-121,0.15113227542997346
BIN_6529266,0,,4643,CWE-121:1,CWE-121,1,1,1,CWE-121,BIN_6899330,CWE-121,CWE-121,0.737335014673751
BIN_6531712,0,,2311,,,0,0,0,,BIN_9487501,CWE-121,CWE-121,1.017757815901439
BIN_6535996,0,,309,CWE-121:1|CWE-131:1,CWE-121,1,2,2,CWE-121,BIN_5939153,CWE-121,CWE-121,1.1146696914796057
BIN_6538842,0,,2511,,,0,0,0,,BIN_4533223,CWE-121,CWE-121,1.6836192145813667
BIN_6541605,0,,3407,,,0,0,0,,BIN_6587347,CWE-121,CWE-121,0.481197503429039
BIN_6546699,0,,15,,,0,0,0,,BIN_2138249,CWE-121,CWE-126,0.4272741623008046
BIN_6553386,0,,496,,,0,0,0,,BIN_8017787,CWE-121,CWE-126,0.11228320951306403
BIN_6563228,0,,9948,CWE-122:4|CWE-806:4,CWE-122,4,8,2,CWE-122,BIN_7516303,CWE-122,CWE-122,0.5921234345219155
BIN_6566626,0,,10089,,,0,0,0,,BIN_2492214,CWE-122,CWE-122,0.2683385186600113
BIN_6571956,0,,2942,,,0,0,0,,BIN_5415368,CWE-121,CWE-121,0.9078314961708231
BIN_6573238,0,,6084,CWE-122:6|CWE-805:6,CWE-122,6,12,2,CWE-122,BIN_3717876,CWE-122,CWE-122,1.5261999621434728
BIN_6576774,0,,8788,,,0,0,0,,BIN_8907680,CWE-122,CWE-122,0.4164216406969012
BIN_6585343,0,,2509,,,0,0,0,,BIN_8507278,CWE-121,CWE-121,1.5138127281104679
BIN_6585938,0,,6970,CWE-122:6|CWE-806:6,CWE-122,6,12,2,CWE-122,BIN_8368085,CWE-122,CWE-122,1.3017652520896101
BIN_6594038,0,,977,,,0,0,0,,BIN_5035035,CWE-121,CWE-121,1.2859281849457669
BIN_6594116,0,,4164,,,0,0,0,,BIN_9878852,CWE-121,CWE-121,1.2884141942355374
BIN_6595432,0,,9171,,,0,0,0,,BIN_3076222,CWE-122,CWE-122,0.21665557672126026
BIN_6604622,0,,6383,CWE-122:6|CWE-805:6,CWE-122,6,12,2,CWE-122,BIN_2368688,CWE-122,CWE-122,1.3431396416770331
BIN_6610860,0,,7840,CWE-122:4|CWE-131:4,CWE-122,4,8,2,CWE-122,BIN_3181278,CWE-122,CWE-122,0.4343215061264444
BIN_6611887,0,,13718,CWE-126:4,CWE-126,4,4,1,CWE-126,BIN_1308486,CWE-126,CWE-126,0.12158630939688692
BIN_6614451,0,,9030,,,0,0,0,,BIN_6510406,CWE-122,CWE-122,0.452461958192627
BIN_6628519,0,,9376,CWE-122:4|CWE-805:4,CWE-122,4,8,2,CWE-122,BIN_4023701,CWE-122,CWE-122,0.7146617482102304
BIN_6641035,0,,1820,,,0,0,0,,BIN_7485437,CWE-121,CWE-121,1.3313329589815752
BIN_6641239,0,,5129,CWE-122:9|CWE-129:9,CWE-122,9,18,2,CWE-122,BIN_3203351,CWE-122,CWE-122,1.7418040466120321
BIN_6641691,0,,1017,,,0,0,0,,BIN_7716701,CWE-121,CWE-121,1.1808021833411715
BIN_6641692,0,,9316,,,0,0,0,,BIN_8583053,CWE-122,CWE-122,0.7121936678360807
BIN_6647954,0,,7293,,,0,0,0,,BIN_4139907,CWE-122,CWE-122,0.3533542150788004
BIN_6663965,0,,9459,,,0,0,0,,BIN_6704033,CWE-122,CWE-122,0.8399396021270471
BIN_6686574,0,,8650,CWE-122:6|CWE-193:6,CWE-122,6,12,2,CWE-122,BIN_6385916,CWE-122,CWE-122,0.6443082154963007
BIN_6690095,0,,3116,,,0,0,0,,BIN_2732160,CWE-121,CWE-121,1.20221677538589
BIN_6695452,0,,8320,CWE-122:4|CWE-193:4,CWE-122,4,8,2,CWE-122,BIN_7009230,CWE-122,CWE-122,0.6372531523190172
BIN_6696784,0,,8249,,,0,0,0,,BIN_8253439,CWE-122,CWE-122,0.5946990966702136
BIN_6708064,0,,6345,CWE-122:6|CWE-805:6,CWE-122,6,12,2,CWE-122,BIN_5269732,CWE-122,CWE-122,1.4590429325710754
BIN_6713305,0,,9401,,,0,0,0,,BIN_4387011,CWE-122,CWE-122,0.43793279474409536
BIN_6716427,0,,9219,,,0,0,0,,BIN_3084246,CWE-122,CWE-122,0.28398122917925794
BIN_6726465,0,,4740,CWE-121:4,CWE-121,4,4,1,CWE-121,BIN_1430004,CWE-121,CWE-121,0.7857516058532221
BIN_6742245,0,,1182,,,0,0,0,,BIN_4903623,CWE-121,CWE-121,0.7384984665667695
BIN_6743753,0,,3749,,,0,0,0,,BIN_7609928,CWE-121,CWE-121,0.8798598250645454
BIN_6743796,0,,7548,CWE-122:10,CWE-122,10,10,1,CWE-122,BIN_5424098,CWE-122,CWE-122,1.3471878002765612
BIN_6752706,0,,5185,CWE-122:9|CWE-129:9,CWE-122,9,18,2,CWE-122,BIN_5165376,CWE-122,CWE-122,1.3760288312313191
BIN_6757121,0,,10044,CWE-122:4|CWE-806:4,CWE-122,4,8,2,CWE-122,BIN_5821956,CWE-122,CWE-122,0.11266255444901957
BIN_6771228,0,,3758,,,0,0,0,,BIN_5102629,CWE-121,CWE-121,0.7693273450687437
BIN_6785468,0,,9325,,,0,0,0,,BIN_7257674,CWE-122,CWE-122,0.46470598124090123
BIN_6787445,0,,7677,CWE-122:7,CWE-122,7,7,1,CWE-122,BIN_9212067,CWE-122,CWE-122,1.6984541486814169
BIN_6790281,0,,1142,,,0,0,0,,BIN_7383161,CWE-121,CWE-121,0.6275397610274539
BIN_6790699,0,,655,,,0,0,0,,BIN_3967992,CWE-121,CWE-121,1.3521687924111514
BIN_6791460,0,,1273,CWE-121:1|CWE-193:1,CWE-121,1,2,2,CWE-121,BIN_1031876,CWE-121,CWE-121,0.5549884468481487
BIN_6801100,0,,9856,CWE-122:4|CWE-806:4,CWE-122,4,8,2,CWE-122,BIN_3565359,CWE-122,CWE-122,0.5741964494442935
BIN_6819779,0,,4962,,,0,0,0,,BIN_3588807,CWE-126,CWE-122,0.07131156234912445
BIN_6822908,0,,7579,CWE-122:7,CWE-122,7,7,1,CWE-122,BIN_5710427,CWE-122,CWE-122,1.3222021958932053
BIN_6832972,0,,857,,,0,0,0,,BIN_9833253,CWE-121,CWE-121,0.6288897399624683
BIN_6837231,0,,369,,,0,0,0,,BIN_7331531,CWE-121,CWE-121,1.4400884788801667
BIN_6842048,0,,1177,,,0,0,0,,BIN_2932006,CWE-121,CWE-121,0.7551229557397796
BIN_6842695,0,,9469,,,0,0,0,,BIN_7742973,CWE-122,CWE-122,0.6701153363847626
BIN_6850776,0,,5822,CWE-122:9|CWE-805:9,CWE-122,9,18,2,CWE-122,BIN_1178703,CWE-122,CWE-122,1.2290961227434916
BIN_6859220,0,,1093,,,0,0,0,,BIN_9164485,CWE-121,CWE-121,0.9760683205699616
BIN_6867878,0,,8262,,,0,0,0,,BIN_6108676,CWE-122,CWE-122,0.45396978688245304
BIN_6870827,0,,5227,CWE-122:9|CWE-129:9,CWE-122,9,18,2,CWE-122,BIN_2109954,CWE-122,CWE-122,1.8625270923577353
BIN_6889382,0,,7245,,,0,0,0,,BIN_6754858,CWE-122,CWE-122,0.45367138641853866
BIN_6891830,0,,1336,,,0,0,0,,BIN_4701097,CWE-121,CWE-121,1.3556107314107437
BIN_6897000,0,,8018,,,0,0,0,,BIN_6392847,CWE-122,CWE-122,0.7833444250856908
BIN_6898984,0,,9884,,,0,0,0,,BIN_1155510,CWE-122,CWE-122,0.7923204003440988
BIN_6902313,0,,3748,,,0,0,0,,BIN_2007813,CWE-121,CWE-121,0.8772610831718379
BIN_6903053,0,,1019,,,0,0,0,,BIN_9013252,CWE-121,CWE-121,1.1431192018121292
BIN_6908730,0,,6287,CWE-122:6|CWE-805:6,CWE-122,6,12,2,CWE-122,BIN_8123329,CWE-122,CWE-122,1.2876768095771696
BIN_6914500,0,,7537,CWE-122:7,CWE-122,7,7,1,CWE-122,BIN_6156677,CWE-122,CWE-122,1.2973048522187154
BIN_6917090,0,,7815,,,0,0,0,,BIN_8754769,CWE-122,CWE-122,0.4291769516652032
BIN_6921561,0,,9157,,,0,0,0,,BIN_5779638,CWE-122,CWE-122,0.1102761945966492
BIN_6927261,0,,2301,,,0,0,0,,BIN_2673474,CWE-121,CWE-121,1.152677612856071
BIN_6933939,0,,9222,,,0,0,0,,BIN_2347221,CWE-122,CWE-122,0.3839606143357004
BIN_6934552,0,,9657,,,0,0,0,,BIN_7994396,CWE-122,CWE-121,0.10864835171132814
BIN_6938137,0,,13350,,,0,0,0,,BIN_7261503,CWE-126,CWE-126,0.038123189217882936
BIN_6962799,0,,8837,,,0,0,0,,BIN_3946652,CWE-122,CWE-122,0.46235425007134645
BIN_6970578,0,,13596,,,0,0,0,,BIN_7164466,CWE-126,CWE-126,0.8640671750569484
BIN_6982278,0,,9258,,,0,0,0,,BIN_1365118,CWE-122,CWE-122,0.633251235281164
BIN_6988588,0,,7637,CWE-122:6,CWE-122,6,6,1,CWE-122,BIN_9467908,CWE-122,CWE-122,1.633957674343896
BIN_6994982,0,,6997,CWE-122:7|CWE-806:7,CWE-122,7,14,2,CWE-122,BIN_2522188,CWE-122,CWE-122,1.8136793220149607
BIN_7003855,0,,6966,CWE-122:13|CWE-806:13,CWE-122,13,26,2,CWE-122,BIN_3132615,CWE-122,CWE-122,1.7608895687309465
BIN_7016531,0,,4820,,,0,0,0,,BIN_4544012,CWE-121,CWE-121,0.9992231514266872
BIN_7017647,0,,1619,,,0,0,0,,BIN_9820351,CWE-121,CWE-121,0.8230681102099862
BIN_7025786,0,,5581,CWE-122:8|CWE-193:8,CWE-122,8,16,2,CWE-122,BIN_1520818,CWE-122,CWE-122,1.234099699861078
BIN_7029770,0,,6778,CWE-122:6|CWE-806:6,CWE-122,6,12,2,CWE-122,BIN_1727763,CWE-122,CWE-122,1.5215271936465404
BIN_7040751,0,,7733,CWE-122:6,CWE-122,6,6,1,CWE-122,BIN_5126448,CWE-122,CWE-122,1.5536440908066038
BIN_7045465,0,,2692,,,0,0,0,,BIN_3652184,CWE-121,CWE-121,1.4101773302270886
BIN_7058011,0,,14290,CWE-126:6,CWE-126,6,6,1,CWE-126,BIN_3007090,CWE-126,CWE-126,0.07912064586106204
BIN_7060939,0,,7501,CWE-122:8,CWE-122,8,8,1,CWE-122,BIN_1725280,CWE-122,CWE-122,1.1798208098679583
BIN_7101232,0,,4308,CWE-121:4,CWE-121,4,4,1,CWE-121,BIN_7394526,CWE-121,CWE-121,1.536370248174781
BIN_7105256,0,,56,,,0,0,0,,BIN_1256939,CWE-121,CWE-126,0.10828593628916072
BIN_7109685,0,,14051,CWE-126:6,CWE-126,6,6,1,CWE-126,BIN_2242730,CWE-126,CWE-122,0.29509917246683837
BIN_7110020,0,,368,,,0,0,0,,BIN_5871353,CWE-121,CWE-121,1.3359261714843598
BIN_7117025,0,,4305,CWE-121:1,CWE-121,1,1,1,CWE-121,BIN_6917649,CWE-121,CWE-121,0.9476329511958381
BIN_7117484,0,,14138,CWE-126:7,CWE-126,7,7,1,CWE-126,BIN_9727266,CWE-126,CWE-126,0.03743888472310827
BIN_7118033,0,,3122,,,0,0,0,,BIN_8841806,CWE-121,CWE-121,0.8626643407318393
BIN_7125033,0,,13216,,,0,0,0,,BIN_3650374,CWE-126,CWE-121,0.14233213330209582
BIN_7128105,0,,6180,CWE-122:6|CWE-805:6,CWE-122,6,12,2,CWE-122,BIN_7901937,CWE-122,CWE-122,1.5340993912583714
BIN_7131295,0,,5138,CWE-122:9|CWE-129:9,CWE-122,9,18,2,CWE-122,BIN_6097661,CWE-122,CWE-122,1.748808206197606
BIN_7133337,0,,10834,,,0,0,0,,BIN_4198219,CWE-126,CWE-122,0.3434092321497866
BIN_7137345,0,,9567,,,0,0,0,,BIN_3452497,CWE-122,CWE-122,0.32590965596640664
BIN_7142707,0,,953,CWE-121:1|CWE-193:1,CWE-121,1,2,2,CWE-121,BIN_1856728,CWE-121,CWE-121,1.3537398553023063
BIN_7145844,0,,2016,,,0,0,0,,BIN_2712050,CWE-121,CWE-121,1.478807872957459
BIN_7159924,0,,4969,,,0,0,0,,BIN_2902601,CWE-122,CWE-126,0.13032716712051737
BIN_7165832,0,,5801,CWE-122:7|CWE-805:7,CWE-122,7,14,2,CWE-122,BIN_1015723,CWE-122,CWE-122,1.3320517383069106
BIN_7166780,0,,1343,,,0,0,0,,BIN_7055771,CWE-121,CWE-121,1.3626678113140591
BIN_7168815,0,,6140,CWE-122:7|CWE-805:7,CWE-122,7,14,2,CWE-122,BIN_5902146,CWE-122,CWE-122,1.592139552617247
BIN_7169823,0,,2235,,,0,0,0,,BIN_2432865,CWE-121,CWE-121,0.6979017335550499
BIN_7171370,0,,7634,CWE-122:7,CWE-122,7,7,1,CWE-122,BIN_6012579,CWE-122,CWE-122,1.6947688177962017
BIN_7175338,0,,332,,,0,0,0,,BIN_5288507,CWE-121,CWE-121,1.2611450631654517
BIN_7192122,0,,10076,,,0,0,0,,BIN_1229924,CWE-122,CWE-122,0.8913907492345037
BIN_7193330,0,,2457,,,0,0,0,,BIN_2049942,CWE-121,CWE-121,0.8887423495619138
BIN_7196524,0,,9886,,,0,0,0,,BIN_7592398,CWE-122,CWE-122,0.6994018141582568
BIN_7198067,0,,13756,,,0,0,0,,BIN_8564030,CWE-126,CWE-126,0.6028704531318023
BIN_7207132,0,,7189,CWE-122:7|CWE-806:7,CWE-122,7,14,2,CWE-122,BIN_7071938,CWE-122,CWE-122,1.784519209706572
BIN_7214116,0,,10560,,,0,0,0,,BIN_4202956,CWE-122,CWE-122,0.6920754298497093
BIN_7217549,0,,8068,,,0,0,0,,BIN_8635596,CWE-122,CWE-122,1.2132971213804158
BIN_7218925,0,,2224,,,0,0,0,,BIN_6805239,CWE-121,CWE-121,0.9562098902443019
BIN_7227832,0,,13795,,,0,0,0,,BIN_1294094,CWE-126,CWE-126,0.7237632019274001
BIN_7233390,0,,13115,,,0,0,0,,BIN_2900299,CWE-126,CWE-126,0.2659361073628155
BIN_7240742,0,,310,CWE-121:4|CWE-131:4,CWE-121,4,8,2,CWE-121,BIN_6757601,CWE-121,CWE-121,1.4496020858184964
BIN_7254171,0,,7395,CWE-122:6|CWE-806:6,CWE-122,6,12,2,CWE-122,BIN_2381007,CWE-122,CWE-122,1.6606034280664297
BIN_7254748,0,,5798,CWE-122:7|CWE-805:7,CWE-122,7,14,2,CWE-122,BIN_6290940,CWE-122,CWE-122,1.3320517383069106
BIN_7256018,0,,3032,,,0,0,0,,BIN_4378578,CWE-121,CWE-121,0.8679058608312136
BIN_7258984,0,,1834,CWE-121:4|CWE-805:4,CWE-121,4,8,2,CWE-121,BIN_2859620,CWE-121,CWE-121,1.5973647946915763
BIN_7294826,0,,1796,CWE-121:4|CWE-805:4,CWE-121,4,8,2,CWE-121,BIN_9186092,CWE-121,CWE-121,1.5551460868126374
BIN_7295065,0,,2462,,,0,0,0,,BIN_9368259,CWE-121,CWE-121,0.8667467011800163
BIN_7299292,0,,4500,CWE-121:7,CWE-121,7,7,1,CWE-121,BIN_6440553,CWE-121,CWE-122,0.23391882205666198
BIN_7304980,0,,6139,CWE-122:7|CWE-805:7,CWE-122,7,14,2,CWE-122,BIN_3243366,CWE-122,CWE-122,1.6183993200661322
BIN_7321341,0,,4722,,,0,0,0,,BIN_9013106,CWE-121,CWE-121,1.0472759481361567
BIN_7325793,0,,6187,CWE-122:7|CWE-805:7,CWE-122,7,14,2,CWE-122,BIN_1249667,CWE-122,CWE-122,1.6291531204926173
BIN_7330329,0,,4206,,,0,0,0,,BIN_2522197,CWE-121,CWE-121,0.9993807070658891
BIN_7337657,0,,9610,CWE-122:6|CWE-805:6,CWE-122,6,12,2,CWE-122,BIN_6820702,CWE-122,CWE-122,0.4277208151817641
BIN_7341012,0,,2382,,,0,0,0,,BIN_9706689,CWE-121,CWE-121,1.014324466589931
BIN_7341946,0,,4185,CWE-121:1,CWE-121,1,1,1,CWE-121,BIN_4303840,CWE-121,CWE-121,0.9574239686781345
BIN_7342202,0,,6536,CWE-122:6|CWE-805:6,CWE-122,6,12,2,CWE-122,BIN_8186936,CWE-122,CWE-122,0.906402862424429
BIN_7350697,0,,13082,,,0,0,0,,BIN_5899341,CWE-126,CWE-126,0.4209639150869622
BIN_7352690,0,,14143,CWE-126:6,CWE-126,6,6,1,CWE-126,BIN_1078948,CWE-126,CWE-126,0.0013079462667896224
BIN_7358465,0,,3335,,,0,0,0,,BIN_2955748,CWE-121,CWE-121,0.2604270007039017
BIN_7362220,0,,290,,,0,0,0,,BIN_5976273,CWE-121,CWE-121,1.3686674619464307
BIN_7366414,0,,1396,CWE-121:4|CWE-805:4,CWE-121,4,8,2,CWE-121,BIN_2868842,CWE-121,CWE-121,1.48794008116024
BIN_7369800,0,,3988,,,0,0,0,,BIN_3302714,CWE-121,CWE-121,0.908979763462423
BIN_7374946,0,,5144,CWE-122:7|CWE-129:7,CWE-122,7,14,2,CWE-122,BIN_7039860,CWE-122,CWE-122,1.717951993617881
BIN_7379199,0,,940,,,0,0,0,,BIN_7108962,CWE-121,CWE-121,1.382481823298332
BIN_7395791,0,,1574,,,0,0,0,,BIN_2752450,CWE-121,CWE-121,1.2717706802042346
BIN_7404873,0,,13847,,,0,0,0,,BIN_3338604,CWE-126,CWE-126,1.1571790601592515
BIN_7429233,0,,5424,CWE-122:7|CWE-193:7,CWE-122,7,14,2,CWE-122,BIN_7598727,CWE-122,CWE-122,1.506166138127554
BIN_7435346,0,,3362,,,0,0,0,,BIN_9706857,CWE-121,CWE-121,0.38825528377451657
BIN_7442372,0,,96,,,0,0,0,,BIN_8487099,CWE-121,CWE-121,0.18126081374277747
BIN_7445122,0,,5714,CWE-122:7|CWE-193:7,CWE-122,7,14,2,CWE-122,BIN_1014718,CWE-122,CWE-122,1.1898707168744695
BIN_7455666,0,,5578,CWE-122:6|CWE-193:6,CWE-122,6,12,2,CWE-122,BIN_1660009,CWE-122,CWE-122,1.2586600333047024
BIN_7461552,0,,13982,CWE-126:6,CWE-126,6,6,1,CWE-126,BIN_7680805,CWE-126,CWE-122,0.3695670428327883
BIN_7468226,0,,6100,CWE-122:6|CWE-805:6,CWE-122,6,12,2,CWE-122,BIN_9689538,CWE-122,CWE-122,1.6253826313693505
BIN_7469235,0,,10838,,,0,0,0,,BIN_1938615,CWE-126,CWE-122,0.3963433352516905
BIN_7472986,0,,9359,,,0,0,0,,BIN_7746384,CWE-122,CWE-122,1.125758045236129
BIN_7473369,0,,8252,,,0,0,0,,BIN_5930216,CWE-122,CWE-122,0.5951891058333059
BIN_7484115,0,,9754,CWE-122:6|CWE-806:6,CWE-122,6,12,2,CWE-122,BIN_1380804,CWE-122,CWE-122,0.7124292040794044
BIN_7484277,0,,6233,CWE-122:7|CWE-805:7,CWE-122,7,14,2,CWE-122,BIN_7394022,CWE-122,CWE-122,1.2375320814932456
BIN_7484878,0,,104,,,0,0,0,,BIN_2347064,CWE-121,CWE-121,0.1960761767996484
BIN_7485433,0,,7008,CWE-122:7|CWE-806:7,CWE-122,7,14,2,CWE-122,BIN_5329745,CWE-122,CWE-122,1.8242276640617656
BIN_7495307,0,,6769,CWE-122:7|CWE-806:7,CWE-122,7,14,2,CWE-122,BIN_1545825,CWE-122,CWE-122,1.558583695850159
BIN_7503503,0,,13950,,,0,0,0,,BIN_3067231,CWE-126,CWE-126,1.1288065099386801
BIN_7509830,0,,2533,,,0,0,0,,BIN_2888772,CWE-121,CWE-121,1.222271387206439
BIN_7529311,0,,2544,,,0,0,0,,BIN_5770289,CWE-121,CWE-121,1.060551452423455
BIN_7535736,0,,9551,,,0,0,0,,BIN_3118497,CWE-122,CWE-122,1.160933301108635
BIN_7544013,0,,1468,,,0,0,0,,BIN_6129456,CWE-121,CWE-121,1.2548547358809632
BIN_7559446,0,,4629,,,0,0,0,,BIN_4826334,CWE-121,CWE-121,0.6965291958754152
BIN_7572543,0,,8501,,,0,0,0,,BIN_4621899,CWE-122,CWE-122,0.13296287276725016
BIN_7584824,0,,14271,,,0,0,0,,BIN_2778244,CWE-126,CWE-126,0.2966123758688587
BIN_7592361,0,,4789,,,0,0,0,,BIN_8129913,CWE-121,CWE-121,1.2052556250666548
BIN_7610356,0,,2425,,,0,0,0,,BIN_5082210,CWE-121,CWE-121,0.9727822185975156
BIN_7611441,0,,5332,CWE-122:6|CWE-193:6,CWE-122,6,12,2,CWE-122,BIN_7891120,CWE-122,CWE-122,1.366374036221575
BIN_7620274,0,,14322,,,0,0,0,,BIN_8031936,CWE-126,CWE-126,0.813235803872479
BIN_7623586,0,,2374,,,0,0,0,,BIN_3073719,CWE-121,CWE-121,1.2534657208943185
BIN_7624416,0,,7539,CWE-122:6,CWE-122,6,6,1,CWE-122,BIN_3491883,CWE-122,CWE-122,1.2554057113272037
BIN_7625186,0,,13207,,,0,0,0,,BIN_1108393,CWE-126,CWE-121,0.09495010265958537
BIN_7628768,0,,8822,,,0,0,0,,BIN_3935362,CWE-122,CWE-122,0.5616167023777363
BIN_7647790,0,,7258,CWE-122:6|CWE-131:6,CWE-122,6,12,2,CWE-122,BIN_5827533,CWE-122,CWE-122,0.7983249578472593
BIN_7662142,0,,9602,,,0,0,0,,BIN_3204197,CWE-122,CWE-122,0.7546301038060729
BIN_7663106,0,,3228,,,0,0,0,,BIN_3186268,CWE-121,CWE-121,1.2330055537167428
BIN_7691631,0,,10414,,,0,0,0,,BIN_8117971,CWE-122,CWE-122,0.7552078188673298
BIN_7695661,0,,6777,CWE-122:6|CWE-806:6,CWE-122,6,12,2,CWE-122,BIN_9671297,CWE-122,CWE-122,1.4742382425767961
BIN_7696061,0,,7669,CWE-122:7,CWE-122,7,7,1,CWE-122,BIN_5475454,CWE-122,CWE-122,1.6909671094125298
BIN_7721532,0,,1063,,,0,0,0,,BIN_2025003,CWE-121,CWE-121,1.4095753043708048
BIN_7740131,0,,8690,,,0,0,0,,BIN_6329303,CWE-122,CWE-122,0.339828661396001
BIN_7749757,0,,8348,,,0,0,0,,BIN_2194432,CWE-122,CWE-122,0.7606854252362972
BIN_7751776,0,,6532,CWE-122:6|CWE-805:6,CWE-122,6,12,2,CWE-122,BIN_2797027,CWE-122,CWE-122,0.8479722215126806
BIN_7756681,0,,7094,CWE-122:7|CWE-806:7,CWE-122,7,14,2,CWE-122,BIN_4871171,CWE-122,CWE-122,1.7468293170443303
BIN_7769204,0,,6132,CWE-122:6|CWE-805:6,CWE-122,6,12,2,CWE-122,BIN_9909318,CWE-122,CWE-122,1.5078053676696874
BIN_7770342,0,,2373,,,0,0,0,,BIN_8101474,CWE-121,CWE-121,1.2534657208943185
BIN_7772542,0,,7911,,,0,0,0,,BIN_9209341,CWE-122,CWE-122,0.23806202922397615
BIN_7782581,0,,6816,CWE-122:7|CWE-806:7,CWE-122,7,14,2,CWE-122,BIN_5303683,CWE-122,CWE-122,1.7370057830277672
BIN_7786211,0,,10803,,,0,0,0,,BIN_5812307,CWE-122,CWE-122,0.13132059198161075
BIN_7809329,0,,4739,CWE-121:1,CWE-121,1,1,1,CWE-121,BIN_8216843,CWE-121,CWE-121,0.9941926826821226
BIN_7832925,0,,1536,,,0,0,0,,BIN_5955377,CWE-121,CWE-121,0.9726081481265497
BIN_7842912,0,,3718,CWE-121:8|CWE-806:8,CWE-121,8,16,2,CWE-121,BIN_1801961,CWE-121,CWE-121,0.3431557748901928
BIN_7852924,0,,5563,CWE-122:7|CWE-193:7,CWE-122,7,14,2,CWE-122,BIN_9236750,CWE-122,CWE-122,1.5145670666524993
BIN_7853006,0,,8496,,,0,0,0,,BIN_6919144,CWE-122,CWE-122,0.5685702982374463
BIN_7866279,0,,4787,CWE-121:1,CWE-121,1,1,1,CWE-121,BIN_4970430,CWE-121,CWE-121,0.9887978777324509
BIN_7890495,0,,13443,,,0,0,0,,BIN_2859342,CWE-126,CWE-126,0.36625009593735114
BIN_7899941,0,,615,,,0,0,0,,BIN_2841620,CWE-121,CWE-121,1.2830796211966815
BIN_7915099,0,,1103,,,0,0,0,,BIN_2991890,CWE-121,CWE-121,0.7227857930480945
BIN_7924765,0,,9063,,,0,0,0,,BIN_9833300,CWE-122,CWE-122,0.5283418338997171
BIN_7940028,0,,2417,,,0,0,0,,BIN_2016166,CWE-121,CWE-121,0.9619846626494941
BIN_7954386,0,,13209,,,0,0,0,,BIN_2945377,CWE-126,CWE-121,0.10100868107461702
BIN_7971768,0,,2339,,,0,0,0,,BIN_7320453,CWE-121,CWE-121,1.0609803832426756
BIN_7979431,0,,9759,,,0,0,0,,BIN_8331765,CWE-122,CWE-122,0.07043932265843494
BIN_7982030,0,,3131,,,0,0,0,,BIN_9457025,CWE-121,CWE-121,1.1740828909301706
BIN_7984640,0,,9735,,,0,0,0,,BIN_8239963,CWE-122,CWE-122,0.6984453008797725
BIN_7987268,0,,7818,,,0,0,0,,BIN_7686768,CWE-122,CWE-122,0.4051558542986171
BIN_7992828,0,,3667,CWE-121:1|CWE-806:1,CWE-121,1,2,2,CWE-121,BIN_2034388,CWE-121,CWE-121,0.7981480378709727
BIN_7998856,0,,8645,,,0,0,0,,BIN_7699296,CWE-122,CWE-122,0.36342965003544725
BIN_8010448,0,,9901,,,0,0,0,,BIN_9742127,CWE-122,CWE-122,0.8791881261167591
BIN_8011749,0,,9352,,,0,0,0,,BIN_1685778,CWE-122,CWE-122,0.7781394656013035
BIN_8035256,0,,4870,,,0,0,0,,BIN_4321923,CWE-121,CWE-121,1.008043330777808
BIN_8037285,0,,9706,CWE-122:6|CWE-806:6,CWE-122,6,12,2,CWE-122,BIN_4878925,CWE-122,CWE-122,0.8986044994178095
BIN_8045483,0,,4720,,,0,0,0,,BIN_8043609,CWE-121,CWE-121,1.0478789290942436
BIN_8048543,0,,3314,,,0,0,0,,BIN_1933446,CWE-121,CWE-121,0.5246344329030741
BIN_8049515,0,,300,,,0,0,0,,BIN_7817514,CWE-121,CWE-121,1.228010708926924
BIN_8059408,0,,2876,CWE-121:4|CWE-805:4,CWE-121,4,8,2,CWE-121,BIN_2076033,CWE-121,CWE-121,1.1069332398999396
BIN_8064488,0,,8412,CWE-122:4|CWE-193:4,CWE-122,4,8,2,CWE-122,BIN_5957138,CWE-122,CWE-122,0.6232098368098838
BIN_8077711,0,,10075,,,0,0,0,,BIN_5652651,CWE-122,CWE-122,0.7957057226372088
BIN_8088994,0,,2694,,,0,0,0,,BIN_5670101,CWE-121,CWE-121,1.4573693827770966
BIN_8091809,0,,13257,,,0,0,0,,BIN_7920132,CWE-126,CWE-126,0.5218233742565896
BIN_8100698,0,,6134,CWE-122:7|CWE-805:7,CWE-122,7,14,2,CWE-122,BIN_7491142,CWE-122,CWE-122,1.5023101306350213
BIN_8104334,0,,3621,,,0,0,0,,BIN_1143093,CWE-121,CWE-121,1.0584148501241029
BIN_8127086,0,,8925,,,0,0,0,,BIN_7656857,CWE-122,CWE-122,0.681596595988303
BIN_8138910,0,,8928,,,0,0,0,,BIN_9181348,CWE-122,CWE-122,0.609293923687448
BIN_8156549,0,,13747,,,0,0,0,,BIN_7108812,CWE-126,CWE-126,0.6521888229119861
BIN_8166951,0,,2273,CWE-121:1|CWE-805:1,CWE-121,1,2,2,CWE-121,BIN_4922777,CWE-121,CWE-121,0.7755694320360279
BIN_8182737,0,,13307,,,0,0,0,,BIN_8045633,CWE-126,CWE-126,0.17124635717007375
BIN_8187389,0,,4411,,,0,0,0,,BIN_5057361,CWE-121,CWE-121,0.6651624135734002
BIN_8192010,0,,9310,,,0,0,0,,BIN_2020129,CWE-122,CWE-122,0.7165486206412964
BIN_8192965,0,,2379,,,0,0,0,,BIN_7157092,CWE-121,CWE-121,0.9777741826923032
BIN_8196536,0,,1226,,,0,0,0,,BIN_5007887,CWE-121,CWE-121,0.7904463601492095
BIN_8214177,0,,8980,,,0,0,0,,BIN_4845424,CWE-122,CWE-122,0.5900298712374641
BIN_8215350,0,,2053,,,0,0,0,,BIN_2873673,CWE-121,CWE-121,1.6139675349452256
BIN_8221814,0,,9363,,,0,0,0,,BIN_1544015,CWE-122,CWE-122,0.6768495934311619
BIN_8225802,0,,8773,,,0,0,0,,BIN_2392319,CWE-122,CWE-122,0.716770971166983
BIN_8232677,0,,697,,,0,0,0,,BIN_6680582,CWE-121,CWE-121,0.6616381973062152
BIN_8245647,0,,2629,,,0,0,0,,BIN_2197175,CWE-121,CWE-121,1.1889274361479094
BIN_8247508,0,,5803,CWE-122:7|CWE-805:7,CWE-122,7,14,2,CWE-122,BIN_9595435,CWE-122,CWE-122,1.4227970494144757
BIN_8247653,0,,796,CWE-121:4|CWE-193:4,CWE-121,4,8,2,CWE-121,BIN_2171291,CWE-121,CWE-121,0.7654879964169893
BIN_8262350,0,,14278,,,0,0,0,,BIN_8870425,CWE-126,CWE-126,0.6088039846671517
BIN_8290191,0,,4632,,,0,0,0,,BIN_3811789,CWE-121,CWE-121,0.712881039627146
BIN_8293722,0,,9279,,,0,0,0,,BIN_7214518,CWE-122,CWE-122,0.3603283422143383
BIN_8304263,0,,7390,CWE-122:7|CWE-806:7,CWE-122,7,14,2,CWE-122,BIN_2238618,CWE-122,CWE-122,1.6108662821496602
BIN_8307951,0,,1012,,,0,0,0,,BIN_7049118,CWE-121,CWE-121,1.2875494659558762
BIN_8310128,0,,1106,,,0,0,0,,BIN_3586658,CWE-121,CWE-121,0.9537078190664061
BIN_8319309,0,,5990,CWE-122:7|CWE-805:7,CWE-122,7,14,2,CWE-122,BIN_4295889,CWE-122,CWE-122,1.1891969448897681
BIN_8330464,0,,4042,,,0,0,0,,BIN_8532928,CWE-121,CWE-121,1.1174928059838092
BIN_8333810,0,,8581,,,0,0,0,,BIN_6768649,CWE-122,CWE-122,0.4578993914930869
BIN_8336247,0,,6541,CWE-122:8|CWE-805:8,CWE-122,8,16,2,CWE-122,BIN_8706849,CWE-122,CWE-122,1.2824800438918238
BIN_8366330,0,,1858,,,0,0,0,,BIN_1371462,CWE-121,CWE-121,1.285053092733977
BIN_8372019,0,,2380,,,0,0,0,,BIN_6397291,CWE-121,CWE-121,1.0238738327200108
BIN_8376056,0,,9161,,,0,0,0,,BIN_8259663,CWE-122,CWE-122,0.28188344695151846
BIN_8410376,0,,10748,,,0,0,0,,BIN_5941201,CWE-122,CWE-122,0.26189033976091447
BIN_8418899,0,,10228,,,0,0,0,,BIN_7589302,CWE-122,CWE-122,0.1647917426699143
BIN_8423121,0,,1028,,,0,0,0,,BIN_6942215,CWE-121,CWE-121,1.2782210572331205
BIN_8436038,0,,8640,,,0,0,0,,BIN_1714688,CWE-122,CWE-122,0.6313511203279016
BIN_8436456,0,,3370,,,0,0,0,,BIN_7357420,CWE-121,CWE-121,0.5017617870747973
BIN_8440294,0,,6874,CWE-122:6|CWE-806:6,CWE-122,6,12,2,CWE-122,BIN_7837752,CWE-122,CWE-122,1.2239732348362908
BIN_8461317,0,,9303,,,0,0,0,,BIN_1587681,CWE-122,CWE-122,0.7307492506653076
BIN_8473775,0,,2512,CWE-121:6|CWE-805:6,CWE-121,6,12,2,CWE-121,BIN_6587346,CWE-121,CWE-121,0.6174076056641917
BIN_8473784,0,,8272,CWE-122:4|CWE-193:4,CWE-122,4,8,2,CWE-122,BIN_7898271,CWE-122,CWE-122,0.6349189103389418
BIN_8475759,0,,2254,,,0,0,0,,BIN_8480800,CWE-121,CWE-121,1.2611535837696293
BIN_8481560,0,,4627,,,0,0,0,,BIN_9127531,CWE-121,CWE-121,0.7458983346933605
BIN_8482012,0,,10474,CWE-122:6,CWE-122,6,6,1,CWE-122,BIN_3319848,CWE-122,CWE-122,0.5902301459004454
BIN_8484637,0,,5968,CWE-122:10|CWE-805:10,CWE-122,10,20,2,CWE-122,BIN_4530242,CWE-122,CWE-122,1.3671150747624854
BIN_8496312,0,,6770,CWE-122:7|CWE-806:7,CWE-122,7,14,2,CWE-122,BIN_2892764,CWE-122,CWE-122,1.551461771496362
BIN_8506075,0,,10744,,,0,0,0,,BIN_3174326,CWE-122,CWE-122,0.45207137688141585
BIN_8526902,0,,3887,,,0,0,0,,BIN_9000466,CWE-121,CWE-121,0.9614076013878123
BIN_8530897,0,,658,,,0,0,0,,BIN_2892481,CWE-121,CWE-121,1.3515309759007594
BIN_8534010,0,,13998,CWE-126:6,CWE-126,6,6,1,CWE-126,BIN_7183389,CWE-126,CWE-122,0.566551859925569
BIN_8535785,0,,2218,,,0,0,0,,BIN_8792484,CWE-121,CWE-121,0.9086420031903063
BIN_8543891,0,,9557,,,0,0,0,,BIN_6352758,CWE-122,CWE-122,0.521535093499075
BIN_8545137,0,,9644,,,0,0,0,,BIN_3631927,CWE-122,CWE-122,0.6341350967409861
BIN_8549881,0,,4507,CWE-121:10,CWE-121,10,10,1,CWE-121,BIN_4953698,CWE-121,CWE-121,0.12370659460670302
BIN_8555644,0,,3859,CWE-121:1|CWE-806:1,CWE-121,1,2,2,CWE-121,BIN_2128696,CWE-121,CWE-121,0.8986146799301081
BIN_8558709,0,,8173,,,0,0,0,,BIN_3701669,CWE-122,CWE-122,1.1857976655045337
BIN_8562823,0,,2262,,,0,0,0,,BIN_1100040,CWE-121,CWE-121,1.1254566875610021
BIN_8563493,0,,5824,CWE-122:10|CWE-805:10,CWE-122,10,20,2,CWE-122,BIN_9523893,CWE-122,CWE-122,1.2910794982852587
BIN_8565444,0,,2738,,,0,0,0,,BIN_3202171,CWE-121,CWE-121,1.000241220786041
BIN_8577230,0,,4974,,,0,0,0,,BIN_3983440,CWE-126,CWE-126,0.09628110191993255
BIN_8587256,0,,3572,CWE-121:4|CWE-806:4,CWE-121,4,8,2,CWE-121,BIN_8258354,CWE-121,CWE-121,0.539699045260222
BIN_8588046,0,,7296,,,0,0,0,,BIN_6941171,CWE-122,CWE-122,0.33809983040831304
BIN_8590714,0,,14285,,,0,0,0,,BIN_1969175,CWE-126,CWE-126,0.45900737233416755
BIN_8593896,0,,1910,,,0,0,0,,BIN_4843153,CWE-121,CWE-121,1.2809485858619274
BIN_8597818,0,,3606,,,0,0,0,,BIN_6574261,CWE-121,CWE-121,0.9518208230220541
BIN_8612409,0,,65,,,0,0,0,,BIN_3222407,CWE-121,CWE-126,0.24140657818936606
BIN_8615769,0,,5996,CWE-122:7|CWE-805:7,CWE-122,7,14,2,CWE-122,BIN_4755090,CWE-122,CWE-122,1.2288886218962056
BIN_8628535,0,,5386,CWE-122:6|CWE-193:6,CWE-122,6,12,2,CWE-122,BIN_3292515,CWE-122,CWE-122,1.203918014121685
BIN_8631044,0,,9502,,,0,0,0,,BIN_6465548,CWE-122,CWE-122,0.790364276641674
BIN_8643505,0,,531,,,0,0,0,,BIN_5720554,CWE-126,CWE-126,0.2550306893079768
BIN_8646267,0,,2697,,,0,0,0,,BIN_2531588,CWE-121,CWE-121,1.2988695605629053
BIN_8647235,0,,7168,CWE-122:10|CWE-806:10,CWE-122,10,20,2,CWE-122,BIN_3225805,CWE-122,CWE-122,1.0911824021992198
BIN_8655468,0,,9880,,,0,0,0,,BIN_5008127,CWE-122,CWE-122,0.7615126450674583
BIN_8668738,0,,3843,,,0,0,0,,BIN_9356761,CWE-121,CWE-121,0.9648293666394361
BIN_8678739,0,,7285,,,0,0,0,,BIN_8929884,CWE-122,CWE-122,0.16409566323637054
BIN_8692946,0,,1992,CWE-121:6|CWE-805:6,CWE-121,6,12,2,CWE-121,BIN_5670354,CWE-121,CWE-121,0.24870946837053182
BIN_8710766,0,,3695,,,0,0,0,,BIN_9452506,CWE-121,CWE-121,0.941358719193161
BIN_8730510,0,,5040,CWE-122:9|CWE-129:9,CWE-122,9,18,2,CWE-122,BIN_6024466,CWE-122,CWE-122,1.693376229483332
BIN_8731342,0,,8025,,,0,0,0,,BIN_6039580,CWE-122,CWE-122,0.6995698954982358
BIN_8735578,0,,10791,,,0,0,0,,BIN_3231075,CWE-122,CWE-122,0.69442735387422
BIN_8741646,0,,5135,CWE-122:7|CWE-129:7,CWE-122,7,14,2,CWE-122,BIN_4092733,CWE-122,CWE-122,2.4972178892352392
BIN_8747785,0,,5800,CWE-122:7|CWE-805:7,CWE-122,7,14,2,CWE-122,BIN_7261142,CWE-122,CWE-122,1.4092192121892835
BIN_8751391,0,,1652,,,0,0,0,,BIN_1719277,CWE-121,CWE-121,0.9940862214433532
BIN_8754269,0,,5531,CWE-122:7|CWE-193:7,CWE-122,7,14,2,CWE-122,BIN_5050450,CWE-122,CWE-122,1.390897553777827
BIN_8780625,0,,5997,CWE-122:7|CWE-805:7,CWE-122,7,14,2,CWE-122,BIN_3988124,CWE-122,CWE-122,1.2293597958883473
BIN_8792239,0,,4680,,,0,0,0,,BIN_8722883,CWE-121,CWE-121,0.7250716848348496
BIN_8812742,0,,7105,CWE-122:7|CWE-806:7,CWE-122,7,14,2,CWE-122,BIN_6320344,CWE-122,CWE-122,1.779331159966847
BIN_8822858,0,,2588,,,0,0,0,,BIN_5081275,CWE-121,CWE-121,1.3432845586152748
BIN_8828428,0,,4628,,,0,0,0,,BIN_1058297,CWE-121,CWE-121,0.6975624234043649
BIN_8843306,0,,7694,CWE-122:9,CWE-122,9,9,1,CWE-122,BIN_3443394,CWE-122,CWE-122,1.567256090690567
BIN_8846431,0,,2633,CWE-121:1|CWE-805:1,CWE-121,1,2,2,CWE-121,BIN_8938724,CWE-121,CWE-121,0.9493737843859513
BIN_8857241,0,,13314,,,0,0,0,,BIN_8746598,CWE-126,CWE-121,0.1344953868123856
BIN_8860052,0,,13769,,,0,0,0,,BIN_4171473,CWE-126,CWE-122,0.05055862365266689
BIN_8862507,0,,7149,CWE-122:7|CWE-806:7,CWE-122,7,14,2,CWE-122,BIN_2484126,CWE-122,CWE-122,1.7775688710629898
BIN_8873378,0,,5245,CWE-122:10|CWE-129:10,CWE-122,10,20,2,CWE-122,BIN_1161957,CWE-122,CWE-122,1.7277907220035313
BIN_8879171,0,,3316,,,0,0,0,,BIN_2833335,CWE-121,CWE-121,0.4893218245089124
BIN_8884047,0,,207,,,0,0,0,,BIN_7059138,CWE-121,CWE-126,0.3947301010274781
BIN_8891404,0,,13485,,,0,0,0,,BIN_2201323,CWE-126,CWE-126,0.5775785590516729
BIN_8901006,0,,6473,CWE-122:7|CWE-805:7,CWE-122,7,14,2,CWE-122,BIN_3582108,CWE-122,CWE-122,0.9615797256944915
BIN_8918348,0,,4342,,,0,0,0,,BIN_8530863,CWE-121,CWE-121,1.221187512636925
BIN_8933248,0,,5048,CWE-122:7|CWE-129:7,CWE-122,7,14,2,CWE-122,BIN_3660261,CWE-122,CWE-122,1.5636204560176323
BIN_8956091,0,,2423,,,0,0,0,,BIN_2855775,CWE-121,CWE-121,1.0439548310637532
BIN_8959287,0,,1865,,,0,0,0,,BIN_2854129,CWE-121,CWE-121,1.2610220849849763
BIN_8971499,0,,14401,,,0,0,0,,BIN_1786916,CWE-126,CWE-126,1.08327787257142
BIN_8972301,0,,3026,,,0,0,0,,BIN_7901710,CWE-121,CWE-121,0.856348137934021
BIN_8975688,0,,5316,CWE-122:6|CWE-193:6,CWE-122,6,12,2,CWE-122,BIN_7108747,CWE-122,CWE-122,1.4954810566661982
BIN_8986409,0,,9308,,,0,0,0,,BIN_3600772,CWE-122,CWE-122,0.7328870930099955
BIN_8989072,0,,1349,,,0,0,0,,BIN_2758055,CWE-121,CWE-121,1.4147009087895075
BIN_8990397,0,,10360,,,0,0,0,,BIN_8242962,CWE-122,CWE-122,0.7778087848029623
BIN_8994043,0,,10268,,,0,0,0,,BIN_8494034,CWE-122,CWE-122,0.7111521194804726
BIN_8998349,0,,14330,CWE-126:6,CWE-126,6,6,1,CWE-126,BIN_3419142,CWE-126,CWE-126,0.5087168365113631
BIN_8999723,0,,3521,,,0,0,0,,BIN_2089492,CWE-121,CWE-121,0.9089812220573467
BIN_9007232,0,,6240,CWE-122:7|CWE-805:7,CWE-122,7,14,2,CWE-122,BIN_3117113,CWE-122,CWE-122,1.3075278220633377
BIN_9011813,0,,10563,,,0,0,0,,BIN_3621844,CWE-122,CWE-122,0.5449476581051556
BIN_9016632,0,,7208,CWE-122:6|CWE-806:6,CWE-122,6,12,2,CWE-122,BIN_9067838,CWE-122,CWE-122,1.5941682931484884
BIN_9020888,0,,7106,CWE-122:7|CWE-806:7,CWE-122,7,14,2,CWE-122,BIN_2121311,CWE-122,CWE-122,1.7764072845878807
BIN_9027265,0,,6061,CWE-122:8|CWE-805:8,CWE-122,8,16,2,CWE-122,BIN_7233166,CWE-122,CWE-122,1.6788638891028747
BIN_9035820,0,,938,,,0,0,0,,BIN_8565345,CWE-121,CWE-121,1.408637757521722
BIN_9048487,0,,13644,,,0,0,0,,BIN_3383859,CWE-126,CWE-126,1.2878062448214074
BIN_9052001,0,,1313,CWE-121:1|CWE-805:1,CWE-121,1,2,2,CWE-121,BIN_9058304,CWE-121,CWE-121,1.180328379197873
BIN_9072940,0,,9372,CWE-122:4|CWE-805:4,CWE-122,4,8,2,CWE-122,BIN_6778856,CWE-122,CWE-122,0.7730944174777987
BIN_9079084,0,,3767,,,0,0,0,,BIN_2775282,CWE-121,CWE-121,0.40424353223827286
BIN_9089088,0,,4538,,,0,0,0,,BIN_4360488,CWE-121,CWE-121,1.2424803552553034
BIN_9092601,0,,7404,CWE-122:10|CWE-806:10,CWE-122,10,20,2,CWE-122,BIN_4375862,CWE-122,CWE-122,1.1589920488204761
BIN_9099167,0,,5710,CWE-122:7|CWE-193:7,CWE-122,7,14,2,CWE-122,BIN_9074124,CWE-122,CWE-122,1.2678879521464792
BIN_9099665,0,,2895,,,0,0,0,,BIN_6653648,CWE-121,CWE-121,0.7262096689335824
BIN_9104642,0,,7829,,,0,0,0,,BIN_8424688,CWE-122,CWE-122,0.1719353632247891
BIN_9137880,0,,1259,,,0,0,0,,BIN_5994400,CWE-121,CWE-121,0.6908170219923278
BIN_9154571,0,,636,CWE-121:4|CWE-193:4,CWE-121,4,8,2,CWE-121,BIN_8339026,CWE-121,CWE-121,1.36884489248855
BIN_9154813,0,,751,,,0,0,0,,BIN_1329974,CWE-121,CWE-121,0.9509232733413833
BIN_9158860,0,,10619,CWE-122:1,CWE-122,1,1,1,CWE-122,BIN_9313772,CWE-122,CWE-122,0.6263042968796912
BIN_9163617,0,,9638,,,0,0,0,,BIN_7454462,CWE-122,CWE-122,0.4655571209971775
BIN_9170445,0,,3950,,,0,0,0,,BIN_5410107,CWE-121,CWE-121,0.7766368194717741
BIN_9174640,0,,1871,,,0,0,0,,BIN_1981853,CWE-121,CWE-121,1.1875982939919354
BIN_9179473,0,,8411,CWE-122:1|CWE-193:1,CWE-122,1,2,2,CWE-122,BIN_2392897,CWE-122,CWE-122,0.7217838086418867
BIN_9183528,0,,2468,,,0,0,0,,BIN_7499365,CWE-121,CWE-121,0.8668584087222482
BIN_9189526,0,,5799,CWE-122:7|CWE-805:7,CWE-122,7,14,2,CWE-122,BIN_8162011,CWE-122,CWE-122,1.3320517383069106
BIN_9206826,0,,2014,,,0,0,0,,BIN_8061475,CWE-121,CWE-121,1.671728297396151
BIN_9208550,0,,5322,CWE-122:7|CWE-193:7,CWE-122,7,14,2,CWE-122,BIN_2022746,CWE-122,CWE-122,1.690280666456013
BIN_9215846,0,,16,,,0,0,0,,BIN_4776713,CWE-121,CWE-126,0.20942357823249597
BIN_9220492,0,,2596,CWE-121:4|CWE-805:4,CWE-121,4,8,2,CWE-121,BIN_1614570,CWE-121,CWE-121,1.4909244972567564
BIN_9221889,0,,8846,CWE-122:8|CWE-805:8,CWE-122,8,16,2,CWE-122,BIN_5561084,CWE-122,CWE-122,0.527362953660274
BIN_9242745,0,,13797,,,0,0,0,,BIN_6844147,CWE-126,CWE-126,0.7141610435236377
BIN_9247826,0,,7069,CWE-122:8|CWE-806:8,CWE-122,8,16,2,CWE-122,BIN_4637178,CWE-122,CWE-122,1.6048170493351734
BIN_9252703,0,,3656,,,0,0,0,,BIN_4056813,CWE-121,CWE-121,0.8997097218083455
BIN_9254385,0,,2186,,,0,0,0,,BIN_7631205,CWE-121,CWE-121,1.2026306526686295
BIN_9255011,0,,695,,,0,0,0,,BIN_7986641,CWE-121,CWE-121,0.6423521464076636
BIN_9270031,0,,7959,,,0,0,0,,BIN_3511166,CWE-122,CWE-122,0.8999782413364826
BIN_9270127,0,,9492,,,0,0,0,,BIN_7741472,CWE-122,CWE-122,0.8796873322344151
BIN_9277092,0,,5632,CWE-122:10|CWE-193:10,CWE-122,10,20,2,CWE-122,BIN_6942946,CWE-122,CWE-122,1.1952699525566663
BIN_9277429,0,,14406,,,0,0,0,,BIN_2987913,CWE-126,CWE-126,0.9828044147719824
BIN_9278484,0,,6398,CWE-122:9|CWE-805:9,CWE-122,9,18,2,CWE-122,BIN_5094397,CWE-122,CWE-122,1.1170662975943506
BIN_9280270,0,,1025,,,0,0,0,,BIN_4809460,CWE-121,CWE-121,1.1969178767660047
BIN_9282278,0,,4886,CWE-121:8,CWE-121,8,8,1,CWE-121,BIN_9058244,CWE-121,CWE-121,0.25996458770023223
BIN_9284742,0,,8443,,,0,0,0,,BIN_8279470,CWE-122,CWE-122,0.6012405526917768
BIN_9299304,0,,9508,,,0,0,0,,BIN_5658639,CWE-122,CWE-122,0.3698692756022181
BIN_9308560,0,,8216,,,0,0,0,,BIN_3877767,CWE-122,CWE-122,0.48039807605882523
BIN_9320266,0,,13476,,,0,0,0,,BIN_9096631,CWE-126,CWE-126,0.27898611986238914
BIN_9334895,0,,4882,CWE-121:6,CWE-121,6,6,1,CWE-121,BIN_3139040,CWE-121,CWE-121,0.3683866657318573
BIN_9349133,0,,3428,CWE-121:4|CWE-806:4,CWE-121,4,8,2,CWE-121,BIN_4050447,CWE-121,CWE-121,0.607198466553706
BIN_9350215,0,,8079,,,0,0,0,,BIN_4651390,CWE-122,CWE-121,0.13948568447546983
BIN_9354992,0,,6395,CWE-122:7|CWE-805:7,CWE-122,7,14,2,CWE-122,BIN_5517862,CWE-122,CWE-122,1.2507575338211605
BIN_9378951,0,,6573,CWE-122:7|CWE-805:7,CWE-122,7,14,2,CWE-122,BIN_7539035,CWE-122,CWE-122,1.3466050276402255
BIN_9384373,0,,6477,CWE-122:7|CWE-805:7,CWE-122,7,14,2,CWE-122,BIN_9980511,CWE-122,CWE-122,1.0490573275368278
BIN_9384799,0,,5085,CWE-122:9|CWE-129:9,CWE-122,9,18,2,CWE-122,BIN_5048399,CWE-122,CWE-122,1.6471225339498505
BIN_9385356,0,,13263,,,0,0,0,,BIN_5285476,CWE-126,CWE-126,0.47508208484503256
BIN_9407437,0,,10559,,,0,0,0,,BIN_8681460,CWE-122,CWE-122,0.7428613515899969
BIN_9410430,0,,5901,CWE-122:7|CWE-805:7,CWE-122,7,14,2,CWE-122,BIN_9429538,CWE-122,CWE-122,1.170086006598055
BIN_9420195,0,,199,,,0,0,0,,BIN_5836814,CWE-121,CWE-126,0.2766559025235647
BIN_9420930,0,,10551,,,0,0,0,,BIN_3458366,CWE-122,CWE-122,0.6366138147244317
BIN_9422656,0,,7102,CWE-122:7|CWE-806:7,CWE-122,7,14,2,CWE-122,BIN_9909984,CWE-122,CWE-122,1.7349219086078358
BIN_9424923,0,,525,,,0,0,0,,BIN_2254329,CWE-121,CWE-126,0.640828095676101
BIN_9445569,0,,9350,,,0,0,0,,BIN_7405147,CWE-122,CWE-122,0.5519244049776957
BIN_9460820,0,,6149,CWE-122:6|CWE-805:6,CWE-122,6,12,2,CWE-122,BIN_6785020,CWE-122,CWE-122,1.520659298372137
BIN_9462531,0,,506,,,0,0,0,,BIN_3049998,CWE-121,CWE-126,0.6110026734546156
BIN_9466500,0,,9664,CWE-122:4|CWE-805:4,CWE-122,4,8,2,CWE-122,BIN_4075590,CWE-122,CWE-122,0.3780280435467771
BIN_9466516,0,,1974,,,0,0,0,,BIN_3244756,CWE-121,CWE-121,1.2199380683370173
BIN_9472777,0,,4039,,,0,0,0,,BIN_4138902,CWE-121,CWE-121,1.1206669088081638
BIN_9473704,0,,8793,,,0,0,0,,BIN_3045810,CWE-122,CWE-122,0.4660445493922427
BIN_9477390,0,,572,,,0,0,0,,BIN_6268840,CWE-121,CWE-121,1.577343017273503
BIN_9483253,0,,2825,,,0,0,0,,BIN_3311434,CWE-121,CWE-121,0.7114109027002831
BIN_9489990,0,,7962,,,0,0,0,,BIN_7345302,CWE-122,CWE-122,0.8906817640713967
BIN_9492266,0,,3321,,,0,0,0,,BIN_7401000,CWE-121,CWE-121,0.511593162688369
BIN_9505183,0,,8152,,,0,0,0,,BIN_9820545,CWE-122,CWE-122,0.9341591042269225
BIN_9510026,0,,6528,CWE-122:7|CWE-805:7,CWE-122,7,14,2,CWE-122,BIN_6770632,CWE-122,CWE-122,1.369828537785963
BIN_9515835,0,,774,,,0,0,0,,BIN_8283117,CWE-121,CWE-121,0.8069807970478438
BIN_9524481,0,,73,,,0,0,0,,BIN_3837214,CWE-121,CWE-126,0.006418188349236131
BIN_9525879,0,,2108,,,0,0,0,,BIN_5563620,CWE-121,CWE-121,1.4427224633504796
BIN_9535222,0,,1229,,,0,0,0,,BIN_2011542,CWE-121,CWE-121,0.8134512364119497
BIN_9538141,0,,7071,CWE-122:8|CWE-806:8,CWE-122,8,16,2,CWE-122,BIN_1930423,CWE-122,CWE-122,0.8333479335061926
BIN_9549440,0,,14286,,,0,0,0,,BIN_5372481,CWE-126,CWE-126,0.2703648260910133
BIN_9555520,0,,3069,,,0,0,0,,BIN_5116944,CWE-121,CWE-121,0.8717694040205193
BIN_9577647,0,,9645,,,0,0,0,,BIN_8557802,CWE-122,CWE-122,0.6374113163972607
BIN_9578184,0,,1779,,,0,0,0,,BIN_8382261,CWE-121,CWE-121,1.3033145356253588
BIN_9586392,0,,13155,,,0,0,0,,BIN_8473515,CWE-126,CWE-126,0.00047713487299982926
BIN_9586760,0,,14474,,,0,0,0,,BIN_8204209,CWE-126,CWE-126,1.4692620936088474
BIN_9597392,0,,9028,,,0,0,0,,BIN_4999201,CWE-122,CWE-122,0.38572185975533446
BIN_9600474,0,,13677,,,0,0,0,,BIN_5947740,CWE-126,CWE-126,0.3207163048840562
BIN_9612212,0,,2232,CWE-121:6|CWE-805:6,CWE-121,6,12,2,CWE-121,BIN_3570942,CWE-121,CWE-121,0.0453380731239732
BIN_9614954,0,,4132,,,0,0,0,,BIN_2025882,CWE-121,CWE-121,1.1920788782760725
BIN_9617884,0,,1913,CWE-121:1|CWE-805:1,CWE-121,1,2,2,CWE-121,BIN_5117808,CWE-121,CWE-121,1.158717699118745
BIN_9621548,0,,5967,CWE-122:8|CWE-805:8,CWE-122,8,16,2,CWE-122,BIN_3708490,CWE-122,CWE-122,1.1398322839887869
BIN_9644786,0,,3862,CWE-121:8|CWE-806:8,CWE-121,8,16,2,CWE-121,BIN_6663309,CWE-121,CWE-121,0.2638518922973878
BIN_9644952,0,,13768,CWE-126:8,CWE-126,8,8,1,CWE-126,BIN_6554251,CWE-126,CWE-126,0.20904631363826318
BIN_9650335,0,,10524,CWE-122:4,CWE-122,4,4,1,CWE-122,BIN_2886601,CWE-122,CWE-122,0.5454996288382004
BIN_9657322,0,,5848,CWE-122:7|CWE-805:7,CWE-122,7,14,2,CWE-122,BIN_4250440,CWE-122,CWE-122,1.2223241645177239
BIN_9662880,0,,14088,CWE-126:7,CWE-126,7,7,1,CWE-126,BIN_8394696,CWE-126,CWE-122,0.2961414948313582
BIN_9685882,0,,6879,CWE-122:8|CWE-806:8,CWE-122,8,16,2,CWE-122,BIN_6720434,CWE-122,CWE-122,0.8535961707884291
BIN_9689625,0,,8920,,,0,0,0,,BIN_3662667,CWE-122,CWE-122,0.6714615173452712
BIN_9709552,0,,6758,CWE-122:7|CWE-806:7,CWE-122,7,14,2,CWE-122,BIN_4039877,CWE-122,CWE-122,1.5362625987611709
BIN_9715148,0,,4690,CWE-121:6,CWE-121,6,6,1,CWE-121,BIN_1690571,CWE-121,CWE-121,0.04199176208571628
BIN_9715186,0,,4008,CWE-121:4|CWE-806:4,CWE-121,4,8,2,CWE-121,BIN_2931399,CWE-121,CWE-121,0.2732573764010561
BIN_9728984,0,,3233,,,0,0,0,,BIN_1227598,CWE-121,CWE-121,1.1986730422000138
BIN_9751204,0,,6470,CWE-122:7|CWE-805:7,CWE-122,7,14,2,CWE-122,BIN_2580589,CWE-122,CWE-122,0.9615797256944915
BIN_9771802,0,,1548,,,0,0,0,,BIN_5450896,CWE-121,CWE-121,0.9871310860431529
BIN_9786676,0,,7597,CWE-122:8,CWE-122,8,8,1,CWE-122,BIN_5151857,CWE-122,CWE-122,1.2132780231210627
BIN_9819686,0,,7392,CWE-122:7|CWE-806:7,CWE-122,7,14,2,CWE-122,BIN_9424805,CWE-122,CWE-122,1.6536505145087441
BIN_9838522,0,,8939,CWE-122:1|CWE-805:1,CWE-122,1,2,2,CWE-122,BIN_6022419,CWE-122,CWE-122,0.7488229720696313
BIN_9843251,0,,14186,CWE-126:7,CWE-126,7,7,1,CWE-126,BIN_5261708,CWE-126,CWE-122,0.40413905836797737
BIN_9879391,0,,10357,,,0,0,0,,BIN_4739893,CWE-122,CWE-122,0.6527519359652696
BIN_9888150,0,,7576,CWE-122:7,CWE-122,7,7,1,CWE-122,BIN_7090894,CWE-122,CWE-122,1.3051386298777974
BIN_9894674,0,,13230,CWE-126:6|CWE-129:6,CWE-126,6,12,2,CWE-126,BIN_4806530,CWE-126,CWE-121,0.10995859802249497
BIN_9895600,0,,7011,CWE-122:6|CWE-806:6,CWE-122,6,12,2,CWE-122,BIN_3038181,CWE-122,CWE-122,1.806535403810765
BIN_9903209,0,,14248,CWE-126:9,CWE-126,9,9,1,CWE-126,BIN_7625961,CWE-126,CWE-122,0.3622293673914775
BIN_9903386,0,,9975,,,0,0,0,,BIN_4764993,CWE-122,CWE-122,0.607434763312752
BIN_9905115,0,,9709,,,0,0,0,,BIN_5172262,CWE-122,CWE-122,0.5229544009250489
BIN_9913306,0,,855,,,0,0,0,,BIN_8970199,CWE-121,CWE-121,0.611231848818257
BIN_9932672,0,,329,,,0,0,0,,BIN_7404013,CWE-121,CWE-121,1.498644124630474
BIN_9938551,0,,13527,,,0,0,0,,BIN_3962032,CWE-126,CWE-126,0.3784612015602655
BIN_9948037,0,,13570,,,0,0,0,,BIN_8362123,CWE-126,CWE-126,0.4766123629820752
BIN_9948306,0,,3036,,,0,0,0,,BIN_8631722,CWE-121,CWE-121,1.1109614749215888
BIN_9956826,0,,6380,CWE-122:7|CWE-805:7,CWE-122,7,14,2,CWE-122,BIN_3614319,CWE-122,CWE-122,1.3363793479167339
BIN_9967295,0,,7156,CWE-122:6|CWE-806:6,CWE-122,6,12,2,CWE-122,BIN_1070083,CWE-122,CWE-122,1.3821155725181637
BIN_9976727,0,,7969,,,0,0,0,,BIN_7124329,CWE-122,CWE-122,0.8584844502843879
BIN_9978026,0,,10850,,,0,0,0,,BIN_9335771,CWE-122,CWE-122,0.14949588921649629
BIN_9979023,0,,9846,,,0,0,0,,BIN_4888815,CWE-122,CWE-122,0.9977407729789063
BIN_9984701,0,,1372,,,0,0,0,,BIN_5824946,CWE-121,CWE-121,1.1084755279641754
BIN_9989985,0,,9455,,,0,0,0,,BIN_6909453,CWE-122,CWE-122,1.272102681216865
BIN_9991617,0,,13906,,,0,0,0,,BIN_4206542,CWE-126,CWE-126,1.017291375079969
BIN_9994793,0,,3844,,,0,0,0,,BIN_3729346,CWE-121,CWE-121,0.9620779187587503
