binary_id,source_id_num,label,cwe_id,key_body_hex,ins_preview,key_type,pred,support,purity,counts,key_loo_acc,key_loo_wrong,key_ins_full,key_op_full,key_ins_tail36,key_ins_tail30,key_ins_tail24,key_ins_tail18,key_marker_tail,key_callseq,key_len_ins_calls
BIN_1041261,23794,1,CWE-191,2f2f6ed18f841b53,"push:rbp mov:rbp,rsp sub:rsp,N mov:dwordptr_[rbp-4],0 mov:ecx,0 mov:rax,qwordptr_[rip+N] call:rax mov:rcx,rax lea:rdx,[rbp-4] lea:rax,[rip+N] mov:r8,rdx mov:rdx,rax call:N mov:eax,dwordptr_[rbp-4] mov:ecx,eax call:N nop: add:rsp,N pop:rbp ret:",key_body_hex,CWE-190,2,1.0,{'CWE-190': 2},0.9740777666999003,26,,,,,,,,,
BIN_1053545,15646,1,CWE-127,,"push:rbp sub:rsp,N lea:rbp,[rsp+N] mov:qwordptr_[rbp+N],0 mov:dwordptr_[rbp+N],0 jmp:N mov:ecx,N call:N mov:qwordptr_[rbp+N],rax cmp:qwordptr_[rbp+N],0 jne:N mov:ecx,N call:N mov:rax,qwordptr_[rbp+N] mov:r8d,N mov:edx,N mov:rcx,rax call:N mov:rax,qwordptr_[rbp+N] add:rax,N mov:wordptr_[rax],0 mov:rax,qwordptr_[rbp+N] sub:rax,N mov:qwordptr_[rbp+N],rax add:dwordptr_[rbp+N],1 cmp:dwordptr_[rbp+N],0 jle:N lea:rax,[rbp-N] mov:r8d,N mov:edx,N mov:rcx,rax call:N mov:wordptr_[rbp+N],0 lea:rax,[rbp-N] mov:rcx,rax call:N mov:rcx,rax mov:rdx,qwordptr_[rbp+N] lea:rax,[rbp-N] mov:r8,rcx mov:rcx,rax call:N mov:wordptr_[rbp+N],0 lea:rax,[rbp-N] mov:rcx,rax call:N nop: add:rsp,N pop:rbp ret:",key_len_ins_calls,CWE-122,4,1.0,{'CWE-122': 4},0.9334157541504768,377,,,,,,,,,215|50|7|3
BIN_1054379,23928,1,CWE-191,,"push:rbp mov:rbp,rsp sub:rsp,N mov:dwordptr_[rbp-4],0 mov:dwordptr_[rbp-4],N nop: cmp:dwordptr_[rbp-4],0 jns:N mov:eax,dwordptr_[rbp-4] add:eax,eax mov:dwordptr_[rbp-8],eax mov:eax,dwordptr_[rbp-8] mov:ecx,eax call:N nop: nop: add:rsp,N pop:rbp ret:",key_len_ins_calls,CWE-190,5,1.0,{'CWE-190': 5},0.9334157541504768,377,,,,,,,,,55|19|1|1
BIN_1068651,26633,1,CWE-194,,"push:rbp sub:rsp,N lea:rbp,[rsp+N] mov:wordptr_[rbp+N],0 call:N test:eax,eax je:N mov:dwordptr_[rbp+N],0 mov:qwordptr_[rbp+N],N mov:qwordptr_[rbp+N],N lea:rax,[rbp+N] mov:rdx,rax mov:ecx,N mov:rax,qwordptr_[rip+N] call:rax test:eax,eax jne:N mov:dwordptr_[rbp+N],1 mov:r8d,6 mov:edx,1 mov:ecx,2 mov:rax,qwordptr_[rip+N] call:rax mov:qwordptr_[rbp+N],rax cmp:qwordptr_[rbp+N],-1 je:N lea:rax,[rbp+N] mov:r8d,N mov:edx,0 mov:rcx,rax call:N mov:wordptr_[rbp+N],2 mov:dwordptr_[rbp+N],0 mov:ecx,N mov:rax,qwordptr_[rip+N] call:rax mov:wordptr_[rbp+N],ax lea:rdx,[rbp+N] mov:rax,qwordptr_[rbp+N] mov:r8d,N mov:rcx,rax mov:rax,qwordptr_[rip+N] call:rax cmp:eax,-1 je:N mov:rax,qwordptr_[rbp+N] mov:edx,5 mov:rcx,rax mov:rax,qwordptr_[rip+N] call:rax cmp:eax,-1 je:N mov:rax,qwordptr_[rbp+N] mov:r8d,0 mov:edx,0 mov:rcx,rax mov:rax,qwordptr_[rip+N] call:rax mov:qwordptr_[rbp+N],rax cmp:qwordptr_[rbp+N],-1 je:N lea:rdx,[rbp+N] mov:rax,qwordptr_[rbp+N] mov:r9d,0 mov:r8d,7 mov:rcx,rax mov:rax,qwordptr_[rip+N] call:rax mov:dwordptr_[rbp+N],eax cmp:dwordptr_[rbp+N],-1 je:N cmp:dwordptr_[rbp+N],0 je:N mov:eax,dwordptr_[rbp+N] cdqe: mov:byteptr_[rbp+rax+N],0 lea:rax,[rbp+N] mov:rcx,rax call:N mov:dwordptr_[rbp+N],eax cmp:dwordptr_[rbp+N],N jg:N cmp:dwordptr_[rbp+N],N jge:N mov:wordptr_[rbp+N],N jmp:N mov:eax,dwordptr_[rbp+N] mov:wordptr_[rbp+N],ax jmp:N nop:",key_callseq,CWE-195,2,1.0,{'CWE-195': 2},0.9922970071978785,61,,,,,,,,staticreturnstrue|memset|atoi|memset|strncpy|printline,
BIN_1131828,11078,1,CWE-124,,"push:rbp mov:rbp,rsp sub:rsp,N mov:dwordptr_[rbp-4],N mov:qwordptr_[rbp-N],0 mov:qwordptr_[rbp-N],0 mov:ecx,0 mov:rax,qwordptr_[rip+N] call:rax mov:rdx,rax lea:rax,[rbp-N] mov:r8,rdx mov:edx,N mov:rcx,rax call:N test:rax,rax je:N lea:rax,[rbp-N] mov:rcx,rax call:N mov:dwordptr_[rbp-4],eax jmp:N lea:rax,[rip+N] mov:rcx,rax call:N mov:eax,dwordptr_[rbp-4] mov:dwordptr_[rbp-N],eax mov:eax,dwordptr_[rbp-N] mov:dwordptr_[rbp-N],eax pxor:xmm0,xmm0 movaps:xmmwordptr_[rbp-N],xmm0 movaps:xmmwordptr_[rbp-N],xmm0 movq:qwordptr_[rbp-N],xmm0 cmp:dwordptr_[rbp-N],9 jg:N mov:eax,dwordptr_[rbp-N] cdqe: mov:dwordptr_[rbp+rax*4-N],1 mov:dwordptr_[rbp-8],0 jmp:N mov:eax,dwordptr_[rbp-8] cdqe: mov:eax,dwordptr_[rbp+rax*4-N] mov:ecx,eax call:N add:dwordptr_[rbp-8],1 cmp:dwordptr_[rbp-8],9 jle:N jmp:N lea:rax,[rip+N] mov:rcx,rax call:N nop: add:rsp,N pop:rbp ret:",key_len_ins_calls,CWE-121,2,1.0,{'CWE-121': 2},0.9334157541504768,377,,,,,,,,,212|56|6|6
BIN_1149573,45752,1,CWE-606,,"push:rbp sub:rsp,N lea:rbp,[rsp+N] lea:rax,[rip-N] mov:qwordptr_[rbp+N],rax mov:qwordptr_[rbp+N],0 mov:qwordptr_[rbp+N],0 mov:qwordptr_[rbp+N],0 mov:qwordptr_[rbp+N],0 mov:qwordptr_[rbp+N],0 mov:qwordptr_[rbp+N],0 mov:qwordptr_[rbp+N],0 mov:qwordptr_[rbp+N],0 mov:qwordptr_[rbp+N],0 mov:qwordptr_[rbp+N],0 mov:qwordptr_[rbp+N],0 mov:qwordptr_[rbp+N],0 mov:qwordptr_[rbp+N],0 mov:qwordptr_[rbp+N],0 mov:qwordptr_[rbp+N],0 mov:qwordptr_[rbp+N],0 mov:qwordptr_[rbp+N],0 mov:qwordptr_[rbp+N],0 mov:qwordptr_[rbp+N],0 mov:qwordptr_[rbp+N],0 mov:qwordptr_[rbp+N],0 mov:qwordptr_[rbp+N],0 mov:qwordptr_[rbp+N],0 mov:qwordptr_[rbp+N],0 mov:qwordptr_[rbp+N],0 lea:rax,[rbp+N] mov:qwordptr_[rbp+N],rax mov:dwordptr_[rbp+N],0 mov:qwordptr_[rbp+N],N mov:qwordptr_[rbp+N],N mov:rax,qwordptr_[rbp+N] mov:rcx,rax call:N mov:qwordptr_[rbp+N],rax lea:rax,[rbp-N] mov:rdx,rax mov:ecx,N mov:rax,qwordptr_[rip+N] call:rax test:eax,eax jne:N mov:dwordptr_[rbp+N],1 mov:r8d,6 mov:edx,1 mov:ecx,2 mov:rax,qwordptr_[rip+N] call:rax mov:qwordptr_[rbp+N],rax cmp:qwordptr_[rbp+N],-1 je:N lea:rax,[rbp+N] mov:r8d,N mov:edx,0 mov:rcx,rax call:N mov:wordptr_[rbp+N],2 mov:dwordptr_[rbp+N],0 mov:ecx,N mov:rax,qwordptr_[rip+N] call:rax mov:wordptr_[rbp+N],ax lea:rdx,[rbp+N] mov:rax,qwordptr_[rbp+N] mov:r8d,N mov:rcx,rax mov:rax,qwordptr_[rip+N] call:rax cmp:eax,-1 je:N mov:rax,qwordptr_[rbp+N] mov:edx,5 mov:rcx,rax mov:rax,qwo",key_op_full,CWE-134,2,1.0,{'CWE-134': 2},0.9925788497217068,56,,69dd5ec394c54d0f,,,,,,,
BIN_1149573,45752,1,CWE-606,,"push:rbp sub:rsp,N lea:rbp,[rsp+N] lea:rax,[rip-N] mov:qwordptr_[rbp+N],rax mov:qwordptr_[rbp+N],0 mov:qwordptr_[rbp+N],0 mov:qwordptr_[rbp+N],0 mov:qwordptr_[rbp+N],0 mov:qwordptr_[rbp+N],0 mov:qwordptr_[rbp+N],0 mov:qwordptr_[rbp+N],0 mov:qwordptr_[rbp+N],0 mov:qwordptr_[rbp+N],0 mov:qwordptr_[rbp+N],0 mov:qwordptr_[rbp+N],0 mov:qwordptr_[rbp+N],0 mov:qwordptr_[rbp+N],0 mov:qwordptr_[rbp+N],0 mov:qwordptr_[rbp+N],0 mov:qwordptr_[rbp+N],0 mov:qwordptr_[rbp+N],0 mov:qwordptr_[rbp+N],0 mov:qwordptr_[rbp+N],0 mov:qwordptr_[rbp+N],0 mov:qwordptr_[rbp+N],0 mov:qwordptr_[rbp+N],0 mov:qwordptr_[rbp+N],0 mov:qwordptr_[rbp+N],0 mov:qwordptr_[rbp+N],0 lea:rax,[rbp+N] mov:qwordptr_[rbp+N],rax mov:dwordptr_[rbp+N],0 mov:qwordptr_[rbp+N],N mov:qwordptr_[rbp+N],N mov:rax,qwordptr_[rbp+N] mov:rcx,rax call:N mov:qwordptr_[rbp+N],rax lea:rax,[rbp-N] mov:rdx,rax mov:ecx,N mov:rax,qwordptr_[rip+N] call:rax test:eax,eax jne:N mov:dwordptr_[rbp+N],1 mov:r8d,6 mov:edx,1 mov:ecx,2 mov:rax,qwordptr_[rip+N] call:rax mov:qwordptr_[rbp+N],rax cmp:qwordptr_[rbp+N],-1 je:N lea:rax,[rbp+N] mov:r8d,N mov:edx,0 mov:rcx,rax call:N mov:wordptr_[rbp+N],2 mov:dwordptr_[rbp+N],0 mov:ecx,N mov:rax,qwordptr_[rip+N] call:rax mov:wordptr_[rbp+N],ax lea:rdx,[rbp+N] mov:rax,qwordptr_[rbp+N] mov:r8d,N mov:rcx,rax mov:rax,qwordptr_[rip+N] call:rax cmp:eax,-1 je:N mov:rax,qwordptr_[rbp+N] mov:edx,5 mov:rcx,rax mov:rax,qwo",key_ins_full,CWE-134,2,1.0,{'CWE-134': 2},0.9870514243433223,70,48a6ba3a9cfa125c,,,,,,,,
BIN_1149573,45752,1,CWE-606,,"push:rbp sub:rsp,N lea:rbp,[rsp+N] lea:rax,[rip-N] mov:qwordptr_[rbp+N],rax mov:qwordptr_[rbp+N],0 mov:qwordptr_[rbp+N],0 mov:qwordptr_[rbp+N],0 mov:qwordptr_[rbp+N],0 mov:qwordptr_[rbp+N],0 mov:qwordptr_[rbp+N],0 mov:qwordptr_[rbp+N],0 mov:qwordptr_[rbp+N],0 mov:qwordptr_[rbp+N],0 mov:qwordptr_[rbp+N],0 mov:qwordptr_[rbp+N],0 mov:qwordptr_[rbp+N],0 mov:qwordptr_[rbp+N],0 mov:qwordptr_[rbp+N],0 mov:qwordptr_[rbp+N],0 mov:qwordptr_[rbp+N],0 mov:qwordptr_[rbp+N],0 mov:qwordptr_[rbp+N],0 mov:qwordptr_[rbp+N],0 mov:qwordptr_[rbp+N],0 mov:qwordptr_[rbp+N],0 mov:qwordptr_[rbp+N],0 mov:qwordptr_[rbp+N],0 mov:qwordptr_[rbp+N],0 mov:qwordptr_[rbp+N],0 lea:rax,[rbp+N] mov:qwordptr_[rbp+N],rax mov:dwordptr_[rbp+N],0 mov:qwordptr_[rbp+N],N mov:qwordptr_[rbp+N],N mov:rax,qwordptr_[rbp+N] mov:rcx,rax call:N mov:qwordptr_[rbp+N],rax lea:rax,[rbp-N] mov:rdx,rax mov:ecx,N mov:rax,qwordptr_[rip+N] call:rax test:eax,eax jne:N mov:dwordptr_[rbp+N],1 mov:r8d,6 mov:edx,1 mov:ecx,2 mov:rax,qwordptr_[rip+N] call:rax mov:qwordptr_[rbp+N],rax cmp:qwordptr_[rbp+N],-1 je:N lea:rax,[rbp+N] mov:r8d,N mov:edx,0 mov:rcx,rax call:N mov:wordptr_[rbp+N],2 mov:dwordptr_[rbp+N],0 mov:ecx,N mov:rax,qwordptr_[rip+N] call:rax mov:wordptr_[rbp+N],ax lea:rdx,[rbp+N] mov:rax,qwordptr_[rbp+N] mov:r8d,N mov:rcx,rax mov:rax,qwordptr_[rip+N] call:rax cmp:eax,-1 je:N mov:rax,qwordptr_[rbp+N] mov:edx,5 mov:rcx,rax mov:rax,qwo",key_len_ins_calls,CWE-134,2,1.0,{'CWE-134': 2},0.9334157541504768,377,,,,,,,,,1007|171|15|17
BIN_1150247,23581,1,CWE-191,,"push:rbp sub:rsp,N lea:rbp,[rsp+N] mov:dwordptr_[rbp+N],0 mov:eax,1 test:eax,eax je:N mov:dwordptr_[rbp+N],0 mov:qwordptr_[rbp+N],N lea:rax,[rbp-N] mov:rdx,rax mov:ecx,N mov:rax,qwordptr_[rip+N] call:rax test:eax,eax jne:N mov:dwordptr_[rbp+N],1 mov:r8d,6 mov:edx,1 mov:ecx,2 mov:rax,qwordptr_[rip+N] call:rax mov:qwordptr_[rbp+N],rax cmp:qwordptr_[rbp+N],-1 je:N lea:rax,[rbp+N] mov:r8d,N mov:edx,0 mov:rcx,rax call:N mov:wordptr_[rbp+N],2 lea:rax,[rip+N] mov:rcx,rax mov:rax,qwordptr_[rip+N] call:rax mov:dwordptr_[rbp+N],eax mov:ecx,N mov:rax,qwordptr_[rip+N] call:rax mov:wordptr_[rbp+N],ax lea:rdx,[rbp+N] mov:rax,qwordptr_[rbp+N] mov:r8d,N mov:rcx,rax mov:rax,qwordptr_[rip+N] call:rax cmp:eax,-1 je:N lea:rdx,[rbp+N] mov:rax,qwordptr_[rbp+N] mov:r9d,0 mov:r8d,N mov:rcx,rax mov:rax,qwordptr_[rip+N] call:rax mov:dwordptr_[rbp+N],eax cmp:dwordptr_[rbp+N],-1 je:N cmp:dwordptr_[rbp+N],0 je:N mov:eax,dwordptr_[rbp+N] cdqe: mov:byteptr_[rbp+rax+N],0 lea:rax,[rbp+N] mov:rcx,rax call:N mov:dwordptr_[rbp+N],eax jmp:N nop: jmp:N nop: jmp:N nop: cmp:qwordptr_[rbp+N],-1 je:N mov:rax,qwordptr_[rbp+N] mov:rcx,rax mov:rax,qwordptr_[rip+N] call:rax cmp:dwordptr_[rbp+N],0 je:N mov:rax,qwordptr_[rip+N] call:rax mov:eax,1 test:eax,eax je:N mov:eax,dwordptr_[rbp+N] sub:eax,1 mov:dwordptr_[rbp+N],eax mov:eax,dwordptr_[rbp+N]",key_len_ins_calls,CWE-190,2,1.0,{'CWE-190': 2},0.9334157541504768,377,,,,,,,,,465|96|11|12
BIN_1178703,5822,1,CWE-122,,"push:rbp push:rbx sub:rsp,N lea:rbp,[rsp+N] mov:qwordptr_[rbp-8],0 lea:rax,[rbp-8] mov:rcx,rax call:N lea:rax,[rbp-N] mov:r8d,N mov:edx,N mov:rcx,rax call:N mov:byteptr_[rbp-N],0 mov:rax,qwordptr_[rbp-8] mov:rcx,qwordptr_[rbp-N] mov:rbx,qwordptr_[rbp-N] mov:qwordptr_[rax],rcx mov:qwordptr_[rax+8],rbx mov:rcx,qwordptr_[rbp-N] mov:rbx,qwordptr_[rbp-N] mov:qwordptr_[rax+N],rcx mov:qwordptr_[rax+N],rbx mov:rcx,qwordptr_[rbp-N] mov:rbx,qwordptr_[rbp-N] mov:qwordptr_[rax+N],rcx mov:qwordptr_[rax+N],rbx mov:rcx,qwordptr_[rbp-N] mov:rbx,qwordptr_[rbp-N] mov:qwordptr_[rax+N],rcx mov:qwordptr_[rax+N],rbx mov:rcx,qwordptr_[rbp-N] mov:rbx,qwordptr_[rbp-N] mov:qwordptr_[rax+N],rcx mov:qwordptr_[rax+N],rbx mov:rcx,qwordptr_[rbp-N] mov:rbx,qwordptr_[rbp-N] mov:qwordptr_[rax+N],rcx mov:qwordptr_[rax+N],rbx mov:edx,dwordptr_[rbp-N] mov:dwordptr_[rax+N],edx mov:rax,qwordptr_[rbp-8] add:rax,N mov:byteptr_[rax],0 mov:rax,qwordptr_[rbp-8] mov:rcx,rax call:N mov:rax,qwordptr_[rbp-8] test:rax,rax je:N mov:rax,qwordptr_[rbp-8] mov:rcx,rax call:N nop: add:rsp,N pop:rbx pop:rbp ret:",key_len_ins_calls,CWE-127,2,1.0,{'CWE-127': 2},0.9334157541504768,377,,,,,,,,,224|58|4|1
BIN_1189246,1713,1,CWE-121,,"push:rbp sub:rsp,N lea:rbp,[rsp+N] lea:rax,[rbp+N] mov:qwordptr_[rbp+N],rax mov:rax,qwordptr_[rbp+N] mov:byteptr_[rax],0 mov:rax,qwordptr_[rbp+N] mov:qwordptr_[rbp+N],rax mov:rax,qwordptr_[rbp+N] mov:qwordptr_[rbp+N],rax lea:rax,[rbp-N] mov:r8d,N mov:edx,N mov:rcx,rax call:N mov:byteptr_[rbp+3],0 lea:rdx,[rbp-N] mov:rax,qwordptr_[rbp+N] mov:r8d,N mov:rcx,rax call:N mov:rax,qwordptr_[rbp+N] add:rax,N mov:byteptr_[rax],0 mov:rax,qwordptr_[rbp+N] mov:rcx,rax call:N nop: add:rsp,N pop:rbp ret:",key_ins_tail24,CWE-124,4,1.0,{'CWE-124': 4},0.9919796954314721,79,,,,,7b57b1b969f21258,,,,
BIN_1191101,11705,1,CWE-124,,"push:rbp mov:rbp,rsp sub:rsp,N mov:qwordptr_[rbp-8],0 call:N test:eax,eax je:N mov:ecx,N call:N mov:qwordptr_[rbp-N],rax cmp:qwordptr_[rbp-N],0 jne:N mov:ecx,N call:N mov:rax,qwordptr_[rbp-N] mov:r8d,N mov:edx,N mov:rcx,rax call:N mov:rax,qwordptr_[rbp-N] add:rax,N mov:byteptr_[rax],0 mov:rax,qwordptr_[rbp-N] sub:rax,8 mov:qwordptr_[rbp-8],rax lea:rax,[rbp-N] mov:r8d,N mov:edx,N mov:rcx,rax call:N mov:byteptr_[rbp-N],0 lea:rdx,[rbp-N] mov:rax,qwordptr_[rbp-8] mov:rcx,rax call:N mov:rax,qwordptr_[rbp-8] mov:rcx,rax call:N nop: add:rsp,N pop:rbp ret:",key_len_ins_calls,CWE-122,2,1.0,{'CWE-122': 2},0.9334157541504768,377,,,,,,,,,170|42|7|2
BIN_1231705,13864,1,CWE-126,,"push:rbp sub:rsp,N lea:rbp,[rsp+N] mov:qwordptr_[rbp+N],0 lea:rax,[rbp+N] mov:rcx,rax call:N lea:rax,[rbp-N] mov:r8d,N mov:edx,N mov:rcx,rax call:N mov:wordptr_[rbp+N],0 lea:rax,[rbp-N] mov:rcx,rax call:N mov:qwordptr_[rbp+N],rax mov:qwordptr_[rbp+N],0 jmp:N mov:rax,qwordptr_[rbp+N] mov:rdx,qwordptr_[rbp+N] add:rdx,rdx add:rax,rdx movzx:edx,wordptr_[rax] mov:rax,qwordptr_[rbp+N] mov:wordptr_[rbp+rax*2-N],dx add:qwordptr_[rbp+N],1 mov:rax,qwordptr_[rbp+N] cmp:rax,qwordptr_[rbp+N] jb:N mov:wordptr_[rbp+N],0 lea:rax,[rbp-N] mov:rcx,rax call:N mov:rax,qwordptr_[rbp+N] mov:rcx,rax call:N nop: add:rsp,N pop:rbp ret:",key_marker_tail,CWE-127,169,1.0,{'CWE-127': 169},0.9945901446548278,46,,,,,,,60f1c9c3a7e2fc7b,,
BIN_1232719,44635,1,CWE-590,,"push:rbp mov:rbp,rsp sub:rsp,N mov:qwordptr_[rbp-8],0 lea:rax,[rip+N] mov:r8d,N mov:edx,N mov:rcx,rax call:N mov:byteptr_[rip+N],0 lea:rax,[rip+N] mov:qwordptr_[rbp-8],rax mov:rax,qwordptr_[rbp-8] mov:rcx,rax call:N mov:rax,qwordptr_[rbp-8] mov:rcx,rax call:N nop: add:rsp,N pop:rbp ret:",key_len_ins_calls,CWE-126,4,1.0,{'CWE-126': 4},0.9334157541504768,377,,,,,,,,,91|22|3|0
BIN_1345675,39455,1,CWE-426,,"push:rbp sub:rsp,N lea:rbp,[rsp+N] lea:rax,[rbp+N] mov:qwordptr_[rbp+N],rax mov:qwordptr_[rbp-N],0 mov:qwordptr_[rbp-N],0 mov:qwordptr_[rbp-N],0 mov:qwordptr_[rbp-N],0 mov:qwordptr_[rbp-N],0 mov:qwordptr_[rbp-N],0 mov:qwordptr_[rbp-N],0 mov:qwordptr_[rbp-N],0 mov:qwordptr_[rbp-N],0 mov:qwordptr_[rbp-N],0 mov:qwordptr_[rbp-N],0 mov:qwordptr_[rbp-8],0 mov:qwordptr_[rbp],0 mov:qwordptr_[rbp+8],0 mov:qwordptr_[rbp+N],0 mov:qwordptr_[rbp+N],0 mov:qwordptr_[rbp+N],0 mov:qwordptr_[rbp+N],0 mov:qwordptr_[rbp+N],0 mov:qwordptr_[rbp+N],0 mov:qwordptr_[rbp+N],0 mov:qwordptr_[rbp+N],0 mov:qwordptr_[rbp+N],0 mov:qwordptr_[rbp+N],0 mov:qwordptr_[rbp+N],0 lea:rax,[rbp-N] mov:qwordptr_[rbp+N],rax mov:rax,qwordptr_[rbp+N] lea:rdx,[rip+N] mov:rcx,rax call:N mov:rax,qwordptr_[rbp+N] mov:rax,qwordptr_[rax] mov:qwordptr_[rbp+N],rax lea:rdx,[rip+N] mov:rax,qwordptr_[rbp+N] mov:rcx,rax mov:rax,qwordptr_[rip+N] call:rax mov:qwordptr_[rbp+N],rax cmp:qwordptr_[rbp+N],0 je:N mov:rax,qwordptr_[rbp+N] mov:rcx,rax mov:rax,qwordptr_[rip+N] call:rax nop: add:rsp,N pop:rbp ret:",key_ins_tail18,CWE-078,11,1.0,{'CWE-078': 11},0.9933922671667114,74,,,,,,a2873907095112ee,,,
BIN_1352800,43977,1,CWE-590,,"push:rbp mov:rbp,rsp sub:rsp,N mov:qwordptr_[rbp-8],0 mov:dwordptr_[rbp-N],5 lea:rax,[rbp-N] mov:qwordptr_[rbp-8],rax mov:rax,qwordptr_[rbp-8] mov:rcx,rax call:N nop: add:rsp,N pop:rbp ret:",key_len_ins_calls,CWE-775,3,1.0,{'CWE-775': 3},0.9334157541504768,377,,,,,,,,,50|14|1|0
BIN_1387584,13107,1,CWE-126,,"push:rbp mov:rbp,rsp sub:rsp,N mov:dwordptr_[rbp-4],N mov:qwordptr_[rbp-N],0 mov:qwordptr_[rbp-N],0 mov:ecx,0 mov:rax,qwordptr_[rip+N] call:rax mov:rdx,rax lea:rax,[rbp-N] mov:r8,rdx mov:edx,N mov:rcx,rax call:N test:rax,rax je:N lea:rax,[rbp-N] mov:rcx,rax call:N mov:dwordptr_[rbp-4],eax jmp:N lea:rax,[rip+N] mov:rcx,rax call:N pxor:xmm0,xmm0 movaps:xmmwordptr_[rbp-N],xmm0 movaps:xmmwordptr_[rbp-N],xmm0 movq:qwordptr_[rbp-N],xmm0 cmp:dwordptr_[rbp-4],0 js:N mov:eax,dwordptr_[rbp-4] cdqe: mov:eax,dwordptr_[rbp+rax*4-N] mov:ecx,eax call:N jmp:N lea:rax,[rip+N] mov:rcx,rax call:N nop: add:rsp,N pop:rbp ret:",key_len_ins_calls,CWE-127,3,1.0,{'CWE-127': 3},0.9334157541504768,377,,,,,,,,,168|44|6|4
BIN_1440075,52951,1,CWE-773,,"push:rbp mov:rbp,rsp sub:rsp,N mov:dwordptr_[rbp-4],N lea:rax,[rip+N] mov:r8d,N mov:edx,N mov:rcx,rax mov:rax,qwordptr_[rip+N] call:rax mov:dwordptr_[rbp-4],eax nop: lea:rax,[rip+N] mov:r8d,N mov:edx,N mov:rcx,rax mov:rax,qwordptr_[rip+N] call:rax mov:dwordptr_[rbp-4],eax cmp:dwordptr_[rbp-4],-1 je:N mov:eax,dwordptr_[rbp-4] mov:ecx,eax mov:rax,qwordptr_[rip+N] call:rax nop: add:rsp,N pop:rbp ret:",key_len_ins_calls,CWE-121,2,1.0,{'CWE-121': 2},0.9334157541504768,377,,,,,,,,,109|29|3|1
BIN_1442550,11457,1,CWE-124,,"push:rbp sub:rsp,N lea:rbp,[rsp+N] lea:rax,[rbp+N] mov:r8d,N mov:edx,N mov:rcx,rax call:N mov:byteptr_[rbp+N],0 lea:rax,[rbp+N] sub:rax,8 mov:qwordptr_[rbp+N],rax nop: lea:rax,[rbp-N] mov:r8d,N mov:edx,N mov:rcx,rax call:N mov:byteptr_[rbp+3],0 mov:qwordptr_[rbp+N],0 jmp:N mov:rdx,qwordptr_[rbp+N] mov:rax,qwordptr_[rbp+N] add:rdx,rax lea:rcx,[rbp-N] mov:rax,qwordptr_[rbp+N] add:rax,rcx movzx:eax,byteptr_[rax] mov:byteptr_[rdx],al add:qwordptr_[rbp+N],1 cmp:qwordptr_[rbp+N],N jbe:N mov:rax,qwordptr_[rbp+N] add:rax,N mov:byteptr_[rax],0 mov:rax,qwordptr_[rbp+N] mov:rcx,rax call:N nop: add:rsp,N pop:rbp ret:",key_ins_tail30,CWE-121,2,1.0,{'CWE-121': 2},0.9905738187816661,80,,,,9da8206ba5c8d7e4,,,,,
BIN_1455949,41852,1,CWE-526,,"push:rbp mov:rbp,rsp sub:rsp,N mov:rax,qwordptr_[rip+N] mov:eax,dwordptr_[rax] cmp:eax,5 jne:N lea:rax,[rip+N] mov:rcx,rax call:N mov:rcx,rax call:N nop: add:rsp,N pop:rbp ret:",key_len_ins_calls,CWE-252,3,1.0,{'CWE-252': 3},0.9334157541504768,377,,,,,,,,,52|16|2|1
BIN_1470790,25118,1,CWE-191,,"push:rbp mov:rbp,rsp sub:rsp,N mov:dwordptr_[rbp-8],0 call:N test:eax,eax je:N mov:ecx,0 mov:rax,qwordptr_[rip+N] call:rax mov:rcx,rax lea:rdx,[rbp-8] lea:rax,[rip+N] mov:r8,rdx mov:rdx,rax call:N call:N test:eax,eax je:N mov:eax,dwordptr_[rbp-8] sub:eax,1 mov:dwordptr_[rbp-8],eax mov:eax,dwordptr_[rbp-8] mov:dwordptr_[rbp-4],eax mov:eax,dwordptr_[rbp-4] mov:ecx,eax call:N nop: add:rsp,N pop:rbp ret:",key_callseq,CWE-190,2,1.0,{'CWE-190': 2},0.9922970071978785,61,,,,,,,,globalreturnstrue|fscanf|globalreturnstrue|printunsignedline,
BIN_1480478,19525,1,CWE-190,,"push:rbp mov:rbp,rsp sub:rsp,N mov:qwordptr_[rbp-N],0 mov:eax,1 test:eax,eax je:N mov:ecx,0 mov:rax,qwordptr_[rip+N] call:rax mov:rcx,rax lea:rdx,[rbp-N] lea:rax,[rip+N] mov:r8,rdx mov:rdx,rax call:N mov:eax,1 test:eax,eax je:N mov:rdx,qwordptr_[rbp-N] mov:rax,qwordptr_[rbp-N] imul:rax,rdx mov:qwordptr_[rbp-8],rax mov:rax,qwordptr_[rbp-8] mov:rcx,rax call:N nop: add:rsp,N pop:rbp ret:",key_len_ins_calls,CWE-590,2,1.0,{'CWE-590': 2},0.9334157541504768,377,,,,,,,,,108|30|3|2
BIN_1518061,19201,1,CWE-190,,"push:rbp mov:rbp,rsp sub:rsp,N mov:byteptr_[rbp-1],N mov:byteptr_[rbp-1],N nop: cmp:byteptr_[rbp-1],0 jle:N movzx:eax,byteptr_[rbp-1] add:eax,eax mov:byteptr_[rbp-2],al movsx:eax,byteptr_[rbp-2] mov:ecx,eax call:N nop: nop: add:rsp,N pop:rbp ret:",key_len_ins_calls,CWE-191,2,1.0,{'CWE-191': 2},0.9334157541504768,377,,,,,,,,,51|19|1|1
BIN_1578076,23888,1,CWE-191,,"push:rbp sub:rsp,N lea:rbp,[rsp+N] lea:rax,[rbp+N] mov:qwordptr_[rbp+N],rax mov:dwordptr_[rbp+N],0 mov:dwordptr_[rbp+N],0 mov:qwordptr_[rbp+N],N mov:qwordptr_[rbp+N],N lea:rax,[rbp-N] mov:rdx,rax mov:ecx,N mov:rax,qwordptr_[rip+N] call:rax test:eax,eax setne:al test:al,al jne:N mov:dwordptr_[rbp+N],1 mov:r8d,6 mov:edx,1 mov:ecx,2 mov:rax,qwordptr_[rip+N] call:rax mov:qwordptr_[rbp+N],rax cmp:qwordptr_[rbp+N],-1 je:N lea:rax,[rbp+N] mov:r8d,N mov:edx,0 mov:rcx,rax call:N mov:wordptr_[rbp+N],2 mov:dwordptr_[rbp+N],0 mov:ecx,N mov:rax,qwordptr_[rip+N] call:rax mov:wordptr_[rbp+N],ax lea:rdx,[rbp+N] mov:rax,qwordptr_[rbp+N] mov:r8d,N mov:rcx,rax mov:rax,qwordptr_[rip+N] call:rax cmp:eax,-1 sete:al test:al,al jne:N mov:rax,qwordptr_[rbp+N] mov:edx,5 mov:rcx,rax mov:rax,qwordptr_[rip+N] call:rax cmp:eax,-1 sete:al test:al,al jne:N mov:rax,qwordptr_[rbp+N] mov:r8d,0 mov:edx,0 mov:rcx,rax mov:rax,qwordptr_[rip+N] call:rax mov:qwordptr_[rbp+N],rax cmp:qwordptr_[rbp+N],-1 je:N lea:rdx,[rbp+N] mov:rax,qwordptr_[rbp+N] mov:r9d,0 mov:r8d,N mov:rcx,rax mov:rax,qwordptr_[rip+N] call:rax mov:dwordptr_[rbp+N],eax cmp:dwordptr_[rbp+N],-1 je:N cmp:dwordptr_[rbp+N],0 je:N mov:eax,dwordptr_[rbp+N] cdqe: mov:byteptr_[rbp+rax+N],0 lea:rax,[rbp+N] mov:rcx,rax call:N mov:dwordptr_[rbp+N],eax jmp:N nop: jmp:N nop: jmp:N",key_len_ins_calls,CWE-190,2,1.0,{'CWE-190': 2},0.9334157541504768,377,,,,,,,,,602|124|13|15
BIN_1581857,48352,1,CWE-758,,"push:rbp mov:rbp,rsp sub:rsp,N mov:ecx,8 call:N mov:qwordptr_[rbp-8],rax mov:rax,qwordptr_[rbp-8] mov:rax,qwordptr_[rax] mov:qwordptr_[rbp-N],rax mov:rax,qwordptr_[rbp-8] test:rax,rax je:N mov:edx,8 mov:rcx,rax call:N mov:rax,qwordptr_[rbp-N] mov:rax,qwordptr_[rax] movq:xmm0,rax call:N nop: add:rsp,N pop:rbp ret:",key_len_ins_calls,CWE-401,2,1.0,{'CWE-401': 2},0.9334157541504768,377,,,,,,,,,79|23|3|1
BIN_1612094,46493,1,CWE-675,,"push:rbp mov:rbp,rsp sub:rsp,N mov:qwordptr_[rbp-N],0 mov:dwordptr_[rbp-4],0 jmp:N mov:ecx,0 mov:rax,qwordptr_[rip+N] call:rax mov:rcx,rax lea:rdx,[rip+N] lea:rax,[rip+N] mov:r8,rcx mov:rcx,rax call:N mov:qwordptr_[rbp-N],rax mov:rax,qwordptr_[rbp-N] mov:rcx,rax call:N add:dwordptr_[rbp-4],1 cmp:dwordptr_[rbp-4],0 jle:N mov:dwordptr_[rbp-8],0 jmp:N mov:rax,qwordptr_[rbp-N] mov:rcx,rax call:N add:dwordptr_[rbp-8],1 cmp:dwordptr_[rbp-8],0 jle:N nop: nop: add:rsp,N pop:rbp ret:",key_marker_tail,CWE-415,2,1.0,{'CWE-415': 2},0.9945901446548278,46,,,,,,,2e8df54e4d9a2729,,
BIN_1629479,11081,1,CWE-124,,"push:rbp mov:rbp,rsp sub:rsp,N mov:dwordptr_[rbp-4],N mov:qwordptr_[rbp-N],0 mov:qwordptr_[rbp-N],0 mov:ecx,0 mov:rax,qwordptr_[rip+N] call:rax mov:rdx,rax lea:rax,[rbp-N] mov:r8,rdx mov:edx,N mov:rcx,rax call:N test:rax,rax je:N lea:rax,[rbp-N] mov:rcx,rax call:N mov:dwordptr_[rbp-4],eax jmp:N lea:rax,[rip+N] mov:rcx,rax call:N mov:eax,dwordptr_[rbp-4] mov:dwordptr_[rbp-N],eax mov:eax,dwordptr_[rbp-N] mov:dwordptr_[rbp-N],eax pxor:xmm0,xmm0 movaps:xmmwordptr_[rbp-N],xmm0 movaps:xmmwordptr_[rbp-N],xmm0 movq:qwordptr_[rbp-N],xmm0 cmp:dwordptr_[rbp-N],9 jg:N mov:eax,dwordptr_[rbp-N] cdqe: mov:dwordptr_[rbp+rax*4-N],1 mov:dwordptr_[rbp-8],0 jmp:N mov:eax,dwordptr_[rbp-8] cdqe: mov:eax,dwordptr_[rbp+rax*4-N] mov:ecx,eax call:N add:dwordptr_[rbp-8],1 cmp:dwordptr_[rbp-8],9 jle:N jmp:N lea:rax,[rip+N] mov:rcx,rax call:N nop: add:rsp,N pop:rbp ret:",key_len_ins_calls,CWE-121,2,1.0,{'CWE-121': 2},0.9334157541504768,377,,,,,,,,,212|56|6|6
BIN_1633121,47099,1,CWE-680,,"push:rbp sub:rsp,N lea:rbp,[rsp+N] mov:dwordptr_[rbp+N],N mov:dwordptr_[rbp+N],0 mov:qwordptr_[rbp+N],N mov:qwordptr_[rbp+N],N lea:rax,[rbp-N] mov:rdx,rax mov:ecx,N mov:rax,qwordptr_[rip+N] call:rax test:eax,eax setne:al test:al,al jne:N mov:dwordptr_[rbp+N],1 mov:r8d,6 mov:edx,1 mov:ecx,2 mov:rax,qwordptr_[rip+N] call:rax mov:qwordptr_[rbp+N],rax cmp:qwordptr_[rbp+N],-1 je:N lea:rax,[rbp+N] mov:r8d,N mov:edx,0 mov:rcx,rax call:N mov:wordptr_[rbp+N],2 mov:dwordptr_[rbp+N],0 mov:ecx,N mov:rax,qwordptr_[rip+N] call:rax mov:wordptr_[rbp+N],ax lea:rdx,[rbp+N] mov:rax,qwordptr_[rbp+N] mov:r8d,N mov:rcx,rax mov:rax,qwordptr_[rip+N] call:rax cmp:eax,-1 sete:al test:al,al jne:N mov:rax,qwordptr_[rbp+N] mov:edx,5 mov:rcx,rax mov:rax,qwordptr_[rip+N] call:rax cmp:eax,-1 sete:al test:al,al jne:N mov:rax,qwordptr_[rbp+N] mov:r8d,0 mov:edx,0 mov:rcx,rax mov:rax,qwordptr_[rip+N] call:rax mov:qwordptr_[rbp+N],rax cmp:qwordptr_[rbp+N],-1 je:N lea:rdx,[rbp+N] mov:rax,qwordptr_[rbp+N] mov:r9d,0 mov:r8d,N mov:rcx,rax mov:rax,qwordptr_[rip+N] call:rax mov:dwordptr_[rbp+N],eax cmp:dwordptr_[rbp+N],-1 je:N cmp:dwordptr_[rbp+N],0 je:N mov:eax,dwordptr_[rbp+N] cdqe: mov:byteptr_[rbp+rax+N],0 lea:rax,[rbp+N] mov:rcx,rax call:N mov:dwordptr_[rbp+N],eax jmp:N nop: jmp:N nop: jmp:N nop: jmp:N",key_op_full,CWE-122,2,1.0,{'CWE-122': 2},0.9925788497217068,56,,6d0ac6726a4e1b25,,,,,,,
BIN_1634092,34428,1,CWE-036,,"push:rbp push:rdi sub:rsp,N lea:rbp,[rsp+N] lea:rdx,[rbp-N] mov:eax,0 mov:ecx,N mov:rdi,rdx rep lea:rax,[rbp-N] mov:qwordptr_[rbp+N],rax mov:rax,qwordptr_[rbp+N] mov:rcx,rax call:N mov:qwordptr_[rbp+N],rax lea:rax,[rip+N] mov:rcx,rax mov:rax,qwordptr_[rip+N] call:rax mov:qwordptr_[rbp+N],rax cmp:qwordptr_[rbp+N],0 je:N mov:eax,N sub:rax,qwordptr_[rbp+N] mov:rdx,rax mov:rax,qwordptr_[rbp+N] lea:rcx,[rax+rax] mov:rax,qwordptr_[rbp+N] add:rcx,rax mov:rax,qwordptr_[rbp+N] mov:r8,rdx mov:rdx,rax call:N mov:rax,qwordptr_[rbp+N] mov:qwordptr_[rbp+N],rax mov:rax,qwordptr_[rbp+N] mov:qwordptr_[rbp+N],rax mov:qwordptr_[rbp+N],0 lea:rdx,[rip+N] mov:rax,qwordptr_[rbp+N] mov:rcx,rax mov:rax,qwordptr_[rip+N] call:rax mov:qwordptr_[rbp+N],rax cmp:qwordptr_[rbp+N],0 je:N mov:rax,qwordptr_[rbp+N] mov:rcx,rax call:N nop: add:rsp,N pop:rdi pop:rbp ret:",key_ins_tail24,CWE-023,2,1.0,{'CWE-023': 2},0.9919796954314721,79,,,,,f30702cbc0074474,,,,
BIN_1634092,34428,1,CWE-036,,"push:rbp push:rdi sub:rsp,N lea:rbp,[rsp+N] lea:rdx,[rbp-N] mov:eax,0 mov:ecx,N mov:rdi,rdx rep lea:rax,[rbp-N] mov:qwordptr_[rbp+N],rax mov:rax,qwordptr_[rbp+N] mov:rcx,rax call:N mov:qwordptr_[rbp+N],rax lea:rax,[rip+N] mov:rcx,rax mov:rax,qwordptr_[rip+N] call:rax mov:qwordptr_[rbp+N],rax cmp:qwordptr_[rbp+N],0 je:N mov:eax,N sub:rax,qwordptr_[rbp+N] mov:rdx,rax mov:rax,qwordptr_[rbp+N] lea:rcx,[rax+rax] mov:rax,qwordptr_[rbp+N] add:rcx,rax mov:rax,qwordptr_[rbp+N] mov:r8,rdx mov:rdx,rax call:N mov:rax,qwordptr_[rbp+N] mov:qwordptr_[rbp+N],rax mov:rax,qwordptr_[rbp+N] mov:qwordptr_[rbp+N],rax mov:qwordptr_[rbp+N],0 lea:rdx,[rip+N] mov:rax,qwordptr_[rbp+N] mov:rcx,rax mov:rax,qwordptr_[rip+N] call:rax mov:qwordptr_[rbp+N],rax cmp:qwordptr_[rbp+N],0 je:N mov:rax,qwordptr_[rbp+N] mov:rcx,rax call:N nop: add:rsp,N pop:rdi pop:rbp ret:",key_ins_tail30,CWE-023,2,1.0,{'CWE-023': 2},0.9905738187816661,80,,,,b73f6394a4d2becf,,,,,
BIN_1634092,34428,1,CWE-036,,"push:rbp push:rdi sub:rsp,N lea:rbp,[rsp+N] lea:rdx,[rbp-N] mov:eax,0 mov:ecx,N mov:rdi,rdx rep lea:rax,[rbp-N] mov:qwordptr_[rbp+N],rax mov:rax,qwordptr_[rbp+N] mov:rcx,rax call:N mov:qwordptr_[rbp+N],rax lea:rax,[rip+N] mov:rcx,rax mov:rax,qwordptr_[rip+N] call:rax mov:qwordptr_[rbp+N],rax cmp:qwordptr_[rbp+N],0 je:N mov:eax,N sub:rax,qwordptr_[rbp+N] mov:rdx,rax mov:rax,qwordptr_[rbp+N] lea:rcx,[rax+rax] mov:rax,qwordptr_[rbp+N] add:rcx,rax mov:rax,qwordptr_[rbp+N] mov:r8,rdx mov:rdx,rax call:N mov:rax,qwordptr_[rbp+N] mov:qwordptr_[rbp+N],rax mov:rax,qwordptr_[rbp+N] mov:qwordptr_[rbp+N],rax mov:qwordptr_[rbp+N],0 lea:rdx,[rip+N] mov:rax,qwordptr_[rbp+N] mov:rcx,rax mov:rax,qwordptr_[rip+N] call:rax mov:qwordptr_[rbp+N],rax cmp:qwordptr_[rbp+N],0 je:N mov:rax,qwordptr_[rbp+N] mov:rcx,rax call:N nop: add:rsp,N pop:rdi pop:rbp ret:",key_ins_tail36,CWE-023,2,1.0,{'CWE-023': 2},0.9869588599085776,97,,,6a458fb06ae0f156,,,,,,
BIN_1653080,10784,1,CWE-122,,"push:rbp mov:rbp,rsp sub:rsp,N mov:qwordptr_[rbp-8],0 mov:ecx,8 call:N mov:qwordptr_[rbp-8],rax cmp:qwordptr_[rbp-8],0 jne:N mov:ecx,N call:N mov:rax,qwordptr_[rbp-8] mov:dwordptr_[rax],1 mov:rax,qwordptr_[rbp-8] mov:dwordptr_[rax+4],2 mov:rax,qwordptr_[rbp-8] mov:rcx,rax call:N mov:rax,qwordptr_[rbp-8] mov:rcx,rax call:N nop: add:rsp,N pop:rbp ret:",key_op_full,CWE-401,4,1.0,{'CWE-401': 4},0.9925788497217068,56,,12320367f7140e54,,,,,,,
BIN_1670545,39454,1,CWE-426,,"push:rbp sub:rsp,N lea:rbp,[rsp+N] lea:rax,[rbp+N] mov:qwordptr_[rbp+N],rax lea:rax,[rbp+N] mov:qwordptr_[rbp+N],rax mov:qwordptr_[rbp-N],0 mov:qwordptr_[rbp-N],0 mov:qwordptr_[rbp-N],0 mov:qwordptr_[rbp-N],0 mov:qwordptr_[rbp-N],0 mov:qwordptr_[rbp-N],0 mov:qwordptr_[rbp-N],0 mov:qwordptr_[rbp-N],0 mov:qwordptr_[rbp-N],0 mov:qwordptr_[rbp-N],0 mov:qwordptr_[rbp-N],0 mov:qwordptr_[rbp-8],0 mov:qwordptr_[rbp],0 mov:qwordptr_[rbp+8],0 mov:qwordptr_[rbp+N],0 mov:qwordptr_[rbp+N],0 mov:qwordptr_[rbp+N],0 mov:qwordptr_[rbp+N],0 mov:qwordptr_[rbp+N],0 mov:qwordptr_[rbp+N],0 mov:qwordptr_[rbp+N],0 mov:qwordptr_[rbp+N],0 mov:qwordptr_[rbp+N],0 mov:qwordptr_[rbp+N],0 mov:qwordptr_[rbp+N],0 lea:rax,[rbp-N] mov:qwordptr_[rbp+N],rax mov:rax,qwordptr_[rbp+N] mov:rax,qwordptr_[rax] mov:qwordptr_[rbp+N],rax lea:rdx,[rip+N] mov:rax,qwordptr_[rbp+N] mov:rcx,rax call:N mov:rax,qwordptr_[rbp+N] mov:rdx,qwordptr_[rbp+N] mov:qwordptr_[rax],rdx mov:rax,qwordptr_[rbp+N] mov:rax,qwordptr_[rax] mov:qwordptr_[rbp+N],rax lea:rdx,[rip+N] mov:rax,qwordptr_[rbp+N] mov:rcx,rax mov:rax,qwordptr_[rip+N] call:rax mov:qwordptr_[rbp+N],rax cmp:qwordptr_[rbp+N],0 je:N mov:rax,qwordptr_[rbp+N] mov:rcx,rax mov:rax,qwordptr_[rip+N] call:rax nop: add:rsp,N pop:rbp ret:",key_ins_tail18,CWE-078,11,1.0,{'CWE-078': 11},0.9933922671667114,74,,,,,,a2873907095112ee,,,
BIN_1676602,34864,1,CWE-036,,"push:rbp push:rdi sub:rsp,N lea:rbp,[rsp+N] lea:rdx,[rbp+N] mov:eax,0 mov:ecx,N mov:rdi,rdx rep lea:rax,[rbp+N] mov:qwordptr_[rbp+N],rax mov:dwordptr_[rbp+N],0 mov:qwordptr_[rbp+N],N mov:qwordptr_[rbp+N],N mov:rax,qwordptr_[rbp+N] mov:rcx,rax call:N mov:qwordptr_[rbp+N],rax lea:rax,[rbp-N] mov:rdx,rax mov:ecx,N mov:rax,qwordptr_[rip+N] call:rax test:eax,eax setne:al test:al,al jne:N mov:dwordptr_[rbp+N],1 mov:r8d,6 mov:edx,1 mov:ecx,2 mov:rax,qwordptr_[rip+N] call:rax mov:qwordptr_[rbp+N],rax cmp:qwordptr_[rbp+N],-1 je:N lea:rax,[rbp+N] mov:r8d,N mov:edx,0 mov:rcx,rax call:N mov:wordptr_[rbp+N],2 mov:dwordptr_[rbp+N],0 mov:ecx,N mov:rax,qwordptr_[rip+N] call:rax mov:wordptr_[rbp+N],ax lea:rdx,[rbp+N] mov:rax,qwordptr_[rbp+N] mov:r8d,N mov:rcx,rax mov:rax,qwordptr_[rip+N] call:rax cmp:eax,-1 sete:al test:al,al jne:N mov:rax,qwordptr_[rbp+N] mov:edx,5 mov:rcx,rax mov:rax,qwordptr_[rip+N] call:rax cmp:eax,-1 sete:al test:al,al jne:N mov:rax,qwordptr_[rbp+N] mov:r8d,0 mov:edx,0 mov:rcx,rax mov:rax,qwordptr_[rip+N] call:rax mov:qwordptr_[rbp+N],rax cmp:qwordptr_[rbp+N],-1 je:N mov:eax,N sub:rax,qwordptr_[rbp+N] add:eax,eax mov:ecx,eax mov:rax,qwordptr_[rbp+N] lea:rdx,[rax+rax] mov:rax,qwordptr_[rbp+N] add:rdx,rax mov:rax,qwordptr_[rbp+N] mov:r9d,0 mov:r8d,ecx mov:rcx,rax mov:rax,qwordptr_[rip+N] call:rax mov:dwordptr_[rbp+N],eax",key_ins_tail36,CWE-023,2,1.0,{'CWE-023': 2},0.9869588599085776,97,,,0b8900b706daf63f,,,,,,
BIN_1695267,29108,1,CWE-023,,"push:rbp push:rdi sub:rsp,N lea:rbp,[rsp+N] movabs:rax,N mov:edx,0 mov:qwordptr_[rbp+N],rax mov:qwordptr_[rbp+N],rdx lea:rdx,[rbp+N] mov:eax,0 mov:ecx,N mov:rdi,rdx rep mov:rdx,rdi mov:dwordptr_[rdx],eax add:rdx,4 lea:rax,[rbp+N] mov:qwordptr_[rbp+N],rax mov:dwordptr_[rbp+N],0 jmp:N mov:dwordptr_[rbp+N],0 mov:qwordptr_[rbp+N],N mov:rax,qwordptr_[rbp+N] mov:rcx,rax call:N mov:qwordptr_[rbp+N],rax lea:rax,[rbp-N] mov:rdx,rax mov:ecx,N mov:rax,qwordptr_[rip+N] call:rax test:eax,eax setne:al test:al,al jne:N mov:dwordptr_[rbp+N],1 mov:r8d,6 mov:edx,1 mov:ecx,2 mov:rax,qwordptr_[rip+N] call:rax mov:qwordptr_[rbp+N],rax cmp:qwordptr_[rbp+N],-1 je:N lea:rax,[rbp+N] mov:r8d,N mov:edx,0 mov:rcx,rax call:N mov:wordptr_[rbp+N],2 lea:rax,[rip+N] mov:rcx,rax mov:rax,qwordptr_[rip+N] call:rax mov:dwordptr_[rbp+N],eax mov:ecx,N mov:rax,qwordptr_[rip+N] call:rax mov:wordptr_[rbp+N],ax lea:rdx,[rbp+N] mov:rax,qwordptr_[rbp+N] mov:r8d,N mov:rcx,rax mov:rax,qwordptr_[rip+N] call:rax cmp:eax,-1 sete:al test:al,al jne:N mov:rax,qwordptr_[rbp+N] mov:edx,eax mov:eax,N sub:eax,edx mov:ecx,eax mov:rdx,qwordptr_[rbp+N] mov:rax,qwordptr_[rbp+N] add:rdx,rax mov:rax,qwordptr_[rbp+N] mov:r9d,0 mov:r8d,ecx mov:rcx,rax mov:rax,qwordptr_[rip+N] call:rax mov:dwordptr_[rbp+N],eax cmp:dwordptr_[rbp+N],-1 je:N cmp:dwordptr_[rbp+N],0 je:N mov:eax,dwordptr_[rbp+N] movsxd:rdx,eax",key_ins_tail24,CWE-036,2,1.0,{'CWE-036': 2},0.9919796954314721,79,,,,,83f5ce0344eb5a3a,,,,
BIN_1700295,23745,1,CWE-191,,"push:rbp mov:rbp,rsp sub:rsp,N mov:dwordptr_[rbp-N],0 mov:ecx,0 mov:rax,qwordptr_[rip+N] call:rax mov:rcx,rax lea:rdx,[rbp-N] lea:rax,[rip+N] mov:r8,rdx mov:rdx,rax call:N mov:eax,dwordptr_[rbp-N] mov:dwordptr_[rbp-N],eax mov:eax,dwordptr_[rbp-N] mov:dwordptr_[rbp-4],eax cmp:dwordptr_[rbp-4],0 jns:N mov:eax,dwordptr_[rbp-4] add:eax,eax mov:dwordptr_[rbp-8],eax mov:eax,dwordptr_[rbp-8] mov:ecx,eax call:N nop: add:rsp,N pop:rbp ret:",key_marker_tail,CWE-190,2,1.0,{'CWE-190': 2},0.9945901446548278,46,,,,,,,6e7231277cd97226,,
BIN_1700295,23745,1,CWE-191,,"push:rbp mov:rbp,rsp sub:rsp,N mov:dwordptr_[rbp-N],0 mov:ecx,0 mov:rax,qwordptr_[rip+N] call:rax mov:rcx,rax lea:rdx,[rbp-N] lea:rax,[rip+N] mov:r8,rdx mov:rdx,rax call:N mov:eax,dwordptr_[rbp-N] mov:dwordptr_[rbp-N],eax mov:eax,dwordptr_[rbp-N] mov:dwordptr_[rbp-4],eax cmp:dwordptr_[rbp-4],0 jns:N mov:eax,dwordptr_[rbp-4] add:eax,eax mov:dwordptr_[rbp-8],eax mov:eax,dwordptr_[rbp-8] mov:ecx,eax call:N nop: add:rsp,N pop:rbp ret:",key_len_ins_calls,CWE-190,3,1.0,{'CWE-190': 3},0.9334157541504768,377,,,,,,,,,97|29|3|1
BIN_1710059,15253,1,CWE-127,,"push:rbp mov:rbp,rsp sub:rsp,N mov:qwordptr_[rbp-8],0 call:N test:eax,eax je:N mov:ecx,N call:N mov:qwordptr_[rbp-N],rax cmp:qwordptr_[rbp-N],0 jne:N mov:ecx,N call:N mov:rax,qwordptr_[rbp-N] mov:r8d,N mov:edx,N mov:rcx,rax call:N mov:rax,qwordptr_[rbp-N] add:rax,N mov:byteptr_[rax],0 mov:rax,qwordptr_[rbp-N] sub:rax,8 mov:qwordptr_[rbp-8],rax lea:rax,[rbp-N] mov:r8d,N mov:edx,N mov:rcx,rax call:N mov:byteptr_[rbp-N],0 mov:qwordptr_[rbp-N],0 jmp:N mov:rdx,qwordptr_[rbp-8] mov:rax,qwordptr_[rbp-N] add:rax,rdx movzx:eax,byteptr_[rax] lea:rcx,[rbp-N] mov:rdx,qwordptr_[rbp-N] add:rdx,rcx mov:byteptr_[rdx],al add:qwordptr_[rbp-N],1 cmp:qwordptr_[rbp-N],N jbe:N mov:byteptr_[rbp-N],0 lea:rax,[rbp-N] mov:rcx,rax call:N nop: add:rsp,N pop:rbp ret:",key_callseq,CWE-124,2,1.0,{'CWE-124': 2},0.9922970071978785,61,,,,,,,,staticreturnstrue|malloc|exit|memset|memset|printline,
BIN_1731473,26153,1,CWE-194,,"push:rbp sub:rsp,N lea:rbp,[rsp+N] mov:wordptr_[rbp+N],0 call:N test:eax,eax je:N mov:qwordptr_[rbp+N],0 mov:ecx,0 mov:rax,qwordptr_[rip+N] call:rax mov:rdx,rax lea:rax,[rbp+N] mov:r8,rdx mov:edx,8 mov:rcx,rax call:N test:rax,rax je:N lea:rax,[rbp+N] mov:rcx,rax call:N mov:wordptr_[rbp+N],ax jmp:N lea:rax,[rip+N] mov:rcx,rax call:N mov:qwordptr_[rbp+N],0 mov:qwordptr_[rbp+N],0 mov:qwordptr_[rbp+N],0 mov:qwordptr_[rbp+N],0 mov:qwordptr_[rbp+N],0 mov:qwordptr_[rbp+N],0 mov:qwordptr_[rbp+N],0 mov:qwordptr_[rbp+N],0 mov:qwordptr_[rbp+N],0 mov:qwordptr_[rbp+N],0 mov:qwordptr_[rbp+N],0 mov:qwordptr_[rbp+N],0 mov:dwordptr_[rbp+N],0 lea:rax,[rbp-N] mov:r8d,N mov:edx,N mov:rcx,rax call:N mov:byteptr_[rbp+3],0 cmp:wordptr_[rbp+N],N jg:N movsx:rcx,wordptr_[rbp+N] lea:rdx,[rbp-N] lea:rax,[rbp+N] mov:r8,rcx mov:rcx,rax call:N movsx:eax,wordptr_[rbp+N] cdqe: mov:byteptr_[rbp+rax+N],0 lea:rax,[rbp+N] mov:rcx,rax call:N nop: add:rsp,N pop:rbp ret:",key_callseq,CWE-195,2,1.0,{'CWE-195': 2},0.9922970071978785,61,,,,,,,,staticreturnstrue|fgets|atoi|printline|memset|memcpy|printline,
BIN_1735650,4420,1,CWE-121,,"push:rbp sub:rsp,N lea:rbp,[rsp+N] mov:dwordptr_[rbp+N],0 jmp:N lea:rax,[rbp+N] mov:qwordptr_[rbp+N],rax mov:rax,qwordptr_[rbp+N] mov:wordptr_[rax],0 add:dwordptr_[rbp+N],1 cmp:dwordptr_[rbp+N],0 jle:N lea:rax,[rbp-N] mov:r8d,N mov:edx,N mov:rcx,rax call:N mov:wordptr_[rbp+N],0 lea:rdx,[rbp-N] mov:rax,qwordptr_[rbp+N] mov:rcx,rax call:N mov:rax,qwordptr_[rbp+N] mov:rcx,rax call:N nop: add:rsp,N pop:rbp ret:",key_ins_tail18,CWE-124,3,1.0,{'CWE-124': 3},0.9933922671667114,74,,,,,,34717573a5968361,,,
BIN_1749822,24579,1,CWE-191,,"push:rbp mov:rbp,rsp sub:rsp,N mov:byteptr_[rbp-1],N mov:eax,1 test:eax,eax je:N mov:byteptr_[rbp-1],N mov:eax,1 test:eax,eax je:N movzx:eax,byteptr_[rbp-1] sub:eax,1 mov:byteptr_[rbp-1],al movzx:eax,byteptr_[rbp-1] mov:byteptr_[rbp-2],al movsx:eax,byteptr_[rbp-2] mov:ecx,eax call:N nop: add:rsp,N pop:rbp ret:",key_len_ins_calls,CWE-190,2,1.0,{'CWE-190': 2},0.9334157541504768,377,,,,,,,,,69|23|1|2
BIN_1753242,44246,1,CWE-590,,"push:rbp mov:rbp,rsp sub:rsp,N mov:qwordptr_[rbp-8],0 call:N test:eax,eax setne:al test:al,al je:N sub:rsp,N lea:rax,[rsp+N] add:rax,N shr:rax,4 shl:rax,4 mov:qwordptr_[rbp-N],rax mov:rax,qwordptr_[rbp-N] mov:dwordptr_[rax],1 mov:rax,qwordptr_[rbp-N] mov:dwordptr_[rax+4],1 mov:rax,qwordptr_[rbp-N] mov:qwordptr_[rbp-8],rax jmp:N mov:ecx,8 call:N mov:qwordptr_[rbp-N],rax mov:rax,qwordptr_[rbp-N] mov:dwordptr_[rax],1 mov:rax,qwordptr_[rbp-N] mov:dwordptr_[rax+4],1 mov:rax,qwordptr_[rbp-N] mov:qwordptr_[rbp-8],rax mov:rax,qwordptr_[rbp-8] mov:rcx,rax call:N mov:rax,qwordptr_[rbp-8] test:rax,rax je:N mov:edx,8 mov:rcx,rax call:N nop: mov:rsp,rbp pop:rbp ret:",key_len_ins_calls,CWE-122,3,1.0,{'CWE-122': 3},0.9334157541504768,377,,,,,,,,,169|44|4|3
BIN_1773314,31810,1,CWE-253,,"push:rbp mov:rbp,rsp sub:rsp,N mov:eax,dwordptr_[rip+N] cmp:eax,5 jne:N mov:qwordptr_[rbp-N],0 mov:qwordptr_[rbp-N],0 mov:qwordptr_[rbp-N],0 mov:qwordptr_[rbp-N],0 mov:qwordptr_[rbp-N],0 mov:qwordptr_[rbp-N],0 mov:qwordptr_[rbp-N],0 mov:qwordptr_[rbp-N],0 mov:qwordptr_[rbp-N],0 mov:qwordptr_[rbp-N],0 mov:qwordptr_[rbp-N],0 mov:qwordptr_[rbp-N],0 mov:dwordptr_[rbp-N],0 lea:rax,[rbp-N] mov:qwordptr_[rbp-8],rax lea:rcx,[rip+N] lea:rdx,[rip+N] mov:rax,qwordptr_[rbp-8] mov:r9,rcx mov:r8,rdx mov:edx,N mov:rcx,rax call:N test:eax,eax jne:N lea:rax,[rip+N] mov:rcx,rax call:N nop: add:rsp,N pop:rbp ret:",key_len_ins_calls,CWE-121,3,1.0,{'CWE-121': 3},0.9334157541504768,377,,,,,,,,,203|38|2|2
BIN_1774050,34532,1,CWE-036,,"push:rbp push:rdi sub:rsp,N lea:rbp,[rsp+N] lea:rdx,[rbp-N] mov:eax,0 mov:ecx,N mov:rdi,rdx rep lea:rax,[rbp-N] mov:qwordptr_[rbp+N],rax mov:rax,qwordptr_[rbp+N] mov:rcx,rax call:N mov:qwordptr_[rbp+N],rax lea:rax,[rip+N] mov:rcx,rax mov:rax,qwordptr_[rip+N] call:rax mov:qwordptr_[rbp+N],rax cmp:qwordptr_[rbp+N],0 je:N mov:eax,N sub:rax,qwordptr_[rbp+N] mov:rdx,rax mov:rax,qwordptr_[rbp+N] lea:rcx,[rax+rax] mov:rax,qwordptr_[rbp+N] add:rcx,rax mov:rax,qwordptr_[rbp+N] mov:r8,rdx mov:rdx,rax call:N mov:rax,qwordptr_[rbp+N] mov:qwordptr_[rip+N],rax call:N nop: add:rsp,N pop:rdi pop:rbp ret:",key_ins_tail36,CWE-023,4,1.0,{'CWE-023': 4},0.9869588599085776,97,,,ebef45f8df24905c,,,,,,
BIN_1812963,4913,1,CWE-121,,"push:rbp mov:rbp,rsp sub:rsp,N mov:eax,5 cmp:eax,5 jne:N lea:rax,[rip+N] mov:qwordptr_[rbp-N],rax mov:rax,qwordptr_[rbp-N] mov:rcx,rax call:N lea:rdx,[rip+N] lea:rax,[rbp-N] mov:r8d,N mov:rcx,rax call:N mov:wordptr_[rbp-N],0 lea:rax,[rbp-N] mov:rcx,rax call:N mov:rax,qwordptr_[rbp-N] mov:rcx,rax call:N nop: add:rsp,N pop:rbp ret:",key_op_full,CWE-126,2,1.0,{'CWE-126': 2},0.9925788497217068,56,,58a025b9a07a9e39,,,,,,,
BIN_1858414,45653,1,CWE-606,,"push:rbp sub:rsp,N lea:rbp,[rsp+N] mov:qwordptr_[rbp-N],0 mov:qwordptr_[rbp-N],0 mov:qwordptr_[rbp-N],0 mov:qwordptr_[rbp-N],0 mov:qwordptr_[rbp-N],0 mov:qwordptr_[rbp-N],0 mov:qwordptr_[rbp-N],0 mov:qwordptr_[rbp-N],0 mov:qwordptr_[rbp-N],0 mov:qwordptr_[rbp-N],0 mov:qwordptr_[rbp-N],0 mov:qwordptr_[rbp-8],0 mov:qwordptr_[rbp],0 mov:qwordptr_[rbp+8],0 mov:qwordptr_[rbp+N],0 mov:qwordptr_[rbp+N],0 mov:qwordptr_[rbp+N],0 mov:qwordptr_[rbp+N],0 mov:qwordptr_[rbp+N],0 mov:qwordptr_[rbp+N],0 mov:qwordptr_[rbp+N],0 mov:qwordptr_[rbp+N],0 mov:qwordptr_[rbp+N],0 mov:qwordptr_[rbp+N],0 mov:qwordptr_[rbp+N],0 lea:rax,[rbp-N] mov:qwordptr_[rbp+N],rax mov:rax,qwordptr_[rbp+N] mov:rcx,rax call:N mov:qwordptr_[rbp+N],rax lea:rax,[rip+N] mov:rcx,rax mov:rax,qwordptr_[rip+N] call:rax mov:qwordptr_[rbp+N],rax cmp:qwordptr_[rbp+N],0 je:N mov:eax,N sub:rax,qwordptr_[rbp+N] mov:rdx,rax mov:rax,qwordptr_[rbp+N] lea:rcx,[rax+rax] mov:rax,qwordptr_[rbp+N] add:rcx,rax mov:rax,qwordptr_[rbp+N] mov:r8,rdx mov:rdx,rax call:N mov:rax,qwordptr_[rbp+N] mov:rcx,rax call:N nop: add:rsp,N pop:rbp ret:",key_ins_full,CWE-134,5,1.0,{'CWE-134': 5},0.9870514243433223,70,769813a348863f95,,,,,,,,
BIN_1858414,45653,1,CWE-606,,"push:rbp sub:rsp,N lea:rbp,[rsp+N] mov:qwordptr_[rbp-N],0 mov:qwordptr_[rbp-N],0 mov:qwordptr_[rbp-N],0 mov:qwordptr_[rbp-N],0 mov:qwordptr_[rbp-N],0 mov:qwordptr_[rbp-N],0 mov:qwordptr_[rbp-N],0 mov:qwordptr_[rbp-N],0 mov:qwordptr_[rbp-N],0 mov:qwordptr_[rbp-N],0 mov:qwordptr_[rbp-N],0 mov:qwordptr_[rbp-8],0 mov:qwordptr_[rbp],0 mov:qwordptr_[rbp+8],0 mov:qwordptr_[rbp+N],0 mov:qwordptr_[rbp+N],0 mov:qwordptr_[rbp+N],0 mov:qwordptr_[rbp+N],0 mov:qwordptr_[rbp+N],0 mov:qwordptr_[rbp+N],0 mov:qwordptr_[rbp+N],0 mov:qwordptr_[rbp+N],0 mov:qwordptr_[rbp+N],0 mov:qwordptr_[rbp+N],0 mov:qwordptr_[rbp+N],0 lea:rax,[rbp-N] mov:qwordptr_[rbp+N],rax mov:rax,qwordptr_[rbp+N] mov:rcx,rax call:N mov:qwordptr_[rbp+N],rax lea:rax,[rip+N] mov:rcx,rax mov:rax,qwordptr_[rip+N] call:rax mov:qwordptr_[rbp+N],rax cmp:qwordptr_[rbp+N],0 je:N mov:eax,N sub:rax,qwordptr_[rbp+N] mov:rdx,rax mov:rax,qwordptr_[rbp+N] lea:rcx,[rax+rax] mov:rax,qwordptr_[rbp+N] add:rcx,rax mov:rax,qwordptr_[rbp+N] mov:r8,rdx mov:rdx,rax call:N mov:rax,qwordptr_[rbp+N] mov:rcx,rax call:N nop: add:rsp,N pop:rbp ret:",key_len_ins_calls,CWE-134,5,1.0,{'CWE-134': 5},0.9334157541504768,377,,,,,,,,,334|59|4|1
BIN_1859093,35483,1,CWE-398,,"push:rbp mov:rbp,rsp sub:rsp,N call:N test:eax,eax je:N lea:rax,[rip+N] mov:rcx,rax call:N jmp:N lea:rax,[rip+N] mov:rcx,rax call:N nop: add:rsp,N pop:rbp ret:",key_ins_tail18,CWE-546,2,1.0,{'CWE-546': 2},0.9933922671667114,74,,,,,,a2eaf0e120343ed9,,,
BIN_1859093,35483,1,CWE-398,,"push:rbp mov:rbp,rsp sub:rsp,N call:N test:eax,eax je:N lea:rax,[rip+N] mov:rcx,rax call:N jmp:N lea:rax,[rip+N] mov:rcx,rax call:N nop: add:rsp,N pop:rbp ret:",key_op_full,CWE-546,2,1.0,{'CWE-546': 2},0.9925788497217068,56,,eac47d7b29378015,,,,,,,
BIN_1859093,35483,1,CWE-398,,"push:rbp mov:rbp,rsp sub:rsp,N call:N test:eax,eax je:N lea:rax,[rip+N] mov:rcx,rax call:N jmp:N lea:rax,[rip+N] mov:rcx,rax call:N nop: add:rsp,N pop:rbp ret:",key_ins_tail24,CWE-546,2,1.0,{'CWE-546': 2},0.9919796954314721,79,,,,,a2eaf0e120343ed9,,,,
BIN_1859093,35483,1,CWE-398,,"push:rbp mov:rbp,rsp sub:rsp,N call:N test:eax,eax je:N lea:rax,[rip+N] mov:rcx,rax call:N jmp:N lea:rax,[rip+N] mov:rcx,rax call:N nop: add:rsp,N pop:rbp ret:",key_ins_tail30,CWE-546,2,1.0,{'CWE-546': 2},0.9905738187816661,80,,,,a2eaf0e120343ed9,,,,,
BIN_1859093,35483,1,CWE-398,,"push:rbp mov:rbp,rsp sub:rsp,N call:N test:eax,eax je:N lea:rax,[rip+N] mov:rcx,rax call:N jmp:N lea:rax,[rip+N] mov:rcx,rax call:N nop: add:rsp,N pop:rbp ret:",key_ins_full,CWE-546,2,1.0,{'CWE-546': 2},0.9870514243433223,70,a2eaf0e120343ed9,,,,,,,,
BIN_1859093,35483,1,CWE-398,,"push:rbp mov:rbp,rsp sub:rsp,N call:N test:eax,eax je:N lea:rax,[rip+N] mov:rcx,rax call:N jmp:N lea:rax,[rip+N] mov:rcx,rax call:N nop: add:rsp,N pop:rbp ret:",key_ins_tail36,CWE-546,2,1.0,{'CWE-546': 2},0.9869588599085776,97,,,a2eaf0e120343ed9,,,,,,
BIN_1859093,35483,1,CWE-398,,"push:rbp mov:rbp,rsp sub:rsp,N call:N test:eax,eax je:N lea:rax,[rip+N] mov:rcx,rax call:N jmp:N lea:rax,[rip+N] mov:rcx,rax call:N nop: add:rsp,N pop:rbp ret:",key_len_ins_calls,CWE-546,2,1.0,{'CWE-546': 2},0.9334157541504768,377,,,,,,,,,56|17|3|2
BIN_1864310,33847,1,CWE-036,,"push:rbp push:rdi sub:rsp,N lea:rbp,[rsp+N] lea:rdx,[rbp+N] mov:eax,0 mov:ecx,N mov:rdi,rdx rep mov:rdx,rdi mov:dwordptr_[rdx],eax add:rdx,4 lea:rax,[rbp+N] mov:qwordptr_[rbp+N],rax mov:dwordptr_[rbp+N],0 mov:qwordptr_[rbp+N],N mov:qwordptr_[rbp+N],N mov:rax,qwordptr_[rbp+N] mov:rcx,rax call:N mov:qwordptr_[rbp+N],rax lea:rax,[rbp-N] mov:rdx,rax mov:ecx,N mov:rax,qwordptr_[rip+N] call:rax test:eax,eax setne:al test:al,al jne:N mov:dwordptr_[rbp+N],1 mov:r8d,6 mov:edx,1 mov:ecx,2 mov:rax,qwordptr_[rip+N] call:rax mov:qwordptr_[rbp+N],rax cmp:qwordptr_[rbp+N],-1 je:N lea:rax,[rbp+N] mov:r8d,N mov:edx,0 mov:rcx,rax call:N mov:wordptr_[rbp+N],2 mov:dwordptr_[rbp+N],0 mov:ecx,N mov:rax,qwordptr_[rip+N] call:rax mov:wordptr_[rbp+N],ax lea:rdx,[rbp+N] mov:rax,qwordptr_[rbp+N] mov:r8d,N mov:rcx,rax mov:rax,qwordptr_[rip+N] call:rax cmp:eax,-1 sete:al test:al,al jne:N mov:rax,qwordptr_[rbp+N] mov:edx,5 mov:rcx,rax mov:rax,qwordptr_[rip+N] call:rax cmp:eax,-1 sete:al test:al,al jne:N mov:rax,qwordptr_[rbp+N] mov:r8d,0 mov:edx,0 mov:rcx,rax mov:rax,qwordptr_[rip+N] call:rax mov:qwordptr_[rbp+N],rax cmp:qwordptr_[rbp+N],-1 je:N mov:rax,qwordptr_[rbp+N] mov:edx,eax mov:eax,N sub:eax,edx mov:ecx,eax mov:rdx,qwordptr_[rbp+N] mov:rax,qwordptr_[rbp+N] add:rdx,rax mov:rax,qwordptr_[rbp+N] mov:r9d,0 mov:r8d,ecx mov:rcx,rax",key_ins_tail30,CWE-023,2,1.0,{'CWE-023': 2},0.9905738187816661,80,,,,418d4eb84ef22e18,,,,,
BIN_1864310,33847,1,CWE-036,,"push:rbp push:rdi sub:rsp,N lea:rbp,[rsp+N] lea:rdx,[rbp+N] mov:eax,0 mov:ecx,N mov:rdi,rdx rep mov:rdx,rdi mov:dwordptr_[rdx],eax add:rdx,4 lea:rax,[rbp+N] mov:qwordptr_[rbp+N],rax mov:dwordptr_[rbp+N],0 mov:qwordptr_[rbp+N],N mov:qwordptr_[rbp+N],N mov:rax,qwordptr_[rbp+N] mov:rcx,rax call:N mov:qwordptr_[rbp+N],rax lea:rax,[rbp-N] mov:rdx,rax mov:ecx,N mov:rax,qwordptr_[rip+N] call:rax test:eax,eax setne:al test:al,al jne:N mov:dwordptr_[rbp+N],1 mov:r8d,6 mov:edx,1 mov:ecx,2 mov:rax,qwordptr_[rip+N] call:rax mov:qwordptr_[rbp+N],rax cmp:qwordptr_[rbp+N],-1 je:N lea:rax,[rbp+N] mov:r8d,N mov:edx,0 mov:rcx,rax call:N mov:wordptr_[rbp+N],2 mov:dwordptr_[rbp+N],0 mov:ecx,N mov:rax,qwordptr_[rip+N] call:rax mov:wordptr_[rbp+N],ax lea:rdx,[rbp+N] mov:rax,qwordptr_[rbp+N] mov:r8d,N mov:rcx,rax mov:rax,qwordptr_[rip+N] call:rax cmp:eax,-1 sete:al test:al,al jne:N mov:rax,qwordptr_[rbp+N] mov:edx,5 mov:rcx,rax mov:rax,qwordptr_[rip+N] call:rax cmp:eax,-1 sete:al test:al,al jne:N mov:rax,qwordptr_[rbp+N] mov:r8d,0 mov:edx,0 mov:rcx,rax mov:rax,qwordptr_[rip+N] call:rax mov:qwordptr_[rbp+N],rax cmp:qwordptr_[rbp+N],-1 je:N mov:rax,qwordptr_[rbp+N] mov:edx,eax mov:eax,N sub:eax,edx mov:ecx,eax mov:rdx,qwordptr_[rbp+N] mov:rax,qwordptr_[rbp+N] add:rdx,rax mov:rax,qwordptr_[rbp+N] mov:r9d,0 mov:r8d,ecx mov:rcx,rax",key_ins_tail36,CWE-023,2,1.0,{'CWE-023': 2},0.9869588599085776,97,,,a4508a24d602e816,,,,,,
BIN_1911926,25352,1,CWE-191,,"push:rbp mov:rbp,rsp sub:rsp,N mov:qwordptr_[rbp-N],0 mov:dwordptr_[rbp-4],0 jmp:N mov:ecx,0 mov:rax,qwordptr_[rip+N] call:rax mov:rcx,rax lea:rdx,[rbp-N] lea:rax,[rip+N] mov:r8,rdx mov:rdx,rax call:N add:dwordptr_[rbp-4],1 cmp:dwordptr_[rbp-4],0 jle:N mov:dwordptr_[rbp-8],0 jmp:N mov:rax,qwordptr_[rbp-N] sub:rax,1 mov:qwordptr_[rbp-N],rax mov:rax,qwordptr_[rbp-N] mov:qwordptr_[rbp-N],rax mov:rax,qwordptr_[rbp-N] mov:rcx,rax call:N add:dwordptr_[rbp-8],1 cmp:dwordptr_[rbp-8],0 jle:N nop: nop: add:rsp,N pop:rbp ret:",key_marker_tail,CWE-190,2,1.0,{'CWE-190': 2},0.9945901446548278,46,,,,,,,ca306a720a785907,,
BIN_1911926,25352,1,CWE-191,,"push:rbp mov:rbp,rsp sub:rsp,N mov:qwordptr_[rbp-N],0 mov:dwordptr_[rbp-4],0 jmp:N mov:ecx,0 mov:rax,qwordptr_[rip+N] call:rax mov:rcx,rax lea:rdx,[rbp-N] lea:rax,[rip+N] mov:r8,rdx mov:rdx,rax call:N add:dwordptr_[rbp-4],1 cmp:dwordptr_[rbp-4],0 jle:N mov:dwordptr_[rbp-8],0 jmp:N mov:rax,qwordptr_[rbp-N] sub:rax,1 mov:qwordptr_[rbp-N],rax mov:rax,qwordptr_[rbp-N] mov:qwordptr_[rbp-N],rax mov:rax,qwordptr_[rbp-N] mov:rcx,rax call:N add:dwordptr_[rbp-8],1 cmp:dwordptr_[rbp-8],0 jle:N nop: nop: add:rsp,N pop:rbp ret:",key_len_ins_calls,CWE-190,2,1.0,{'CWE-190': 2},0.9334157541504768,377,,,,,,,,,133|36|3|4
BIN_1928970,34912,1,CWE-036,,"push:rbp push:rdi sub:rsp,N lea:rbp,[rsp+N] lea:rdx,[rbp+N] mov:eax,0 mov:ecx,N mov:rdi,rdx rep lea:rax,[rbp+N] mov:qwordptr_[rbp+N],rax mov:dwordptr_[rbp+N],0 mov:qwordptr_[rbp+N],N mov:qwordptr_[rbp+N],N mov:rax,qwordptr_[rbp+N] mov:rcx,rax call:N mov:qwordptr_[rbp+N],rax lea:rax,[rbp-N] mov:rdx,rax mov:ecx,N mov:rax,qwordptr_[rip+N] call:rax test:eax,eax setne:al test:al,al jne:N mov:dwordptr_[rbp+N],1 mov:r8d,6 mov:edx,1 mov:ecx,2 mov:rax,qwordptr_[rip+N] call:rax mov:qwordptr_[rbp+N],rax cmp:qwordptr_[rbp+N],-1 je:N lea:rax,[rbp+N] mov:r8d,N mov:edx,0 mov:rcx,rax call:N mov:wordptr_[rbp+N],2 mov:dwordptr_[rbp+N],0 mov:ecx,N mov:rax,qwordptr_[rip+N] call:rax mov:wordptr_[rbp+N],ax lea:rdx,[rbp+N] mov:rax,qwordptr_[rbp+N] mov:r8d,N mov:rcx,rax mov:rax,qwordptr_[rip+N] call:rax cmp:eax,-1 sete:al test:al,al jne:N mov:rax,qwordptr_[rbp+N] mov:edx,5 mov:rcx,rax mov:rax,qwordptr_[rip+N] call:rax cmp:eax,-1 sete:al test:al,al jne:N mov:rax,qwordptr_[rbp+N] mov:r8d,0 mov:edx,0 mov:rcx,rax mov:rax,qwordptr_[rip+N] call:rax mov:qwordptr_[rbp+N],rax cmp:qwordptr_[rbp+N],-1 je:N mov:eax,N sub:rax,qwordptr_[rbp+N] add:eax,eax mov:ecx,eax mov:rax,qwordptr_[rbp+N] lea:rdx,[rax+rax] mov:rax,qwordptr_[rbp+N] add:rdx,rax mov:rax,qwordptr_[rbp+N] mov:r9d,0 mov:r8d,ecx mov:rcx,rax mov:rax,qwordptr_[rip+N] call:rax mov:dwordptr_[rbp+N],eax",key_ins_tail36,CWE-023,2,1.0,{'CWE-023': 2},0.9869588599085776,97,,,0b8900b706daf63f,,,,,,
BIN_1945140,24887,1,CWE-191,,"push:rbp sub:rsp,N lea:rbp,[rsp+N] mov:dwordptr_[rbp+N],0 call:N test:eax,eax je:N mov:dwordptr_[rbp+N],0 mov:qwordptr_[rbp+N],N mov:qwordptr_[rbp+N],N lea:rax,[rbp-N] mov:rdx,rax mov:ecx,N mov:rax,qwordptr_[rip+N] call:rax test:eax,eax jne:N mov:dwordptr_[rbp+N],1 mov:r8d,6 mov:edx,1 mov:ecx,2 mov:rax,qwordptr_[rip+N] call:rax mov:qwordptr_[rbp+N],rax cmp:qwordptr_[rbp+N],-1 je:N lea:rax,[rbp+N] mov:r8d,N mov:edx,0 mov:rcx,rax call:N mov:wordptr_[rbp+N],2 mov:dwordptr_[rbp+N],0 mov:ecx,N mov:rax,qwordptr_[rip+N] call:rax mov:wordptr_[rbp+N],ax lea:rdx,[rbp+N] mov:rax,qwordptr_[rbp+N] mov:r8d,N mov:rcx,rax mov:rax,qwordptr_[rip+N] call:rax cmp:eax,-1 je:N mov:rax,qwordptr_[rbp+N] mov:edx,5 mov:rcx,rax mov:rax,qwordptr_[rip+N] call:rax cmp:eax,-1 je:N mov:rax,qwordptr_[rbp+N] mov:r8d,0 mov:edx,0 mov:rcx,rax mov:rax,qwordptr_[rip+N] call:rax mov:qwordptr_[rbp+N],rax cmp:qwordptr_[rbp+N],-1 je:N lea:rdx,[rbp+N] mov:rax,qwordptr_[rbp+N] mov:r9d,0 mov:r8d,N mov:rcx,rax mov:rax,qwordptr_[rip+N] call:rax mov:dwordptr_[rbp+N],eax cmp:dwordptr_[rbp+N],-1 je:N cmp:dwordptr_[rbp+N],0 je:N mov:eax,dwordptr_[rbp+N] cdqe: mov:byteptr_[rbp+rax+N],0 lea:rax,[rbp+N] mov:rcx,rax call:N mov:dwordptr_[rbp+N],eax jmp:N nop: jmp:N nop: jmp:N nop: jmp:N nop: jmp:N nop:",key_len_ins_calls,CWE-190,2,1.0,{'CWE-190': 2},0.9334157541504768,377,,,,,,,,,584|119|15|17
BIN_2006638,31953,1,CWE-253,,"push:rbp push:rbx sub:rsp,N lea:rbp,[rsp+N] mov:eax,5 cmp:eax,5 jne:N mov:ecx,1 mov:rax,qwordptr_[rip+N] call:rax mov:rbx,rax lea:rax,[rip+N] mov:rcx,rax call:N mov:rdx,rax lea:rax,[rip+N] mov:r9,rbx mov:r8,rdx mov:edx,2 mov:rcx,rax call:N nop: add:rsp,N pop:rbx pop:rbp ret:",key_op_full,CWE-252,2,1.0,{'CWE-252': 2},0.9925788497217068,56,,309fbf75177ec8f5,,,,,,,
BIN_2016166,2417,1,CWE-121,,"push:rbp sub:rsp,N lea:rbp,[rsp+N] mov:eax,5 cmp:eax,5 jne:N lea:rax,[rbp+N] mov:qwordptr_[rbp+N],rax mov:qwordptr_[rbp+N],0 jmp:N mov:rax,qwordptr_[rbp+N] mov:dwordptr_[rbp+rax*8-N],0 mov:rax,qwordptr_[rbp+N] mov:dwordptr_[rbp+rax*8-N],0 add:qwordptr_[rbp+N],1 cmp:qwordptr_[rbp+N],N jbe:N lea:rdx,[rbp-N] mov:rax,qwordptr_[rbp+N] mov:r8d,N mov:rcx,rax call:N mov:rax,qwordptr_[rbp+N] mov:rcx,rax call:N nop: add:rsp,N pop:rbp ret:",key_len_ins_calls,CWE-590,2,1.0,{'CWE-590': 2},0.9334157541504768,377,,,,,,,,,151|29|2|3
BIN_2049942,2457,1,CWE-121,,"push:rbp sub:rsp,N lea:rbp,[rsp+N] mov:eax,5 cmp:eax,5 jne:N lea:rax,[rbp+N] mov:qwordptr_[rbp+N],rax mov:qwordptr_[rbp+N],0 jmp:N mov:rax,qwordptr_[rbp+N] mov:dwordptr_[rbp+rax*8-N],0 mov:rax,qwordptr_[rbp+N] mov:dwordptr_[rbp+rax*8-N],0 add:qwordptr_[rbp+N],1 cmp:qwordptr_[rbp+N],N jbe:N lea:rdx,[rbp-N] mov:rax,qwordptr_[rbp+N] mov:r8d,N mov:rcx,rax call:N mov:rax,qwordptr_[rbp+N] mov:rcx,rax call:N nop: add:rsp,N pop:rbp ret:",key_len_ins_calls,CWE-590,2,1.0,{'CWE-590': 2},0.9334157541504768,377,,,,,,,,,151|29|2|3
BIN_2057627,45200,1,CWE-590,,"push:rbp mov:rbp,rsp sub:rsp,N mov:qwordptr_[rbp-8],0 mov:eax,5 cmp:eax,5 jne:N lea:rax,[rbp-N] mov:r8d,N mov:edx,N mov:rcx,rax call:N mov:wordptr_[rbp-N],0 lea:rax,[rbp-N] mov:qwordptr_[rbp-8],rax mov:rax,qwordptr_[rbp-8] mov:rcx,rax call:N mov:rax,qwordptr_[rbp-8] mov:rcx,rax call:N nop: add:rsp,N pop:rbp ret:",key_len_ins_calls,CWE-126,3,1.0,{'CWE-126': 3},0.9334157541504768,377,,,,,,,,,106|25|3|1
BIN_2058840,19684,1,CWE-190,,"push:rbp mov:rbp,rsp sub:rsp,N mov:qwordptr_[rbp-8],0 movabs:rax,N mov:qwordptr_[rbp-8],rax mov:dwordptr_[rip+N],1 mov:rax,qwordptr_[rbp-8] mov:rcx,rax call:N nop: add:rsp,N pop:rbp ret:",key_ins_tail18,CWE-191,3,1.0,{'CWE-191': 3},0.9933922671667114,74,,,,,,3d337793f6cdd9ec,,,
BIN_2058840,19684,1,CWE-190,,"push:rbp mov:rbp,rsp sub:rsp,N mov:qwordptr_[rbp-8],0 movabs:rax,N mov:qwordptr_[rbp-8],rax mov:dwordptr_[rip+N],1 mov:rax,qwordptr_[rbp-8] mov:rcx,rax call:N nop: add:rsp,N pop:rbp ret:",key_op_full,CWE-191,3,1.0,{'CWE-191': 3},0.9925788497217068,56,,c2190aa1dd117757,,,,,,,
BIN_2058840,19684,1,CWE-190,,"push:rbp mov:rbp,rsp sub:rsp,N mov:qwordptr_[rbp-8],0 movabs:rax,N mov:qwordptr_[rbp-8],rax mov:dwordptr_[rip+N],1 mov:rax,qwordptr_[rbp-8] mov:rcx,rax call:N nop: add:rsp,N pop:rbp ret:",key_ins_tail24,CWE-191,3,1.0,{'CWE-191': 3},0.9919796954314721,79,,,,,3d337793f6cdd9ec,,,,
BIN_2058840,19684,1,CWE-190,,"push:rbp mov:rbp,rsp sub:rsp,N mov:qwordptr_[rbp-8],0 movabs:rax,N mov:qwordptr_[rbp-8],rax mov:dwordptr_[rip+N],1 mov:rax,qwordptr_[rbp-8] mov:rcx,rax call:N nop: add:rsp,N pop:rbp ret:",key_ins_tail30,CWE-191,3,1.0,{'CWE-191': 3},0.9905738187816661,80,,,,3d337793f6cdd9ec,,,,,
BIN_2058840,19684,1,CWE-190,,"push:rbp mov:rbp,rsp sub:rsp,N mov:qwordptr_[rbp-8],0 movabs:rax,N mov:qwordptr_[rbp-8],rax mov:dwordptr_[rip+N],1 mov:rax,qwordptr_[rbp-8] mov:rcx,rax call:N nop: add:rsp,N pop:rbp ret:",key_ins_full,CWE-191,3,1.0,{'CWE-191': 3},0.9870514243433223,70,3d337793f6cdd9ec,,,,,,,,
BIN_2058840,19684,1,CWE-190,,"push:rbp mov:rbp,rsp sub:rsp,N mov:qwordptr_[rbp-8],0 movabs:rax,N mov:qwordptr_[rbp-8],rax mov:dwordptr_[rip+N],1 mov:rax,qwordptr_[rbp-8] mov:rcx,rax call:N nop: add:rsp,N pop:rbp ret:",key_ins_tail36,CWE-191,3,1.0,{'CWE-191': 3},0.9869588599085776,97,,,3d337793f6cdd9ec,,,,,,
BIN_2072592,37069,1,CWE-401,,"push:rbp mov:rbp,rsp sub:rsp,N mov:qwordptr_[rbp-8],0 mov:ecx,N call:N mov:qwordptr_[rbp-8],rax lea:rdx,[rip+N] mov:rax,qwordptr_[rbp-8] mov:rcx,rax call:N mov:rax,qwordptr_[rbp-8] mov:rcx,rax call:N mov:rax,qwordptr_[rbp-8] mov:rcx,rax call:N nop: add:rsp,N pop:rbp ret:",key_ins_tail18,CWE-690,2,1.0,{'CWE-690': 2},0.9933922671667114,74,,,,,,29ab67a4549c66f3,,,
BIN_2072592,37069,1,CWE-401,,"push:rbp mov:rbp,rsp sub:rsp,N mov:qwordptr_[rbp-8],0 mov:ecx,N call:N mov:qwordptr_[rbp-8],rax lea:rdx,[rip+N] mov:rax,qwordptr_[rbp-8] mov:rcx,rax call:N mov:rax,qwordptr_[rbp-8] mov:rcx,rax call:N mov:rax,qwordptr_[rbp-8] mov:rcx,rax call:N nop: add:rsp,N pop:rbp ret:",key_ins_tail24,CWE-690,2,1.0,{'CWE-690': 2},0.9919796954314721,79,,,,,b1e932cca2e0a21d,,,,
BIN_2072592,37069,1,CWE-401,,"push:rbp mov:rbp,rsp sub:rsp,N mov:qwordptr_[rbp-8],0 mov:ecx,N call:N mov:qwordptr_[rbp-8],rax lea:rdx,[rip+N] mov:rax,qwordptr_[rbp-8] mov:rcx,rax call:N mov:rax,qwordptr_[rbp-8] mov:rcx,rax call:N mov:rax,qwordptr_[rbp-8] mov:rcx,rax call:N nop: add:rsp,N pop:rbp ret:",key_ins_tail30,CWE-690,2,1.0,{'CWE-690': 2},0.9905738187816661,80,,,,b1e932cca2e0a21d,,,,,
BIN_2072592,37069,1,CWE-401,,"push:rbp mov:rbp,rsp sub:rsp,N mov:qwordptr_[rbp-8],0 mov:ecx,N call:N mov:qwordptr_[rbp-8],rax lea:rdx,[rip+N] mov:rax,qwordptr_[rbp-8] mov:rcx,rax call:N mov:rax,qwordptr_[rbp-8] mov:rcx,rax call:N mov:rax,qwordptr_[rbp-8] mov:rcx,rax call:N nop: add:rsp,N pop:rbp ret:",key_ins_full,CWE-690,2,1.0,{'CWE-690': 2},0.9870514243433223,70,b1e932cca2e0a21d,,,,,,,,
BIN_2072592,37069,1,CWE-401,,"push:rbp mov:rbp,rsp sub:rsp,N mov:qwordptr_[rbp-8],0 mov:ecx,N call:N mov:qwordptr_[rbp-8],rax lea:rdx,[rip+N] mov:rax,qwordptr_[rbp-8] mov:rcx,rax call:N mov:rax,qwordptr_[rbp-8] mov:rcx,rax call:N mov:rax,qwordptr_[rbp-8] mov:rcx,rax call:N nop: add:rsp,N pop:rbp ret:",key_ins_tail36,CWE-690,2,1.0,{'CWE-690': 2},0.9869588599085776,97,,,b1e932cca2e0a21d,,,,,,
BIN_2095537,25244,1,CWE-191,,"push:rbp mov:rbp,rsp sub:rsp,N mov:byteptr_[rbp-3],N mov:ecx,0 mov:rax,qwordptr_[rip+N] call:rax mov:rcx,rax lea:rdx,[rbp-3] lea:rax,[rip+N] mov:r8,rdx mov:rdx,rax call:N movzx:eax,byteptr_[rbp-3] mov:byteptr_[rbp-4],al movzx:eax,byteptr_[rbp-4] mov:byteptr_[rbp-1],al movzx:eax,byteptr_[rbp-1] sub:eax,1 mov:byteptr_[rbp-1],al movzx:eax,byteptr_[rbp-1] mov:byteptr_[rbp-2],al movsx:eax,byteptr_[rbp-2] mov:ecx,eax call:N nop: add:rsp,N pop:rbp ret:",key_marker_tail,CWE-190,2,1.0,{'CWE-190': 2},0.9945901446548278,46,,,,,,,5e1ba594720fb645,,
BIN_2096859,12677,1,CWE-124,,"push:rbp sub:rsp,N lea:rbp,[rsp+N] lea:rax,[rbp+N] mov:qwordptr_[rbp+N],rax lea:rax,[rbp+N] mov:qwordptr_[rbp+N],rax sub:rsp,N lea:rax,[rsp+N] add:rax,N shr:rax,4 shl:rax,4 mov:qwordptr_[rbp+N],rax mov:rax,qwordptr_[rbp+N] mov:r8d,N mov:edx,N mov:rcx,rax call:N mov:rax,qwordptr_[rbp+N] add:rax,N mov:wordptr_[rax],0 mov:rax,qwordptr_[rbp+N] mov:rax,qwordptr_[rax] mov:qwordptr_[rbp+N],rax mov:rax,qwordptr_[rbp+N] sub:rax,N mov:qwordptr_[rbp+N],rax mov:rax,qwordptr_[rbp+N] mov:rdx,qwordptr_[rbp+N] mov:qwordptr_[rax],rdx mov:rax,qwordptr_[rbp+N] mov:rax,qwordptr_[rax] mov:qwordptr_[rbp+N],rax lea:rax,[rbp-N] mov:r8d,N mov:edx,N mov:rcx,rax call:N mov:wordptr_[rbp+N],0 lea:rdx,[rbp-N] mov:rax,qwordptr_[rbp+N] mov:rcx,rax call:N mov:rax,qwordptr_[rbp+N] mov:rcx,rax call:N nop: lea:rsp,[rbp+N] pop:rbp ret:",key_len_ins_calls,CWE-121,2,1.0,{'CWE-121': 2},0.9334157541504768,377,,,,,,,,,246|50|4|0
BIN_2112798,41578,1,CWE-479,,"push:rbp mov:rbp,rsp sub:rsp,N call:N test:eax,eax je:N lea:rax,[rip-N] mov:rdx,rax mov:ecx,2 call:N nop: add:rsp,N pop:rbp ret:",key_op_full,CWE-252,2,1.0,{'CWE-252': 2},0.9925788497217068,56,,a4a62b6aa05e0227,,,,,,,
BIN_2112798,41578,1,CWE-479,,"push:rbp mov:rbp,rsp sub:rsp,N call:N test:eax,eax je:N lea:rax,[rip-N] mov:rdx,rax mov:ecx,2 call:N nop: add:rsp,N pop:rbp ret:",key_len_ins_calls,CWE-253,3,1.0,{'CWE-253': 3},0.9334157541504768,377,,,,,,,,,44|14|2|1
BIN_2127637,34960,1,CWE-036,,"push:rbp push:rdi sub:rsp,N lea:rbp,[rsp+N] lea:rdx,[rbp+N] mov:eax,0 mov:ecx,N mov:rdi,rdx rep lea:rax,[rbp+N] mov:qwordptr_[rbp+N],rax mov:dwordptr_[rbp+N],0 mov:qwordptr_[rbp+N],N mov:qwordptr_[rbp+N],N mov:rax,qwordptr_[rbp+N] mov:rcx,rax call:N mov:qwordptr_[rbp+N],rax lea:rax,[rbp-N] mov:rdx,rax mov:ecx,N mov:rax,qwordptr_[rip+N] call:rax test:eax,eax setne:al test:al,al jne:N mov:dwordptr_[rbp+N],1 mov:r8d,6 mov:edx,1 mov:ecx,2 mov:rax,qwordptr_[rip+N] call:rax mov:qwordptr_[rbp+N],rax cmp:qwordptr_[rbp+N],-1 je:N lea:rax,[rbp+N] mov:r8d,N mov:edx,0 mov:rcx,rax call:N mov:wordptr_[rbp+N],2 mov:dwordptr_[rbp+N],0 mov:ecx,N mov:rax,qwordptr_[rip+N] call:rax mov:wordptr_[rbp+N],ax lea:rdx,[rbp+N] mov:rax,qwordptr_[rbp+N] mov:r8d,N mov:rcx,rax mov:rax,qwordptr_[rip+N] call:rax cmp:eax,-1 sete:al test:al,al jne:N mov:rax,qwordptr_[rbp+N] mov:edx,5 mov:rcx,rax mov:rax,qwordptr_[rip+N] call:rax cmp:eax,-1 sete:al test:al,al jne:N mov:rax,qwordptr_[rbp+N] mov:r8d,0 mov:edx,0 mov:rcx,rax mov:rax,qwordptr_[rip+N] call:rax mov:qwordptr_[rbp+N],rax cmp:qwordptr_[rbp+N],-1 je:N mov:eax,N sub:rax,qwordptr_[rbp+N] add:eax,eax mov:ecx,eax mov:rax,qwordptr_[rbp+N] lea:rdx,[rax+rax] mov:rax,qwordptr_[rbp+N] add:rdx,rax mov:rax,qwordptr_[rbp+N] mov:r9d,0 mov:r8d,ecx mov:rcx,rax mov:rax,qwordptr_[rip+N] call:rax mov:dwordptr_[rbp+N],eax",key_ins_tail36,CWE-023,2,1.0,{'CWE-023': 2},0.9869588599085776,97,,,0b8900b706daf63f,,,,,,
BIN_2143047,10693,1,CWE-122,,"push:rbp mov:rbp,rsp sub:rsp,N mov:qwordptr_[rbp-8],0 call:N test:eax,eax je:N mov:ecx,8 call:N mov:qwordptr_[rbp-8],rax cmp:qwordptr_[rbp-8],0 jne:N mov:ecx,N call:N mov:rax,qwordptr_[rbp-8] movsd:xmm0,qwordptr_[rip+N] movsd:qwordptr_[rax],xmm0 mov:rax,qwordptr_[rbp-8] mov:rax,qwordptr_[rax] movq:xmm0,rax call:N mov:rax,qwordptr_[rbp-8] mov:rcx,rax call:N nop: add:rsp,N pop:rbp ret:",key_len_ins_calls,CWE-401,4,1.0,{'CWE-401': 4},0.9334157541504768,377,,,,,,,,,108|28|5|2
BIN_2173259,22970,1,CWE-191,,"push:rbp mov:rbp,rsp sub:rsp,N mov:byteptr_[rbp-N],N mov:dwordptr_[rbp-4],0 jmp:N mov:ecx,0 mov:rax,qwordptr_[rip+N] call:rax mov:rcx,rax lea:rdx,[rbp-N] lea:rax,[rip+N] mov:r8,rdx mov:rdx,rax call:N add:dwordptr_[rbp-4],1 cmp:dwordptr_[rbp-4],0 jle:N mov:dwordptr_[rbp-8],0 jmp:N movzx:eax,byteptr_[rbp-N] test:al,al jns:N movzx:eax,byteptr_[rbp-N] add:eax,eax mov:byteptr_[rbp-9],al movsx:eax,byteptr_[rbp-9] mov:ecx,eax call:N add:dwordptr_[rbp-8],1 cmp:dwordptr_[rbp-8],0 jle:N nop: nop: add:rsp,N pop:rbp ret:",key_marker_tail,CWE-190,2,1.0,{'CWE-190': 2},0.9945901446548278,46,,,,,,,fa56909406f5a9a7,,
BIN_2173259,22970,1,CWE-191,,"push:rbp mov:rbp,rsp sub:rsp,N mov:byteptr_[rbp-N],N mov:dwordptr_[rbp-4],0 jmp:N mov:ecx,0 mov:rax,qwordptr_[rip+N] call:rax mov:rcx,rax lea:rdx,[rbp-N] lea:rax,[rip+N] mov:r8,rdx mov:rdx,rax call:N add:dwordptr_[rbp-4],1 cmp:dwordptr_[rbp-4],0 jle:N mov:dwordptr_[rbp-8],0 jmp:N movzx:eax,byteptr_[rbp-N] test:al,al jns:N movzx:eax,byteptr_[rbp-N] add:eax,eax mov:byteptr_[rbp-9],al movsx:eax,byteptr_[rbp-9] mov:ecx,eax call:N add:dwordptr_[rbp-8],1 cmp:dwordptr_[rbp-8],0 jle:N nop: nop: add:rsp,N pop:rbp ret:",key_len_ins_calls,CWE-190,2,1.0,{'CWE-190': 2},0.9334157541504768,377,,,,,,,,,125|37|3|5
BIN_2184735,44611,1,CWE-590,,"push:rbp mov:rbp,rsp sub:rsp,N mov:qwordptr_[rbp-N],0 mov:dwordptr_[rbp-4],0 jmp:N lea:rax,[rbp-N] mov:r8d,N mov:edx,N mov:rcx,rax call:N mov:byteptr_[rbp-N],0 lea:rax,[rbp-N] mov:qwordptr_[rbp-N],rax add:dwordptr_[rbp-4],1 cmp:dwordptr_[rbp-4],0 jle:N mov:rax,qwordptr_[rbp-N] mov:rcx,rax call:N mov:rax,qwordptr_[rbp-N] mov:rcx,rax call:N nop: add:rsp,N pop:rbp ret:",key_len_ins_calls,CWE-773,2,1.0,{'CWE-773': 2},0.9334157541504768,377,,,,,,,,,107|27|3|2
BIN_2237991,19297,1,CWE-190,,"push:rbp mov:rbp,rsp sub:rsp,N mov:byteptr_[rbp-1],N call:N and:eax,1 test:eax,eax je:N call:N call:N call:N mov:byteptr_[rbp-1],al jmp:N call:N call:N call:N not:eax mov:byteptr_[rbp-1],al nop: movzx:eax,byteptr_[rbp-1] add:eax,1 mov:byteptr_[rbp-2],al movsx:eax,byteptr_[rbp-2] mov:ecx,eax call:N nop: nop: add:rsp,N pop:rbp ret:",key_len_ins_calls,CWE-191,2,1.0,{'CWE-191': 2},0.9334157541504768,377,,,,,,,,,94|30|8|2
BIN_2276936,39453,1,CWE-426,,"push:rbp sub:rsp,N lea:rbp,[rsp+N] mov:qwordptr_[rbp-N],0 mov:qwordptr_[rbp-N],0 mov:qwordptr_[rbp-N],0 mov:qwordptr_[rbp-N],0 mov:qwordptr_[rbp-N],0 mov:qwordptr_[rbp-N],0 mov:qwordptr_[rbp-N],0 mov:qwordptr_[rbp-N],0 mov:qwordptr_[rbp-N],0 mov:qwordptr_[rbp-N],0 mov:qwordptr_[rbp-N],0 mov:qwordptr_[rbp-8],0 mov:qwordptr_[rbp],0 mov:qwordptr_[rbp+8],0 mov:qwordptr_[rbp+N],0 mov:qwordptr_[rbp+N],0 mov:qwordptr_[rbp+N],0 mov:qwordptr_[rbp+N],0 mov:qwordptr_[rbp+N],0 mov:qwordptr_[rbp+N],0 mov:qwordptr_[rbp+N],0 mov:qwordptr_[rbp+N],0 mov:qwordptr_[rbp+N],0 mov:qwordptr_[rbp+N],0 mov:qwordptr_[rbp+N],0 lea:rax,[rbp-N] mov:qwordptr_[rbp+N],rax lea:rdx,[rip+N] mov:rax,qwordptr_[rbp+N] mov:rcx,rax call:N mov:rax,qwordptr_[rbp+N] mov:qwordptr_[rbp+N],rax mov:rax,qwordptr_[rbp+N] mov:qwordptr_[rbp+N],rax lea:rdx,[rip+N] mov:rax,qwordptr_[rbp+N] mov:rcx,rax mov:rax,qwordptr_[rip+N] call:rax mov:qwordptr_[rbp+N],rax cmp:qwordptr_[rbp+N],0 je:N mov:rax,qwordptr_[rbp+N] mov:rcx,rax mov:rax,qwordptr_[rip+N] call:rax nop: add:rsp,N pop:rbp ret:",key_ins_tail18,CWE-078,3,1.0,{'CWE-078': 3},0.9933922671667114,74,,,,,,dfda20c2df50b337,,,
BIN_2324619,46192,1,CWE-665,,"push:rbp sub:rsp,N lea:rbp,[rsp+N] lea:rax,[rbp+N] mov:qwordptr_[rbp+N],rax mov:dwordptr_[rbp+N],0 jmp:N add:dwordptr_[rbp+N],1 cmp:dwordptr_[rbp+N],0 jle:N lea:rax,[rbp-N] mov:r8d,N mov:edx,N mov:rcx,rax call:N mov:wordptr_[rbp+N],0 lea:rdx,[rbp-N] mov:rax,qwordptr_[rbp+N] mov:rcx,rax call:N mov:rax,qwordptr_[rbp+N] mov:rcx,rax call:N nop: add:rsp,N pop:rbp ret:",key_ins_tail18,CWE-124,3,1.0,{'CWE-124': 3},0.9933922671667114,74,,,,,,34717573a5968361,,,
BIN_2327855,45512,1,CWE-606,,"push:rbp sub:rsp,N lea:rbp,[rsp+N] lea:rax,[rip-N] mov:qwordptr_[rbp+N],rax mov:qwordptr_[rbp+N],0 mov:qwordptr_[rbp+N],0 mov:qwordptr_[rbp+N],0 mov:qwordptr_[rbp+N],0 mov:qwordptr_[rbp+N],0 mov:qwordptr_[rbp+N],0 mov:qwordptr_[rbp+N],0 mov:qwordptr_[rbp+N],0 mov:qwordptr_[rbp+N],0 mov:qwordptr_[rbp+N],0 mov:qwordptr_[rbp+N],0 mov:qwordptr_[rbp+N],0 mov:dwordptr_[rbp+N],0 lea:rax,[rbp+N] mov:qwordptr_[rbp+N],rax mov:dwordptr_[rbp+N],0 mov:qwordptr_[rbp+N],N mov:qwordptr_[rbp+N],N mov:rax,qwordptr_[rbp+N] mov:rcx,rax call:N mov:qwordptr_[rbp+N],rax lea:rax,[rbp-N] mov:rdx,rax mov:ecx,N mov:rax,qwordptr_[rip+N] call:rax test:eax,eax jne:N mov:dwordptr_[rbp+N],1 mov:r8d,6 mov:edx,1 mov:ecx,2 mov:rax,qwordptr_[rip+N] call:rax mov:qwordptr_[rbp+N],rax cmp:qwordptr_[rbp+N],-1 je:N lea:rax,[rbp+N] mov:r8d,N mov:edx,0 mov:rcx,rax call:N mov:wordptr_[rbp+N],2 mov:dwordptr_[rbp+N],0 mov:ecx,N mov:rax,qwordptr_[rip+N] call:rax mov:wordptr_[rbp+N],ax lea:rdx,[rbp+N] mov:rax,qwordptr_[rbp+N] mov:r8d,N mov:rcx,rax mov:rax,qwordptr_[rip+N] call:rax cmp:eax,-1 je:N mov:rax,qwordptr_[rbp+N] mov:edx,5 mov:rcx,rax mov:rax,qwordptr_[rip+N] call:rax cmp:eax,-1 je:N mov:rax,qwordptr_[rbp+N] mov:r8d,0 mov:edx,0 mov:rcx,rax mov:rax,qwordptr_[rip+N] call:rax mov:qwordptr_[rbp+N],rax cmp:qwordptr_[rbp+N],-1 je:N mov:rax,qwordptr_[rbp+N] mov:edx,eax mov:eax,N sub:eax,edx mov:ecx,eax mov:rdx,qwordptr_[rbp",key_ins_full,CWE-134,2,1.0,{'CWE-134': 2},0.9870514243433223,70,78737e8643986c26,,,,,,,,
BIN_2328806,26437,1,CWE-194,,"push:rbp sub:rsp,N lea:rbp,[rsp+N] mov:wordptr_[rbp+N],0 mov:eax,1 test:eax,eax je:N mov:ecx,0 mov:rax,qwordptr_[rip+N] call:rax mov:rcx,rax lea:rdx,[rbp+N] lea:rax,[rip+N] mov:r8,rdx mov:rdx,rax call:N mov:qwordptr_[rbp+N],0 mov:qwordptr_[rbp+N],0 mov:qwordptr_[rbp+N],0 mov:qwordptr_[rbp+N],0 mov:qwordptr_[rbp+N],0 mov:qwordptr_[rbp+N],0 mov:qwordptr_[rbp+N],0 mov:qwordptr_[rbp+N],0 mov:qwordptr_[rbp+N],0 mov:qwordptr_[rbp+N],0 mov:qwordptr_[rbp+N],0 mov:qwordptr_[rbp+N],0 mov:dwordptr_[rbp+N],0 lea:rax,[rbp-N] mov:r8d,N mov:edx,N mov:rcx,rax call:N mov:byteptr_[rbp+3],0 movzx:eax,wordptr_[rbp+N] cmp:ax,N jg:N movzx:eax,wordptr_[rbp+N] movsx:rcx,ax lea:rdx,[rbp-N] lea:rax,[rbp+N] mov:r8,rcx mov:rcx,rax call:N movzx:eax,wordptr_[rbp+N] cwde: cdqe: mov:byteptr_[rbp+rax+N],0 lea:rax,[rbp+N] mov:rcx,rax call:N nop: add:rsp,N pop:rbp ret:",key_len_ins_calls,CWE-195,2,1.0,{'CWE-195': 2},0.9334157541504768,377,,,,,,,,,271|56|5|2
BIN_2347300,23120,1,CWE-191,,"push:rbp mov:rbp,rsp sub:rsp,N lea:rax,[rbp-N] mov:qwordptr_[rbp-8],rax mov:byteptr_[rbp-N],N mov:byteptr_[rbp-N],N mov:rax,qwordptr_[rbp-8] movzx:eax,byteptr_[rax] mov:byteptr_[rbp-9],al movzx:eax,byteptr_[rbp-9] sub:eax,1 mov:byteptr_[rbp-N],al movsx:eax,byteptr_[rbp-N] mov:ecx,eax call:N nop: add:rsp,N pop:rbp ret:",key_len_ins_calls,CWE-190,3,1.0,{'CWE-190': 3},0.9334157541504768,377,,,,,,,,,62|20|1|0
BIN_2347922,22362,1,CWE-190,,"push:rbp mov:rbp,rsp sub:rsp,N mov:byteptr_[rbp-9],N mov:dwordptr_[rbp-4],0 jmp:N call:N and:eax,1 test:eax,eax je:N call:N call:N call:N mov:byteptr_[rbp-9],al jmp:N call:N call:N call:N not:eax mov:byteptr_[rbp-9],al add:dwordptr_[rbp-4],1 cmp:dwordptr_[rbp-4],0 jle:N mov:dwordptr_[rbp-8],0 jmp:N movzx:eax,byteptr_[rbp-9] add:eax,1 mov:byteptr_[rbp-9],al movzx:eax,byteptr_[rbp-9] mov:byteptr_[rbp-N],al movsx:eax,byteptr_[rbp-N] mov:ecx,eax call:N add:dwordptr_[rbp-8],1 cmp:dwordptr_[rbp-8],0 jle:N nop: nop: add:rsp,N pop:rbp ret:",key_marker_tail,CWE-191,2,1.0,{'CWE-191': 2},0.9945901446548278,46,,,,,,,2bc6b1f449cd66ee,,
BIN_2347922,22362,1,CWE-190,,"push:rbp mov:rbp,rsp sub:rsp,N mov:byteptr_[rbp-9],N mov:dwordptr_[rbp-4],0 jmp:N call:N and:eax,1 test:eax,eax je:N call:N call:N call:N mov:byteptr_[rbp-9],al jmp:N call:N call:N call:N not:eax mov:byteptr_[rbp-9],al add:dwordptr_[rbp-4],1 cmp:dwordptr_[rbp-4],0 jle:N mov:dwordptr_[rbp-8],0 jmp:N movzx:eax,byteptr_[rbp-9] add:eax,1 mov:byteptr_[rbp-9],al movzx:eax,byteptr_[rbp-9] mov:byteptr_[rbp-N],al movsx:eax,byteptr_[rbp-N] mov:ecx,eax call:N add:dwordptr_[rbp-8],1 cmp:dwordptr_[rbp-8],0 jle:N nop: nop: add:rsp,N pop:rbp ret:",key_len_ins_calls,CWE-191,2,1.0,{'CWE-191': 2},0.9334157541504768,377,,,,,,,,,138|41|8|6
BIN_2372958,45311,1,CWE-606,,"push:rbp sub:rsp,N lea:rbp,[rsp+N] mov:qwordptr_[rbp+N],0 mov:qwordptr_[rbp+N],0 mov:qwordptr_[rbp+N],0 mov:qwordptr_[rbp+N],0 mov:qwordptr_[rbp+N],0 mov:qwordptr_[rbp+N],0 mov:qwordptr_[rbp+N],0 mov:qwordptr_[rbp+N],0 mov:qwordptr_[rbp+N],0 mov:qwordptr_[rbp+N],0 mov:qwordptr_[rbp+N],0 mov:qwordptr_[rbp+N],0 mov:dwordptr_[rbp+N],0 lea:rax,[rbp+N] mov:qwordptr_[rbp+N],rax mov:dwordptr_[rbp+N],0 mov:qwordptr_[rbp+N],N mov:rax,qwordptr_[rbp+N] mov:rcx,rax call:N mov:qwordptr_[rbp+N],rax lea:rax,[rbp-N] mov:rdx,rax mov:ecx,N mov:rax,qwordptr_[rip+N] call:rax test:eax,eax jne:N mov:dwordptr_[rbp+N],1 mov:r8d,6 mov:edx,1 mov:ecx,2 mov:rax,qwordptr_[rip+N] call:rax mov:qwordptr_[rbp+N],rax cmp:qwordptr_[rbp+N],-1 je:N lea:rax,[rbp+N] mov:r8d,N mov:edx,0 mov:rcx,rax call:N mov:wordptr_[rbp+N],2 lea:rax,[rip+N] mov:rcx,rax mov:rax,qwordptr_[rip+N] call:rax mov:dwordptr_[rbp+N],eax mov:ecx,N mov:rax,qwordptr_[rip+N] call:rax mov:wordptr_[rbp+N],ax lea:rdx,[rbp+N] mov:rax,qwordptr_[rbp+N] mov:r8d,N mov:rcx,rax mov:rax,qwordptr_[rip+N] call:rax cmp:eax,-1 je:N mov:rax,qwordptr_[rbp+N] mov:edx,eax mov:eax,N sub:eax,edx mov:ecx,eax mov:rdx,qwordptr_[rbp+N] mov:rax,qwordptr_[rbp+N] add:rdx,rax mov:rax,qwordptr_[rbp+N] mov:r9d,0 mov:r8d,ecx mov:rcx,rax mov:rax,qwordptr_[rip+N] call:rax mov:dwordptr_[rbp+N],eax cmp:dwordptr_[rbp+N],-1 je:N cmp:dwordptr_[rbp+N],0 je:N mov:eax,dwordptr_[rbp+N] m",key_op_full,CWE-134,4,1.0,{'CWE-134': 4},0.9925788497217068,56,,6be781ccec1a48f3,,,,,,,
BIN_2372958,45311,1,CWE-606,,"push:rbp sub:rsp,N lea:rbp,[rsp+N] mov:qwordptr_[rbp+N],0 mov:qwordptr_[rbp+N],0 mov:qwordptr_[rbp+N],0 mov:qwordptr_[rbp+N],0 mov:qwordptr_[rbp+N],0 mov:qwordptr_[rbp+N],0 mov:qwordptr_[rbp+N],0 mov:qwordptr_[rbp+N],0 mov:qwordptr_[rbp+N],0 mov:qwordptr_[rbp+N],0 mov:qwordptr_[rbp+N],0 mov:qwordptr_[rbp+N],0 mov:dwordptr_[rbp+N],0 lea:rax,[rbp+N] mov:qwordptr_[rbp+N],rax mov:dwordptr_[rbp+N],0 mov:qwordptr_[rbp+N],N mov:rax,qwordptr_[rbp+N] mov:rcx,rax call:N mov:qwordptr_[rbp+N],rax lea:rax,[rbp-N] mov:rdx,rax mov:ecx,N mov:rax,qwordptr_[rip+N] call:rax test:eax,eax jne:N mov:dwordptr_[rbp+N],1 mov:r8d,6 mov:edx,1 mov:ecx,2 mov:rax,qwordptr_[rip+N] call:rax mov:qwordptr_[rbp+N],rax cmp:qwordptr_[rbp+N],-1 je:N lea:rax,[rbp+N] mov:r8d,N mov:edx,0 mov:rcx,rax call:N mov:wordptr_[rbp+N],2 lea:rax,[rip+N] mov:rcx,rax mov:rax,qwordptr_[rip+N] call:rax mov:dwordptr_[rbp+N],eax mov:ecx,N mov:rax,qwordptr_[rip+N] call:rax mov:wordptr_[rbp+N],ax lea:rdx,[rbp+N] mov:rax,qwordptr_[rbp+N] mov:r8d,N mov:rcx,rax mov:rax,qwordptr_[rip+N] call:rax cmp:eax,-1 je:N mov:rax,qwordptr_[rbp+N] mov:edx,eax mov:eax,N sub:eax,edx mov:ecx,eax mov:rdx,qwordptr_[rbp+N] mov:rax,qwordptr_[rbp+N] add:rdx,rax mov:rax,qwordptr_[rbp+N] mov:r9d,0 mov:r8d,ecx mov:rcx,rax mov:rax,qwordptr_[rip+N] call:rax mov:dwordptr_[rbp+N],eax cmp:dwordptr_[rbp+N],-1 je:N cmp:dwordptr_[rbp+N],0 je:N mov:eax,dwordptr_[rbp+N] m",key_ins_tail30,CWE-134,2,1.0,{'CWE-134': 2},0.9905738187816661,80,,,,7a9cda128b5ddc45,,,,,
BIN_2372958,45311,1,CWE-606,,"push:rbp sub:rsp,N lea:rbp,[rsp+N] mov:qwordptr_[rbp+N],0 mov:qwordptr_[rbp+N],0 mov:qwordptr_[rbp+N],0 mov:qwordptr_[rbp+N],0 mov:qwordptr_[rbp+N],0 mov:qwordptr_[rbp+N],0 mov:qwordptr_[rbp+N],0 mov:qwordptr_[rbp+N],0 mov:qwordptr_[rbp+N],0 mov:qwordptr_[rbp+N],0 mov:qwordptr_[rbp+N],0 mov:qwordptr_[rbp+N],0 mov:dwordptr_[rbp+N],0 lea:rax,[rbp+N] mov:qwordptr_[rbp+N],rax mov:dwordptr_[rbp+N],0 mov:qwordptr_[rbp+N],N mov:rax,qwordptr_[rbp+N] mov:rcx,rax call:N mov:qwordptr_[rbp+N],rax lea:rax,[rbp-N] mov:rdx,rax mov:ecx,N mov:rax,qwordptr_[rip+N] call:rax test:eax,eax jne:N mov:dwordptr_[rbp+N],1 mov:r8d,6 mov:edx,1 mov:ecx,2 mov:rax,qwordptr_[rip+N] call:rax mov:qwordptr_[rbp+N],rax cmp:qwordptr_[rbp+N],-1 je:N lea:rax,[rbp+N] mov:r8d,N mov:edx,0 mov:rcx,rax call:N mov:wordptr_[rbp+N],2 lea:rax,[rip+N] mov:rcx,rax mov:rax,qwordptr_[rip+N] call:rax mov:dwordptr_[rbp+N],eax mov:ecx,N mov:rax,qwordptr_[rip+N] call:rax mov:wordptr_[rbp+N],ax lea:rdx,[rbp+N] mov:rax,qwordptr_[rbp+N] mov:r8d,N mov:rcx,rax mov:rax,qwordptr_[rip+N] call:rax cmp:eax,-1 je:N mov:rax,qwordptr_[rbp+N] mov:edx,eax mov:eax,N sub:eax,edx mov:ecx,eax mov:rdx,qwordptr_[rbp+N] mov:rax,qwordptr_[rbp+N] add:rdx,rax mov:rax,qwordptr_[rbp+N] mov:r9d,0 mov:r8d,ecx mov:rcx,rax mov:rax,qwordptr_[rip+N] call:rax mov:dwordptr_[rbp+N],eax cmp:dwordptr_[rbp+N],-1 je:N cmp:dwordptr_[rbp+N],0 je:N mov:eax,dwordptr_[rbp+N] m",key_ins_full,CWE-134,2,1.0,{'CWE-134': 2},0.9870514243433223,70,e09e567f2864e108,,,,,,,,
BIN_2372958,45311,1,CWE-606,,"push:rbp sub:rsp,N lea:rbp,[rsp+N] mov:qwordptr_[rbp+N],0 mov:qwordptr_[rbp+N],0 mov:qwordptr_[rbp+N],0 mov:qwordptr_[rbp+N],0 mov:qwordptr_[rbp+N],0 mov:qwordptr_[rbp+N],0 mov:qwordptr_[rbp+N],0 mov:qwordptr_[rbp+N],0 mov:qwordptr_[rbp+N],0 mov:qwordptr_[rbp+N],0 mov:qwordptr_[rbp+N],0 mov:qwordptr_[rbp+N],0 mov:dwordptr_[rbp+N],0 lea:rax,[rbp+N] mov:qwordptr_[rbp+N],rax mov:dwordptr_[rbp+N],0 mov:qwordptr_[rbp+N],N mov:rax,qwordptr_[rbp+N] mov:rcx,rax call:N mov:qwordptr_[rbp+N],rax lea:rax,[rbp-N] mov:rdx,rax mov:ecx,N mov:rax,qwordptr_[rip+N] call:rax test:eax,eax jne:N mov:dwordptr_[rbp+N],1 mov:r8d,6 mov:edx,1 mov:ecx,2 mov:rax,qwordptr_[rip+N] call:rax mov:qwordptr_[rbp+N],rax cmp:qwordptr_[rbp+N],-1 je:N lea:rax,[rbp+N] mov:r8d,N mov:edx,0 mov:rcx,rax call:N mov:wordptr_[rbp+N],2 lea:rax,[rip+N] mov:rcx,rax mov:rax,qwordptr_[rip+N] call:rax mov:dwordptr_[rbp+N],eax mov:ecx,N mov:rax,qwordptr_[rip+N] call:rax mov:wordptr_[rbp+N],ax lea:rdx,[rbp+N] mov:rax,qwordptr_[rbp+N] mov:r8d,N mov:rcx,rax mov:rax,qwordptr_[rip+N] call:rax cmp:eax,-1 je:N mov:rax,qwordptr_[rbp+N] mov:edx,eax mov:eax,N sub:eax,edx mov:ecx,eax mov:rdx,qwordptr_[rbp+N] mov:rax,qwordptr_[rbp+N] add:rdx,rax mov:rax,qwordptr_[rbp+N] mov:r9d,0 mov:r8d,ecx mov:rcx,rax mov:rax,qwordptr_[rip+N] call:rax mov:dwordptr_[rbp+N],eax cmp:dwordptr_[rbp+N],-1 je:N cmp:dwordptr_[rbp+N],0 je:N mov:eax,dwordptr_[rbp+N] m",key_ins_tail36,CWE-134,2,1.0,{'CWE-134': 2},0.9869588599085776,97,,,9de01ba1322521cc,,,,,,
BIN_2372958,45311,1,CWE-606,,"push:rbp sub:rsp,N lea:rbp,[rsp+N] mov:qwordptr_[rbp+N],0 mov:qwordptr_[rbp+N],0 mov:qwordptr_[rbp+N],0 mov:qwordptr_[rbp+N],0 mov:qwordptr_[rbp+N],0 mov:qwordptr_[rbp+N],0 mov:qwordptr_[rbp+N],0 mov:qwordptr_[rbp+N],0 mov:qwordptr_[rbp+N],0 mov:qwordptr_[rbp+N],0 mov:qwordptr_[rbp+N],0 mov:qwordptr_[rbp+N],0 mov:dwordptr_[rbp+N],0 lea:rax,[rbp+N] mov:qwordptr_[rbp+N],rax mov:dwordptr_[rbp+N],0 mov:qwordptr_[rbp+N],N mov:rax,qwordptr_[rbp+N] mov:rcx,rax call:N mov:qwordptr_[rbp+N],rax lea:rax,[rbp-N] mov:rdx,rax mov:ecx,N mov:rax,qwordptr_[rip+N] call:rax test:eax,eax jne:N mov:dwordptr_[rbp+N],1 mov:r8d,6 mov:edx,1 mov:ecx,2 mov:rax,qwordptr_[rip+N] call:rax mov:qwordptr_[rbp+N],rax cmp:qwordptr_[rbp+N],-1 je:N lea:rax,[rbp+N] mov:r8d,N mov:edx,0 mov:rcx,rax call:N mov:wordptr_[rbp+N],2 lea:rax,[rip+N] mov:rcx,rax mov:rax,qwordptr_[rip+N] call:rax mov:dwordptr_[rbp+N],eax mov:ecx,N mov:rax,qwordptr_[rip+N] call:rax mov:wordptr_[rbp+N],ax lea:rdx,[rbp+N] mov:rax,qwordptr_[rbp+N] mov:r8d,N mov:rcx,rax mov:rax,qwordptr_[rip+N] call:rax cmp:eax,-1 je:N mov:rax,qwordptr_[rbp+N] mov:edx,eax mov:eax,N sub:eax,edx mov:ecx,eax mov:rdx,qwordptr_[rbp+N] mov:rax,qwordptr_[rbp+N] add:rdx,rax mov:rax,qwordptr_[rbp+N] mov:r9d,0 mov:r8d,ecx mov:rcx,rax mov:rax,qwordptr_[rip+N] call:rax mov:dwordptr_[rbp+N],eax cmp:dwordptr_[rbp+N],-1 je:N cmp:dwordptr_[rbp+N],0 je:N mov:eax,dwordptr_[rbp+N] m",key_len_ins_calls,CWE-134,2,1.0,{'CWE-134': 2},0.9334157541504768,377,,,,,,,,,734|131|13|12
BIN_2386122,33367,1,CWE-036,,"push:rbp push:rdi push:rbx sub:rsp,N lea:rbp,[rsp+N] lea:rdx,[rbp+N] mov:eax,0 mov:ecx,N mov:rdi,rdx rep mov:rdx,rdi mov:dwordptr_[rdx],eax add:rdx,4 lea:rax,[rbp+N] mov:qwordptr_[rbp+N],rax mov:rax,qwordptr_[rbp+N] mov:rcx,rax call:N mov:qwordptr_[rbp+N],rax mov:rax,qwordptr_[rbp+N] sub:rax,N cmp:rax,1 jbe:N mov:ecx,0 mov:rax,qwordptr_[rip+N] call:rax mov:rdx,rax mov:rax,qwordptr_[rbp+N] mov:ecx,eax mov:eax,N sub:eax,ecx mov:r9d,eax mov:rcx,qwordptr_[rbp+N] mov:rax,qwordptr_[rbp+N] add:rax,rcx mov:r8,rdx mov:edx,r9d mov:rcx,rax call:N test:rax,rax setne:al test:al,al je:N mov:rax,qwordptr_[rbp+N] mov:rcx,rax call:N mov:qwordptr_[rbp+N],rax cmp:qwordptr_[rbp+N],0 je:N mov:rax,qwordptr_[rbp+N] lea:rdx,[rax-1] mov:rax,qwordptr_[rbp+N] add:rax,rdx movzx:eax,byteptr_[rax] cmp:al,N jne:N mov:rax,qwordptr_[rbp+N] lea:rdx,[rax-1] mov:rax,qwordptr_[rbp+N] add:rax,rdx mov:byteptr_[rax],0 jmp:N lea:rax,[rip+N] mov:rcx,rax call:N mov:rdx,qwordptr_[rbp+N] mov:rax,qwordptr_[rbp+N] add:rax,rdx mov:byteptr_[rax],0 nop: lea:rax,[rbp-N] mov:rcx,rax call:N mov:rdx,qwordptr_[rbp+N] lea:rax,[rbp-N] mov:r8d,N mov:rcx,rax call:N lea:rax,[rbp-N] mov:rcx,rax call:N lea:rax,[rbp-N] mov:rcx,rax call:N jmp:N mov:rbx,rax lea:rax,[rbp-N] mov:rcx,rax call:N mov:rax,rbx",key_ins_tail30,CWE-023,2,1.0,{'CWE-023': 2},0.9905738187816661,80,,,,47fd0213e8a8ebf4,,,,,
BIN_2386122,33367,1,CWE-036,,"push:rbp push:rdi push:rbx sub:rsp,N lea:rbp,[rsp+N] lea:rdx,[rbp+N] mov:eax,0 mov:ecx,N mov:rdi,rdx rep mov:rdx,rdi mov:dwordptr_[rdx],eax add:rdx,4 lea:rax,[rbp+N] mov:qwordptr_[rbp+N],rax mov:rax,qwordptr_[rbp+N] mov:rcx,rax call:N mov:qwordptr_[rbp+N],rax mov:rax,qwordptr_[rbp+N] sub:rax,N cmp:rax,1 jbe:N mov:ecx,0 mov:rax,qwordptr_[rip+N] call:rax mov:rdx,rax mov:rax,qwordptr_[rbp+N] mov:ecx,eax mov:eax,N sub:eax,ecx mov:r9d,eax mov:rcx,qwordptr_[rbp+N] mov:rax,qwordptr_[rbp+N] add:rax,rcx mov:r8,rdx mov:edx,r9d mov:rcx,rax call:N test:rax,rax setne:al test:al,al je:N mov:rax,qwordptr_[rbp+N] mov:rcx,rax call:N mov:qwordptr_[rbp+N],rax cmp:qwordptr_[rbp+N],0 je:N mov:rax,qwordptr_[rbp+N] lea:rdx,[rax-1] mov:rax,qwordptr_[rbp+N] add:rax,rdx movzx:eax,byteptr_[rax] cmp:al,N jne:N mov:rax,qwordptr_[rbp+N] lea:rdx,[rax-1] mov:rax,qwordptr_[rbp+N] add:rax,rdx mov:byteptr_[rax],0 jmp:N lea:rax,[rip+N] mov:rcx,rax call:N mov:rdx,qwordptr_[rbp+N] mov:rax,qwordptr_[rbp+N] add:rax,rdx mov:byteptr_[rax],0 nop: lea:rax,[rbp-N] mov:rcx,rax call:N mov:rdx,qwordptr_[rbp+N] lea:rax,[rbp-N] mov:r8d,N mov:rcx,rax call:N lea:rax,[rbp-N] mov:rcx,rax call:N lea:rax,[rbp-N] mov:rcx,rax call:N jmp:N mov:rbx,rax lea:rax,[rbp-N] mov:rcx,rax call:N mov:rax,rbx",key_ins_tail36,CWE-023,2,1.0,{'CWE-023': 2},0.9869588599085776,97,,,d38a57f477feff7a,,,,,,
BIN_2457936,13410,1,CWE-126,,"push:rbp sub:rsp,N lea:rbp,[rsp+N] call:N test:eax,eax je:N lea:rax,[rbp+N] mov:r8d,N mov:edx,N mov:rcx,rax call:N mov:wordptr_[rbp+N],0 mov:dwordptr_[rbp+N],0 jmp:N mov:eax,dwordptr_[rbp+N] cdqe: movzx:edx,wordptr_[rbp+rax*2+N] mov:eax,dwordptr_[rbp+N] cdqe: mov:wordptr_[rbp+rax*2-N],dx add:dwordptr_[rbp+N],1 cmp:dwordptr_[rbp+N],N jle:N lea:rax,[rbp-N] mov:rcx,rax call:N nop: add:rsp,N pop:rbp ret:",key_callseq,CWE-121,3,1.0,{'CWE-121': 3},0.9922970071978785,61,,,,,,,,globalreturnstrue|wmemset|printwline,
BIN_2504621,44645,1,CWE-590,,"push:rbp mov:rbp,rsp sub:rsp,N mov:qwordptr_[rbp-8],0 call:N test:eax,eax je:N lea:rax,[rip+N] mov:r8d,N mov:edx,N mov:rcx,rax call:N mov:byteptr_[rip+N],0 lea:rax,[rip+N] mov:qwordptr_[rbp-8],rax mov:rax,qwordptr_[rbp-8] mov:rcx,rax call:N mov:rax,qwordptr_[rbp-8] mov:rcx,rax call:N nop: add:rsp,N pop:rbp ret:",key_len_ins_calls,CWE-122,5,1.0,{'CWE-122': 5},0.9334157541504768,377,,,,,,,,,100|25|4|1
BIN_2505640,31334,1,CWE-252,,"push:rbp mov:rbp,rsp sub:rsp,N mov:dwordptr_[rbp-4],0 jmp:N mov:ecx,1 mov:rax,qwordptr_[rip+N] call:rax mov:rcx,rax lea:rdx,[rip+N] lea:rax,[rip+N] mov:r8,rdx mov:rdx,rax call:N add:dwordptr_[rbp-4],1 cmp:dwordptr_[rbp-4],0 jle:N nop: nop: add:rsp,N pop:rbp ret:",key_len_ins_calls,CWE-762,14,1.0,{'CWE-762': 14},0.9334157541504768,377,,,,,,,,,77|22|2|2
BIN_2507451,21602,1,CWE-190,,"push:rbp mov:rbp,rsp sub:rsp,N mov:byteptr_[rbp-N],N mov:dwordptr_[rbp-4],0 jmp:N mov:ecx,0 mov:rax,qwordptr_[rip+N] call:rax mov:rcx,rax lea:rdx,[rbp-N] lea:rax,[rip+N] mov:r8,rdx mov:rdx,rax call:N add:dwordptr_[rbp-4],1 cmp:dwordptr_[rbp-4],0 jle:N mov:dwordptr_[rbp-8],0 jmp:N movzx:eax,byteptr_[rbp-N] add:eax,1 mov:byteptr_[rbp-N],al movzx:eax,byteptr_[rbp-N] mov:byteptr_[rbp-9],al movsx:eax,byteptr_[rbp-9] mov:ecx,eax call:N add:dwordptr_[rbp-8],1 cmp:dwordptr_[rbp-8],0 jle:N nop: nop: add:rsp,N pop:rbp ret:",key_marker_tail,CWE-191,2,1.0,{'CWE-191': 2},0.9945901446548278,46,,,,,,,71a9bc7ab42ca96c,,
BIN_2566796,28478,1,CWE-197,,"push:rbp mov:rbp,rsp sub:rsp,N mov:dwordptr_[rbp-8],N call:N test:eax,eax je:N mov:ecx,0 mov:rax,qwordptr_[rip+N] call:rax mov:rcx,rax lea:rdx,[rbp-8] lea:rax,[rip+N] mov:r8,rdx mov:rdx,rax call:N mov:eax,dwordptr_[rbp-8] mov:wordptr_[rbp-2],ax movsx:eax,wordptr_[rbp-2] mov:ecx,eax call:N nop: add:rsp,N pop:rbp ret:",key_len_ins_calls,CWE-690,3,1.0,{'CWE-690': 3},0.9334157541504768,377,,,,,,,,,88|25|4|1
BIN_2570932,18981,1,CWE-188,,"push:rbp mov:rbp,rsp sub:rsp,N mov:eax,5 cmp:eax,5 jne:N mov:dwordptr_[rbp-4],N movzx:eax,byteptr_[rbp-1] or:eax,N mov:byteptr_[rbp-1],al mov:eax,dwordptr_[rbp-4] mov:ecx,eax call:N nop: add:rsp,N pop:rbp ret:",key_len_ins_calls,CWE-398,3,1.0,{'CWE-398': 3},0.9334157541504768,377,,,,,,,,,52|17|1|1
BIN_2571855,33716,1,CWE-036,,"push:rbp push:rdi sub:rsp,N lea:rbp,[rsp+N] lea:rdx,[rbp-N] mov:eax,0 mov:ecx,N mov:rdi,rdx rep mov:rdx,rdi mov:dwordptr_[rdx],eax add:rdx,4 lea:rax,[rbp-N] mov:qwordptr_[rbp+N],rax mov:rax,qwordptr_[rbp+N] mov:rcx,rax call:N mov:qwordptr_[rbp+N],rax mov:rax,qwordptr_[rbp+N] sub:rax,N cmp:rax,1 jbe:N lea:rdx,[rip+N] lea:rax,[rip+N] mov:rcx,rax call:N mov:qwordptr_[rbp+N],rax cmp:qwordptr_[rbp+N],0 je:N mov:rax,qwordptr_[rbp+N] mov:edx,eax mov:eax,N sub:eax,edx mov:ecx,eax mov:rdx,qwordptr_[rbp+N] mov:rax,qwordptr_[rbp+N] add:rax,rdx mov:rdx,qwordptr_[rbp+N] mov:r8,rdx mov:edx,ecx mov:rcx,rax call:N test:rax,rax sete:al test:al,al je:N lea:rax,[rip+N] mov:rcx,rax call:N mov:rdx,qwordptr_[rbp+N] mov:rax,qwordptr_[rbp+N] add:rax,rdx mov:byteptr_[rax],0 mov:rax,qwordptr_[rbp+N] mov:rcx,rax call:N mov:rax,qwordptr_[rbp+N] mov:qwordptr_[rip+N],rax call:N nop: add:rsp,N pop:rdi pop:rbp ret:",key_ins_tail18,CWE-023,2,1.0,{'CWE-023': 2},0.9933922671667114,74,,,,,,a52d8fdfb34b5df3,,,
BIN_2571855,33716,1,CWE-036,,"push:rbp push:rdi sub:rsp,N lea:rbp,[rsp+N] lea:rdx,[rbp-N] mov:eax,0 mov:ecx,N mov:rdi,rdx rep mov:rdx,rdi mov:dwordptr_[rdx],eax add:rdx,4 lea:rax,[rbp-N] mov:qwordptr_[rbp+N],rax mov:rax,qwordptr_[rbp+N] mov:rcx,rax call:N mov:qwordptr_[rbp+N],rax mov:rax,qwordptr_[rbp+N] sub:rax,N cmp:rax,1 jbe:N lea:rdx,[rip+N] lea:rax,[rip+N] mov:rcx,rax call:N mov:qwordptr_[rbp+N],rax cmp:qwordptr_[rbp+N],0 je:N mov:rax,qwordptr_[rbp+N] mov:edx,eax mov:eax,N sub:eax,edx mov:ecx,eax mov:rdx,qwordptr_[rbp+N] mov:rax,qwordptr_[rbp+N] add:rax,rdx mov:rdx,qwordptr_[rbp+N] mov:r8,rdx mov:edx,ecx mov:rcx,rax call:N test:rax,rax sete:al test:al,al je:N lea:rax,[rip+N] mov:rcx,rax call:N mov:rdx,qwordptr_[rbp+N] mov:rax,qwordptr_[rbp+N] add:rax,rdx mov:byteptr_[rax],0 mov:rax,qwordptr_[rbp+N] mov:rcx,rax call:N mov:rax,qwordptr_[rbp+N] mov:qwordptr_[rip+N],rax call:N nop: add:rsp,N pop:rdi pop:rbp ret:",key_ins_tail24,CWE-023,2,1.0,{'CWE-023': 2},0.9919796954314721,79,,,,,b6daa1011cae1937,,,,
BIN_2571855,33716,1,CWE-036,,"push:rbp push:rdi sub:rsp,N lea:rbp,[rsp+N] lea:rdx,[rbp-N] mov:eax,0 mov:ecx,N mov:rdi,rdx rep mov:rdx,rdi mov:dwordptr_[rdx],eax add:rdx,4 lea:rax,[rbp-N] mov:qwordptr_[rbp+N],rax mov:rax,qwordptr_[rbp+N] mov:rcx,rax call:N mov:qwordptr_[rbp+N],rax mov:rax,qwordptr_[rbp+N] sub:rax,N cmp:rax,1 jbe:N lea:rdx,[rip+N] lea:rax,[rip+N] mov:rcx,rax call:N mov:qwordptr_[rbp+N],rax cmp:qwordptr_[rbp+N],0 je:N mov:rax,qwordptr_[rbp+N] mov:edx,eax mov:eax,N sub:eax,edx mov:ecx,eax mov:rdx,qwordptr_[rbp+N] mov:rax,qwordptr_[rbp+N] add:rax,rdx mov:rdx,qwordptr_[rbp+N] mov:r8,rdx mov:edx,ecx mov:rcx,rax call:N test:rax,rax sete:al test:al,al je:N lea:rax,[rip+N] mov:rcx,rax call:N mov:rdx,qwordptr_[rbp+N] mov:rax,qwordptr_[rbp+N] add:rax,rdx mov:byteptr_[rax],0 mov:rax,qwordptr_[rbp+N] mov:rcx,rax call:N mov:rax,qwordptr_[rbp+N] mov:qwordptr_[rip+N],rax call:N nop: add:rsp,N pop:rdi pop:rbp ret:",key_ins_tail30,CWE-023,2,1.0,{'CWE-023': 2},0.9905738187816661,80,,,,25b728269a956d2e,,,,,
BIN_2571855,33716,1,CWE-036,,"push:rbp push:rdi sub:rsp,N lea:rbp,[rsp+N] lea:rdx,[rbp-N] mov:eax,0 mov:ecx,N mov:rdi,rdx rep mov:rdx,rdi mov:dwordptr_[rdx],eax add:rdx,4 lea:rax,[rbp-N] mov:qwordptr_[rbp+N],rax mov:rax,qwordptr_[rbp+N] mov:rcx,rax call:N mov:qwordptr_[rbp+N],rax mov:rax,qwordptr_[rbp+N] sub:rax,N cmp:rax,1 jbe:N lea:rdx,[rip+N] lea:rax,[rip+N] mov:rcx,rax call:N mov:qwordptr_[rbp+N],rax cmp:qwordptr_[rbp+N],0 je:N mov:rax,qwordptr_[rbp+N] mov:edx,eax mov:eax,N sub:eax,edx mov:ecx,eax mov:rdx,qwordptr_[rbp+N] mov:rax,qwordptr_[rbp+N] add:rax,rdx mov:rdx,qwordptr_[rbp+N] mov:r8,rdx mov:edx,ecx mov:rcx,rax call:N test:rax,rax sete:al test:al,al je:N lea:rax,[rip+N] mov:rcx,rax call:N mov:rdx,qwordptr_[rbp+N] mov:rax,qwordptr_[rbp+N] add:rax,rdx mov:byteptr_[rax],0 mov:rax,qwordptr_[rbp+N] mov:rcx,rax call:N mov:rax,qwordptr_[rbp+N] mov:qwordptr_[rip+N],rax call:N nop: add:rsp,N pop:rdi pop:rbp ret:",key_ins_tail36,CWE-023,2,1.0,{'CWE-023': 2},0.9869588599085776,97,,,81fe311821e37bde,,,,,,
BIN_2584501,45365,1,CWE-606,,"push:rbp mov:rbp,rsp sub:rsp,N mov:qwordptr_[rbp-N],0 mov:qwordptr_[rbp-N],0 mov:qwordptr_[rbp-N],0 mov:qwordptr_[rbp-N],0 mov:qwordptr_[rbp-N],0 mov:qwordptr_[rbp-N],0 mov:qwordptr_[rbp-N],0 mov:qwordptr_[rbp-N],0 mov:qwordptr_[rbp-N],0 mov:qwordptr_[rbp-N],0 mov:qwordptr_[rbp-N],0 mov:qwordptr_[rbp-N],0 mov:dwordptr_[rbp-N],0 lea:rax,[rbp-N] mov:qwordptr_[rbp-8],rax mov:rax,qwordptr_[rbp-8] mov:rcx,rax call:N mov:qwordptr_[rbp-N],rax mov:rax,qwordptr_[rbp-N] sub:rax,N cmp:rax,1 jbe:N mov:ecx,0 mov:rax,qwordptr_[rip+N] call:rax mov:rdx,rax mov:rax,qwordptr_[rbp-N] mov:ecx,eax mov:eax,N sub:eax,ecx mov:r9d,eax mov:rcx,qwordptr_[rbp-8] mov:rax,qwordptr_[rbp-N] add:rax,rcx mov:r8,rdx mov:edx,r9d mov:rcx,rax call:N test:rax,rax je:N mov:rax,qwordptr_[rbp-8] mov:rcx,rax call:N mov:qwordptr_[rbp-N],rax cmp:qwordptr_[rbp-N],0 je:N mov:rax,qwordptr_[rbp-N] lea:rdx,[rax-1] mov:rax,qwordptr_[rbp-8] add:rax,rdx movzx:eax,byteptr_[rax] cmp:al,N jne:N mov:rax,qwordptr_[rbp-N] lea:rdx,[rax-1] mov:rax,qwordptr_[rbp-8] add:rax,rdx mov:byteptr_[rax],0 jmp:N lea:rax,[rip+N] mov:rcx,rax call:N mov:rdx,qwordptr_[rbp-8] mov:rax,qwordptr_[rbp-N] add:rax,rdx mov:byteptr_[rax],0 mov:rax,qwordptr_[rbp-8] mov:rcx,rax call:N nop: add:rsp,N pop:rbp ret:",key_ins_full,CWE-134,4,1.0,{'CWE-134': 4},0.9870514243433223,70,b31cc6f4ec98b339,,,,,,,,
BIN_2618159,34239,1,CWE-036,,"push:rbp push:rdi sub:rsp,N lea:rbp,[rsp+N] lea:rdx,[rbp-N] mov:eax,0 mov:ecx,N mov:rdi,rdx rep lea:rax,[rbp-N] mov:qwordptr_[rbp+N],rax mov:rax,qwordptr_[rbp+N] mov:rcx,rax call:N mov:qwordptr_[rbp+N],rax mov:rax,qwordptr_[rbp+N] sub:rax,N cmp:rax,1 jbe:N mov:ecx,0 mov:rax,qwordptr_[rip+N] call:rax mov:rdx,rax mov:rax,qwordptr_[rbp+N] mov:ecx,eax mov:eax,N sub:eax,ecx mov:r9d,eax mov:rax,qwordptr_[rbp+N] lea:rcx,[rax+rax] mov:rax,qwordptr_[rbp+N] add:rax,rcx mov:r8,rdx mov:edx,r9d mov:rcx,rax call:N test:rax,rax setne:al test:al,al je:N mov:rax,qwordptr_[rbp+N] mov:rcx,rax call:N mov:qwordptr_[rbp+N],rax cmp:qwordptr_[rbp+N],0 je:N mov:rax,qwordptr_[rbp+N] add:rax,rax lea:rdx,[rax-2] mov:rax,qwordptr_[rbp+N] add:rax,rdx movzx:eax,wordptr_[rax] cmp:ax,N jne:N mov:rax,qwordptr_[rbp+N] add:rax,rax lea:rdx,[rax-2] mov:rax,qwordptr_[rbp+N] add:rax,rdx mov:wordptr_[rax],0 jmp:N lea:rax,[rip+N] mov:rcx,rax call:N mov:rax,qwordptr_[rbp+N] lea:rdx,[rax+rax] mov:rax,qwordptr_[rbp+N] add:rax,rdx mov:wordptr_[rax],0 mov:rax,qwordptr_[rbp+N] mov:qwordptr_[rbp+N],rax mov:rax,qwordptr_[rbp+N] mov:qwordptr_[rbp+N],rax mov:qwordptr_[rbp+N],0 lea:rdx,[rip+N] mov:rax,qwordptr_[rbp+N] mov:rcx,rax mov:rax,qwordptr_[rip+N] call:rax mov:qwordptr_[rbp+N],rax cmp:qwordptr_[rbp+N],0 je:N mov:rax,qwordptr_[rbp+N] mov:rcx,rax call:N nop: add:rsp,N pop:rdi pop:rbp ret:",key_len_ins_calls,CWE-023,2,1.0,{'CWE-023': 2},0.9334157541504768,377,,,,,,,,,419|90|7|6
BIN_2623770,10670,1,CWE-122,,"push:rbp mov:rbp,rsp sub:rsp,N mov:ecx,4 call:N mov:qwordptr_[rbp-8],rax cmp:qwordptr_[rbp-8],0 jne:N mov:ecx,N call:N mov:ecx,8 call:N mov:qwordptr_[rbp-N],rax cmp:qwordptr_[rbp-N],0 jne:N mov:ecx,N call:N mov:rax,qwordptr_[rbp-8] mov:qwordptr_[rbp-N],rax mov:rax,qwordptr_[rbp-N] mov:qwordptr_[rip+N],rax call:N nop: add:rsp,N pop:rbp ret:",key_len_ins_calls,CWE-401,4,1.0,{'CWE-401': 4},0.9334157541504768,377,,,,,,,,,101|26|5|2
BIN_2651110,45509,1,CWE-606,,"push:rbp sub:rsp,N lea:rbp,[rsp+N] mov:qwordptr_[rbp+N],0 mov:qwordptr_[rbp+N],0 mov:qwordptr_[rbp+N],0 mov:qwordptr_[rbp+N],0 mov:qwordptr_[rbp+N],0 mov:qwordptr_[rbp+N],0 mov:qwordptr_[rbp+N],0 mov:qwordptr_[rbp+N],0 mov:qwordptr_[rbp+N],0 mov:qwordptr_[rbp+N],0 mov:qwordptr_[rbp+N],0 mov:qwordptr_[rbp+N],0 mov:dwordptr_[rbp+N],0 lea:rax,[rbp+N] mov:qwordptr_[rbp+N],rax mov:dwordptr_[rbp+N],0 mov:qwordptr_[rbp+N],N mov:qwordptr_[rbp+N],N mov:rax,qwordptr_[rbp+N] mov:rcx,rax call:N mov:qwordptr_[rbp+N],rax lea:rax,[rbp-N] mov:rdx,rax mov:ecx,N mov:rax,qwordptr_[rip+N] call:rax test:eax,eax jne:N mov:dwordptr_[rbp+N],1 mov:r8d,6 mov:edx,1 mov:ecx,2 mov:rax,qwordptr_[rip+N] call:rax mov:qwordptr_[rbp+N],rax cmp:qwordptr_[rbp+N],-1 je:N lea:rax,[rbp+N] mov:r8d,N mov:edx,0 mov:rcx,rax call:N mov:wordptr_[rbp+N],2 mov:dwordptr_[rbp+N],0 mov:ecx,N mov:rax,qwordptr_[rip+N] call:rax mov:wordptr_[rbp+N],ax lea:rdx,[rbp+N] mov:rax,qwordptr_[rbp+N] mov:r8d,N mov:rcx,rax mov:rax,qwordptr_[rip+N] call:rax cmp:eax,-1 je:N mov:rax,qwordptr_[rbp+N] mov:edx,5 mov:rcx,rax mov:rax,qwordptr_[rip+N] call:rax cmp:eax,-1 je:N mov:rax,qwordptr_[rbp+N] mov:r8d,0 mov:edx,0 mov:rcx,rax mov:rax,qwordptr_[rip+N] call:rax mov:qwordptr_[rbp+N],rax cmp:qwordptr_[rbp+N],-1 je:N mov:rax,qwordptr_[rbp+N] mov:edx,eax mov:eax,N sub:eax,edx mov:ecx,eax mov:rdx,qwordptr_[rbp+N] mov:rax,qwordptr_[rbp+N] add:rdx,rax ",key_ins_full,CWE-134,4,1.0,{'CWE-134': 4},0.9870514243433223,70,b15e0ce58ba5b97e,,,,,,,,
BIN_2655868,35464,1,CWE-398,7eee65de2c902b08,"push:rbp mov:rbp,rsp sub:rsp,N call:N test:eax,eax je:N lea:rax,[rip+N] mov:rcx,rax call:N nop: add:rsp,N pop:rbp ret:",key_body_hex,CWE-546,4,1.0,{'CWE-546': 4},0.9740777666999003,26,,,,,,,,,
BIN_2660104,21182,1,CWE-190,47b1dfd120fe961f,"push:rbp mov:rbp,rsp sub:rsp,N mov:dwordptr_[rbp-4],0 mov:ecx,0 mov:rax,qwordptr_[rip+N] call:rax mov:rcx,rax lea:rdx,[rbp-4] lea:rax,[rip+N] mov:r8,rdx mov:rdx,rax call:N mov:eax,dwordptr_[rbp-4] mov:dwordptr_[rip+N],eax call:N nop: add:rsp,N pop:rbp ret:",key_body_hex,CWE-191,2,1.0,{'CWE-191': 2},0.9740777666999003,26,,,,,,,,,
BIN_2663784,45320,1,CWE-606,,"push:rbp sub:rsp,N lea:rbp,[rsp+N] lea:rax,[rip-N] mov:qwordptr_[rbp+N],rax mov:qwordptr_[rbp+N],0 mov:qwordptr_[rbp+N],0 mov:qwordptr_[rbp+N],0 mov:qwordptr_[rbp+N],0 mov:qwordptr_[rbp+N],0 mov:qwordptr_[rbp+N],0 mov:qwordptr_[rbp+N],0 mov:qwordptr_[rbp+N],0 mov:qwordptr_[rbp+N],0 mov:qwordptr_[rbp+N],0 mov:qwordptr_[rbp+N],0 mov:qwordptr_[rbp+N],0 mov:dwordptr_[rbp+N],0 lea:rax,[rbp+N] mov:qwordptr_[rbp+N],rax mov:dwordptr_[rbp+N],0 mov:qwordptr_[rbp+N],N mov:rax,qwordptr_[rbp+N] mov:rcx,rax call:N mov:qwordptr_[rbp+N],rax lea:rax,[rbp-N] mov:rdx,rax mov:ecx,N mov:rax,qwordptr_[rip+N] call:rax test:eax,eax jne:N mov:dwordptr_[rbp+N],1 mov:r8d,6 mov:edx,1 mov:ecx,2 mov:rax,qwordptr_[rip+N] call:rax mov:qwordptr_[rbp+N],rax cmp:qwordptr_[rbp+N],-1 je:N lea:rax,[rbp+N] mov:r8d,N mov:edx,0 mov:rcx,rax call:N mov:wordptr_[rbp+N],2 lea:rax,[rip+N] mov:rcx,rax mov:rax,qwordptr_[rip+N] call:rax mov:dwordptr_[rbp+N],eax mov:ecx,N mov:rax,qwordptr_[rip+N] call:rax mov:wordptr_[rbp+N],ax lea:rdx,[rbp+N] mov:rax,qwordptr_[rbp+N] mov:r8d,N mov:rcx,rax mov:rax,qwordptr_[rip+N] call:rax cmp:eax,-1 je:N mov:rax,qwordptr_[rbp+N] mov:edx,eax mov:eax,N sub:eax,edx mov:ecx,eax mov:rdx,qwordptr_[rbp+N] mov:rax,qwordptr_[rbp+N] add:rdx,rax mov:rax,qwordptr_[rbp+N] mov:r9d,0 mov:r8d,ecx mov:rcx,rax mov:rax,qwordptr_[rip+N] call:rax mov:dwordptr_[rbp+N],eax cmp:dwordptr_[rbp+N],-1 je:N cmp:dwordptr_",key_op_full,CWE-134,2,1.0,{'CWE-134': 2},0.9925788497217068,56,,c883fe3b899699a6,,,,,,,
BIN_2663784,45320,1,CWE-606,,"push:rbp sub:rsp,N lea:rbp,[rsp+N] lea:rax,[rip-N] mov:qwordptr_[rbp+N],rax mov:qwordptr_[rbp+N],0 mov:qwordptr_[rbp+N],0 mov:qwordptr_[rbp+N],0 mov:qwordptr_[rbp+N],0 mov:qwordptr_[rbp+N],0 mov:qwordptr_[rbp+N],0 mov:qwordptr_[rbp+N],0 mov:qwordptr_[rbp+N],0 mov:qwordptr_[rbp+N],0 mov:qwordptr_[rbp+N],0 mov:qwordptr_[rbp+N],0 mov:qwordptr_[rbp+N],0 mov:dwordptr_[rbp+N],0 lea:rax,[rbp+N] mov:qwordptr_[rbp+N],rax mov:dwordptr_[rbp+N],0 mov:qwordptr_[rbp+N],N mov:rax,qwordptr_[rbp+N] mov:rcx,rax call:N mov:qwordptr_[rbp+N],rax lea:rax,[rbp-N] mov:rdx,rax mov:ecx,N mov:rax,qwordptr_[rip+N] call:rax test:eax,eax jne:N mov:dwordptr_[rbp+N],1 mov:r8d,6 mov:edx,1 mov:ecx,2 mov:rax,qwordptr_[rip+N] call:rax mov:qwordptr_[rbp+N],rax cmp:qwordptr_[rbp+N],-1 je:N lea:rax,[rbp+N] mov:r8d,N mov:edx,0 mov:rcx,rax call:N mov:wordptr_[rbp+N],2 lea:rax,[rip+N] mov:rcx,rax mov:rax,qwordptr_[rip+N] call:rax mov:dwordptr_[rbp+N],eax mov:ecx,N mov:rax,qwordptr_[rip+N] call:rax mov:wordptr_[rbp+N],ax lea:rdx,[rbp+N] mov:rax,qwordptr_[rbp+N] mov:r8d,N mov:rcx,rax mov:rax,qwordptr_[rip+N] call:rax cmp:eax,-1 je:N mov:rax,qwordptr_[rbp+N] mov:edx,eax mov:eax,N sub:eax,edx mov:ecx,eax mov:rdx,qwordptr_[rbp+N] mov:rax,qwordptr_[rbp+N] add:rdx,rax mov:rax,qwordptr_[rbp+N] mov:r9d,0 mov:r8d,ecx mov:rcx,rax mov:rax,qwordptr_[rip+N] call:rax mov:dwordptr_[rbp+N],eax cmp:dwordptr_[rbp+N],-1 je:N cmp:dwordptr_",key_ins_full,CWE-134,2,1.0,{'CWE-134': 2},0.9870514243433223,70,8c0ca665d143c76c,,,,,,,,
BIN_2663784,45320,1,CWE-606,,"push:rbp sub:rsp,N lea:rbp,[rsp+N] lea:rax,[rip-N] mov:qwordptr_[rbp+N],rax mov:qwordptr_[rbp+N],0 mov:qwordptr_[rbp+N],0 mov:qwordptr_[rbp+N],0 mov:qwordptr_[rbp+N],0 mov:qwordptr_[rbp+N],0 mov:qwordptr_[rbp+N],0 mov:qwordptr_[rbp+N],0 mov:qwordptr_[rbp+N],0 mov:qwordptr_[rbp+N],0 mov:qwordptr_[rbp+N],0 mov:qwordptr_[rbp+N],0 mov:qwordptr_[rbp+N],0 mov:dwordptr_[rbp+N],0 lea:rax,[rbp+N] mov:qwordptr_[rbp+N],rax mov:dwordptr_[rbp+N],0 mov:qwordptr_[rbp+N],N mov:rax,qwordptr_[rbp+N] mov:rcx,rax call:N mov:qwordptr_[rbp+N],rax lea:rax,[rbp-N] mov:rdx,rax mov:ecx,N mov:rax,qwordptr_[rip+N] call:rax test:eax,eax jne:N mov:dwordptr_[rbp+N],1 mov:r8d,6 mov:edx,1 mov:ecx,2 mov:rax,qwordptr_[rip+N] call:rax mov:qwordptr_[rbp+N],rax cmp:qwordptr_[rbp+N],-1 je:N lea:rax,[rbp+N] mov:r8d,N mov:edx,0 mov:rcx,rax call:N mov:wordptr_[rbp+N],2 lea:rax,[rip+N] mov:rcx,rax mov:rax,qwordptr_[rip+N] call:rax mov:dwordptr_[rbp+N],eax mov:ecx,N mov:rax,qwordptr_[rip+N] call:rax mov:wordptr_[rbp+N],ax lea:rdx,[rbp+N] mov:rax,qwordptr_[rbp+N] mov:r8d,N mov:rcx,rax mov:rax,qwordptr_[rip+N] call:rax cmp:eax,-1 je:N mov:rax,qwordptr_[rbp+N] mov:edx,eax mov:eax,N sub:eax,edx mov:ecx,eax mov:rdx,qwordptr_[rbp+N] mov:rax,qwordptr_[rbp+N] add:rdx,rax mov:rax,qwordptr_[rbp+N] mov:r9d,0 mov:r8d,ecx mov:rcx,rax mov:rax,qwordptr_[rip+N] call:rax mov:dwordptr_[rbp+N],eax cmp:dwordptr_[rbp+N],-1 je:N cmp:dwordptr_",key_len_ins_calls,CWE-134,2,1.0,{'CWE-134': 2},0.9334157541504768,377,,,,,,,,,742|133|13|12
BIN_2701373,33279,1,CWE-036,,"push:rbp push:rdi sub:rsp,N lea:rbp,[rsp+N] lea:rdx,[rbp-N] mov:eax,0 mov:ecx,N mov:rdi,rdx rep mov:rdx,rdi mov:dwordptr_[rdx],eax add:rdx,4 lea:rax,[rbp-N] mov:qwordptr_[rbp+N],rax mov:rax,qwordptr_[rbp+N] mov:rcx,rax call:N mov:qwordptr_[rbp+N],rax mov:rax,qwordptr_[rbp+N] sub:rax,N cmp:rax,1 jbe:N mov:ecx,0 mov:rax,qwordptr_[rip+N] call:rax mov:rdx,rax mov:rax,qwordptr_[rbp+N] mov:ecx,eax mov:eax,N sub:eax,ecx mov:r9d,eax mov:rcx,qwordptr_[rbp+N] mov:rax,qwordptr_[rbp+N] add:rax,rcx mov:r8,rdx mov:edx,r9d mov:rcx,rax call:N test:rax,rax setne:al test:al,al je:N mov:rax,qwordptr_[rbp+N] mov:rcx,rax call:N mov:qwordptr_[rbp+N],rax cmp:qwordptr_[rbp+N],0 je:N mov:rax,qwordptr_[rbp+N] lea:rdx,[rax-1] mov:rax,qwordptr_[rbp+N] add:rax,rdx movzx:eax,byteptr_[rax] cmp:al,N jne:N mov:rax,qwordptr_[rbp+N] lea:rdx,[rax-1] mov:rax,qwordptr_[rbp+N] add:rax,rdx mov:byteptr_[rax],0 jmp:N lea:rax,[rip+N] mov:rcx,rax call:N mov:rdx,qwordptr_[rbp+N] mov:rax,qwordptr_[rbp+N] add:rax,rdx mov:byteptr_[rax],0 mov:rax,qwordptr_[rbp+N] mov:qwordptr_[rbp+N],rax mov:rax,qwordptr_[rbp+N] mov:qwordptr_[rbp+N],rax mov:qwordptr_[rbp+N],0 lea:rdx,[rip+N] mov:rax,qwordptr_[rbp+N] mov:rcx,rax call:N mov:qwordptr_[rbp+N],rax cmp:qwordptr_[rbp+N],0 je:N mov:rax,qwordptr_[rbp+N] mov:rcx,rax call:N nop: add:rsp,N pop:rdi pop:rbp ret:",key_ins_tail24,CWE-023,2,1.0,{'CWE-023': 2},0.9919796954314721,79,,,,,42ac7dc956780d0d,,,,
BIN_2701373,33279,1,CWE-036,,"push:rbp push:rdi sub:rsp,N lea:rbp,[rsp+N] lea:rdx,[rbp-N] mov:eax,0 mov:ecx,N mov:rdi,rdx rep mov:rdx,rdi mov:dwordptr_[rdx],eax add:rdx,4 lea:rax,[rbp-N] mov:qwordptr_[rbp+N],rax mov:rax,qwordptr_[rbp+N] mov:rcx,rax call:N mov:qwordptr_[rbp+N],rax mov:rax,qwordptr_[rbp+N] sub:rax,N cmp:rax,1 jbe:N mov:ecx,0 mov:rax,qwordptr_[rip+N] call:rax mov:rdx,rax mov:rax,qwordptr_[rbp+N] mov:ecx,eax mov:eax,N sub:eax,ecx mov:r9d,eax mov:rcx,qwordptr_[rbp+N] mov:rax,qwordptr_[rbp+N] add:rax,rcx mov:r8,rdx mov:edx,r9d mov:rcx,rax call:N test:rax,rax setne:al test:al,al je:N mov:rax,qwordptr_[rbp+N] mov:rcx,rax call:N mov:qwordptr_[rbp+N],rax cmp:qwordptr_[rbp+N],0 je:N mov:rax,qwordptr_[rbp+N] lea:rdx,[rax-1] mov:rax,qwordptr_[rbp+N] add:rax,rdx movzx:eax,byteptr_[rax] cmp:al,N jne:N mov:rax,qwordptr_[rbp+N] lea:rdx,[rax-1] mov:rax,qwordptr_[rbp+N] add:rax,rdx mov:byteptr_[rax],0 jmp:N lea:rax,[rip+N] mov:rcx,rax call:N mov:rdx,qwordptr_[rbp+N] mov:rax,qwordptr_[rbp+N] add:rax,rdx mov:byteptr_[rax],0 mov:rax,qwordptr_[rbp+N] mov:qwordptr_[rbp+N],rax mov:rax,qwordptr_[rbp+N] mov:qwordptr_[rbp+N],rax mov:qwordptr_[rbp+N],0 lea:rdx,[rip+N] mov:rax,qwordptr_[rbp+N] mov:rcx,rax call:N mov:qwordptr_[rbp+N],rax cmp:qwordptr_[rbp+N],0 je:N mov:rax,qwordptr_[rbp+N] mov:rcx,rax call:N nop: add:rsp,N pop:rdi pop:rbp ret:",key_ins_tail30,CWE-023,2,1.0,{'CWE-023': 2},0.9905738187816661,80,,,,1a318039b04a5ccd,,,,,
BIN_2701373,33279,1,CWE-036,,"push:rbp push:rdi sub:rsp,N lea:rbp,[rsp+N] lea:rdx,[rbp-N] mov:eax,0 mov:ecx,N mov:rdi,rdx rep mov:rdx,rdi mov:dwordptr_[rdx],eax add:rdx,4 lea:rax,[rbp-N] mov:qwordptr_[rbp+N],rax mov:rax,qwordptr_[rbp+N] mov:rcx,rax call:N mov:qwordptr_[rbp+N],rax mov:rax,qwordptr_[rbp+N] sub:rax,N cmp:rax,1 jbe:N mov:ecx,0 mov:rax,qwordptr_[rip+N] call:rax mov:rdx,rax mov:rax,qwordptr_[rbp+N] mov:ecx,eax mov:eax,N sub:eax,ecx mov:r9d,eax mov:rcx,qwordptr_[rbp+N] mov:rax,qwordptr_[rbp+N] add:rax,rcx mov:r8,rdx mov:edx,r9d mov:rcx,rax call:N test:rax,rax setne:al test:al,al je:N mov:rax,qwordptr_[rbp+N] mov:rcx,rax call:N mov:qwordptr_[rbp+N],rax cmp:qwordptr_[rbp+N],0 je:N mov:rax,qwordptr_[rbp+N] lea:rdx,[rax-1] mov:rax,qwordptr_[rbp+N] add:rax,rdx movzx:eax,byteptr_[rax] cmp:al,N jne:N mov:rax,qwordptr_[rbp+N] lea:rdx,[rax-1] mov:rax,qwordptr_[rbp+N] add:rax,rdx mov:byteptr_[rax],0 jmp:N lea:rax,[rip+N] mov:rcx,rax call:N mov:rdx,qwordptr_[rbp+N] mov:rax,qwordptr_[rbp+N] add:rax,rdx mov:byteptr_[rax],0 mov:rax,qwordptr_[rbp+N] mov:qwordptr_[rbp+N],rax mov:rax,qwordptr_[rbp+N] mov:qwordptr_[rbp+N],rax mov:qwordptr_[rbp+N],0 lea:rdx,[rip+N] mov:rax,qwordptr_[rbp+N] mov:rcx,rax call:N mov:qwordptr_[rbp+N],rax cmp:qwordptr_[rbp+N],0 je:N mov:rax,qwordptr_[rbp+N] mov:rcx,rax call:N nop: add:rsp,N pop:rdi pop:rbp ret:",key_ins_tail36,CWE-023,2,1.0,{'CWE-023': 2},0.9869588599085776,97,,,2ddd3dea65cd01f1,,,,,,
BIN_2745664,52748,1,CWE-762,,"push:rbp mov:rbp,rsp sub:rsp,N mov:qwordptr_[rbp-8],0 mov:eax,dwordptr_[rip+N] cmp:eax,5 jne:N movabs:rax,N movabs:rdx,N mov:qwordptr_[rbp-N],rax mov:qwordptr_[rbp-N],rdx mov:wordptr_[rbp-N],0 lea:rax,[rbp-N] mov:rcx,rax call:N mov:qwordptr_[rbp-8],rax mov:eax,dwordptr_[rip+N] cmp:eax,5 jne:N cmp:qwordptr_[rbp-8],0 je:N mov:rax,qwordptr_[rbp-8] mov:rcx,rax call:N nop: add:rsp,N pop:rbp ret:",key_len_ins_calls,CWE-590,5,1.0,{'CWE-590': 5},0.9334157541504768,377,,,,,,,,,114|28|2|3
BIN_2762424,14152,1,CWE-126,,"push:rbp sub:rsp,N lea:rbp,[rsp+N] mov:qwordptr_[rbp+N],0 lea:rax,[rbp+N] mov:rcx,rax call:N lea:rax,[rbp-N] mov:r8d,N mov:edx,N mov:rcx,rax call:N mov:wordptr_[rbp+N],0 lea:rax,[rbp-N] mov:rcx,rax call:N mov:qwordptr_[rbp+N],rax mov:qwordptr_[rbp+N],0 jmp:N mov:rax,qwordptr_[rbp+N] mov:rdx,qwordptr_[rbp+N] add:rdx,rdx add:rax,rdx movzx:edx,wordptr_[rax] mov:rax,qwordptr_[rbp+N] mov:wordptr_[rbp+rax*2-N],dx add:qwordptr_[rbp+N],1 mov:rax,qwordptr_[rbp+N] cmp:rax,qwordptr_[rbp+N] jb:N mov:wordptr_[rbp+N],0 lea:rax,[rbp-N] mov:rcx,rax call:N mov:rax,qwordptr_[rbp+N] test:rax,rax je:N mov:rax,qwordptr_[rbp+N] mov:rcx,rax call:N nop: add:rsp,N pop:rbp ret:",key_marker_tail,CWE-127,169,1.0,{'CWE-127': 169},0.9945901446548278,46,,,,,,,60f1c9c3a7e2fc7b,,
BIN_2765474,13106,1,CWE-126,,"push:rbp mov:rbp,rsp sub:rsp,N mov:dwordptr_[rbp-4],N mov:qwordptr_[rbp-N],0 mov:qwordptr_[rbp-N],0 mov:ecx,0 mov:rax,qwordptr_[rip+N] call:rax mov:rdx,rax lea:rax,[rbp-N] mov:r8,rdx mov:edx,N mov:rcx,rax call:N test:rax,rax je:N lea:rax,[rbp-N] mov:rcx,rax call:N mov:dwordptr_[rbp-4],eax jmp:N lea:rax,[rip+N] mov:rcx,rax call:N pxor:xmm0,xmm0 movaps:xmmwordptr_[rbp-N],xmm0 movaps:xmmwordptr_[rbp-N],xmm0 movq:qwordptr_[rbp-N],xmm0 cmp:dwordptr_[rbp-4],0 js:N mov:eax,dwordptr_[rbp-4] cdqe: mov:eax,dwordptr_[rbp+rax*4-N] mov:ecx,eax call:N jmp:N lea:rax,[rip+N] mov:rcx,rax call:N nop: add:rsp,N pop:rbp ret:",key_len_ins_calls,CWE-127,3,1.0,{'CWE-127': 3},0.9334157541504768,377,,,,,,,,,168|44|6|4
BIN_2786911,23347,1,CWE-191,,"push:rbp mov:rbp,rsp sub:rsp,N mov:qwordptr_[rbp-8],0 mov:rax,qwordptr_[rip+N] mov:eax,dwordptr_[rax] test:eax,eax je:N movabs:rax,N mov:qwordptr_[rbp-8],rax mov:rax,qwordptr_[rip+N] mov:eax,dwordptr_[rax] test:eax,eax je:N cmp:qwordptr_[rbp-8],0 jns:N mov:rax,qwordptr_[rbp-8] add:rax,rax mov:qwordptr_[rbp-N],rax mov:rax,qwordptr_[rbp-N] mov:rcx,rax call:N nop: add:rsp,N pop:rbp ret:",key_len_ins_calls,CWE-190,2,1.0,{'CWE-190': 2},0.9334157541504768,377,,,,,,,,,93|26|1|3
BIN_2813184,47313,1,CWE-690,,"push:rbp mov:rbp,rsp sub:rsp,N mov:qwordptr_[rbp-8],0 mov:ecx,N call:N mov:qwordptr_[rbp-8],rax mov:rax,qwordptr_[rip+N] mov:eax,dwordptr_[rax] test:eax,eax je:N mov:rax,qwordptr_[rbp-8] movabs:rdx,N mov:qwordptr_[rax],rdx mov:dwordptr_[rax+7],N mov:rax,qwordptr_[rbp-8] mov:rcx,rax call:N mov:rax,qwordptr_[rbp-8] mov:rcx,rax call:N nop: add:rsp,N pop:rbp ret:",key_len_ins_calls,CWE-590,2,1.0,{'CWE-590': 2},0.9334157541504768,377,,,,,,,,,98|25|3|1
BIN_2824854,18987,1,CWE-188,,"push:rbp mov:rbp,rsp sub:rsp,N call:N test:eax,eax je:N mov:dwordptr_[rbp-8],N movzx:eax,byteptr_[rbp-5] or:eax,N mov:byteptr_[rbp-5],al mov:eax,dwordptr_[rbp-8] mov:ecx,eax call:N jmp:N mov:dwordptr_[rbp-4],N or:dwordptr_[rbp-4],N mov:eax,dwordptr_[rbp-4] mov:ecx,eax call:N nop: add:rsp,N pop:rbp ret:",key_len_ins_calls,CWE-415,10,1.0,{'CWE-415': 10},0.9334157541504768,377,,,,,,,,,77|23|3|2
BIN_2826229,33757,1,CWE-036,,"push:rbp push:rdi push:rbx sub:rsp,N lea:rbp,[rsp+N] lea:rax,[rbp+N] mov:qwordptr_[rbp+N],rax lea:rax,[rbp+N] mov:qwordptr_[rbp+N],rax lea:rdx,[rbp+N] mov:eax,0 mov:ecx,N mov:rdi,rdx rep mov:rdx,rdi mov:dwordptr_[rdx],eax add:rdx,4 lea:rax,[rbp+N] mov:qwordptr_[rbp+N],rax mov:rax,qwordptr_[rbp+N] mov:rax,qwordptr_[rax] mov:qwordptr_[rbp+N],rax mov:rax,qwordptr_[rbp+N] mov:rcx,rax call:N mov:qwordptr_[rbp+N],rax mov:rax,qwordptr_[rbp+N] sub:rax,N cmp:rax,1 jbe:N lea:rdx,[rip+N] lea:rax,[rip+N] mov:rcx,rax call:N mov:qwordptr_[rbp+N],rax cmp:qwordptr_[rbp+N],0 je:N mov:rax,qwordptr_[rbp+N] mov:edx,eax mov:eax,N sub:eax,edx mov:ecx,eax mov:rdx,qwordptr_[rbp+N] mov:rax,qwordptr_[rbp+N] add:rax,rdx mov:rdx,qwordptr_[rbp+N] mov:r8,rdx mov:edx,ecx mov:rcx,rax call:N test:rax,rax sete:al test:al,al je:N lea:rax,[rip+N] mov:rcx,rax call:N mov:rdx,qwordptr_[rbp+N] mov:rax,qwordptr_[rbp+N] add:rax,rdx mov:byteptr_[rax],0 mov:rax,qwordptr_[rbp+N] mov:rcx,rax call:N mov:rax,qwordptr_[rbp+N] mov:rdx,qwordptr_[rbp+N] mov:qwordptr_[rax],rdx mov:rax,qwordptr_[rbp+N] mov:rax,qwordptr_[rax] mov:qwordptr_[rbp+N],rax lea:rax,[rbp-N] mov:rcx,rax call:N mov:rdx,qwordptr_[rbp+N] lea:rax,[rbp-N] mov:r8d,N mov:rcx,rax call:N lea:rax,[rbp-N] mov:rcx,rax call:N lea:rax,[rbp-N] mov:rcx,rax call:N jmp:N mov:rbx,rax lea:rax,[rbp-N] mov:rcx,rax call:N mov:rax,rbx",key_ins_tail36,CWE-023,2,1.0,{'CWE-023': 2},0.9869588599085776,97,,,d20b5ec2ae84864e,,,,,,
BIN_2867257,32044,1,CWE-253,,"push:rbp mov:rbp,rsp sub:rsp,N mov:eax,dwordptr_[rip+N] cmp:eax,5 jne:N lea:rdx,[rip+N] lea:rax,[rip+N] mov:rcx,rax mov:rax,qwordptr_[rip+N] call:rax test:eax,eax jne:N lea:rax,[rip+N] mov:rcx,rax call:N nop: add:rsp,N pop:rbp ret:",key_len_ins_calls,CWE-762,9,1.0,{'CWE-762': 9},0.9334157541504768,377,,,,,,,,,71|20|2|2
BIN_2879242,41581,1,CWE-479,,"push:rbp mov:rbp,rsp sub:rsp,N call:N test:eax,eax je:N lea:rax,[rip-N] mov:rdx,rax mov:ecx,2 call:N nop: add:rsp,N pop:rbp ret:",key_op_full,CWE-252,2,1.0,{'CWE-252': 2},0.9925788497217068,56,,a4a62b6aa05e0227,,,,,,,
BIN_2879242,41581,1,CWE-479,,"push:rbp mov:rbp,rsp sub:rsp,N call:N test:eax,eax je:N lea:rax,[rip-N] mov:rdx,rax mov:ecx,2 call:N nop: add:rsp,N pop:rbp ret:",key_len_ins_calls,CWE-253,3,1.0,{'CWE-253': 3},0.9334157541504768,377,,,,,,,,,44|14|2|1
BIN_2899706,19200,1,CWE-190,,"push:rbp mov:rbp,rsp sub:rsp,N mov:byteptr_[rbp-1],N mov:byteptr_[rbp-1],N nop: cmp:byteptr_[rbp-1],0 jle:N movzx:eax,byteptr_[rbp-1] add:eax,eax mov:byteptr_[rbp-2],al movsx:eax,byteptr_[rbp-2] mov:ecx,eax call:N nop: nop: add:rsp,N pop:rbp ret:",key_len_ins_calls,CWE-191,2,1.0,{'CWE-191': 2},0.9334157541504768,377,,,,,,,,,51|19|1|1
BIN_2907430,54161,1,CWE-078,,"push:rbp sub:rsp,N lea:rbp,[rsp+N] lea:rax,[rip-N] mov:qwordptr_[rbp+N],rax mov:qwordptr_[rbp+N],N mov:qwordptr_[rbp+N],0 mov:qwordptr_[rbp+N],0 mov:qwordptr_[rbp+N],0 mov:qwordptr_[rbp+N],0 mov:qwordptr_[rbp+N],0 mov:qwordptr_[rbp+N],0 mov:qwordptr_[rbp+N],0 mov:qwordptr_[rbp+N],0 mov:qwordptr_[rbp+N],0 mov:qwordptr_[rbp+N],0 mov:qwordptr_[rbp+N],0 mov:dwordptr_[rbp+N],0 lea:rax,[rbp+N] mov:qwordptr_[rbp+N],rax mov:dwordptr_[rbp+N],0 mov:qwordptr_[rbp+N],N mov:rax,qwordptr_[rbp+N] mov:rcx,rax call:N mov:qwordptr_[rbp+N],rax lea:rax,[rbp-N] mov:rdx,rax mov:ecx,N mov:rax,qwordptr_[rip+N] call:rax test:eax,eax jne:N mov:dwordptr_[rbp+N],1 mov:r8d,6 mov:edx,1 mov:ecx,2 mov:rax,qwordptr_[rip+N] call:rax mov:qwordptr_[rbp+N],rax cmp:qwordptr_[rbp+N],-1 je:N lea:rax,[rbp+N] mov:r8d,N mov:edx,0 mov:rcx,rax call:N mov:wordptr_[rbp+N],2 lea:rax,[rip+N] mov:rcx,rax mov:rax,qwordptr_[rip+N] call:rax mov:dwordptr_[rbp+N],eax mov:ecx,N mov:rax,qwordptr_[rip+N] call:rax mov:wordptr_[rbp+N],ax lea:rdx,[rbp+N] mov:rax,qwordptr_[rbp+N] mov:r8d,N mov:rcx,rax mov:rax,qwordptr_[rip+N] call:rax cmp:eax,-1 je:N mov:rax,qwordptr_[rbp+N] mov:edx,eax mov:eax,N sub:eax,edx mov:ecx,eax mov:rdx,qwordptr_[rbp+N] mov:rax,qwordptr_[rbp+N] add:rdx,rax mov:rax,qwordptr_[rbp+N] mov:r9d,0 mov:r8d,ecx mov:rcx,rax mov:rax,qwordptr_[rip+N] call:rax mov:dwordptr_[rbp+N],eax cmp:dwordptr_[rbp+N],-1 je:N cmp:dwordptr_",key_op_full,CWE-134,2,1.0,{'CWE-134': 2},0.9925788497217068,56,,c883fe3b899699a6,,,,,,,
BIN_2907430,54161,1,CWE-078,,"push:rbp sub:rsp,N lea:rbp,[rsp+N] lea:rax,[rip-N] mov:qwordptr_[rbp+N],rax mov:qwordptr_[rbp+N],N mov:qwordptr_[rbp+N],0 mov:qwordptr_[rbp+N],0 mov:qwordptr_[rbp+N],0 mov:qwordptr_[rbp+N],0 mov:qwordptr_[rbp+N],0 mov:qwordptr_[rbp+N],0 mov:qwordptr_[rbp+N],0 mov:qwordptr_[rbp+N],0 mov:qwordptr_[rbp+N],0 mov:qwordptr_[rbp+N],0 mov:qwordptr_[rbp+N],0 mov:dwordptr_[rbp+N],0 lea:rax,[rbp+N] mov:qwordptr_[rbp+N],rax mov:dwordptr_[rbp+N],0 mov:qwordptr_[rbp+N],N mov:rax,qwordptr_[rbp+N] mov:rcx,rax call:N mov:qwordptr_[rbp+N],rax lea:rax,[rbp-N] mov:rdx,rax mov:ecx,N mov:rax,qwordptr_[rip+N] call:rax test:eax,eax jne:N mov:dwordptr_[rbp+N],1 mov:r8d,6 mov:edx,1 mov:ecx,2 mov:rax,qwordptr_[rip+N] call:rax mov:qwordptr_[rbp+N],rax cmp:qwordptr_[rbp+N],-1 je:N lea:rax,[rbp+N] mov:r8d,N mov:edx,0 mov:rcx,rax call:N mov:wordptr_[rbp+N],2 lea:rax,[rip+N] mov:rcx,rax mov:rax,qwordptr_[rip+N] call:rax mov:dwordptr_[rbp+N],eax mov:ecx,N mov:rax,qwordptr_[rip+N] call:rax mov:wordptr_[rbp+N],ax lea:rdx,[rbp+N] mov:rax,qwordptr_[rbp+N] mov:r8d,N mov:rcx,rax mov:rax,qwordptr_[rip+N] call:rax cmp:eax,-1 je:N mov:rax,qwordptr_[rbp+N] mov:edx,eax mov:eax,N sub:eax,edx mov:ecx,eax mov:rdx,qwordptr_[rbp+N] mov:rax,qwordptr_[rbp+N] add:rdx,rax mov:rax,qwordptr_[rbp+N] mov:r9d,0 mov:r8d,ecx mov:rcx,rax mov:rax,qwordptr_[rip+N] call:rax mov:dwordptr_[rbp+N],eax cmp:dwordptr_[rbp+N],-1 je:N cmp:dwordptr_",key_len_ins_calls,CWE-134,2,1.0,{'CWE-134': 2},0.9334157541504768,377,,,,,,,,,742|133|13|12
BIN_2919973,16454,1,CWE-127,,"push:rbp sub:rsp,N lea:rbp,[rsp+N] lea:rax,[rbp+N] mov:r8d,N mov:edx,N mov:rcx,rax call:N mov:wordptr_[rbp+N],0 mov:dwordptr_[rbp+N],0 jmp:N lea:rax,[rbp+N] sub:rax,N mov:qwordptr_[rbp+N],rax add:dwordptr_[rbp+N],1 cmp:dwordptr_[rbp+N],0 jle:N lea:rax,[rbp-N] mov:r8d,N mov:edx,N mov:rcx,rax call:N mov:wordptr_[rbp+N],0 mov:rdx,qwordptr_[rbp+N] lea:rax,[rbp-N] mov:r8d,N mov:rcx,rax call:N mov:wordptr_[rbp+N],0 lea:rax,[rbp-N] mov:rcx,rax call:N nop: add:rsp,N pop:rbp ret:",key_len_ins_calls,CWE-121,2,1.0,{'CWE-121': 2},0.9334157541504768,377,,,,,,,,,173|36|4|2
BIN_2928788,48078,1,CWE-690,,"push:rbp mov:rbp,rsp sub:rsp,N mov:qwordptr_[rbp-8],0 mov:ecx,N call:N mov:qwordptr_[rbp-8],rax mov:eax,5 cmp:eax,5 jne:N lea:rdx,[rip+N] mov:rax,qwordptr_[rbp-8] mov:rcx,rax call:N mov:rax,qwordptr_[rbp-8] mov:rcx,rax call:N mov:rax,qwordptr_[rbp-8] mov:rcx,rax call:N nop: add:rsp,N pop:rbp ret:",key_len_ins_calls,CWE-415,4,1.0,{'CWE-415': 4},0.9334157541504768,377,,,,,,,,,90|24|4|1
BIN_2944726,41853,1,CWE-526,,"push:rbp mov:rbp,rsp sub:rsp,N mov:rax,qwordptr_[rip+N] mov:eax,dwordptr_[rax] cmp:eax,5 jne:N lea:rax,[rip+N] mov:rcx,rax call:N mov:rcx,rax call:N nop: add:rsp,N pop:rbp ret:",key_len_ins_calls,CWE-252,3,1.0,{'CWE-252': 3},0.9334157541504768,377,,,,,,,,,52|16|2|1
BIN_2991142,34436,1,CWE-036,,"push:rbp push:rdi sub:rsp,N lea:rbp,[rsp+N] lea:rdx,[rbp-N] mov:eax,0 mov:ecx,N mov:rdi,rdx rep lea:rax,[rbp-N] mov:qwordptr_[rbp+N],rax mov:rax,qwordptr_[rbp+N] mov:rcx,rax call:N mov:qwordptr_[rbp+N],rax lea:rax,[rip+N] mov:rcx,rax mov:rax,qwordptr_[rip+N] call:rax mov:qwordptr_[rbp+N],rax cmp:qwordptr_[rbp+N],0 je:N mov:eax,N sub:rax,qwordptr_[rbp+N] mov:rdx,rax mov:rax,qwordptr_[rbp+N] lea:rcx,[rax+rax] mov:rax,qwordptr_[rbp+N] add:rcx,rax mov:rax,qwordptr_[rbp+N] mov:r8,rdx mov:rdx,rax call:N mov:rax,qwordptr_[rbp+N] mov:qwordptr_[rip+N],rax call:N nop: add:rsp,N pop:rdi pop:rbp ret:",key_ins_tail36,CWE-023,4,1.0,{'CWE-023': 4},0.9869588599085776,97,,,ebef45f8df24905c,,,,,,
BIN_3002943,44137,1,CWE-590,,"push:rbp mov:rbp,rsp sub:rsp,N mov:qwordptr_[rbp-8],0 mov:dwordptr_[rbp-N],5 lea:rax,[rbp-N] mov:qwordptr_[rbp-8],rax mov:rax,qwordptr_[rbp-8] mov:rcx,rax call:N nop: add:rsp,N pop:rbp ret:",key_len_ins_calls,CWE-775,3,1.0,{'CWE-775': 3},0.9334157541504768,377,,,,,,,,,50|14|1|0
BIN_3021059,10792,1,CWE-122,,"push:rbp mov:rbp,rsp sub:rsp,N mov:qwordptr_[rbp-8],0 call:N test:eax,eax je:N mov:ecx,8 call:N mov:qwordptr_[rbp-8],rax cmp:qwordptr_[rbp-8],0 jne:N mov:ecx,N call:N mov:rax,qwordptr_[rbp-8] mov:dwordptr_[rax],1 mov:rax,qwordptr_[rbp-8] mov:dwordptr_[rax+4],2 mov:rax,qwordptr_[rbp-8] mov:rcx,rax call:N mov:rax,qwordptr_[rbp-8] mov:rcx,rax call:N nop: add:rsp,N pop:rbp ret:",key_len_ins_calls,CWE-401,4,1.0,{'CWE-401': 4},0.9334157541504768,377,,,,,,,,,108|28|5|2
BIN_3036796,41596,1,CWE-480,82474719bef70376,"push:rbp mov:rbp,rsp sub:rsp,N call:N nop: add:rsp,N pop:rbp ret:",key_body_hex,CWE-563,5,1.0,{'CWE-563': 5},0.9740777666999003,26,,,,,,,,,
BIN_3038181,7011,1,CWE-122,,"push:rbp mov:rbp,rsp sub:rsp,N mov:ecx,N call:N mov:qwordptr_[rbp-8],rax mov:rax,qwordptr_[rbp-8] mov:r8d,N mov:edx,N mov:rcx,rax call:N mov:rax,qwordptr_[rbp-8] add:rax,N mov:byteptr_[rax],0 nop: mov:qwordptr_[rbp-N],0 mov:qwordptr_[rbp-N],0 mov:qwordptr_[rbp-N],0 mov:qwordptr_[rbp-N],0 mov:qwordptr_[rbp-N],0 mov:qwordptr_[rbp-N],0 mov:wordptr_[rbp-N],0 mov:rax,qwordptr_[rbp-8] mov:rcx,rax call:N mov:rdx,rax mov:rcx,qwordptr_[rbp-8] lea:r8,[rip+N] lea:rax,[rbp-N] mov:r9,rcx mov:rcx,rax call:N mov:rax,qwordptr_[rbp-8] mov:rcx,rax call:N cmp:qwordptr_[rbp-8],0 je:N mov:rax,qwordptr_[rbp-8] mov:rcx,rax call:N nop: add:rsp,N pop:rbp ret:",key_len_ins_calls,CWE-124,3,1.0,{'CWE-124': 3},0.9334157541504768,377,,,,,,,,,190|44|6|1
BIN_3040886,24890,1,CWE-191,,"push:rbp sub:rsp,N lea:rbp,[rsp+N] mov:dwordptr_[rbp+N],0 call:N test:eax,eax je:N mov:dwordptr_[rbp+N],0 mov:qwordptr_[rbp+N],N mov:qwordptr_[rbp+N],N lea:rax,[rbp-N] mov:rdx,rax mov:ecx,N mov:rax,qwordptr_[rip+N] call:rax test:eax,eax jne:N mov:dwordptr_[rbp+N],1 mov:r8d,6 mov:edx,1 mov:ecx,2 mov:rax,qwordptr_[rip+N] call:rax mov:qwordptr_[rbp+N],rax cmp:qwordptr_[rbp+N],-1 je:N lea:rax,[rbp+N] mov:r8d,N mov:edx,0 mov:rcx,rax call:N mov:wordptr_[rbp+N],2 mov:dwordptr_[rbp+N],0 mov:ecx,N mov:rax,qwordptr_[rip+N] call:rax mov:wordptr_[rbp+N],ax lea:rdx,[rbp+N] mov:rax,qwordptr_[rbp+N] mov:r8d,N mov:rcx,rax mov:rax,qwordptr_[rip+N] call:rax cmp:eax,-1 je:N mov:rax,qwordptr_[rbp+N] mov:edx,5 mov:rcx,rax mov:rax,qwordptr_[rip+N] call:rax cmp:eax,-1 je:N mov:rax,qwordptr_[rbp+N] mov:r8d,0 mov:edx,0 mov:rcx,rax mov:rax,qwordptr_[rip+N] call:rax mov:qwordptr_[rbp+N],rax cmp:qwordptr_[rbp+N],-1 je:N lea:rdx,[rbp+N] mov:rax,qwordptr_[rbp+N] mov:r9d,0 mov:r8d,N mov:rcx,rax mov:rax,qwordptr_[rip+N] call:rax mov:dwordptr_[rbp+N],eax cmp:dwordptr_[rbp+N],-1 je:N cmp:dwordptr_[rbp+N],0 je:N mov:eax,dwordptr_[rbp+N] cdqe: mov:byteptr_[rbp+rax+N],0 lea:rax,[rbp+N] mov:rcx,rax call:N mov:dwordptr_[rbp+N],eax jmp:N nop: jmp:N nop: jmp:N nop: jmp:N nop: jmp:N nop:",key_len_ins_calls,CWE-190,2,1.0,{'CWE-190': 2},0.9334157541504768,377,,,,,,,,,584|119|15|17
BIN_3046541,13108,1,CWE-126,,"push:rbp mov:rbp,rsp sub:rsp,N mov:dwordptr_[rbp-4],N mov:qwordptr_[rbp-N],0 mov:qwordptr_[rbp-N],0 mov:ecx,0 mov:rax,qwordptr_[rip+N] call:rax mov:rdx,rax lea:rax,[rbp-N] mov:r8,rdx mov:edx,N mov:rcx,rax call:N test:rax,rax je:N lea:rax,[rbp-N] mov:rcx,rax call:N mov:dwordptr_[rbp-4],eax jmp:N lea:rax,[rip+N] mov:rcx,rax call:N pxor:xmm0,xmm0 movaps:xmmwordptr_[rbp-N],xmm0 movaps:xmmwordptr_[rbp-N],xmm0 movq:qwordptr_[rbp-N],xmm0 cmp:dwordptr_[rbp-4],0 js:N mov:eax,dwordptr_[rbp-4] cdqe: mov:eax,dwordptr_[rbp+rax*4-N] mov:ecx,eax call:N jmp:N lea:rax,[rip+N] mov:rcx,rax call:N nop: add:rsp,N pop:rbp ret:",key_len_ins_calls,CWE-127,3,1.0,{'CWE-127': 3},0.9334157541504768,377,,,,,,,,,168|44|6|4
BIN_3066914,41019,1,CWE-464,,"push:rbp mov:rbp,rsp sub:rsp,N mov:byteptr_[rbp-1],N movsx:eax,byteptr_[rbp-1] mov:ecx,eax call:N mov:byteptr_[rbp-1],al mov:byteptr_[rbp-5],N movzx:eax,byteptr_[rbp-1] mov:byteptr_[rbp-4],al mov:byteptr_[rbp-3],N mov:byteptr_[rbp-2],0 lea:rax,[rbp-5] mov:rcx,rax call:N nop: add:rsp,N pop:rbp ret:",key_callseq,CWE-400,6,1.0,{'CWE-400': 6},0.9922970071978785,61,,,,,,,,badsource|printline,
BIN_3074323,42479,1,CWE-570,,"push:rbp mov:rbp,rsp sub:rsp,N call:N add:eax,eax mov:dwordptr_[rbp-4],eax nop: add:rsp,N pop:rbp ret:",key_marker_tail,CWE-571,2,1.0,{'CWE-571': 2},0.9945901446548278,46,,,,,,,d47cbbe7798d2db1,,
BIN_3074323,42479,1,CWE-570,,"push:rbp mov:rbp,rsp sub:rsp,N call:N add:eax,eax mov:dwordptr_[rbp-4],eax nop: add:rsp,N pop:rbp ret:",key_callseq,CWE-789,3,1.0,{'CWE-789': 3},0.9922970071978785,61,,,,,,,,rand,
BIN_3074323,42479,1,CWE-570,,"push:rbp mov:rbp,rsp sub:rsp,N call:N add:eax,eax mov:dwordptr_[rbp-4],eax nop: add:rsp,N pop:rbp ret:",key_len_ins_calls,CWE-457,5,1.0,{'CWE-457': 5},0.9334157541504768,377,,,,,,,,,25|10|1|0
BIN_3106955,38844,1,CWE-415,,"push:rbp mov:rbp,rsp sub:rsp,N mov:qwordptr_[rbp-N],0 mov:dwordptr_[rbp-4],0 jmp:N mov:ecx,2 call:N mov:qwordptr_[rbp-N],rax mov:rax,qwordptr_[rbp-N] test:rax,rax je:N mov:edx,2 mov:rcx,rax call:N add:dwordptr_[rbp-4],1 cmp:dwordptr_[rbp-4],0 jle:N mov:dwordptr_[rbp-8],0 jmp:N mov:rax,qwordptr_[rbp-N] test:rax,rax je:N mov:edx,2 mov:rcx,rax call:N add:dwordptr_[rbp-8],1 cmp:dwordptr_[rbp-8],0 jle:N nop: nop: add:rsp,N pop:rbp ret:",key_ins_tail18,CWE-762,3,1.0,{'CWE-762': 3},0.9933922671667114,74,,,,,,c275a2f7832d4db2,,,
BIN_3145191,15173,1,CWE-127,,"push:rbp push:rbx sub:rsp,N lea:rbp,[rsp+N] mov:dwordptr_[rbp-4],N call:N and:eax,1 test:eax,eax je:N call:N shl:eax,N mov:ebx,eax call:N shl:eax,N xor:ebx,eax call:N xor:eax,ebx mov:dwordptr_[rbp-4],eax jmp:N call:N shl:eax,N mov:ebx,eax call:N shl:eax,N xor:ebx,eax call:N xor:eax,ebx not:eax mov:dwordptr_[rbp-4],eax mov:eax,dwordptr_[rbp-4] mov:dwordptr_[rbp-N],eax mov:eax,dwordptr_[rbp-N] mov:dwordptr_[rbp-8],eax pxor:xmm0,xmm0 movaps:xmmwordptr_[rbp-N],xmm0 movaps:xmmwordptr_[rbp-N],xmm0 movq:qwordptr_[rbp-N],xmm0 cmp:dwordptr_[rbp-8],9 jg:N mov:eax,dwordptr_[rbp-8] cdqe: mov:eax,dwordptr_[rbp+rax*4-N] mov:ecx,eax call:N jmp:N lea:rax,[rip+N] mov:rcx,rax call:N nop: add:rsp,N pop:rbx pop:rbp ret:",key_len_ins_calls,CWE-126,2,1.0,{'CWE-126': 2},0.9334157541504768,377,,,,,,,,,170|53|9|4
BIN_3188887,10782,1,CWE-122,,"push:rbp mov:rbp,rsp sub:rsp,N mov:qwordptr_[rbp-8],0 mov:ecx,8 call:N mov:qwordptr_[rbp-8],rax cmp:qwordptr_[rbp-8],0 jne:N mov:ecx,N call:N mov:rax,qwordptr_[rbp-8] mov:dwordptr_[rax],1 mov:rax,qwordptr_[rbp-8] mov:dwordptr_[rax+4],2 mov:rax,qwordptr_[rbp-8] mov:rcx,rax call:N mov:rax,qwordptr_[rbp-8] mov:rcx,rax call:N nop: add:rsp,N pop:rbp ret:",key_op_full,CWE-401,4,1.0,{'CWE-401': 4},0.9925788497217068,56,,12320367f7140e54,,,,,,,
BIN_3216551,21944,1,CWE-190,,"push:rbp sub:rsp,N lea:rbp,[rsp+N] mov:dwordptr_[rbp+N],0 mov:dwordptr_[rbp+N],0 jmp:N mov:dwordptr_[rbp+N],0 mov:qwordptr_[rbp+N],N mov:qwordptr_[rbp+N],N lea:rax,[rbp-N] mov:rdx,rax mov:ecx,N mov:rax,qwordptr_[rip+N] call:rax test:eax,eax jne:N mov:dwordptr_[rbp+N],1 mov:r8d,6 mov:edx,1 mov:ecx,2 mov:rax,qwordptr_[rip+N] call:rax mov:qwordptr_[rbp+N],rax cmp:qwordptr_[rbp+N],-1 je:N lea:rax,[rbp+N] mov:r8d,N mov:edx,0 mov:rcx,rax call:N mov:wordptr_[rbp+N],2 mov:dwordptr_[rbp+N],0 mov:ecx,N mov:rax,qwordptr_[rip+N] call:rax mov:wordptr_[rbp+N],ax lea:rdx,[rbp+N] mov:rax,qwordptr_[rbp+N] mov:r8d,N mov:rcx,rax mov:rax,qwordptr_[rip+N] call:rax cmp:eax,-1 je:N mov:rax,qwordptr_[rbp+N] mov:edx,5 mov:rcx,rax mov:rax,qwordptr_[rip+N] call:rax cmp:eax,-1 je:N mov:rax,qwordptr_[rbp+N] mov:r8d,0 mov:edx,0 mov:rcx,rax mov:rax,qwordptr_[rip+N] call:rax mov:qwordptr_[rbp+N],rax cmp:qwordptr_[rbp+N],-1 je:N lea:rdx,[rbp+N] mov:rax,qwordptr_[rbp+N] mov:r9d,0 mov:r8d,N mov:rcx,rax mov:rax,qwordptr_[rip+N] call:rax mov:dwordptr_[rbp+N],eax cmp:dwordptr_[rbp+N],-1 je:N cmp:dwordptr_[rbp+N],0 je:N mov:eax,dwordptr_[rbp+N] cdqe: mov:byteptr_[rbp+rax+N],0 lea:rax,[rbp+N] mov:rcx,rax call:N mov:dwordptr_[rbp+N],eax jmp:N nop: jmp:N nop: jmp:N nop: jmp:N nop: jmp:N nop: cmp:qwordptr_[rbp+N],-1",key_len_ins_calls,CWE-191,2,1.0,{'CWE-191': 2},0.9334157541504768,377,,,,,,,,,626|124|13|19
BIN_3224302,5279,1,CWE-122,,"push:rbp mov:rbp,rsp sub:rsp,N mov:qwordptr_[rbp-8],0 call:N test:eax,eax setne:al test:al,al je:N mov:ecx,N call:N mov:qwordptr_[rbp-8],rax jmp:N mov:ecx,N call:N mov:qwordptr_[rbp-8],rax movabs:rax,N mov:qwordptr_[rbp-N],rax mov:dwordptr_[rbp-N],N lea:rdx,[rbp-N] mov:rax,qwordptr_[rbp-8] mov:rcx,rax call:N mov:rax,qwordptr_[rbp-8] mov:rcx,rax call:N cmp:qwordptr_[rbp-8],0 je:N mov:rax,qwordptr_[rbp-8] mov:rcx,rax call:N nop: add:rsp,N pop:rbp ret:",key_len_ins_calls,CWE-789,2,1.0,{'CWE-789': 2},0.9334157541504768,377,,,,,,,,,135|35|6|3
BIN_3228938,41952,1,CWE-562,,"push:rbp mov:rbp,rsp sub:rsp,N call:N mov:rcx,rax call:N nop: add:rsp,N pop:rbp ret:",key_callseq,CWE-416,12,1.0,{'CWE-416': 12},0.9922970071978785,61,,,,,,,,helperbad|printline,
BIN_3244177,39363,1,CWE-426,,"push:rbp mov:rbp,rsp sub:rsp,N mov:qwordptr_[rbp-N],0 mov:qwordptr_[rbp-N],0 mov:qwordptr_[rbp-N],0 mov:qwordptr_[rbp-N],0 mov:qwordptr_[rbp-N],0 mov:qwordptr_[rbp-N],0 mov:qwordptr_[rbp-N],0 mov:qwordptr_[rbp-N],0 mov:qwordptr_[rbp-N],0 mov:qwordptr_[rbp-N],0 mov:qwordptr_[rbp-N],0 mov:qwordptr_[rbp-N],0 mov:dwordptr_[rbp-N],0 lea:rax,[rbp-N] mov:qwordptr_[rbp-N],rax lea:rax,[rbp-N] mov:rcx,rax call:N mov:rax,qwordptr_[rbp-N] lea:rdx,[rip+N] mov:rcx,rax mov:rax,qwordptr_[rip+N] call:rax mov:qwordptr_[rbp-8],rax cmp:qwordptr_[rbp-8],0 je:N mov:rax,qwordptr_[rbp-8] mov:rcx,rax mov:rax,qwordptr_[rip+N] call:rax nop: add:rsp,N pop:rbp ret:",key_ins_tail18,CWE-078,2,1.0,{'CWE-078': 2},0.9933922671667114,74,,,,,,fd8f300ac37e439b,,,
BIN_3244177,39363,1,CWE-426,,"push:rbp mov:rbp,rsp sub:rsp,N mov:qwordptr_[rbp-N],0 mov:qwordptr_[rbp-N],0 mov:qwordptr_[rbp-N],0 mov:qwordptr_[rbp-N],0 mov:qwordptr_[rbp-N],0 mov:qwordptr_[rbp-N],0 mov:qwordptr_[rbp-N],0 mov:qwordptr_[rbp-N],0 mov:qwordptr_[rbp-N],0 mov:qwordptr_[rbp-N],0 mov:qwordptr_[rbp-N],0 mov:qwordptr_[rbp-N],0 mov:dwordptr_[rbp-N],0 lea:rax,[rbp-N] mov:qwordptr_[rbp-N],rax lea:rax,[rbp-N] mov:rcx,rax call:N mov:rax,qwordptr_[rbp-N] lea:rdx,[rip+N] mov:rcx,rax mov:rax,qwordptr_[rip+N] call:rax mov:qwordptr_[rbp-8],rax cmp:qwordptr_[rbp-8],0 je:N mov:rax,qwordptr_[rbp-8] mov:rcx,rax mov:rax,qwordptr_[rip+N] call:rax nop: add:rsp,N pop:rbp ret:",key_op_full,CWE-078,2,1.0,{'CWE-078': 2},0.9925788497217068,56,,ba35e9562f5b4b3b,,,,,,,
BIN_3244177,39363,1,CWE-426,,"push:rbp mov:rbp,rsp sub:rsp,N mov:qwordptr_[rbp-N],0 mov:qwordptr_[rbp-N],0 mov:qwordptr_[rbp-N],0 mov:qwordptr_[rbp-N],0 mov:qwordptr_[rbp-N],0 mov:qwordptr_[rbp-N],0 mov:qwordptr_[rbp-N],0 mov:qwordptr_[rbp-N],0 mov:qwordptr_[rbp-N],0 mov:qwordptr_[rbp-N],0 mov:qwordptr_[rbp-N],0 mov:qwordptr_[rbp-N],0 mov:dwordptr_[rbp-N],0 lea:rax,[rbp-N] mov:qwordptr_[rbp-N],rax lea:rax,[rbp-N] mov:rcx,rax call:N mov:rax,qwordptr_[rbp-N] lea:rdx,[rip+N] mov:rcx,rax mov:rax,qwordptr_[rip+N] call:rax mov:qwordptr_[rbp-8],rax cmp:qwordptr_[rbp-8],0 je:N mov:rax,qwordptr_[rbp-8] mov:rcx,rax mov:rax,qwordptr_[rip+N] call:rax nop: add:rsp,N pop:rbp ret:",key_ins_tail24,CWE-078,2,1.0,{'CWE-078': 2},0.9919796954314721,79,,,,,0009fbfb284e884c,,,,
BIN_3244177,39363,1,CWE-426,,"push:rbp mov:rbp,rsp sub:rsp,N mov:qwordptr_[rbp-N],0 mov:qwordptr_[rbp-N],0 mov:qwordptr_[rbp-N],0 mov:qwordptr_[rbp-N],0 mov:qwordptr_[rbp-N],0 mov:qwordptr_[rbp-N],0 mov:qwordptr_[rbp-N],0 mov:qwordptr_[rbp-N],0 mov:qwordptr_[rbp-N],0 mov:qwordptr_[rbp-N],0 mov:qwordptr_[rbp-N],0 mov:qwordptr_[rbp-N],0 mov:dwordptr_[rbp-N],0 lea:rax,[rbp-N] mov:qwordptr_[rbp-N],rax lea:rax,[rbp-N] mov:rcx,rax call:N mov:rax,qwordptr_[rbp-N] lea:rdx,[rip+N] mov:rcx,rax mov:rax,qwordptr_[rip+N] call:rax mov:qwordptr_[rbp-8],rax cmp:qwordptr_[rbp-8],0 je:N mov:rax,qwordptr_[rbp-8] mov:rcx,rax mov:rax,qwordptr_[rip+N] call:rax nop: add:rsp,N pop:rbp ret:",key_ins_tail30,CWE-078,2,1.0,{'CWE-078': 2},0.9905738187816661,80,,,,0cc62e910195717c,,,,,
BIN_3244177,39363,1,CWE-426,,"push:rbp mov:rbp,rsp sub:rsp,N mov:qwordptr_[rbp-N],0 mov:qwordptr_[rbp-N],0 mov:qwordptr_[rbp-N],0 mov:qwordptr_[rbp-N],0 mov:qwordptr_[rbp-N],0 mov:qwordptr_[rbp-N],0 mov:qwordptr_[rbp-N],0 mov:qwordptr_[rbp-N],0 mov:qwordptr_[rbp-N],0 mov:qwordptr_[rbp-N],0 mov:qwordptr_[rbp-N],0 mov:qwordptr_[rbp-N],0 mov:dwordptr_[rbp-N],0 lea:rax,[rbp-N] mov:qwordptr_[rbp-N],rax lea:rax,[rbp-N] mov:rcx,rax call:N mov:rax,qwordptr_[rbp-N] lea:rdx,[rip+N] mov:rcx,rax mov:rax,qwordptr_[rip+N] call:rax mov:qwordptr_[rbp-8],rax cmp:qwordptr_[rbp-8],0 je:N mov:rax,qwordptr_[rbp-8] mov:rcx,rax mov:rax,qwordptr_[rip+N] call:rax nop: add:rsp,N pop:rbp ret:",key_len_ins_calls,CWE-078,2,1.0,{'CWE-078': 2},0.9334157541504768,377,,,,,,,,,194|37|3|1
BIN_3261365,7013,1,CWE-122,,"push:rbp mov:rbp,rsp sub:rsp,N mov:ecx,N call:N mov:qwordptr_[rbp-8],rax nop: mov:rax,qwordptr_[rbp-8] mov:r8d,N mov:edx,N mov:rcx,rax call:N mov:rax,qwordptr_[rbp-8] add:rax,N mov:byteptr_[rax],0 mov:qwordptr_[rbp-N],0 mov:qwordptr_[rbp-N],0 mov:qwordptr_[rbp-N],0 mov:qwordptr_[rbp-N],0 mov:qwordptr_[rbp-N],0 mov:qwordptr_[rbp-N],0 mov:wordptr_[rbp-N],0 mov:rax,qwordptr_[rbp-8] mov:rcx,rax call:N mov:rdx,rax mov:rcx,qwordptr_[rbp-8] lea:r8,[rip+N] lea:rax,[rbp-N] mov:r9,rcx mov:rcx,rax call:N mov:rax,qwordptr_[rbp-8] mov:rcx,rax call:N cmp:qwordptr_[rbp-8],0 je:N mov:rax,qwordptr_[rbp-8] mov:rcx,rax call:N nop: add:rsp,N pop:rbp ret:",key_len_ins_calls,CWE-124,3,1.0,{'CWE-124': 3},0.9334157541504768,377,,,,,,,,,190|44|6|1
BIN_3273022,41455,1,CWE-476,,"push:rbp mov:rbp,rsp sub:rsp,N mov:eax,dwordptr_[rip+N] test:eax,eax je:N mov:qwordptr_[rbp-8],0 mov:ecx,4 call:N mov:qwordptr_[rbp-8],rax mov:rax,qwordptr_[rbp-8] mov:dwordptr_[rax],5 mov:rax,qwordptr_[rbp-8] mov:eax,dwordptr_[rax] mov:ecx,eax call:N cmp:qwordptr_[rbp-8],0 je:N mov:rax,qwordptr_[rbp-8] mov:dwordptr_[rax],N mov:rax,qwordptr_[rbp-8] mov:eax,dwordptr_[rax] mov:ecx,eax call:N nop: add:rsp,N pop:rbp ret:",key_len_ins_calls,CWE-415,5,1.0,{'CWE-415': 5},0.9334157541504768,377,,,,,,,,,100|28|3|2
BIN_3282117,25587,1,CWE-191,0ba874a172347e9a,"push:rbp sub:rsp,N lea:rbp,[rsp+N] mov:dwordptr_[rbp+N],0 mov:dwordptr_[rbp+N],0 mov:qwordptr_[rbp+N],N mov:qwordptr_[rbp+N],N lea:rax,[rbp-N] mov:rdx,rax mov:ecx,N mov:rax,qwordptr_[rip+N] call:rax test:eax,eax jne:N mov:dwordptr_[rbp+N],1 mov:r8d,6 mov:edx,1 mov:ecx,2 mov:rax,qwordptr_[rip+N] call:rax mov:qwordptr_[rbp+N],rax cmp:qwordptr_[rbp+N],-1 je:N lea:rax,[rbp+N] mov:r8d,N mov:edx,0 mov:rcx,rax call:N mov:wordptr_[rbp+N],2 mov:dwordptr_[rbp+N],0 mov:ecx,N mov:rax,qwordptr_[rip+N] call:rax mov:wordptr_[rbp+N],ax lea:rdx,[rbp+N] mov:rax,qwordptr_[rbp+N] mov:r8d,N mov:rcx,rax mov:rax,qwordptr_[rip+N] call:rax cmp:eax,-1 je:N mov:rax,qwordptr_[rbp+N] mov:edx,5 mov:rcx,rax mov:rax,qwordptr_[rip+N] call:rax cmp:eax,-1 je:N mov:rax,qwordptr_[rbp+N] mov:r8d,0 mov:edx,0 mov:rcx,rax mov:rax,qwordptr_[rip+N] call:rax mov:qwordptr_[rbp+N],rax cmp:qwordptr_[rbp+N],-1 je:N lea:rdx,[rbp+N] mov:rax,qwordptr_[rbp+N] mov:r9d,0 mov:r8d,N mov:rcx,rax mov:rax,qwordptr_[rip+N] call:rax mov:dwordptr_[rbp+N],eax cmp:dwordptr_[rbp+N],-1 je:N cmp:dwordptr_[rbp+N],0 je:N mov:eax,dwordptr_[rbp+N] cdqe: mov:byteptr_[rbp+rax+N],0 lea:rax,[rbp+N] mov:rcx,rax call:N mov:dwordptr_[rbp+N],eax jmp:N nop: jmp:N nop: jmp:N nop: jmp:N nop: jmp:N nop: cmp:qwordptr_[rbp+N],-1 je:N mov:rax,qwordptr_[rbp+N]",key_body_hex,CWE-190,2,1.0,{'CWE-190': 2},0.9740777666999003,26,,,,,,,,,
BIN_3311345,4380,1,CWE-121,,"push:rbp sub:rsp,N lea:rbp,[rsp+N] mov:dwordptr_[rbp+N],0 jmp:N lea:rax,[rbp+N] mov:qwordptr_[rbp+N],rax mov:rax,qwordptr_[rbp+N] mov:wordptr_[rax],0 add:dwordptr_[rbp+N],1 cmp:dwordptr_[rbp+N],0 jle:N lea:rax,[rbp-N] mov:r8d,N mov:edx,N mov:rcx,rax call:N mov:wordptr_[rbp+N],0 lea:rdx,[rbp-N] mov:rax,qwordptr_[rbp+N] mov:rcx,rax call:N mov:rax,qwordptr_[rbp+N] mov:rcx,rax call:N nop: add:rsp,N pop:rbp ret:",key_ins_tail18,CWE-124,3,1.0,{'CWE-124': 3},0.9933922671667114,74,,,,,,34717573a5968361,,,
BIN_3330042,36406,1,CWE-401,,"push:rbp mov:rbp,rsp sub:rsp,N mov:qwordptr_[rbp-8],0 mov:eax,1 test:eax,eax je:N mov:ecx,N call:N mov:qwordptr_[rbp-8],rax cmp:qwordptr_[rbp-8],0 jne:N mov:ecx,N call:N mov:rax,qwordptr_[rbp-8] mov:qwordptr_[rax],5 mov:rax,qwordptr_[rbp-8] mov:rax,qwordptr_[rax] mov:rcx,rax call:N nop: add:rsp,N pop:rbp ret:",key_len_ins_calls,CWE-762,6,1.0,{'CWE-762': 6},0.9334157541504768,377,,,,,,,,,89|24|3|2
BIN_3372307,35489,1,CWE-398,12d2d1ca2b3e4cce,"push:rbp mov:rbp,rsp sub:rsp,N nop: lea:rax,[rip+N] mov:rcx,rax call:N nop: add:rsp,N pop:rbp ret:",key_body_hex,CWE-546,4,1.0,{'CWE-546': 4},0.9740777666999003,26,,,,,,,,,
BIN_3380219,10737,1,CWE-122,,"push:rbp mov:rbp,rsp sub:rsp,N mov:qwordptr_[rbp-8],0 mov:eax,1 test:eax,eax je:N mov:ecx,8 call:N mov:qwordptr_[rbp-8],rax cmp:qwordptr_[rbp-8],0 jne:N mov:ecx,N call:N mov:rax,qwordptr_[rbp-8] mov:qwordptr_[rax],N mov:rax,qwordptr_[rbp-8] mov:rax,qwordptr_[rax] mov:rcx,rax call:N mov:rax,qwordptr_[rbp-8] mov:rcx,rax call:N nop: add:rsp,N pop:rbp ret:",key_op_full,CWE-758,9,1.0,{'CWE-758': 9},0.9925788497217068,56,,36725c3489eae938,,,,,,,
BIN_3404597,8884,1,CWE-122,,"push:rbp mov:rbp,rsp sub:rsp,N mov:qwordptr_[rbp-N],0 mov:dwordptr_[rbp-4],0 jmp:N mov:ecx,N call:N mov:qwordptr_[rbp-N],rax cmp:qwordptr_[rbp-N],0 jne:N mov:ecx,N call:N mov:rax,qwordptr_[rbp-N] mov:byteptr_[rax],0 add:dwordptr_[rbp-4],1 cmp:dwordptr_[rbp-4],0 jle:N lea:rax,[rbp-N] mov:r8d,N mov:edx,N mov:rcx,rax call:N mov:byteptr_[rbp-N],0 lea:rdx,[rbp-N] mov:rax,qwordptr_[rbp-N] mov:r8d,N mov:rcx,rax call:N mov:rax,qwordptr_[rbp-N] add:rax,N mov:byteptr_[rax],0 mov:rax,qwordptr_[rbp-N] mov:rcx,rax call:N mov:rax,qwordptr_[rbp-N] mov:rcx,rax call:N nop: add:rsp,N pop:rbp ret:",key_len_ins_calls,CWE-401,3,1.0,{'CWE-401': 3},0.9334157541504768,377,,,,,,,,,170|42|6|3
BIN_3451873,35075,1,CWE-377,,"push:rbp mov:rbp,rsp sub:rsp,N mov:ecx,0 mov:rax,qwordptr_[rip+N] call:rax mov:qwordptr_[rbp-8],rax cmp:qwordptr_[rbp-8],0 jne:N mov:ecx,1 call:N mov:rax,qwordptr_[rbp-8] mov:rcx,rax call:N mov:rax,qwordptr_[rbp-8] mov:r8d,N mov:edx,N mov:rcx,rax mov:rax,qwordptr_[rip+N] call:rax mov:dwordptr_[rbp-N],eax cmp:dwordptr_[rbp-N],-1 je:N lea:rax,[rip+N] mov:rcx,rax call:N mov:eax,dwordptr_[rbp-N] mov:ecx,eax mov:rax,qwordptr_[rip+N] call:rax nop: add:rsp,N pop:rbp ret:",key_len_ins_calls,CWE-122,3,1.0,{'CWE-122': 3},0.9334157541504768,377,,,,,,,,,127|34|6|2
BIN_3457567,25574,1,CWE-191,,"push:rbp sub:rsp,N lea:rbp,[rsp+N] mov:dwordptr_[rbp+N],0 call:N test:eax,eax je:N mov:dwordptr_[rbp+N],0 mov:qwordptr_[rbp+N],N mov:qwordptr_[rbp+N],N lea:rax,[rbp-N] mov:rdx,rax mov:ecx,N mov:rax,qwordptr_[rip+N] call:rax test:eax,eax jne:N mov:dwordptr_[rbp+N],1 mov:r8d,6 mov:edx,1 mov:ecx,2 mov:rax,qwordptr_[rip+N] call:rax mov:qwordptr_[rbp+N],rax cmp:qwordptr_[rbp+N],-1 je:N lea:rax,[rbp+N] mov:r8d,N mov:edx,0 mov:rcx,rax call:N mov:wordptr_[rbp+N],2 mov:dwordptr_[rbp+N],0 mov:ecx,N mov:rax,qwordptr_[rip+N] call:rax mov:wordptr_[rbp+N],ax lea:rdx,[rbp+N] mov:rax,qwordptr_[rbp+N] mov:r8d,N mov:rcx,rax mov:rax,qwordptr_[rip+N] call:rax cmp:eax,-1 je:N mov:rax,qwordptr_[rbp+N] mov:edx,5 mov:rcx,rax mov:rax,qwordptr_[rip+N] call:rax cmp:eax,-1 je:N mov:rax,qwordptr_[rbp+N] mov:r8d,0 mov:edx,0 mov:rcx,rax mov:rax,qwordptr_[rip+N] call:rax mov:qwordptr_[rbp+N],rax cmp:qwordptr_[rbp+N],-1 je:N lea:rdx,[rbp+N] mov:rax,qwordptr_[rbp+N] mov:r9d,0 mov:r8d,N mov:rcx,rax mov:rax,qwordptr_[rip+N] call:rax mov:dwordptr_[rbp+N],eax cmp:dwordptr_[rbp+N],-1 je:N cmp:dwordptr_[rbp+N],0 je:N mov:eax,dwordptr_[rbp+N] cdqe: mov:byteptr_[rbp+rax+N],0 lea:rax,[rbp+N] mov:rcx,rax call:N mov:dwordptr_[rbp+N],eax jmp:N nop: jmp:N nop: jmp:N nop: jmp:N nop: jmp:N nop:",key_len_ins_calls,CWE-190,2,1.0,{'CWE-190': 2},0.9334157541504768,377,,,,,,,,,584|119|15|17
BIN_3461274,2550,1,CWE-121,,"push:rbp sub:rsp,N lea:rbp,[rsp+N] sub:rsp,N lea:rax,[rsp+N] add:rax,N shr:rax,4 shl:rax,4 mov:qwordptr_[rbp+N],rax sub:rsp,N lea:rax,[rsp+N] add:rax,N shr:rax,4 shl:rax,4 mov:qwordptr_[rbp+N],rax mov:rax,qwordptr_[rbp+N] mov:qwordptr_[rbp+N],rax mov:rax,qwordptr_[rbp+N] mov:wordptr_[rax],0 mov:rax,qwordptr_[rbp+N] mov:qwordptr_[rbp+N],rax mov:rax,qwordptr_[rbp+N] mov:qwordptr_[rbp+N],rax lea:rax,[rbp-N] mov:r8d,N mov:edx,N mov:rcx,rax call:N mov:wordptr_[rbp+N],0 lea:rdx,[rbp-N] mov:rax,qwordptr_[rbp+N] mov:r8d,N mov:rcx,rax call:N mov:rax,qwordptr_[rbp+N] add:rax,N mov:wordptr_[rax],0 mov:rax,qwordptr_[rbp+N] mov:rcx,rax call:N nop: lea:rsp,[rbp+N] pop:rbp ret:",key_ins_tail24,CWE-124,4,1.0,{'CWE-124': 4},0.9919796954314721,79,,,,,50a0bd965e8d00a4,,,,
BIN_3462698,52844,1,CWE-762,,"push:rbp mov:rbp,rsp sub:rsp,N mov:qwordptr_[rbp-8],0 mov:eax,dwordptr_[rip+N] cmp:eax,5 jne:N movabs:rax,N movabs:rdx,N mov:qwordptr_[rbp-N],rax mov:qwordptr_[rbp-N],rdx mov:wordptr_[rbp-N],0 lea:rax,[rbp-N] mov:rcx,rax call:N mov:qwordptr_[rbp-8],rax mov:eax,dwordptr_[rip+N] cmp:eax,5 jne:N mov:rax,qwordptr_[rbp-8] test:rax,rax je:N mov:edx,2 mov:rcx,rax call:N nop: add:rsp,N pop:rbp ret:",key_len_ins_calls,CWE-590,3,1.0,{'CWE-590': 3},0.9334157541504768,377,,,,,,,,,117|29|2|3
BIN_3469544,28952,1,CWE-197,,"push:rbp mov:rbp,rsp sub:rsp,N mov:wordptr_[rbp-2],N mov:eax,dwordptr_[rip+N] test:eax,eax je:N mov:wordptr_[rbp-2],N movzx:eax,wordptr_[rbp-2] mov:byteptr_[rbp-3],al movsx:eax,byteptr_[rbp-3] mov:ecx,eax call:N nop: add:rsp,N pop:rbp ret:",key_len_ins_calls,CWE-190,2,1.0,{'CWE-190': 2},0.9334157541504768,377,,,,,,,,,55|17|1|1
BIN_3483825,54209,1,CWE-078,,"push:rbp sub:rsp,N lea:rbp,[rsp+N] lea:rax,[rip-N] mov:qwordptr_[rbp+N],rax mov:qwordptr_[rbp+N],N mov:qwordptr_[rbp+N],0 mov:qwordptr_[rbp+N],0 mov:qwordptr_[rbp+N],0 mov:qwordptr_[rbp+N],0 mov:qwordptr_[rbp+N],0 mov:qwordptr_[rbp+N],0 mov:qwordptr_[rbp+N],0 mov:qwordptr_[rbp+N],0 mov:qwordptr_[rbp+N],0 mov:qwordptr_[rbp+N],0 mov:qwordptr_[rbp+N],0 mov:dwordptr_[rbp+N],0 lea:rax,[rbp+N] mov:qwordptr_[rbp+N],rax mov:dwordptr_[rbp+N],0 mov:qwordptr_[rbp+N],N mov:rax,qwordptr_[rbp+N] mov:rcx,rax call:N mov:qwordptr_[rbp+N],rax lea:rax,[rbp-N] mov:rdx,rax mov:ecx,N mov:rax,qwordptr_[rip+N] call:rax test:eax,eax jne:N mov:dwordptr_[rbp+N],1 mov:r8d,6 mov:edx,1 mov:ecx,2 mov:rax,qwordptr_[rip+N] call:rax mov:qwordptr_[rbp+N],rax cmp:qwordptr_[rbp+N],-1 je:N lea:rax,[rbp+N] mov:r8d,N mov:edx,0 mov:rcx,rax call:N mov:wordptr_[rbp+N],2 lea:rax,[rip+N] mov:rcx,rax mov:rax,qwordptr_[rip+N] call:rax mov:dwordptr_[rbp+N],eax mov:ecx,N mov:rax,qwordptr_[rip+N] call:rax mov:wordptr_[rbp+N],ax lea:rdx,[rbp+N] mov:rax,qwordptr_[rbp+N] mov:r8d,N mov:rcx,rax mov:rax,qwordptr_[rip+N] call:rax cmp:eax,-1 je:N mov:rax,qwordptr_[rbp+N] mov:edx,eax mov:eax,N sub:eax,edx mov:ecx,eax mov:rdx,qwordptr_[rbp+N] mov:rax,qwordptr_[rbp+N] add:rdx,rax mov:rax,qwordptr_[rbp+N] mov:r9d,0 mov:r8d,ecx mov:rcx,rax mov:rax,qwordptr_[rip+N] call:rax mov:dwordptr_[rbp+N],eax cmp:dwordptr_[rbp+N],-1 je:N cmp:dwordptr_",key_op_full,CWE-134,2,1.0,{'CWE-134': 2},0.9925788497217068,56,,c883fe3b899699a6,,,,,,,
BIN_3483825,54209,1,CWE-078,,"push:rbp sub:rsp,N lea:rbp,[rsp+N] lea:rax,[rip-N] mov:qwordptr_[rbp+N],rax mov:qwordptr_[rbp+N],N mov:qwordptr_[rbp+N],0 mov:qwordptr_[rbp+N],0 mov:qwordptr_[rbp+N],0 mov:qwordptr_[rbp+N],0 mov:qwordptr_[rbp+N],0 mov:qwordptr_[rbp+N],0 mov:qwordptr_[rbp+N],0 mov:qwordptr_[rbp+N],0 mov:qwordptr_[rbp+N],0 mov:qwordptr_[rbp+N],0 mov:qwordptr_[rbp+N],0 mov:dwordptr_[rbp+N],0 lea:rax,[rbp+N] mov:qwordptr_[rbp+N],rax mov:dwordptr_[rbp+N],0 mov:qwordptr_[rbp+N],N mov:rax,qwordptr_[rbp+N] mov:rcx,rax call:N mov:qwordptr_[rbp+N],rax lea:rax,[rbp-N] mov:rdx,rax mov:ecx,N mov:rax,qwordptr_[rip+N] call:rax test:eax,eax jne:N mov:dwordptr_[rbp+N],1 mov:r8d,6 mov:edx,1 mov:ecx,2 mov:rax,qwordptr_[rip+N] call:rax mov:qwordptr_[rbp+N],rax cmp:qwordptr_[rbp+N],-1 je:N lea:rax,[rbp+N] mov:r8d,N mov:edx,0 mov:rcx,rax call:N mov:wordptr_[rbp+N],2 lea:rax,[rip+N] mov:rcx,rax mov:rax,qwordptr_[rip+N] call:rax mov:dwordptr_[rbp+N],eax mov:ecx,N mov:rax,qwordptr_[rip+N] call:rax mov:wordptr_[rbp+N],ax lea:rdx,[rbp+N] mov:rax,qwordptr_[rbp+N] mov:r8d,N mov:rcx,rax mov:rax,qwordptr_[rip+N] call:rax cmp:eax,-1 je:N mov:rax,qwordptr_[rbp+N] mov:edx,eax mov:eax,N sub:eax,edx mov:ecx,eax mov:rdx,qwordptr_[rbp+N] mov:rax,qwordptr_[rbp+N] add:rdx,rax mov:rax,qwordptr_[rbp+N] mov:r9d,0 mov:r8d,ecx mov:rcx,rax mov:rax,qwordptr_[rip+N] call:rax mov:dwordptr_[rbp+N],eax cmp:dwordptr_[rbp+N],-1 je:N cmp:dwordptr_",key_len_ins_calls,CWE-134,2,1.0,{'CWE-134': 2},0.9334157541504768,377,,,,,,,,,742|133|13|12
BIN_3528480,45199,1,CWE-590,,"push:rbp mov:rbp,rsp sub:rsp,N mov:qwordptr_[rbp-8],0 mov:eax,dwordptr_[rip+N] test:eax,eax je:N lea:rax,[rbp-N] mov:r8d,N mov:edx,N mov:rcx,rax call:N mov:wordptr_[rbp-N],0 lea:rax,[rbp-N] mov:qwordptr_[rbp-8],rax mov:rax,qwordptr_[rbp-8] mov:rcx,rax call:N mov:rax,qwordptr_[rbp-8] mov:rcx,rax call:N nop: add:rsp,N pop:rbp ret:",key_len_ins_calls,CWE-126,3,1.0,{'CWE-126': 3},0.9334157541504768,377,,,,,,,,,106|25|3|1
BIN_3557198,45413,1,CWE-606,,"push:rbp mov:rbp,rsp sub:rsp,N mov:qwordptr_[rbp-N],0 mov:qwordptr_[rbp-N],0 mov:qwordptr_[rbp-N],0 mov:qwordptr_[rbp-N],0 mov:qwordptr_[rbp-N],0 mov:qwordptr_[rbp-N],0 mov:qwordptr_[rbp-N],0 mov:qwordptr_[rbp-N],0 mov:qwordptr_[rbp-N],0 mov:qwordptr_[rbp-N],0 mov:qwordptr_[rbp-N],0 mov:qwordptr_[rbp-N],0 mov:dwordptr_[rbp-N],0 lea:rax,[rbp-N] mov:qwordptr_[rbp-8],rax mov:rax,qwordptr_[rbp-8] mov:rcx,rax call:N mov:qwordptr_[rbp-N],rax lea:rax,[rip+N] mov:rcx,rax call:N mov:qwordptr_[rbp-N],rax cmp:qwordptr_[rbp-N],0 je:N mov:eax,N sub:rax,qwordptr_[rbp-N] mov:r8,rax mov:rdx,qwordptr_[rbp-8] mov:rax,qwordptr_[rbp-N] lea:rcx,[rdx+rax] mov:rax,qwordptr_[rbp-N] mov:rdx,rax call:N mov:rax,qwordptr_[rbp-8] mov:rcx,rax call:N nop: add:rsp,N pop:rbp ret:",key_ins_full,CWE-134,5,1.0,{'CWE-134': 5},0.9870514243433223,70,064d13ca482f65b3,,,,,,,,
BIN_3566839,23587,1,CWE-191,,"push:rbp sub:rsp,N lea:rbp,[rsp+N] mov:dwordptr_[rbp+N],0 mov:rax,qwordptr_[rip+N] mov:eax,dwordptr_[rax] test:eax,eax je:N mov:dwordptr_[rbp+N],0 mov:qwordptr_[rbp+N],N lea:rax,[rbp-N] mov:rdx,rax mov:ecx,N mov:rax,qwordptr_[rip+N] call:rax test:eax,eax jne:N mov:dwordptr_[rbp+N],1 mov:r8d,6 mov:edx,1 mov:ecx,2 mov:rax,qwordptr_[rip+N] call:rax mov:qwordptr_[rbp+N],rax cmp:qwordptr_[rbp+N],-1 je:N lea:rax,[rbp+N] mov:r8d,N mov:edx,0 mov:rcx,rax call:N mov:wordptr_[rbp+N],2 lea:rax,[rip+N] mov:rcx,rax mov:rax,qwordptr_[rip+N] call:rax mov:dwordptr_[rbp+N],eax mov:ecx,N mov:rax,qwordptr_[rip+N] call:rax mov:wordptr_[rbp+N],ax lea:rdx,[rbp+N] mov:rax,qwordptr_[rbp+N] mov:r8d,N mov:rcx,rax mov:rax,qwordptr_[rip+N] call:rax cmp:eax,-1 je:N lea:rdx,[rbp+N] mov:rax,qwordptr_[rbp+N] mov:r9d,0 mov:r8d,N mov:rcx,rax mov:rax,qwordptr_[rip+N] call:rax mov:dwordptr_[rbp+N],eax cmp:dwordptr_[rbp+N],-1 je:N cmp:dwordptr_[rbp+N],0 je:N mov:eax,dwordptr_[rbp+N] cdqe: mov:byteptr_[rbp+rax+N],0 lea:rax,[rbp+N] mov:rcx,rax call:N mov:dwordptr_[rbp+N],eax jmp:N nop: jmp:N nop: jmp:N nop: cmp:qwordptr_[rbp+N],-1 je:N mov:rax,qwordptr_[rbp+N] mov:rcx,rax mov:rax,qwordptr_[rip+N] call:rax cmp:dwordptr_[rbp+N],0 je:N mov:rax,qwordptr_[rip+N] call:rax mov:rax,qwordptr_[rip+N] mov:eax,dwordptr_[rax] test:eax,eax je:N mov:eax,dwordptr_[rbp+N] sub:eax,1",key_len_ins_calls,CWE-190,2,1.0,{'CWE-190': 2},0.9334157541504768,377,,,,,,,,,473|98|11|12
BIN_3583326,23694,1,CWE-191,,"push:rbp mov:rbp,rsp sub:rsp,N mov:dwordptr_[rbp-4],0 mov:qwordptr_[rbp-N],0 mov:qwordptr_[rbp-N],0 mov:ecx,0 mov:rax,qwordptr_[rip+N] call:rax mov:rdx,rax lea:rax,[rbp-N] mov:r8,rdx mov:edx,N mov:rcx,rax call:N test:rax,rax je:N lea:rax,[rbp-N] mov:rcx,rax call:N mov:dwordptr_[rbp-4],eax jmp:N lea:rax,[rip+N] mov:rcx,rax call:N mov:eax,dwordptr_[rbp-4] mov:dwordptr_[rbp-8],eax mov:eax,dwordptr_[rbp-8] mov:dwordptr_[rbp-N],eax mov:eax,dwordptr_[rbp-N] sub:eax,1 mov:dwordptr_[rbp-N],eax mov:eax,dwordptr_[rbp-N] mov:ecx,eax call:N nop: add:rsp,N pop:rbp ret:",key_marker_tail,CWE-190,2,1.0,{'CWE-190': 2},0.9945901446548278,46,,,,,,,eeb6622d23ff172c,,
BIN_3587949,39985,1,CWE-427,,"push:rbp push:rdi sub:rsp,N lea:rbp,[rsp+N] movabs:rax,N mov:edx,N mov:qwordptr_[rbp+N],rax mov:qwordptr_[rbp+N],rdx lea:rdx,[rbp+N] mov:eax,0 mov:ecx,N mov:rdi,rdx rep mov:rdx,rdi mov:dwordptr_[rdx],eax add:rdx,4 lea:rax,[rbp+N] mov:qwordptr_[rbp+N],rax mov:dwordptr_[rbp+N],0 mov:qwordptr_[rbp+N],N mov:qwordptr_[rbp+N],N mov:rax,qwordptr_[rbp+N] mov:rcx,rax call:N mov:qwordptr_[rbp+N],rax lea:rax,[rbp-N] mov:rdx,rax mov:ecx,N mov:rax,qwordptr_[rip+N] call:rax test:eax,eax jne:N mov:dwordptr_[rbp+N],1 mov:r8d,6 mov:edx,1 mov:ecx,2 mov:rax,qwordptr_[rip+N] call:rax mov:qwordptr_[rbp+N],rax cmp:qwordptr_[rbp+N],-1 je:N lea:rax,[rbp+N] mov:r8d,N mov:edx,0 mov:rcx,rax call:N mov:wordptr_[rbp+N],2 mov:dwordptr_[rbp+N],0 mov:ecx,N mov:rax,qwordptr_[rip+N] call:rax mov:wordptr_[rbp+N],ax lea:rdx,[rbp+N] mov:rax,qwordptr_[rbp+N] mov:r8d,N mov:rcx,rax mov:rax,qwordptr_[rip+N] call:rax cmp:eax,-1 je:N mov:rax,qwordptr_[rbp+N] mov:edx,5 mov:rcx,rax mov:rax,qwordptr_[rip+N] call:rax cmp:eax,-1 je:N mov:rax,qwordptr_[rbp+N] mov:r8d,0 mov:edx,0 mov:rcx,rax mov:rax,qwordptr_[rip+N] call:rax mov:qwordptr_[rbp+N],rax cmp:qwordptr_[rbp+N],-1 je:N mov:eax,N sub:rax,qwordptr_[rbp+N] add:eax,eax mov:ecx,eax mov:rax,qwordptr_[rbp+N] lea:rdx,[rax+rax] mov:rax,qwordptr_[rbp+N] add:rdx,rax mov:rax,qwordptr_[rbp+N] mov:r9d,0 mov:r8d,ecx mov:rcx,rax mov:rax,qwordptr_[rip+N] call:rax",key_ins_tail36,CWE-023,2,1.0,{'CWE-023': 2},0.9869588599085776,97,,,0b8900b706daf63f,,,,,,
BIN_3612771,35437,1,CWE-398,,"push:rbp mov:rbp,rsp sub:rsp,N mov:dwordptr_[rbp-4],1 mov:eax,dwordptr_[rbp-4] mov:ecx,eax call:N mov:eax,dwordptr_[rbp-4] mov:ecx,eax call:N nop: add:rsp,N pop:rbp ret:",key_op_full,CWE-482,2,1.0,{'CWE-482': 2},0.9925788497217068,56,,c7dd9c27ce90d6f0,,,,,,,
BIN_3612771,35437,1,CWE-398,,"push:rbp mov:rbp,rsp sub:rsp,N mov:dwordptr_[rbp-4],1 mov:eax,dwordptr_[rbp-4] mov:ecx,eax call:N mov:eax,dwordptr_[rbp-4] mov:ecx,eax call:N nop: add:rsp,N pop:rbp ret:",key_len_ins_calls,CWE-482,2,1.0,{'CWE-482': 2},0.9334157541504768,377,,,,,,,,,42|14|2|0
BIN_3614543,54328,1,CWE-078,,"push:rbp mov:rbp,rsp sub:rsp,N mov:qwordptr_[rbp-N],N mov:qwordptr_[rbp-N],0 mov:qwordptr_[rbp-N],0 mov:qwordptr_[rbp-N],0 mov:qwordptr_[rbp-N],0 mov:qwordptr_[rbp-N],0 mov:qwordptr_[rbp-N],0 mov:qwordptr_[rbp-N],0 mov:qwordptr_[rbp-N],0 mov:qwordptr_[rbp-N],0 mov:qwordptr_[rbp-N],0 mov:qwordptr_[rbp-N],0 mov:dwordptr_[rbp-N],0 lea:rax,[rbp-N] mov:qwordptr_[rbp-8],rax mov:rax,qwordptr_[rbp-8] mov:rcx,rax call:N mov:qwordptr_[rbp-N],rax mov:rax,qwordptr_[rbp-N] sub:rax,N cmp:rax,1 jbe:N mov:ecx,0 mov:rax,qwordptr_[rip+N] call:rax mov:rdx,rax mov:rax,qwordptr_[rbp-N] mov:ecx,eax mov:eax,N sub:eax,ecx mov:r9d,eax mov:rcx,qwordptr_[rbp-8] mov:rax,qwordptr_[rbp-N] add:rax,rcx mov:r8,rdx mov:edx,r9d mov:rcx,rax call:N test:rax,rax je:N mov:rax,qwordptr_[rbp-8] mov:rcx,rax call:N mov:qwordptr_[rbp-N],rax cmp:qwordptr_[rbp-N],0 je:N mov:rax,qwordptr_[rbp-N] lea:rdx,[rax-1] mov:rax,qwordptr_[rbp-8] add:rax,rdx movzx:eax,byteptr_[rax] cmp:al,N jne:N mov:rax,qwordptr_[rbp-N] lea:rdx,[rax-1] mov:rax,qwordptr_[rbp-8] add:rax,rdx mov:byteptr_[rax],0 jmp:N lea:rax,[rip+N] mov:rcx,rax call:N mov:rdx,qwordptr_[rbp-8] mov:rax,qwordptr_[rbp-N] add:rax,rdx mov:byteptr_[rax],0 lea:rdx,[rip+N] mov:rax,qwordptr_[rbp-8] mov:rcx,rax mov:rax,qwordptr_[rip+N] call:rax mov:qwordptr_[rbp-N],rax cmp:qwordptr_[rbp-N],0 je:N mov:rax,qwordptr_[rbp-N] mov:rcx,rax mov:rax,qwordptr_[rip+N] call:rax nop: add:rsp,N",key_len_ins_calls,CWE-036,2,1.0,{'CWE-036': 2},0.9334157541504768,377,,,,,,,,,373|86|7|6
BIN_3621873,46090,1,CWE-665,,"push:rbp sub:rsp,N lea:rbp,[rsp+N] lea:rax,[rbp+N] mov:qwordptr_[rbp+N],rax call:N test:eax,eax jne:N mov:rax,qwordptr_[rbp+N] mov:byteptr_[rax],0 lea:rax,[rbp-N] mov:r8d,N mov:edx,N mov:rcx,rax call:N mov:byteptr_[rbp+3],0 lea:rdx,[rbp-N] mov:rax,qwordptr_[rbp+N] mov:rcx,rax call:N mov:rax,qwordptr_[rbp+N] mov:rcx,rax call:N nop: add:rsp,N pop:rbp ret:",key_ins_tail18,CWE-121,18,1.0,{'CWE-121': 18},0.9933922671667114,74,,,,,,4e2f389227b00a36,,,
BIN_3622097,21081,1,CWE-190,,"push:rbp push:rbx sub:rsp,N lea:rbp,[rsp+N] mov:wordptr_[rbp-2],0 call:N and:eax,1 test:eax,eax je:N call:N call:N shl:eax,N mov:ebx,eax call:N xor:eax,ebx mov:wordptr_[rbp-2],ax jmp:N call:N call:N shl:eax,N mov:ebx,eax call:N xor:eax,ebx not:eax mov:wordptr_[rbp-2],ax movzx:eax,wordptr_[rbp-2] mov:wordptr_[rbp-8],ax movzx:eax,wordptr_[rbp-8] mov:wordptr_[rbp-4],ax cmp:wordptr_[rbp-4],0 jle:N movzx:eax,wordptr_[rbp-4] add:eax,eax mov:wordptr_[rbp-6],ax movsx:eax,wordptr_[rbp-6] mov:ecx,eax call:N nop: add:rsp,N pop:rbx pop:rbp ret:",key_len_ins_calls,CWE-191,2,1.0,{'CWE-191': 2},0.9334157541504768,377,,,,,,,,,137|42|8|3
BIN_3671523,23738,1,CWE-191,,"push:rbp mov:rbp,rsp sub:rsp,N mov:dwordptr_[rbp-N],0 mov:dwordptr_[rbp-4],0 jmp:N mov:ecx,0 mov:rax,qwordptr_[rip+N] call:rax mov:rcx,rax lea:rdx,[rbp-N] lea:rax,[rip+N] mov:r8,rdx mov:rdx,rax call:N add:dwordptr_[rbp-4],1 cmp:dwordptr_[rbp-4],0 jle:N mov:dwordptr_[rbp-8],0 jmp:N mov:eax,dwordptr_[rbp-N] test:eax,eax jns:N mov:eax,dwordptr_[rbp-N] add:eax,eax mov:dwordptr_[rbp-N],eax mov:eax,dwordptr_[rbp-N] mov:ecx,eax call:N add:dwordptr_[rbp-8],1 cmp:dwordptr_[rbp-8],0 jle:N nop: nop: add:rsp,N pop:rbp ret:",key_len_ins_calls,CWE-190,2,1.0,{'CWE-190': 2},0.9334157541504768,377,,,,,,,,,125|37|3|5
BIN_3687382,1710,1,CWE-121,,"push:rbp sub:rsp,N lea:rbp,[rsp+N] lea:rax,[rbp+N] mov:qwordptr_[rbp+N],rax mov:rax,qwordptr_[rbp+N] mov:byteptr_[rax],0 mov:rax,qwordptr_[rbp+N] mov:qwordptr_[rbp+N],rax mov:rax,qwordptr_[rbp+N] mov:qwordptr_[rbp+N],rax lea:rax,[rbp-N] mov:r8d,N mov:edx,N mov:rcx,rax call:N mov:byteptr_[rbp+3],0 lea:rdx,[rbp-N] mov:rax,qwordptr_[rbp+N] mov:r8d,N mov:rcx,rax call:N mov:rax,qwordptr_[rbp+N] add:rax,N mov:byteptr_[rax],0 mov:rax,qwordptr_[rbp+N] mov:rcx,rax call:N nop: add:rsp,N pop:rbp ret:",key_ins_tail24,CWE-124,4,1.0,{'CWE-124': 4},0.9919796954314721,79,,,,,7b57b1b969f21258,,,,
BIN_3694881,16528,1,CWE-127,,"push:rbp sub:rsp,N lea:rbp,[rsp+N] lea:rax,[rbp+N] mov:r8d,N mov:edx,N mov:rcx,rax call:N mov:wordptr_[rbp+N],0 call:N test:eax,eax je:N lea:rax,[rbp+N] sub:rax,N mov:qwordptr_[rbp+N],rax lea:rax,[rbp-N] mov:r8d,N mov:edx,N mov:rcx,rax call:N mov:wordptr_[rbp+N],0 lea:rax,[rbp-N] mov:rcx,rax call:N mov:rcx,rax mov:rdx,qwordptr_[rbp+N] lea:rax,[rbp-N] mov:r8,rcx mov:rcx,rax call:N mov:wordptr_[rbp+N],0 lea:rax,[rbp-N] mov:rcx,rax call:N nop: add:rsp,N pop:rbp ret:",key_len_ins_calls,CWE-122,7,1.0,{'CWE-122': 7},0.9334157541504768,377,,,,,,,,,166|38|6|1
BIN_3711506,41950,1,CWE-562,,"push:rbp mov:rbp,rsp sub:rsp,N call:N mov:rcx,rax call:N nop: add:rsp,N pop:rbp ret:",key_callseq,CWE-416,12,1.0,{'CWE-416': 12},0.9922970071978785,61,,,,,,,,helperbad|printline,
BIN_3728058,19636,1,CWE-190,,"push:rbp mov:rbp,rsp sub:rsp,N mov:qwordptr_[rbp-8],0 movabs:rax,N mov:qwordptr_[rbp-8],rax mov:dwordptr_[rip+N],1 mov:rax,qwordptr_[rbp-8] mov:rcx,rax call:N nop: add:rsp,N pop:rbp ret:",key_ins_tail18,CWE-191,3,1.0,{'CWE-191': 3},0.9933922671667114,74,,,,,,3d337793f6cdd9ec,,,
BIN_3728058,19636,1,CWE-190,,"push:rbp mov:rbp,rsp sub:rsp,N mov:qwordptr_[rbp-8],0 movabs:rax,N mov:qwordptr_[rbp-8],rax mov:dwordptr_[rip+N],1 mov:rax,qwordptr_[rbp-8] mov:rcx,rax call:N nop: add:rsp,N pop:rbp ret:",key_op_full,CWE-191,3,1.0,{'CWE-191': 3},0.9925788497217068,56,,c2190aa1dd117757,,,,,,,
BIN_3728058,19636,1,CWE-190,,"push:rbp mov:rbp,rsp sub:rsp,N mov:qwordptr_[rbp-8],0 movabs:rax,N mov:qwordptr_[rbp-8],rax mov:dwordptr_[rip+N],1 mov:rax,qwordptr_[rbp-8] mov:rcx,rax call:N nop: add:rsp,N pop:rbp ret:",key_ins_tail24,CWE-191,3,1.0,{'CWE-191': 3},0.9919796954314721,79,,,,,3d337793f6cdd9ec,,,,
BIN_3728058,19636,1,CWE-190,,"push:rbp mov:rbp,rsp sub:rsp,N mov:qwordptr_[rbp-8],0 movabs:rax,N mov:qwordptr_[rbp-8],rax mov:dwordptr_[rip+N],1 mov:rax,qwordptr_[rbp-8] mov:rcx,rax call:N nop: add:rsp,N pop:rbp ret:",key_ins_tail30,CWE-191,3,1.0,{'CWE-191': 3},0.9905738187816661,80,,,,3d337793f6cdd9ec,,,,,
BIN_3728058,19636,1,CWE-190,,"push:rbp mov:rbp,rsp sub:rsp,N mov:qwordptr_[rbp-8],0 movabs:rax,N mov:qwordptr_[rbp-8],rax mov:dwordptr_[rip+N],1 mov:rax,qwordptr_[rbp-8] mov:rcx,rax call:N nop: add:rsp,N pop:rbp ret:",key_ins_full,CWE-191,3,1.0,{'CWE-191': 3},0.9870514243433223,70,3d337793f6cdd9ec,,,,,,,,
BIN_3728058,19636,1,CWE-190,,"push:rbp mov:rbp,rsp sub:rsp,N mov:qwordptr_[rbp-8],0 movabs:rax,N mov:qwordptr_[rbp-8],rax mov:dwordptr_[rip+N],1 mov:rax,qwordptr_[rbp-8] mov:rcx,rax call:N nop: add:rsp,N pop:rbp ret:",key_ins_tail36,CWE-191,3,1.0,{'CWE-191': 3},0.9869588599085776,97,,,3d337793f6cdd9ec,,,,,,
BIN_3746614,37062,1,CWE-401,,"push:rbp mov:rbp,rsp sub:rsp,N mov:qwordptr_[rbp-8],0 nop: mov:ecx,N call:N mov:qwordptr_[rbp-8],rax lea:rdx,[rip+N] mov:rax,qwordptr_[rbp-8] mov:rcx,rax call:N mov:rax,qwordptr_[rbp-8] mov:rcx,rax call:N nop: nop: add:rsp,N pop:rbp ret:",key_len_ins_calls,CWE-690,3,1.0,{'CWE-690': 3},0.9334157541504768,377,,,,,,,,,70|20|3|0
BIN_3803881,14563,1,CWE-127,,"push:rbp mov:rbp,rsp sub:rsp,N mov:dwordptr_[rbp-4],N mov:eax,5 cmp:eax,5 jne:N mov:qwordptr_[rbp-N],0 mov:qwordptr_[rbp-N],0 mov:ecx,0 mov:rax,qwordptr_[rip+N] call:rax mov:rdx,rax lea:rax,[rbp-N] mov:r8,rdx mov:edx,N mov:rcx,rax call:N test:rax,rax je:N lea:rax,[rbp-N] mov:rcx,rax call:N mov:dwordptr_[rbp-4],eax jmp:N lea:rax,[rip+N] mov:rcx,rax call:N mov:eax,5 cmp:eax,5 jne:N pxor:xmm0,xmm0 movaps:xmmwordptr_[rbp-N],xmm0 movaps:xmmwordptr_[rbp-N],xmm0 movq:qwordptr_[rbp-N],xmm0 cmp:dwordptr_[rbp-4],9 jg:N mov:eax,dwordptr_[rbp-4] cdqe: mov:eax,dwordptr_[rbp+rax*4-N] mov:ecx,eax call:N jmp:N lea:rax,[rip+N] mov:rcx,rax call:N nop: add:rsp,N pop:rbp ret:",key_len_ins_calls,CWE-126,2,1.0,{'CWE-126': 2},0.9334157541504768,377,,,,,,,,,188|50|6|6
BIN_3811120,27497,1,CWE-195,,"push:rbp sub:rsp,N lea:rbp,[rsp+N] mov:dwordptr_[rbp+N],N call:N test:eax,eax je:N mov:ecx,0 mov:rax,qwordptr_[rip+N] call:rax mov:rcx,rax lea:rdx,[rbp+N] lea:rax,[rip+N] mov:r8,rdx mov:rdx,rax call:N mov:qwordptr_[rbp+N],0 mov:qwordptr_[rbp+N],0 mov:qwordptr_[rbp+N],0 mov:qwordptr_[rbp+N],0 mov:qwordptr_[rbp+N],0 mov:qwordptr_[rbp+N],0 mov:qwordptr_[rbp+N],0 mov:qwordptr_[rbp+N],0 mov:qwordptr_[rbp+N],0 mov:qwordptr_[rbp+N],0 mov:qwordptr_[rbp+N],0 mov:qwordptr_[rbp+N],0 mov:dwordptr_[rbp+N],0 lea:rax,[rbp-N] mov:r8d,N mov:edx,N mov:rcx,rax call:N mov:byteptr_[rbp+3],0 mov:eax,dwordptr_[rbp+N] cmp:eax,N jg:N mov:eax,dwordptr_[rbp+N] movsxd:rcx,eax lea:rdx,[rbp-N] lea:rax,[rbp+N] mov:r8,rcx mov:rcx,rax call:N mov:eax,dwordptr_[rbp+N] cdqe: mov:byteptr_[rbp+rax+N],0 lea:rax,[rbp+N] mov:rcx,rax call:N nop: add:rsp,N pop:rbp ret:",key_callseq,CWE-194,2,1.0,{'CWE-194': 2},0.9922970071978785,61,,,,,,,,staticreturnstrue|fscanf|memset|memcpy|printline,
BIN_3825654,21678,1,CWE-190,,"push:rbp mov:rbp,rsp sub:rsp,N mov:byteptr_[rbp-9],N mov:dwordptr_[rbp-4],0 jmp:N call:N and:eax,1 test:eax,eax je:N call:N call:N call:N mov:byteptr_[rbp-9],al jmp:N call:N call:N call:N not:eax mov:byteptr_[rbp-9],al add:dwordptr_[rbp-4],1 cmp:dwordptr_[rbp-4],0 jle:N mov:dwordptr_[rbp-8],0 jmp:N movzx:eax,byteptr_[rbp-9] add:eax,1 mov:byteptr_[rbp-9],al movzx:eax,byteptr_[rbp-9] mov:byteptr_[rbp-N],al movsx:eax,byteptr_[rbp-N] mov:ecx,eax call:N add:dwordptr_[rbp-8],1 cmp:dwordptr_[rbp-8],0 jle:N nop: nop: add:rsp,N pop:rbp ret:",key_marker_tail,CWE-191,2,1.0,{'CWE-191': 2},0.9945901446548278,46,,,,,,,2bc6b1f449cd66ee,,
BIN_3825654,21678,1,CWE-190,,"push:rbp mov:rbp,rsp sub:rsp,N mov:byteptr_[rbp-9],N mov:dwordptr_[rbp-4],0 jmp:N call:N and:eax,1 test:eax,eax je:N call:N call:N call:N mov:byteptr_[rbp-9],al jmp:N call:N call:N call:N not:eax mov:byteptr_[rbp-9],al add:dwordptr_[rbp-4],1 cmp:dwordptr_[rbp-4],0 jle:N mov:dwordptr_[rbp-8],0 jmp:N movzx:eax,byteptr_[rbp-9] add:eax,1 mov:byteptr_[rbp-9],al movzx:eax,byteptr_[rbp-9] mov:byteptr_[rbp-N],al movsx:eax,byteptr_[rbp-N] mov:ecx,eax call:N add:dwordptr_[rbp-8],1 cmp:dwordptr_[rbp-8],0 jle:N nop: nop: add:rsp,N pop:rbp ret:",key_len_ins_calls,CWE-191,2,1.0,{'CWE-191': 2},0.9334157541504768,377,,,,,,,,,138|41|8|6
BIN_3845926,36475,1,CWE-401,,"push:rbp mov:rbp,rsp sub:rsp,N mov:qwordptr_[rbp-8],0 mov:rax,qwordptr_[rbp-8] mov:edx,N mov:rcx,rax call:N mov:qwordptr_[rbp-8],rax cmp:qwordptr_[rbp-8],0 jne:N mov:ecx,N call:N mov:rax,qwordptr_[rbp-8] mov:qwordptr_[rax],5 mov:rax,qwordptr_[rbp-8] mov:rax,qwordptr_[rax] mov:rcx,rax call:N mov:rax,qwordptr_[rbp-8] mov:rcx,rax call:N nop: add:rsp,N pop:rbp ret:",key_len_ins_calls,CWE-690,2,1.0,{'CWE-690': 2},0.9334157541504768,377,,,,,,,,,99|26|4|1
BIN_3868604,52948,1,CWE-773,,"push:rbp mov:rbp,rsp sub:rsp,N mov:dwordptr_[rbp-4],N lea:rax,[rip+N] mov:r8d,N mov:edx,N mov:rcx,rax mov:rax,qwordptr_[rip+N] call:rax mov:dwordptr_[rbp-4],eax lea:rax,[rip+N] mov:r8d,N mov:edx,N mov:rcx,rax mov:rax,qwordptr_[rip+N] call:rax mov:dwordptr_[rbp-4],eax cmp:dwordptr_[rbp-4],-1 je:N mov:eax,dwordptr_[rbp-4] mov:ecx,eax mov:rax,qwordptr_[rip+N] call:rax nop: nop: add:rsp,N pop:rbp ret:",key_len_ins_calls,CWE-121,2,1.0,{'CWE-121': 2},0.9334157541504768,377,,,,,,,,,109|29|3|1
BIN_3881675,56027,1,CWE-843,,"push:rbp mov:rbp,rsp sub:rsp,N mov:qwordptr_[rbp-8],0 mov:eax,5 cmp:eax,5 jne:N mov:wordptr_[rbp-N],8 lea:rax,[rbp-N] mov:qwordptr_[rbp-8],rax mov:rax,qwordptr_[rbp-8] mov:eax,dwordptr_[rax] mov:ecx,eax call:N nop: add:rsp,N pop:rbp ret:",key_len_ins_calls,CWE-197,3,1.0,{'CWE-197': 3},0.9334157541504768,377,,,,,,,,,60|18|1|1
BIN_3882279,29023,1,CWE-197,,"push:rbp sub:rsp,N lea:rbp,[rsp+N] lea:rax,[rip-N] mov:qwordptr_[rbp+N],rax mov:wordptr_[rbp+N],N mov:dwordptr_[rbp+N],0 mov:qwordptr_[rbp+N],N mov:qwordptr_[rbp+N],N lea:rax,[rbp-N] mov:rdx,rax mov:ecx,N mov:rax,qwordptr_[rip+N] call:rax test:eax,eax jne:N mov:dwordptr_[rbp+N],1 mov:r8d,6 mov:edx,1 mov:ecx,2 mov:rax,qwordptr_[rip+N] call:rax mov:qwordptr_[rbp+N],rax cmp:qwordptr_[rbp+N],-1 je:N lea:rax,[rbp+N] mov:r8d,N mov:edx,0 mov:rcx,rax call:N mov:wordptr_[rbp+N],2 mov:dwordptr_[rbp+N],0 mov:ecx,N mov:rax,qwordptr_[rip+N] call:rax mov:wordptr_[rbp+N],ax lea:rdx,[rbp+N] mov:rax,qwordptr_[rbp+N] mov:r8d,N mov:rcx,rax mov:rax,qwordptr_[rip+N] call:rax cmp:eax,-1 je:N mov:rax,qwordptr_[rbp+N] mov:edx,5 mov:rcx,rax mov:rax,qwordptr_[rip+N] call:rax cmp:eax,-1 je:N mov:rax,qwordptr_[rbp+N] mov:r8d,0 mov:edx,0 mov:rcx,rax mov:rax,qwordptr_[rip+N] call:rax mov:qwordptr_[rbp+N],rax cmp:qwordptr_[rbp+N],-1 je:N lea:rdx,[rbp+N] mov:rax,qwordptr_[rbp+N] mov:r9d,0 mov:r8d,7 mov:rcx,rax mov:rax,qwordptr_[rip+N] call:rax mov:dwordptr_[rbp+N],eax cmp:dwordptr_[rbp+N],-1 je:N cmp:dwordptr_[rbp+N],0 je:N mov:eax,dwordptr_[rbp+N] cdqe: mov:byteptr_[rbp+rax+N],0 lea:rax,[rbp+N] mov:rcx,rax call:N mov:wordptr_[rbp+N],ax jmp:N nop: jmp:N nop: jmp:N nop: jmp:N nop: jmp:N nop: cmp:qwordptr_[rbp+N],-1",key_ins_tail18,CWE-194,4,1.0,{'CWE-194': 4},0.9933922671667114,74,,,,,,fa1116b704570596,,,
BIN_3882279,29023,1,CWE-197,,"push:rbp sub:rsp,N lea:rbp,[rsp+N] lea:rax,[rip-N] mov:qwordptr_[rbp+N],rax mov:wordptr_[rbp+N],N mov:dwordptr_[rbp+N],0 mov:qwordptr_[rbp+N],N mov:qwordptr_[rbp+N],N lea:rax,[rbp-N] mov:rdx,rax mov:ecx,N mov:rax,qwordptr_[rip+N] call:rax test:eax,eax jne:N mov:dwordptr_[rbp+N],1 mov:r8d,6 mov:edx,1 mov:ecx,2 mov:rax,qwordptr_[rip+N] call:rax mov:qwordptr_[rbp+N],rax cmp:qwordptr_[rbp+N],-1 je:N lea:rax,[rbp+N] mov:r8d,N mov:edx,0 mov:rcx,rax call:N mov:wordptr_[rbp+N],2 mov:dwordptr_[rbp+N],0 mov:ecx,N mov:rax,qwordptr_[rip+N] call:rax mov:wordptr_[rbp+N],ax lea:rdx,[rbp+N] mov:rax,qwordptr_[rbp+N] mov:r8d,N mov:rcx,rax mov:rax,qwordptr_[rip+N] call:rax cmp:eax,-1 je:N mov:rax,qwordptr_[rbp+N] mov:edx,5 mov:rcx,rax mov:rax,qwordptr_[rip+N] call:rax cmp:eax,-1 je:N mov:rax,qwordptr_[rbp+N] mov:r8d,0 mov:edx,0 mov:rcx,rax mov:rax,qwordptr_[rip+N] call:rax mov:qwordptr_[rbp+N],rax cmp:qwordptr_[rbp+N],-1 je:N lea:rdx,[rbp+N] mov:rax,qwordptr_[rbp+N] mov:r9d,0 mov:r8d,7 mov:rcx,rax mov:rax,qwordptr_[rip+N] call:rax mov:dwordptr_[rbp+N],eax cmp:dwordptr_[rbp+N],-1 je:N cmp:dwordptr_[rbp+N],0 je:N mov:eax,dwordptr_[rbp+N] cdqe: mov:byteptr_[rbp+rax+N],0 lea:rax,[rbp+N] mov:rcx,rax call:N mov:wordptr_[rbp+N],ax jmp:N nop: jmp:N nop: jmp:N nop: jmp:N nop: jmp:N nop: cmp:qwordptr_[rbp+N],-1",key_ins_tail24,CWE-194,2,1.0,{'CWE-194': 2},0.9919796954314721,79,,,,,5f0208b3937a58e3,,,,
BIN_3882279,29023,1,CWE-197,,"push:rbp sub:rsp,N lea:rbp,[rsp+N] lea:rax,[rip-N] mov:qwordptr_[rbp+N],rax mov:wordptr_[rbp+N],N mov:dwordptr_[rbp+N],0 mov:qwordptr_[rbp+N],N mov:qwordptr_[rbp+N],N lea:rax,[rbp-N] mov:rdx,rax mov:ecx,N mov:rax,qwordptr_[rip+N] call:rax test:eax,eax jne:N mov:dwordptr_[rbp+N],1 mov:r8d,6 mov:edx,1 mov:ecx,2 mov:rax,qwordptr_[rip+N] call:rax mov:qwordptr_[rbp+N],rax cmp:qwordptr_[rbp+N],-1 je:N lea:rax,[rbp+N] mov:r8d,N mov:edx,0 mov:rcx,rax call:N mov:wordptr_[rbp+N],2 mov:dwordptr_[rbp+N],0 mov:ecx,N mov:rax,qwordptr_[rip+N] call:rax mov:wordptr_[rbp+N],ax lea:rdx,[rbp+N] mov:rax,qwordptr_[rbp+N] mov:r8d,N mov:rcx,rax mov:rax,qwordptr_[rip+N] call:rax cmp:eax,-1 je:N mov:rax,qwordptr_[rbp+N] mov:edx,5 mov:rcx,rax mov:rax,qwordptr_[rip+N] call:rax cmp:eax,-1 je:N mov:rax,qwordptr_[rbp+N] mov:r8d,0 mov:edx,0 mov:rcx,rax mov:rax,qwordptr_[rip+N] call:rax mov:qwordptr_[rbp+N],rax cmp:qwordptr_[rbp+N],-1 je:N lea:rdx,[rbp+N] mov:rax,qwordptr_[rbp+N] mov:r9d,0 mov:r8d,7 mov:rcx,rax mov:rax,qwordptr_[rip+N] call:rax mov:dwordptr_[rbp+N],eax cmp:dwordptr_[rbp+N],-1 je:N cmp:dwordptr_[rbp+N],0 je:N mov:eax,dwordptr_[rbp+N] cdqe: mov:byteptr_[rbp+rax+N],0 lea:rax,[rbp+N] mov:rcx,rax call:N mov:wordptr_[rbp+N],ax jmp:N nop: jmp:N nop: jmp:N nop: jmp:N nop: jmp:N nop: cmp:qwordptr_[rbp+N],-1",key_ins_tail30,CWE-194,2,1.0,{'CWE-194': 2},0.9905738187816661,80,,,,90007d2a866663c9,,,,,
BIN_3896170,15170,1,CWE-127,,"push:rbp push:rbx sub:rsp,N lea:rbp,[rsp+N] mov:dwordptr_[rbp-4],N call:N and:eax,1 test:eax,eax je:N call:N shl:eax,N mov:ebx,eax call:N shl:eax,N xor:ebx,eax call:N xor:eax,ebx mov:dwordptr_[rbp-4],eax jmp:N call:N shl:eax,N mov:ebx,eax call:N shl:eax,N xor:ebx,eax call:N xor:eax,ebx not:eax mov:dwordptr_[rbp-4],eax mov:eax,dwordptr_[rbp-4] mov:dwordptr_[rbp-8],eax mov:eax,dwordptr_[rbp-8] mov:dwordptr_[rbp-N],eax pxor:xmm0,xmm0 movaps:xmmwordptr_[rbp-N],xmm0 movaps:xmmwordptr_[rbp-N],xmm0 movq:qwordptr_[rbp-N],xmm0 cmp:dwordptr_[rbp-N],9 jg:N mov:eax,dwordptr_[rbp-N] cdqe: mov:eax,dwordptr_[rbp+rax*4-N] mov:ecx,eax call:N jmp:N lea:rax,[rip+N] mov:rcx,rax call:N nop: add:rsp,N pop:rbx pop:rbp ret:",key_len_ins_calls,CWE-126,2,1.0,{'CWE-126': 2},0.9334157541504768,377,,,,,,,,,170|53|9|4
BIN_3902411,47887,1,CWE-690,,"push:rbp mov:rbp,rsp sub:rsp,N mov:qwordptr_[rbp-8],0 mov:edx,8 mov:ecx,1 call:N mov:qwordptr_[rbp-8],rax mov:eax,dwordptr_[rip+N] cmp:eax,5 jne:N mov:rax,qwordptr_[rbp-8] mov:dwordptr_[rax],1 mov:rax,qwordptr_[rbp-8] mov:dwordptr_[rax+4],1 mov:rax,qwordptr_[rbp-8] mov:rcx,rax call:N mov:rax,qwordptr_[rbp-8] mov:rcx,rax call:N nop: add:rsp,N pop:rbp ret:",key_len_ins_calls,CWE-590,2,1.0,{'CWE-590': 2},0.9334157541504768,377,,,,,,,,,98|25|3|1
BIN_3905824,35465,1,CWE-398,,"push:rbp mov:rbp,rsp sub:rsp,N call:N test:eax,eax je:N lea:rax,[rip+N] mov:rcx,rax call:N jmp:N lea:rax,[rip+N] mov:rcx,rax call:N nop: add:rsp,N pop:rbp ret:",key_ins_tail18,CWE-546,2,1.0,{'CWE-546': 2},0.9933922671667114,74,,,,,,a2eaf0e120343ed9,,,
BIN_3905824,35465,1,CWE-398,,"push:rbp mov:rbp,rsp sub:rsp,N call:N test:eax,eax je:N lea:rax,[rip+N] mov:rcx,rax call:N jmp:N lea:rax,[rip+N] mov:rcx,rax call:N nop: add:rsp,N pop:rbp ret:",key_op_full,CWE-546,2,1.0,{'CWE-546': 2},0.9925788497217068,56,,eac47d7b29378015,,,,,,,
BIN_3905824,35465,1,CWE-398,,"push:rbp mov:rbp,rsp sub:rsp,N call:N test:eax,eax je:N lea:rax,[rip+N] mov:rcx,rax call:N jmp:N lea:rax,[rip+N] mov:rcx,rax call:N nop: add:rsp,N pop:rbp ret:",key_ins_tail24,CWE-546,2,1.0,{'CWE-546': 2},0.9919796954314721,79,,,,,a2eaf0e120343ed9,,,,
BIN_3905824,35465,1,CWE-398,,"push:rbp mov:rbp,rsp sub:rsp,N call:N test:eax,eax je:N lea:rax,[rip+N] mov:rcx,rax call:N jmp:N lea:rax,[rip+N] mov:rcx,rax call:N nop: add:rsp,N pop:rbp ret:",key_ins_tail30,CWE-546,2,1.0,{'CWE-546': 2},0.9905738187816661,80,,,,a2eaf0e120343ed9,,,,,
BIN_3905824,35465,1,CWE-398,,"push:rbp mov:rbp,rsp sub:rsp,N call:N test:eax,eax je:N lea:rax,[rip+N] mov:rcx,rax call:N jmp:N lea:rax,[rip+N] mov:rcx,rax call:N nop: add:rsp,N pop:rbp ret:",key_ins_full,CWE-546,2,1.0,{'CWE-546': 2},0.9870514243433223,70,a2eaf0e120343ed9,,,,,,,,
BIN_3905824,35465,1,CWE-398,,"push:rbp mov:rbp,rsp sub:rsp,N call:N test:eax,eax je:N lea:rax,[rip+N] mov:rcx,rax call:N jmp:N lea:rax,[rip+N] mov:rcx,rax call:N nop: add:rsp,N pop:rbp ret:",key_ins_tail36,CWE-546,2,1.0,{'CWE-546': 2},0.9869588599085776,97,,,a2eaf0e120343ed9,,,,,,
BIN_3905824,35465,1,CWE-398,,"push:rbp mov:rbp,rsp sub:rsp,N call:N test:eax,eax je:N lea:rax,[rip+N] mov:rcx,rax call:N jmp:N lea:rax,[rip+N] mov:rcx,rax call:N nop: add:rsp,N pop:rbp ret:",key_len_ins_calls,CWE-546,2,1.0,{'CWE-546': 2},0.9334157541504768,377,,,,,,,,,56|17|3|2
BIN_3948351,19353,1,CWE-190,,"push:rbp mov:rbp,rsp sub:rsp,N mov:byteptr_[rbp-1],N call:N and:eax,1 test:eax,eax je:N call:N call:N call:N mov:byteptr_[rbp-1],al jmp:N call:N call:N call:N not:eax mov:byteptr_[rbp-1],al movzx:eax,byteptr_[rbp-1] mov:byteptr_[rbp-4],al movzx:eax,byteptr_[rbp-4] mov:byteptr_[rbp-2],al cmp:byteptr_[rbp-2],0 jle:N movzx:eax,byteptr_[rbp-2] add:eax,eax mov:byteptr_[rbp-3],al movsx:eax,byteptr_[rbp-3] mov:ecx,eax call:N nop: add:rsp,N pop:rbp ret:",key_len_ins_calls,CWE-191,2,1.0,{'CWE-191': 2},0.9334157541504768,377,,,,,,,,,111|34|8|3
BIN_3951845,32655,1,CWE-369,,"push:rbp mov:rbp,rsp sub:rsp,N mov:dwordptr_[rbp-4],N mov:qwordptr_[rbp-N],0 mov:qwordptr_[rbp-N],0 mov:ecx,0 mov:rax,qwordptr_[rip+N] call:rax mov:rdx,rax lea:rax,[rbp-N] mov:r8,rdx mov:edx,N mov:rcx,rax call:N test:rax,rax je:N lea:rax,[rbp-N] mov:rcx,rax call:N mov:dwordptr_[rbp-4],eax jmp:N lea:rax,[rip+N] mov:rcx,rax call:N mov:eax,dwordptr_[rbp-4] mov:dwordptr_[rbp-N],eax mov:eax,dwordptr_[rbp-N] mov:dwordptr_[rbp-8],eax mov:eax,N cdq: idiv:dwordptr_[rbp-8] mov:eax,edx mov:ecx,eax call:N nop: add:rsp,N pop:rbp ret:",key_len_ins_calls,CWE-194,3,1.0,{'CWE-194': 3},0.9334157541504768,377,,,,,,,,,142|39|5|2
BIN_3964648,23494,1,CWE-191,,"push:rbp push:rbx sub:rsp,N lea:rbp,[rsp+N] mov:qwordptr_[rbp-8],0 mov:rax,qwordptr_[rip+N] mov:eax,dwordptr_[rax] cmp:eax,5 jne:N call:N and:eax,1 test:eax,eax je:N call:N cdqe: shl:rax,N mov:rbx,rax call:N cdqe: shl:rax,N xor:rbx,rax call:N cdqe: shl:rax,N xor:rbx,rax call:N cdqe: shl:rax,N xor:rbx,rax call:N cdqe: xor:rax,rbx mov:qwordptr_[rbp-8],rax jmp:N call:N cdqe: shl:rax,N mov:rbx,rax call:N cdqe: shl:rax,N xor:rbx,rax call:N cdqe: shl:rax,N xor:rbx,rax call:N cdqe: shl:rax,N xor:rbx,rax call:N cdqe: xor:rax,rbx not:rax mov:qwordptr_[rbp-8],rax mov:rax,qwordptr_[rip+N] mov:eax,dwordptr_[rax] cmp:eax,5 jne:N mov:rax,qwordptr_[rbp-8] sub:rax,1 mov:qwordptr_[rbp-N],rax mov:rax,qwordptr_[rbp-N] mov:rcx,rax call:N nop: add:rsp,N pop:rbx pop:rbp ret:",key_len_ins_calls,CWE-190,3,1.0,{'CWE-190': 3},0.9334157541504768,377,,,,,,,,,240|70|12|4
BIN_3993085,24668,1,CWE-191,,"push:rbp mov:rbp,rsp sub:rsp,N mov:qwordptr_[rbp-N],0 mov:dwordptr_[rbp-4],0 jmp:N mov:ecx,0 mov:rax,qwordptr_[rip+N] call:rax mov:rcx,rax lea:rdx,[rbp-N] lea:rax,[rip+N] mov:r8,rdx mov:rdx,rax call:N add:dwordptr_[rbp-4],1 cmp:dwordptr_[rbp-4],0 jle:N mov:dwordptr_[rbp-8],0 jmp:N mov:rax,qwordptr_[rbp-N] sub:rax,1 mov:qwordptr_[rbp-N],rax mov:rax,qwordptr_[rbp-N] mov:qwordptr_[rbp-N],rax mov:rax,qwordptr_[rbp-N] mov:rcx,rax call:N add:dwordptr_[rbp-8],1 cmp:dwordptr_[rbp-8],0 jle:N nop: nop: add:rsp,N pop:rbp ret:",key_marker_tail,CWE-190,2,1.0,{'CWE-190': 2},0.9945901446548278,46,,,,,,,ca306a720a785907,,
BIN_3993085,24668,1,CWE-191,,"push:rbp mov:rbp,rsp sub:rsp,N mov:qwordptr_[rbp-N],0 mov:dwordptr_[rbp-4],0 jmp:N mov:ecx,0 mov:rax,qwordptr_[rip+N] call:rax mov:rcx,rax lea:rdx,[rbp-N] lea:rax,[rip+N] mov:r8,rdx mov:rdx,rax call:N add:dwordptr_[rbp-4],1 cmp:dwordptr_[rbp-4],0 jle:N mov:dwordptr_[rbp-8],0 jmp:N mov:rax,qwordptr_[rbp-N] sub:rax,1 mov:qwordptr_[rbp-N],rax mov:rax,qwordptr_[rbp-N] mov:qwordptr_[rbp-N],rax mov:rax,qwordptr_[rbp-N] mov:rcx,rax call:N add:dwordptr_[rbp-8],1 cmp:dwordptr_[rbp-8],0 jle:N nop: nop: add:rsp,N pop:rbp ret:",key_len_ins_calls,CWE-190,2,1.0,{'CWE-190': 2},0.9334157541504768,377,,,,,,,,,133|36|3|4
BIN_4003162,14058,1,CWE-126,,"push:rbp mov:rbp,rsp sub:rsp,N mov:qwordptr_[rbp-8],0 mov:ecx,N call:N mov:qwordptr_[rbp-8],rax mov:rax,qwordptr_[rbp-8] mov:r8d,N mov:edx,N mov:rcx,rax call:N mov:rax,qwordptr_[rbp-8] add:rax,N mov:byteptr_[rax],0 mov:rax,qwordptr_[rbp-8] mov:qwordptr_[rip+N],rax call:N nop: add:rsp,N pop:rbp ret:",key_ins_tail18,CWE-122,6,1.0,{'CWE-122': 6},0.9933922671667114,74,,,,,,1b638bbf100269d6,,,
BIN_4003162,14058,1,CWE-126,,"push:rbp mov:rbp,rsp sub:rsp,N mov:qwordptr_[rbp-8],0 mov:ecx,N call:N mov:qwordptr_[rbp-8],rax mov:rax,qwordptr_[rbp-8] mov:r8d,N mov:edx,N mov:rcx,rax call:N mov:rax,qwordptr_[rbp-8] add:rax,N mov:byteptr_[rax],0 mov:rax,qwordptr_[rbp-8] mov:qwordptr_[rip+N],rax call:N nop: add:rsp,N pop:rbp ret:",key_len_ins_calls,CWE-690,4,1.0,{'CWE-690': 4},0.9334157541504768,377,,,,,,,,,87|22|3|0
BIN_4004394,43859,1,CWE-590,,"push:rbp mov:rbp,rsp sub:rsp,N mov:qwordptr_[rbp-8],0 lea:rax,[rbp-N] mov:rdx,rax mov:ecx,8 call:N mov:qwordptr_[rbp-N],rax mov:rax,qwordptr_[rbp-N] mov:qwordptr_[rax],5 mov:rax,qwordptr_[rbp-N] mov:qwordptr_[rbp-8],rax mov:rax,qwordptr_[rbp-8] mov:qwordptr_[rip+N],rax call:N nop: add:rsp,N pop:rbp ret:",key_len_ins_calls,CWE-121,2,1.0,{'CWE-121': 2},0.9334157541504768,377,,,,,,,,,79|20|2|0
BIN_4049330,19340,1,CWE-190,,"push:rbp mov:rbp,rsp sub:rsp,N mov:byteptr_[rbp-1],N call:N test:eax,eax je:N call:N and:eax,1 test:eax,eax je:N call:N call:N call:N mov:byteptr_[rbp-1],al jmp:N call:N call:N call:N not:eax mov:byteptr_[rbp-1],al call:N test:eax,eax je:N cmp:byteptr_[rbp-1],0 jle:N movzx:eax,byteptr_[rbp-1] add:eax,eax mov:byteptr_[rbp-2],al movsx:eax,byteptr_[rbp-2] mov:ecx,eax call:N nop: add:rsp,N pop:rbp ret:",key_len_ins_calls,CWE-191,2,1.0,{'CWE-191': 2},0.9334157541504768,377,,,,,,,,,115|36|10|5
BIN_4059825,28911,1,CWE-197,,"push:rbp mov:rbp,rsp sub:rsp,N mov:wordptr_[rbp-4],N call:N test:eax,eax je:N mov:ecx,0 mov:rax,qwordptr_[rip+N] call:rax mov:rcx,rax lea:rdx,[rbp-4] lea:rax,[rip+N] mov:r8,rdx mov:rdx,rax call:N jmp:N mov:wordptr_[rbp-4],N movzx:eax,wordptr_[rbp-4] mov:byteptr_[rbp-1],al movsx:eax,byteptr_[rbp-1] mov:ecx,eax call:N nop: add:rsp,N pop:rbp ret:",key_len_ins_calls,CWE-758,4,1.0,{'CWE-758': 4},0.9334157541504768,377,,,,,,,,,95|27|4|2
BIN_4065585,54327,1,CWE-078,,"push:rbp mov:rbp,rsp sub:rsp,N mov:qwordptr_[rbp-N],N mov:qwordptr_[rbp-N],0 mov:qwordptr_[rbp-N],0 mov:qwordptr_[rbp-N],0 mov:qwordptr_[rbp-N],0 mov:qwordptr_[rbp-N],0 mov:qwordptr_[rbp-N],0 mov:qwordptr_[rbp-N],0 mov:qwordptr_[rbp-N],0 mov:qwordptr_[rbp-N],0 mov:qwordptr_[rbp-N],0 mov:qwordptr_[rbp-N],0 mov:dwordptr_[rbp-N],0 lea:rax,[rbp-N] mov:qwordptr_[rbp-8],rax mov:rax,qwordptr_[rbp-8] mov:rcx,rax call:N mov:qwordptr_[rbp-N],rax mov:rax,qwordptr_[rbp-N] sub:rax,N cmp:rax,1 jbe:N mov:ecx,0 mov:rax,qwordptr_[rip+N] call:rax mov:rdx,rax mov:rax,qwordptr_[rbp-N] mov:ecx,eax mov:eax,N sub:eax,ecx mov:r9d,eax mov:rcx,qwordptr_[rbp-8] mov:rax,qwordptr_[rbp-N] add:rax,rcx mov:r8,rdx mov:edx,r9d mov:rcx,rax call:N test:rax,rax je:N mov:rax,qwordptr_[rbp-8] mov:rcx,rax call:N mov:qwordptr_[rbp-N],rax cmp:qwordptr_[rbp-N],0 je:N mov:rax,qwordptr_[rbp-N] lea:rdx,[rax-1] mov:rax,qwordptr_[rbp-8] add:rax,rdx movzx:eax,byteptr_[rax] cmp:al,N jne:N mov:rax,qwordptr_[rbp-N] lea:rdx,[rax-1] mov:rax,qwordptr_[rbp-8] add:rax,rdx mov:byteptr_[rax],0 jmp:N lea:rax,[rip+N] mov:rcx,rax call:N mov:rdx,qwordptr_[rbp-8] mov:rax,qwordptr_[rbp-N] add:rax,rdx mov:byteptr_[rax],0 lea:rdx,[rip+N] mov:rax,qwordptr_[rbp-8] mov:rcx,rax mov:rax,qwordptr_[rip+N] call:rax mov:qwordptr_[rbp-N],rax cmp:qwordptr_[rbp-N],0 je:N mov:rax,qwordptr_[rbp-N] mov:rcx,rax mov:rax,qwordptr_[rip+N] call:rax nop: add:rsp,N",key_len_ins_calls,CWE-036,2,1.0,{'CWE-036': 2},0.9334157541504768,377,,,,,,,,,373|86|7|6
BIN_4093276,35477,1,CWE-398,4f020fb289776c71,"push:rbp mov:rbp,rsp sub:rsp,N mov:eax,5 cmp:eax,5 jne:N lea:rax,[rip+N] mov:rcx,rax call:N nop: add:rsp,N pop:rbp ret:",key_body_hex,CWE-546,3,1.0,{'CWE-546': 3},0.9740777666999003,26,,,,,,,,,
BIN_4142113,34484,1,CWE-036,,"push:rbp push:rdi sub:rsp,N lea:rbp,[rsp+N] lea:rdx,[rbp-N] mov:eax,0 mov:ecx,N mov:rdi,rdx rep lea:rax,[rbp-N] mov:qwordptr_[rbp+N],rax mov:rax,qwordptr_[rbp+N] mov:rcx,rax call:N mov:qwordptr_[rbp+N],rax lea:rax,[rip+N] mov:rcx,rax mov:rax,qwordptr_[rip+N] call:rax mov:qwordptr_[rbp+N],rax cmp:qwordptr_[rbp+N],0 je:N mov:eax,N sub:rax,qwordptr_[rbp+N] mov:rdx,rax mov:rax,qwordptr_[rbp+N] lea:rcx,[rax+rax] mov:rax,qwordptr_[rbp+N] add:rcx,rax mov:rax,qwordptr_[rbp+N] mov:r8,rdx mov:rdx,rax call:N mov:rax,qwordptr_[rbp+N] mov:qwordptr_[rip+N],rax call:N nop: add:rsp,N pop:rdi pop:rbp ret:",key_ins_tail36,CWE-023,4,1.0,{'CWE-023': 4},0.9869588599085776,97,,,ebef45f8df24905c,,,,,,
BIN_4143451,45291,1,CWE-605,,"push:rbp sub:rsp,N lea:rbp,[rsp+N] mov:dwordptr_[rbp+N],0 jmp:N mov:qwordptr_[rbp-N],0 mov:qwordptr_[rbp-N],0 mov:qwordptr_[rbp-N],0 mov:qwordptr_[rbp-N],0 mov:qwordptr_[rbp-N],0 mov:qwordptr_[rbp-N],0 mov:qwordptr_[rbp-N],0 mov:qwordptr_[rbp-N],0 mov:qwordptr_[rbp-N],0 mov:qwordptr_[rbp-8],0 mov:qwordptr_[rbp],0 mov:qwordptr_[rbp+8],0 mov:dwordptr_[rbp+N],0 mov:dwordptr_[rbp+N],0 mov:qwordptr_[rbp+N],N mov:qwordptr_[rbp+N],N lea:rax,[rbp-N] mov:rcx,rax call:N mov:qwordptr_[rbp+N],rax mov:dwordptr_[rbp+N],1 mov:dwordptr_[rbp+N],4 lea:rax,[rbp+N] mov:rdx,rax mov:ecx,N mov:rax,qwordptr_[rip+N] call:rax test:eax,eax jne:N mov:dwordptr_[rbp+N],1 mov:r8d,6 mov:edx,1 mov:ecx,2 mov:rax,qwordptr_[rip+N] call:rax mov:qwordptr_[rbp+N],rax cmp:qwordptr_[rbp+N],-1 je:N lea:rcx,[rbp+N] mov:rax,qwordptr_[rbp+N] mov:edx,dwordptr_[rbp+N] mov:dwordptr_[rsp+N],edx mov:r9,rcx mov:r8d,4 mov:edx,N mov:rcx,rax mov:rax,qwordptr_[rip+N] call:rax test:eax,eax jne:N lea:rax,[rbp+N] mov:r8d,N mov:edx,0 mov:rcx,rax call:N mov:wordptr_[rbp+N],2 mov:dwordptr_[rbp+N],0 mov:ecx,N mov:rax,qwordptr_[rip+N] call:rax mov:wordptr_[rbp+N],ax lea:rdx,[rbp+N] mov:rax,qwordptr_[rbp+N] mov:r8d,N mov:rcx,rax mov:rax,qwordptr_[rip+N] call:rax cmp:eax,-1 je:N mov:rax,qwordptr_[rbp+N] mov:edx,5 mov:rcx,rax mov:rax,qwordptr_[rip+N] call:rax cmp:eax,-1 je:N mov:rax,qwordptr_[rbp+N] mov:r8d,0 mov:edx,0 mov:rcx,rax mov:rax,qwo",key_ins_tail18,CWE-666,3,1.0,{'CWE-666': 3},0.9933922671667114,74,,,,,,66bffe400a7cacd2,,,
BIN_4143451,45291,1,CWE-605,,"push:rbp sub:rsp,N lea:rbp,[rsp+N] mov:dwordptr_[rbp+N],0 jmp:N mov:qwordptr_[rbp-N],0 mov:qwordptr_[rbp-N],0 mov:qwordptr_[rbp-N],0 mov:qwordptr_[rbp-N],0 mov:qwordptr_[rbp-N],0 mov:qwordptr_[rbp-N],0 mov:qwordptr_[rbp-N],0 mov:qwordptr_[rbp-N],0 mov:qwordptr_[rbp-N],0 mov:qwordptr_[rbp-8],0 mov:qwordptr_[rbp],0 mov:qwordptr_[rbp+8],0 mov:dwordptr_[rbp+N],0 mov:dwordptr_[rbp+N],0 mov:qwordptr_[rbp+N],N mov:qwordptr_[rbp+N],N lea:rax,[rbp-N] mov:rcx,rax call:N mov:qwordptr_[rbp+N],rax mov:dwordptr_[rbp+N],1 mov:dwordptr_[rbp+N],4 lea:rax,[rbp+N] mov:rdx,rax mov:ecx,N mov:rax,qwordptr_[rip+N] call:rax test:eax,eax jne:N mov:dwordptr_[rbp+N],1 mov:r8d,6 mov:edx,1 mov:ecx,2 mov:rax,qwordptr_[rip+N] call:rax mov:qwordptr_[rbp+N],rax cmp:qwordptr_[rbp+N],-1 je:N lea:rcx,[rbp+N] mov:rax,qwordptr_[rbp+N] mov:edx,dwordptr_[rbp+N] mov:dwordptr_[rsp+N],edx mov:r9,rcx mov:r8d,4 mov:edx,N mov:rcx,rax mov:rax,qwordptr_[rip+N] call:rax test:eax,eax jne:N lea:rax,[rbp+N] mov:r8d,N mov:edx,0 mov:rcx,rax call:N mov:wordptr_[rbp+N],2 mov:dwordptr_[rbp+N],0 mov:ecx,N mov:rax,qwordptr_[rip+N] call:rax mov:wordptr_[rbp+N],ax lea:rdx,[rbp+N] mov:rax,qwordptr_[rbp+N] mov:r8d,N mov:rcx,rax mov:rax,qwordptr_[rip+N] call:rax cmp:eax,-1 je:N mov:rax,qwordptr_[rbp+N] mov:edx,5 mov:rcx,rax mov:rax,qwordptr_[rip+N] call:rax cmp:eax,-1 je:N mov:rax,qwordptr_[rbp+N] mov:r8d,0 mov:edx,0 mov:rcx,rax mov:rax,qwo",key_ins_tail24,CWE-666,3,1.0,{'CWE-666': 3},0.9919796954314721,79,,,,,bd5b7657c2285f9d,,,,
BIN_4143451,45291,1,CWE-605,,"push:rbp sub:rsp,N lea:rbp,[rsp+N] mov:dwordptr_[rbp+N],0 jmp:N mov:qwordptr_[rbp-N],0 mov:qwordptr_[rbp-N],0 mov:qwordptr_[rbp-N],0 mov:qwordptr_[rbp-N],0 mov:qwordptr_[rbp-N],0 mov:qwordptr_[rbp-N],0 mov:qwordptr_[rbp-N],0 mov:qwordptr_[rbp-N],0 mov:qwordptr_[rbp-N],0 mov:qwordptr_[rbp-8],0 mov:qwordptr_[rbp],0 mov:qwordptr_[rbp+8],0 mov:dwordptr_[rbp+N],0 mov:dwordptr_[rbp+N],0 mov:qwordptr_[rbp+N],N mov:qwordptr_[rbp+N],N lea:rax,[rbp-N] mov:rcx,rax call:N mov:qwordptr_[rbp+N],rax mov:dwordptr_[rbp+N],1 mov:dwordptr_[rbp+N],4 lea:rax,[rbp+N] mov:rdx,rax mov:ecx,N mov:rax,qwordptr_[rip+N] call:rax test:eax,eax jne:N mov:dwordptr_[rbp+N],1 mov:r8d,6 mov:edx,1 mov:ecx,2 mov:rax,qwordptr_[rip+N] call:rax mov:qwordptr_[rbp+N],rax cmp:qwordptr_[rbp+N],-1 je:N lea:rcx,[rbp+N] mov:rax,qwordptr_[rbp+N] mov:edx,dwordptr_[rbp+N] mov:dwordptr_[rsp+N],edx mov:r9,rcx mov:r8d,4 mov:edx,N mov:rcx,rax mov:rax,qwordptr_[rip+N] call:rax test:eax,eax jne:N lea:rax,[rbp+N] mov:r8d,N mov:edx,0 mov:rcx,rax call:N mov:wordptr_[rbp+N],2 mov:dwordptr_[rbp+N],0 mov:ecx,N mov:rax,qwordptr_[rip+N] call:rax mov:wordptr_[rbp+N],ax lea:rdx,[rbp+N] mov:rax,qwordptr_[rbp+N] mov:r8d,N mov:rcx,rax mov:rax,qwordptr_[rip+N] call:rax cmp:eax,-1 je:N mov:rax,qwordptr_[rbp+N] mov:edx,5 mov:rcx,rax mov:rax,qwordptr_[rip+N] call:rax cmp:eax,-1 je:N mov:rax,qwordptr_[rbp+N] mov:r8d,0 mov:edx,0 mov:rcx,rax mov:rax,qwo",key_ins_tail30,CWE-666,3,1.0,{'CWE-666': 3},0.9905738187816661,80,,,,c45cb776edb2f58a,,,,,
BIN_4143451,45291,1,CWE-605,,"push:rbp sub:rsp,N lea:rbp,[rsp+N] mov:dwordptr_[rbp+N],0 jmp:N mov:qwordptr_[rbp-N],0 mov:qwordptr_[rbp-N],0 mov:qwordptr_[rbp-N],0 mov:qwordptr_[rbp-N],0 mov:qwordptr_[rbp-N],0 mov:qwordptr_[rbp-N],0 mov:qwordptr_[rbp-N],0 mov:qwordptr_[rbp-N],0 mov:qwordptr_[rbp-N],0 mov:qwordptr_[rbp-8],0 mov:qwordptr_[rbp],0 mov:qwordptr_[rbp+8],0 mov:dwordptr_[rbp+N],0 mov:dwordptr_[rbp+N],0 mov:qwordptr_[rbp+N],N mov:qwordptr_[rbp+N],N lea:rax,[rbp-N] mov:rcx,rax call:N mov:qwordptr_[rbp+N],rax mov:dwordptr_[rbp+N],1 mov:dwordptr_[rbp+N],4 lea:rax,[rbp+N] mov:rdx,rax mov:ecx,N mov:rax,qwordptr_[rip+N] call:rax test:eax,eax jne:N mov:dwordptr_[rbp+N],1 mov:r8d,6 mov:edx,1 mov:ecx,2 mov:rax,qwordptr_[rip+N] call:rax mov:qwordptr_[rbp+N],rax cmp:qwordptr_[rbp+N],-1 je:N lea:rcx,[rbp+N] mov:rax,qwordptr_[rbp+N] mov:edx,dwordptr_[rbp+N] mov:dwordptr_[rsp+N],edx mov:r9,rcx mov:r8d,4 mov:edx,N mov:rcx,rax mov:rax,qwordptr_[rip+N] call:rax test:eax,eax jne:N lea:rax,[rbp+N] mov:r8d,N mov:edx,0 mov:rcx,rax call:N mov:wordptr_[rbp+N],2 mov:dwordptr_[rbp+N],0 mov:ecx,N mov:rax,qwordptr_[rip+N] call:rax mov:wordptr_[rbp+N],ax lea:rdx,[rbp+N] mov:rax,qwordptr_[rbp+N] mov:r8d,N mov:rcx,rax mov:rax,qwordptr_[rip+N] call:rax cmp:eax,-1 je:N mov:rax,qwordptr_[rbp+N] mov:edx,5 mov:rcx,rax mov:rax,qwordptr_[rip+N] call:rax cmp:eax,-1 je:N mov:rax,qwordptr_[rbp+N] mov:r8d,0 mov:edx,0 mov:rcx,rax mov:rax,qwo",key_ins_tail36,CWE-666,3,1.0,{'CWE-666': 3},0.9869588599085776,97,,,c252395d9e58894c,,,,,,
BIN_4159290,15301,1,CWE-127,,"push:rbp push:rbx sub:rsp,N lea:rbp,[rsp+N] mov:qwordptr_[rbp-8],0 call:N test:eax,eax je:N mov:ecx,N call:N mov:qwordptr_[rbp-N],rax cmp:qwordptr_[rbp-N],0 jne:N mov:ecx,N call:N mov:rax,qwordptr_[rbp-N] mov:r8d,N mov:edx,N mov:rcx,rax call:N mov:rax,qwordptr_[rbp-N] add:rax,N mov:byteptr_[rax],0 mov:rax,qwordptr_[rbp-N] sub:rax,8 mov:qwordptr_[rbp-8],rax lea:rax,[rbp-N] mov:r8d,N mov:edx,N mov:rcx,rax call:N mov:byteptr_[rbp-N],0 mov:rax,qwordptr_[rbp-8] mov:rcx,qwordptr_[rax] mov:rbx,qwordptr_[rax+8] mov:qwordptr_[rbp-N],rcx mov:qwordptr_[rbp-N],rbx mov:rcx,qwordptr_[rax+N] mov:rbx,qwordptr_[rax+N] mov:qwordptr_[rbp-N],rcx mov:qwordptr_[rbp-N],rbx mov:rcx,qwordptr_[rax+N] mov:rbx,qwordptr_[rax+N] mov:qwordptr_[rbp-N],rcx mov:qwordptr_[rbp-N],rbx mov:rcx,qwordptr_[rax+N] mov:rbx,qwordptr_[rax+N] mov:qwordptr_[rbp-N],rcx mov:qwordptr_[rbp-N],rbx mov:rcx,qwordptr_[rax+N] mov:rbx,qwordptr_[rax+N] mov:qwordptr_[rbp-N],rcx mov:qwordptr_[rbp-N],rbx mov:rcx,qwordptr_[rax+N] mov:rbx,qwordptr_[rax+N] mov:qwordptr_[rbp-N],rcx mov:qwordptr_[rbp-N],rbx mov:eax,dwordptr_[rax+N] mov:dwordptr_[rbp-N],eax mov:byteptr_[rbp-N],0 lea:rax,[rbp-N] mov:rcx,rax call:N nop: add:rsp,N pop:rbx pop:rbp ret:",key_callseq,CWE-124,2,1.0,{'CWE-124': 2},0.9922970071978785,61,,,,,,,,staticreturnstrue|malloc|exit|memset|memset|printline,
BIN_4197941,23978,1,CWE-191,,"push:rbp mov:rbp,rsp sub:rsp,N mov:dwordptr_[rbp-N],0 mov:dwordptr_[rbp-4],0 jmp:N mov:dwordptr_[rbp-N],N add:dwordptr_[rbp-4],1 cmp:dwordptr_[rbp-4],0 jle:N mov:dwordptr_[rbp-8],0 jmp:N mov:eax,dwordptr_[rbp-N] sub:eax,1 mov:dwordptr_[rbp-N],eax mov:eax,dwordptr_[rbp-N] mov:ecx,eax call:N add:dwordptr_[rbp-8],1 cmp:dwordptr_[rbp-8],0 jle:N nop: nop: add:rsp,N pop:rbp ret:",key_marker_tail,CWE-190,2,1.0,{'CWE-190': 2},0.9945901446548278,46,,,,,,,25317fafea9a8088,,
BIN_4202231,46138,1,CWE-665,,"push:rbp sub:rsp,N lea:rbp,[rsp+N] lea:rax,[rbp+N] mov:qwordptr_[rbp+N],rax call:N test:eax,eax jne:N mov:rax,qwordptr_[rbp+N] mov:byteptr_[rax],0 lea:rax,[rbp-N] mov:r8d,N mov:edx,N mov:rcx,rax call:N mov:byteptr_[rbp+3],0 lea:rax,[rbp-N] mov:rcx,rax call:N mov:qwordptr_[rbp+N],rax mov:rcx,qwordptr_[rbp+N] lea:rdx,[rbp-N] mov:rax,qwordptr_[rbp+N] mov:r8,rcx mov:rcx,rax call:N mov:rax,qwordptr_[rbp+N] mov:rcx,rax call:N nop: add:rsp,N pop:rbp ret:",key_len_ins_calls,CWE-122,2,1.0,{'CWE-122': 2},0.9334157541504768,377,,,,,,,,,146|33|5|1
BIN_4220039,44636,1,CWE-590,,"push:rbp mov:rbp,rsp sub:rsp,N mov:qwordptr_[rbp-8],0 lea:rax,[rip+N] mov:r8d,N mov:edx,N mov:rcx,rax call:N mov:byteptr_[rip+N],0 lea:rax,[rip+N] mov:qwordptr_[rbp-8],rax mov:rax,qwordptr_[rbp-8] mov:rcx,rax call:N mov:rax,qwordptr_[rbp-8] mov:rcx,rax call:N nop: add:rsp,N pop:rbp ret:",key_len_ins_calls,CWE-126,4,1.0,{'CWE-126': 4},0.9334157541504768,377,,,,,,,,,91|22|3|0
BIN_4242389,11504,1,CWE-124,,"push:rbp mov:rbp,rsp sub:rsp,N lea:rax,[rbp-N] mov:r8d,N mov:edx,N mov:rcx,rax call:N mov:byteptr_[rbp-N],0 lea:rax,[rbp-N] sub:rax,8 mov:qwordptr_[rbp-8],rax mov:rax,qwordptr_[rbp-8] mov:rcx,rax call:N nop: add:rsp,N pop:rbp ret:",key_ins_tail18,CWE-127,2,1.0,{'CWE-127': 2},0.9933922671667114,74,,,,,,2364588ad148d9e8,,,
BIN_4242389,11504,1,CWE-124,,"push:rbp mov:rbp,rsp sub:rsp,N lea:rax,[rbp-N] mov:r8d,N mov:edx,N mov:rcx,rax call:N mov:byteptr_[rbp-N],0 lea:rax,[rbp-N] sub:rax,8 mov:qwordptr_[rbp-8],rax mov:rax,qwordptr_[rbp-8] mov:rcx,rax call:N nop: add:rsp,N pop:rbp ret:",key_ins_tail24,CWE-127,2,1.0,{'CWE-127': 2},0.9919796954314721,79,,,,,a2aff952615181f2,,,,
BIN_4242389,11504,1,CWE-124,,"push:rbp mov:rbp,rsp sub:rsp,N lea:rax,[rbp-N] mov:r8d,N mov:edx,N mov:rcx,rax call:N mov:byteptr_[rbp-N],0 lea:rax,[rbp-N] sub:rax,8 mov:qwordptr_[rbp-8],rax mov:rax,qwordptr_[rbp-8] mov:rcx,rax call:N nop: add:rsp,N pop:rbp ret:",key_ins_tail30,CWE-127,2,1.0,{'CWE-127': 2},0.9905738187816661,80,,,,a2aff952615181f2,,,,,
BIN_4242389,11504,1,CWE-124,,"push:rbp mov:rbp,rsp sub:rsp,N lea:rax,[rbp-N] mov:r8d,N mov:edx,N mov:rcx,rax call:N mov:byteptr_[rbp-N],0 lea:rax,[rbp-N] sub:rax,8 mov:qwordptr_[rbp-8],rax mov:rax,qwordptr_[rbp-8] mov:rcx,rax call:N nop: add:rsp,N pop:rbp ret:",key_ins_full,CWE-127,2,1.0,{'CWE-127': 2},0.9870514243433223,70,a2aff952615181f2,,,,,,,,
BIN_4242389,11504,1,CWE-124,,"push:rbp mov:rbp,rsp sub:rsp,N lea:rax,[rbp-N] mov:r8d,N mov:edx,N mov:rcx,rax call:N mov:byteptr_[rbp-N],0 lea:rax,[rbp-N] sub:rax,8 mov:qwordptr_[rbp-8],rax mov:rax,qwordptr_[rbp-8] mov:rcx,rax call:N nop: add:rsp,N pop:rbp ret:",key_ins_tail36,CWE-127,2,1.0,{'CWE-127': 2},0.9869588599085776,97,,,a2aff952615181f2,,,,,,
BIN_4242389,11504,1,CWE-124,,"push:rbp mov:rbp,rsp sub:rsp,N lea:rax,[rbp-N] mov:r8d,N mov:edx,N mov:rcx,rax call:N mov:byteptr_[rbp-N],0 lea:rax,[rbp-N] sub:rax,8 mov:qwordptr_[rbp-8],rax mov:rax,qwordptr_[rbp-8] mov:rcx,rax call:N nop: add:rsp,N pop:rbp ret:",key_len_ins_calls,CWE-127,2,1.0,{'CWE-127': 2},0.9334157541504768,377,,,,,,,,,72|19|2|0
BIN_4282256,52949,1,CWE-773,,"push:rbp mov:rbp,rsp sub:rsp,N mov:dwordptr_[rbp-4],N lea:rax,[rip+N] mov:r8d,N mov:edx,N mov:rcx,rax mov:rax,qwordptr_[rip+N] call:rax mov:dwordptr_[rbp-4],eax lea:rax,[rip+N] mov:r8d,N mov:edx,N mov:rcx,rax mov:rax,qwordptr_[rip+N] call:rax mov:dwordptr_[rbp-4],eax cmp:dwordptr_[rbp-4],-1 je:N mov:eax,dwordptr_[rbp-4] mov:ecx,eax mov:rax,qwordptr_[rip+N] call:rax nop: nop: add:rsp,N pop:rbp ret:",key_len_ins_calls,CWE-121,2,1.0,{'CWE-121': 2},0.9334157541504768,377,,,,,,,,,109|29|3|1
BIN_4306097,46251,1,CWE-665,,"push:rbp sub:rsp,N lea:rbp,[rsp+N] lea:rax,[rip-N] mov:qwordptr_[rbp+N],rax lea:rax,[rbp-N] mov:qwordptr_[rbp+N],rax mov:rax,qwordptr_[rbp+N] mov:rdx,qwordptr_[rbp+N] mov:rcx,rax call:rdx nop: add:rsp,N pop:rbp ret:",key_op_full,CWE-121,3,1.0,{'CWE-121': 3},0.9925788497217068,56,,8f23604593f74757,,,,,,,
BIN_4311458,7010,1,CWE-122,,"push:rbp mov:rbp,rsp sub:rsp,N mov:ecx,N call:N mov:qwordptr_[rbp-8],rax mov:rax,qwordptr_[rbp-8] mov:r8d,N mov:edx,N mov:rcx,rax call:N mov:rax,qwordptr_[rbp-8] add:rax,N mov:byteptr_[rax],0 nop: mov:qwordptr_[rbp-N],0 mov:qwordptr_[rbp-N],0 mov:qwordptr_[rbp-N],0 mov:qwordptr_[rbp-N],0 mov:qwordptr_[rbp-N],0 mov:qwordptr_[rbp-N],0 mov:wordptr_[rbp-N],0 mov:rax,qwordptr_[rbp-8] mov:rcx,rax call:N mov:rdx,rax mov:rcx,qwordptr_[rbp-8] lea:r8,[rip+N] lea:rax,[rbp-N] mov:r9,rcx mov:rcx,rax call:N mov:rax,qwordptr_[rbp-8] mov:rcx,rax call:N cmp:qwordptr_[rbp-8],0 je:N mov:rax,qwordptr_[rbp-8] mov:rcx,rax call:N nop: add:rsp,N pop:rbp ret:",key_len_ins_calls,CWE-124,3,1.0,{'CWE-124': 3},0.9334157541504768,377,,,,,,,,,190|44|6|1
BIN_4339148,11464,1,CWE-124,,"push:rbp mov:rbp,rsp sub:rsp,N lea:rax,[rbp-N] mov:r8d,N mov:edx,N mov:rcx,rax call:N mov:byteptr_[rbp-N],0 lea:rax,[rbp-N] sub:rax,8 mov:qwordptr_[rbp-8],rax mov:rax,qwordptr_[rbp-8] mov:rcx,rax call:N nop: add:rsp,N pop:rbp ret:",key_ins_tail18,CWE-127,2,1.0,{'CWE-127': 2},0.9933922671667114,74,,,,,,2364588ad148d9e8,,,
BIN_4339148,11464,1,CWE-124,,"push:rbp mov:rbp,rsp sub:rsp,N lea:rax,[rbp-N] mov:r8d,N mov:edx,N mov:rcx,rax call:N mov:byteptr_[rbp-N],0 lea:rax,[rbp-N] sub:rax,8 mov:qwordptr_[rbp-8],rax mov:rax,qwordptr_[rbp-8] mov:rcx,rax call:N nop: add:rsp,N pop:rbp ret:",key_ins_tail24,CWE-127,2,1.0,{'CWE-127': 2},0.9919796954314721,79,,,,,a2aff952615181f2,,,,
BIN_4339148,11464,1,CWE-124,,"push:rbp mov:rbp,rsp sub:rsp,N lea:rax,[rbp-N] mov:r8d,N mov:edx,N mov:rcx,rax call:N mov:byteptr_[rbp-N],0 lea:rax,[rbp-N] sub:rax,8 mov:qwordptr_[rbp-8],rax mov:rax,qwordptr_[rbp-8] mov:rcx,rax call:N nop: add:rsp,N pop:rbp ret:",key_ins_tail30,CWE-127,2,1.0,{'CWE-127': 2},0.9905738187816661,80,,,,a2aff952615181f2,,,,,
BIN_4339148,11464,1,CWE-124,,"push:rbp mov:rbp,rsp sub:rsp,N lea:rax,[rbp-N] mov:r8d,N mov:edx,N mov:rcx,rax call:N mov:byteptr_[rbp-N],0 lea:rax,[rbp-N] sub:rax,8 mov:qwordptr_[rbp-8],rax mov:rax,qwordptr_[rbp-8] mov:rcx,rax call:N nop: add:rsp,N pop:rbp ret:",key_ins_full,CWE-127,2,1.0,{'CWE-127': 2},0.9870514243433223,70,a2aff952615181f2,,,,,,,,
BIN_4339148,11464,1,CWE-124,,"push:rbp mov:rbp,rsp sub:rsp,N lea:rax,[rbp-N] mov:r8d,N mov:edx,N mov:rcx,rax call:N mov:byteptr_[rbp-N],0 lea:rax,[rbp-N] sub:rax,8 mov:qwordptr_[rbp-8],rax mov:rax,qwordptr_[rbp-8] mov:rcx,rax call:N nop: add:rsp,N pop:rbp ret:",key_ins_tail36,CWE-127,2,1.0,{'CWE-127': 2},0.9869588599085776,97,,,a2aff952615181f2,,,,,,
BIN_4339148,11464,1,CWE-124,,"push:rbp mov:rbp,rsp sub:rsp,N lea:rax,[rbp-N] mov:r8d,N mov:edx,N mov:rcx,rax call:N mov:byteptr_[rbp-N],0 lea:rax,[rbp-N] sub:rax,8 mov:qwordptr_[rbp-8],rax mov:rax,qwordptr_[rbp-8] mov:rcx,rax call:N nop: add:rsp,N pop:rbp ret:",key_len_ins_calls,CWE-127,2,1.0,{'CWE-127': 2},0.9334157541504768,377,,,,,,,,,72|19|2|0
BIN_4355293,35226,1,CWE-391,,"push:rbp mov:rbp,rsp sub:rsp,N mov:rax,qwordptr_[rip+N] mov:eax,dwordptr_[rax] test:eax,eax je:N mov:qwordptr_[rbp-8],0 mov:byteptr_[rbp-N],0 lea:rdx,[rip+N] lea:rax,[rbp-N] mov:r8d,N mov:rcx,rax call:N mov:qwordptr_[rbp-8],rax mov:rax,qwordptr_[rbp-8] mov:ecx,eax call:N lea:rax,[rbp-N] mov:rcx,rax call:N nop: add:rsp,N pop:rbp ret:",key_len_ins_calls,CWE-590,2,1.0,{'CWE-590': 2},0.9334157541504768,377,,,,,,,,,98|25|3|1
BIN_4360396,41586,1,CWE-479,,"push:rbp mov:rbp,rsp sub:rsp,N lea:rax,[rip-N] mov:rdx,rax mov:ecx,2 call:N nop: nop: add:rsp,N pop:rbp ret:",key_op_full,CWE-252,3,1.0,{'CWE-252': 3},0.9925788497217068,56,,3be46509693e9fa6,,,,,,,
BIN_4373462,23929,1,CWE-191,,"push:rbp mov:rbp,rsp sub:rsp,N mov:dwordptr_[rbp-4],0 mov:dwordptr_[rbp-4],N nop: cmp:dwordptr_[rbp-4],0 jns:N mov:eax,dwordptr_[rbp-4] add:eax,eax mov:dwordptr_[rbp-8],eax mov:eax,dwordptr_[rbp-8] mov:ecx,eax call:N nop: nop: add:rsp,N pop:rbp ret:",key_len_ins_calls,CWE-190,5,1.0,{'CWE-190': 5},0.9334157541504768,377,,,,,,,,,55|19|1|1
BIN_4399069,35436,1,CWE-398,,"push:rbp mov:rbp,rsp sub:rsp,N mov:dwordptr_[rbp-4],1 mov:eax,dwordptr_[rbp-4] mov:ecx,eax call:N mov:eax,dwordptr_[rbp-4] mov:ecx,eax call:N nop: add:rsp,N pop:rbp ret:",key_op_full,CWE-482,2,1.0,{'CWE-482': 2},0.9925788497217068,56,,c7dd9c27ce90d6f0,,,,,,,
BIN_4399069,35436,1,CWE-398,,"push:rbp mov:rbp,rsp sub:rsp,N mov:dwordptr_[rbp-4],1 mov:eax,dwordptr_[rbp-4] mov:ecx,eax call:N mov:eax,dwordptr_[rbp-4] mov:ecx,eax call:N nop: add:rsp,N pop:rbp ret:",key_len_ins_calls,CWE-482,2,1.0,{'CWE-482': 2},0.9334157541504768,377,,,,,,,,,42|14|2|0
BIN_4420640,28828,1,CWE-197,,"push:rbp sub:rsp,N lea:rbp,[rsp+N] mov:wordptr_[rbp+N],N mov:dwordptr_[rbp+N],0 mov:qwordptr_[rbp+N],N lea:rax,[rbp-N] mov:rdx,rax mov:ecx,N mov:rax,qwordptr_[rip+N] call:rax test:eax,eax jne:N mov:dwordptr_[rbp+N],1 mov:r8d,6 mov:edx,1 mov:ecx,2 mov:rax,qwordptr_[rip+N] call:rax mov:qwordptr_[rbp+N],rax cmp:qwordptr_[rbp+N],-1 je:N lea:rax,[rbp+N] mov:r8d,N mov:edx,0 mov:rcx,rax call:N mov:wordptr_[rbp+N],2 lea:rax,[rip+N] mov:rcx,rax mov:rax,qwordptr_[rip+N] call:rax mov:dwordptr_[rbp+N],eax mov:ecx,N mov:rax,qwordptr_[rip+N] call:rax mov:wordptr_[rbp+N],ax lea:rdx,[rbp+N] mov:rax,qwordptr_[rbp+N] mov:r8d,N mov:rcx,rax mov:rax,qwordptr_[rip+N] call:rax cmp:eax,-1 je:N lea:rdx,[rbp+N] mov:rax,qwordptr_[rbp+N] mov:r9d,0 mov:r8d,7 mov:rcx,rax mov:rax,qwordptr_[rip+N] call:rax mov:dwordptr_[rbp+N],eax cmp:dwordptr_[rbp+N],-1 je:N cmp:dwordptr_[rbp+N],0 je:N mov:eax,dwordptr_[rbp+N] cdqe: mov:byteptr_[rbp+rax+N],0 lea:rax,[rbp+N] mov:rcx,rax call:N mov:wordptr_[rbp+N],ax jmp:N nop: jmp:N nop: jmp:N nop: cmp:qwordptr_[rbp+N],-1 je:N mov:rax,qwordptr_[rbp+N] mov:rcx,rax mov:rax,qwordptr_[rip+N] call:rax cmp:dwordptr_[rbp+N],0 je:N mov:rax,qwordptr_[rip+N] call:rax movsx:eax,wordptr_[rbp+N] mov:ecx,eax call:N nop: add:rsp,N pop:rbp ret:",key_ins_tail18,CWE-194,2,1.0,{'CWE-194': 2},0.9933922671667114,74,,,,,,96995affe1bca29f,,,
BIN_4420640,28828,1,CWE-197,,"push:rbp sub:rsp,N lea:rbp,[rsp+N] mov:wordptr_[rbp+N],N mov:dwordptr_[rbp+N],0 mov:qwordptr_[rbp+N],N lea:rax,[rbp-N] mov:rdx,rax mov:ecx,N mov:rax,qwordptr_[rip+N] call:rax test:eax,eax jne:N mov:dwordptr_[rbp+N],1 mov:r8d,6 mov:edx,1 mov:ecx,2 mov:rax,qwordptr_[rip+N] call:rax mov:qwordptr_[rbp+N],rax cmp:qwordptr_[rbp+N],-1 je:N lea:rax,[rbp+N] mov:r8d,N mov:edx,0 mov:rcx,rax call:N mov:wordptr_[rbp+N],2 lea:rax,[rip+N] mov:rcx,rax mov:rax,qwordptr_[rip+N] call:rax mov:dwordptr_[rbp+N],eax mov:ecx,N mov:rax,qwordptr_[rip+N] call:rax mov:wordptr_[rbp+N],ax lea:rdx,[rbp+N] mov:rax,qwordptr_[rbp+N] mov:r8d,N mov:rcx,rax mov:rax,qwordptr_[rip+N] call:rax cmp:eax,-1 je:N lea:rdx,[rbp+N] mov:rax,qwordptr_[rbp+N] mov:r9d,0 mov:r8d,7 mov:rcx,rax mov:rax,qwordptr_[rip+N] call:rax mov:dwordptr_[rbp+N],eax cmp:dwordptr_[rbp+N],-1 je:N cmp:dwordptr_[rbp+N],0 je:N mov:eax,dwordptr_[rbp+N] cdqe: mov:byteptr_[rbp+rax+N],0 lea:rax,[rbp+N] mov:rcx,rax call:N mov:wordptr_[rbp+N],ax jmp:N nop: jmp:N nop: jmp:N nop: cmp:qwordptr_[rbp+N],-1 je:N mov:rax,qwordptr_[rbp+N] mov:rcx,rax mov:rax,qwordptr_[rip+N] call:rax cmp:dwordptr_[rbp+N],0 je:N mov:rax,qwordptr_[rip+N] call:rax movsx:eax,wordptr_[rbp+N] mov:ecx,eax call:N nop: add:rsp,N pop:rbp ret:",key_ins_tail24,CWE-194,2,1.0,{'CWE-194': 2},0.9919796954314721,79,,,,,4c0aed3ffae6479d,,,,
BIN_4440205,45321,1,CWE-606,,"push:rbp sub:rsp,N lea:rbp,[rsp+N] mov:qwordptr_[rbp+N],0 mov:qwordptr_[rbp+N],0 mov:qwordptr_[rbp+N],0 mov:qwordptr_[rbp+N],0 mov:qwordptr_[rbp+N],0 mov:qwordptr_[rbp+N],0 mov:qwordptr_[rbp+N],0 mov:qwordptr_[rbp+N],0 mov:qwordptr_[rbp+N],0 mov:qwordptr_[rbp+N],0 mov:qwordptr_[rbp+N],0 mov:qwordptr_[rbp+N],0 mov:dwordptr_[rbp+N],0 lea:rax,[rbp+N] mov:qwordptr_[rbp+N],rax mov:dwordptr_[rbp+N],0 mov:qwordptr_[rbp+N],N mov:rax,qwordptr_[rbp+N] mov:rcx,rax call:N mov:qwordptr_[rbp+N],rax lea:rax,[rbp-N] mov:rdx,rax mov:ecx,N mov:rax,qwordptr_[rip+N] call:rax test:eax,eax jne:N mov:dwordptr_[rbp+N],1 mov:r8d,6 mov:edx,1 mov:ecx,2 mov:rax,qwordptr_[rip+N] call:rax mov:qwordptr_[rbp+N],rax cmp:qwordptr_[rbp+N],-1 je:N lea:rax,[rbp+N] mov:r8d,N mov:edx,0 mov:rcx,rax call:N mov:wordptr_[rbp+N],2 lea:rax,[rip+N] mov:rcx,rax mov:rax,qwordptr_[rip+N] call:rax mov:dwordptr_[rbp+N],eax mov:ecx,N mov:rax,qwordptr_[rip+N] call:rax mov:wordptr_[rbp+N],ax lea:rdx,[rbp+N] mov:rax,qwordptr_[rbp+N] mov:r8d,N mov:rcx,rax mov:rax,qwordptr_[rip+N] call:rax cmp:eax,-1 je:N mov:rax,qwordptr_[rbp+N] mov:edx,eax mov:eax,N sub:eax,edx mov:ecx,eax mov:rdx,qwordptr_[rbp+N] mov:rax,qwordptr_[rbp+N] add:rdx,rax mov:rax,qwordptr_[rbp+N] mov:r9d,0 mov:r8d,ecx mov:rcx,rax mov:rax,qwordptr_[rip+N] call:rax mov:dwordptr_[rbp+N],eax cmp:dwordptr_[rbp+N],-1 je:N cmp:dwordptr_[rbp+N],0 je:N mov:eax,dwordptr_[rbp+N] m",key_ins_full,CWE-134,3,1.0,{'CWE-134': 3},0.9870514243433223,70,15952432fd831f51,,,,,,,,
BIN_4441124,2670,1,CWE-121,,"push:rbp sub:rsp,N lea:rbp,[rsp+N] sub:rsp,N lea:rax,[rsp+N] add:rax,N shr:rax,4 shl:rax,4 mov:qwordptr_[rbp+N],rax sub:rsp,N lea:rax,[rsp+N] add:rax,N shr:rax,4 shl:rax,4 mov:qwordptr_[rbp+N],rax mov:rax,qwordptr_[rbp+N] mov:qwordptr_[rbp+N],rax mov:rax,qwordptr_[rbp+N] mov:wordptr_[rax],0 mov:rax,qwordptr_[rbp+N] mov:qwordptr_[rbp+N],rax mov:rax,qwordptr_[rbp+N] mov:qwordptr_[rbp+N],rax lea:rax,[rbp-N] mov:r8d,N mov:edx,N mov:rcx,rax call:N mov:wordptr_[rbp+N],0 lea:rdx,[rbp-N] mov:rax,qwordptr_[rbp+N] mov:r8d,N mov:rcx,rax call:N mov:rax,qwordptr_[rbp+N] add:rax,N mov:wordptr_[rax],0 mov:rax,qwordptr_[rbp+N] mov:rcx,rax call:N nop: lea:rsp,[rbp+N] pop:rbp ret:",key_ins_tail24,CWE-124,4,1.0,{'CWE-124': 4},0.9919796954314721,79,,,,,50a0bd965e8d00a4,,,,
BIN_4443777,28327,1,CWE-197,,"push:rbp mov:rbp,rsp sub:rsp,N mov:dwordptr_[rbp-4],N mov:eax,1 test:eax,eax je:N mov:qwordptr_[rbp-N],0 mov:qwordptr_[rbp-N],0 mov:ecx,0 mov:rax,qwordptr_[rip+N] call:rax mov:rdx,rax lea:rax,[rbp-N] mov:r8,rdx mov:edx,N mov:rcx,rax call:N test:rax,rax je:N lea:rax,[rbp-N] mov:rcx,rax call:N mov:dwordptr_[rbp-4],eax jmp:N lea:rax,[rip+N] mov:rcx,rax call:N mov:eax,dwordptr_[rbp-4] mov:byteptr_[rbp-5],al movsx:eax,byteptr_[rbp-5] mov:ecx,eax call:N nop: add:rsp,N pop:rbp ret:",key_len_ins_calls,CWE-416,2,1.0,{'CWE-416': 2},0.9334157541504768,377,,,,,,,,,138|37|5|3
BIN_4479648,53008,1,CWE-775,,"push:rbp mov:rbp,rsp sub:rsp,N mov:qwordptr_[rbp-8],0 lea:rax,[rbp-8] mov:rcx,rax call:N nop: add:rsp,N pop:rbp ret:",key_marker_tail,CWE-401,13,1.0,{'CWE-401': 13},0.9945901446548278,46,,,,,,,07ccaca3c4082ad8,,
BIN_4479648,53008,1,CWE-775,,"push:rbp mov:rbp,rsp sub:rsp,N mov:qwordptr_[rbp-8],0 lea:rax,[rbp-8] mov:rcx,rax call:N nop: add:rsp,N pop:rbp ret:",key_ins_tail18,CWE-401,13,1.0,{'CWE-401': 13},0.9933922671667114,74,,,,,,f765096d7d99c087,,,
BIN_4479648,53008,1,CWE-775,,"push:rbp mov:rbp,rsp sub:rsp,N mov:qwordptr_[rbp-8],0 lea:rax,[rbp-8] mov:rcx,rax call:N nop: add:rsp,N pop:rbp ret:",key_ins_tail24,CWE-401,13,1.0,{'CWE-401': 13},0.9919796954314721,79,,,,,f765096d7d99c087,,,,
BIN_4479648,53008,1,CWE-775,,"push:rbp mov:rbp,rsp sub:rsp,N mov:qwordptr_[rbp-8],0 lea:rax,[rbp-8] mov:rcx,rax call:N nop: add:rsp,N pop:rbp ret:",key_ins_tail30,CWE-401,13,1.0,{'CWE-401': 13},0.9905738187816661,80,,,,f765096d7d99c087,,,,,
BIN_4479648,53008,1,CWE-775,,"push:rbp mov:rbp,rsp sub:rsp,N mov:qwordptr_[rbp-8],0 lea:rax,[rbp-8] mov:rcx,rax call:N nop: add:rsp,N pop:rbp ret:",key_ins_full,CWE-401,13,1.0,{'CWE-401': 13},0.9870514243433223,70,f765096d7d99c087,,,,,,,,
BIN_4479648,53008,1,CWE-775,,"push:rbp mov:rbp,rsp sub:rsp,N mov:qwordptr_[rbp-8],0 lea:rax,[rbp-8] mov:rcx,rax call:N nop: add:rsp,N pop:rbp ret:",key_ins_tail36,CWE-401,13,1.0,{'CWE-401': 13},0.9869588599085776,97,,,f765096d7d99c087,,,,,,
BIN_4500682,244,1,CWE-121,,"push:rbp push:rbx sub:rsp,N lea:rbp,[rsp+N] mov:dwordptr_[rbp-4],N mov:eax,dwordptr_[rip+N] test:eax,eax je:N call:N and:eax,1 test:eax,eax je:N call:N shl:eax,N mov:ebx,eax call:N shl:eax,N xor:ebx,eax call:N xor:eax,ebx mov:dwordptr_[rbp-4],eax jmp:N call:N shl:eax,N mov:ebx,eax call:N shl:eax,N xor:ebx,eax call:N xor:eax,ebx not:eax mov:dwordptr_[rbp-4],eax mov:eax,dwordptr_[rip+N] test:eax,eax je:N pxor:xmm0,xmm0 movaps:xmmwordptr_[rbp-N],xmm0 movaps:xmmwordptr_[rbp-N],xmm0 movq:qwordptr_[rbp-N],xmm0 cmp:dwordptr_[rbp-4],0 js:N mov:eax,dwordptr_[rbp-4] cdqe: mov:dwordptr_[rbp+rax*4-N],1 mov:dwordptr_[rbp-8],0 jmp:N mov:eax,dwordptr_[rbp-8] cdqe: mov:eax,dwordptr_[rbp+rax*4-N] mov:ecx,eax call:N add:dwordptr_[rbp-8],1 cmp:dwordptr_[rbp-8],9 jle:N jmp:N lea:rax,[rip+N] mov:rcx,rax call:N nop: add:rsp,N pop:rbx pop:rbp ret:",key_len_ins_calls,CWE-124,2,1.0,{'CWE-124': 2},0.9334157541504768,377,,,,,,,,,210|63|9|8
BIN_4505343,42471,1,CWE-570,,"push:rbp mov:rbp,rsp sub:rsp,N call:N mov:dwordptr_[rbp-4],eax nop: add:rsp,N pop:rbp ret:",key_marker_tail,CWE-571,2,1.0,{'CWE-571': 2},0.9945901446548278,46,,,,,,,d47cbbe7798d2db1,,
BIN_4505343,42471,1,CWE-570,,"push:rbp mov:rbp,rsp sub:rsp,N call:N mov:dwordptr_[rbp-4],eax nop: add:rsp,N pop:rbp ret:",key_callseq,CWE-789,3,1.0,{'CWE-789': 3},0.9922970071978785,61,,,,,,,,rand,
BIN_4513113,12422,1,CWE-124,,"push:rbp sub:rsp,N lea:rbp,[rsp+N] mov:qwordptr_[rbp+N],0 mov:eax,dwordptr_[rip+N] test:eax,eax je:N mov:ecx,N call:N mov:qwordptr_[rbp+N],rax mov:rax,qwordptr_[rbp+N] mov:r8d,N mov:edx,N mov:rcx,rax call:N mov:rax,qwordptr_[rbp+N] add:rax,N mov:wordptr_[rax],0 mov:rax,qwordptr_[rbp+N] sub:rax,N mov:qwordptr_[rbp+N],rax lea:rax,[rbp-N] mov:r8d,N mov:edx,N mov:rcx,rax call:N mov:wordptr_[rbp+N],0 lea:rdx,[rbp-N] mov:rax,qwordptr_[rbp+N] mov:rcx,rax call:N mov:rax,qwordptr_[rbp+N] mov:rcx,rax call:N nop: add:rsp,N pop:rbp ret:",key_len_ins_calls,CWE-122,3,1.0,{'CWE-122': 3},0.9334157541504768,377,,,,,,,,,165|38|5|1
BIN_4513762,45701,1,CWE-606,,"push:rbp sub:rsp,N lea:rbp,[rsp+N] mov:qwordptr_[rbp-N],0 mov:qwordptr_[rbp-N],0 mov:qwordptr_[rbp-N],0 mov:qwordptr_[rbp-N],0 mov:qwordptr_[rbp-N],0 mov:qwordptr_[rbp-N],0 mov:qwordptr_[rbp-N],0 mov:qwordptr_[rbp-N],0 mov:qwordptr_[rbp-N],0 mov:qwordptr_[rbp-N],0 mov:qwordptr_[rbp-N],0 mov:qwordptr_[rbp-8],0 mov:qwordptr_[rbp],0 mov:qwordptr_[rbp+8],0 mov:qwordptr_[rbp+N],0 mov:qwordptr_[rbp+N],0 mov:qwordptr_[rbp+N],0 mov:qwordptr_[rbp+N],0 mov:qwordptr_[rbp+N],0 mov:qwordptr_[rbp+N],0 mov:qwordptr_[rbp+N],0 mov:qwordptr_[rbp+N],0 mov:qwordptr_[rbp+N],0 mov:qwordptr_[rbp+N],0 mov:qwordptr_[rbp+N],0 lea:rax,[rbp-N] mov:qwordptr_[rbp+N],rax mov:rax,qwordptr_[rbp+N] mov:rcx,rax call:N mov:qwordptr_[rbp+N],rax mov:rax,qwordptr_[rbp+N] sub:rax,N cmp:rax,1 jbe:N lea:rdx,[rip+N] lea:rax,[rip+N] mov:rcx,rax call:N mov:qwordptr_[rbp+N],rax cmp:qwordptr_[rbp+N],0 je:N mov:rax,qwordptr_[rbp+N] mov:edx,eax mov:eax,N sub:eax,edx mov:ecx,eax mov:rax,qwordptr_[rbp+N] lea:rdx,[rax+rax] mov:rax,qwordptr_[rbp+N] add:rax,rdx mov:rdx,qwordptr_[rbp+N] mov:r8,rdx mov:edx,ecx mov:rcx,rax call:N test:rax,rax jne:N lea:rax,[rip+N] mov:rcx,rax call:N mov:rax,qwordptr_[rbp+N] lea:rdx,[rax+rax] mov:rax,qwordptr_[rbp+N] add:rax,rdx mov:wordptr_[rax],0 mov:rax,qwordptr_[rbp+N] mov:rcx,rax call:N mov:rax,qwordptr_[rbp+N] mov:rcx,rax call:N nop: add:rsp,N pop:rbp ret:",key_ins_full,CWE-134,7,1.0,{'CWE-134': 7},0.9870514243433223,70,73ac1773dd483418,,,,,,,,
BIN_4513762,45701,1,CWE-606,,"push:rbp sub:rsp,N lea:rbp,[rsp+N] mov:qwordptr_[rbp-N],0 mov:qwordptr_[rbp-N],0 mov:qwordptr_[rbp-N],0 mov:qwordptr_[rbp-N],0 mov:qwordptr_[rbp-N],0 mov:qwordptr_[rbp-N],0 mov:qwordptr_[rbp-N],0 mov:qwordptr_[rbp-N],0 mov:qwordptr_[rbp-N],0 mov:qwordptr_[rbp-N],0 mov:qwordptr_[rbp-N],0 mov:qwordptr_[rbp-8],0 mov:qwordptr_[rbp],0 mov:qwordptr_[rbp+8],0 mov:qwordptr_[rbp+N],0 mov:qwordptr_[rbp+N],0 mov:qwordptr_[rbp+N],0 mov:qwordptr_[rbp+N],0 mov:qwordptr_[rbp+N],0 mov:qwordptr_[rbp+N],0 mov:qwordptr_[rbp+N],0 mov:qwordptr_[rbp+N],0 mov:qwordptr_[rbp+N],0 mov:qwordptr_[rbp+N],0 mov:qwordptr_[rbp+N],0 lea:rax,[rbp-N] mov:qwordptr_[rbp+N],rax mov:rax,qwordptr_[rbp+N] mov:rcx,rax call:N mov:qwordptr_[rbp+N],rax mov:rax,qwordptr_[rbp+N] sub:rax,N cmp:rax,1 jbe:N lea:rdx,[rip+N] lea:rax,[rip+N] mov:rcx,rax call:N mov:qwordptr_[rbp+N],rax cmp:qwordptr_[rbp+N],0 je:N mov:rax,qwordptr_[rbp+N] mov:edx,eax mov:eax,N sub:eax,edx mov:ecx,eax mov:rax,qwordptr_[rbp+N] lea:rdx,[rax+rax] mov:rax,qwordptr_[rbp+N] add:rax,rdx mov:rdx,qwordptr_[rbp+N] mov:r8,rdx mov:edx,ecx mov:rcx,rax call:N test:rax,rax jne:N lea:rax,[rip+N] mov:rcx,rax call:N mov:rax,qwordptr_[rbp+N] lea:rdx,[rax+rax] mov:rax,qwordptr_[rbp+N] add:rax,rdx mov:wordptr_[rax],0 mov:rax,qwordptr_[rbp+N] mov:rcx,rax call:N mov:rax,qwordptr_[rbp+N] mov:rcx,rax call:N nop: add:rsp,N pop:rbp ret:",key_len_ins_calls,CWE-134,7,1.0,{'CWE-134': 7},0.9334157541504768,377,,,,,,,,,412|79|6|3
BIN_4533223,2511,1,CWE-121,,"push:rbp sub:rsp,N lea:rbp,[rsp+N] lea:rax,[rbp+N] mov:qwordptr_[rbp+N],rax lea:rax,[rbp+N] mov:qwordptr_[rbp+N],rax sub:rsp,N lea:rax,[rsp+N] add:rax,N shr:rax,4 shl:rax,4 mov:qwordptr_[rbp+N],rax sub:rsp,N lea:rax,[rsp+N] add:rax,N shr:rax,4 shl:rax,4 mov:qwordptr_[rbp+N],rax mov:rax,qwordptr_[rbp+N] mov:rax,qwordptr_[rax] mov:qwordptr_[rbp+N],rax mov:rax,qwordptr_[rbp+N] mov:qwordptr_[rbp+N],rax mov:rax,qwordptr_[rbp+N] mov:wordptr_[rax],0 mov:rax,qwordptr_[rbp+N] mov:rdx,qwordptr_[rbp+N] mov:qwordptr_[rax],rdx mov:rax,qwordptr_[rbp+N] mov:rax,qwordptr_[rax] mov:qwordptr_[rbp+N],rax lea:rax,[rbp-N] mov:r8d,N mov:edx,N mov:rcx,rax call:N mov:wordptr_[rbp+N],0 mov:qwordptr_[rbp+N],0 jmp:N mov:rax,qwordptr_[rbp+N] lea:rdx,[rax+rax] mov:rax,qwordptr_[rbp+N] add:rdx,rax mov:rax,qwordptr_[rbp+N] movzx:eax,wordptr_[rbp+rax*2-N] mov:wordptr_[rdx],ax add:qwordptr_[rbp+N],1 cmp:qwordptr_[rbp+N],N jbe:N mov:rax,qwordptr_[rbp+N] add:rax,N mov:wordptr_[rax],0 mov:rax,qwordptr_[rbp+N] mov:rcx,rax call:N nop: lea:rsp,[rbp+N] pop:rbp ret:",key_ins_tail30,CWE-124,2,1.0,{'CWE-124': 2},0.9905738187816661,80,,,,db627e3f7aafc41c,,,,,
BIN_4576055,35076,1,CWE-377,,"push:rbp mov:rbp,rsp sub:rsp,N mov:ecx,0 mov:rax,qwordptr_[rip+N] call:rax mov:qwordptr_[rbp-8],rax cmp:qwordptr_[rbp-8],0 jne:N mov:ecx,1 call:N mov:rax,qwordptr_[rbp-8] mov:rcx,rax call:N mov:rax,qwordptr_[rbp-8] mov:r8d,N mov:edx,N mov:rcx,rax mov:rax,qwordptr_[rip+N] call:rax mov:dwordptr_[rbp-N],eax cmp:dwordptr_[rbp-N],-1 je:N lea:rax,[rip+N] mov:rcx,rax call:N mov:eax,dwordptr_[rbp-N] mov:ecx,eax mov:rax,qwordptr_[rip+N] call:rax nop: add:rsp,N pop:rbp ret:",key_len_ins_calls,CWE-122,3,1.0,{'CWE-122': 3},0.9334157541504768,377,,,,,,,,,127|34|6|2
BIN_4580809,11424,1,CWE-124,,"push:rbp mov:rbp,rsp sub:rsp,N lea:rax,[rbp-N] mov:r8d,N mov:edx,N mov:rcx,rax call:N mov:byteptr_[rbp-N],0 lea:rax,[rbp-N] sub:rax,8 mov:qwordptr_[rbp-8],rax mov:rax,qwordptr_[rbp-8] mov:rcx,rax call:N nop: add:rsp,N pop:rbp ret:",key_ins_tail18,CWE-127,2,1.0,{'CWE-127': 2},0.9933922671667114,74,,,,,,2364588ad148d9e8,,,
BIN_4580809,11424,1,CWE-124,,"push:rbp mov:rbp,rsp sub:rsp,N lea:rax,[rbp-N] mov:r8d,N mov:edx,N mov:rcx,rax call:N mov:byteptr_[rbp-N],0 lea:rax,[rbp-N] sub:rax,8 mov:qwordptr_[rbp-8],rax mov:rax,qwordptr_[rbp-8] mov:rcx,rax call:N nop: add:rsp,N pop:rbp ret:",key_ins_tail24,CWE-127,2,1.0,{'CWE-127': 2},0.9919796954314721,79,,,,,a2aff952615181f2,,,,
BIN_4580809,11424,1,CWE-124,,"push:rbp mov:rbp,rsp sub:rsp,N lea:rax,[rbp-N] mov:r8d,N mov:edx,N mov:rcx,rax call:N mov:byteptr_[rbp-N],0 lea:rax,[rbp-N] sub:rax,8 mov:qwordptr_[rbp-8],rax mov:rax,qwordptr_[rbp-8] mov:rcx,rax call:N nop: add:rsp,N pop:rbp ret:",key_ins_tail30,CWE-127,2,1.0,{'CWE-127': 2},0.9905738187816661,80,,,,a2aff952615181f2,,,,,
BIN_4580809,11424,1,CWE-124,,"push:rbp mov:rbp,rsp sub:rsp,N lea:rax,[rbp-N] mov:r8d,N mov:edx,N mov:rcx,rax call:N mov:byteptr_[rbp-N],0 lea:rax,[rbp-N] sub:rax,8 mov:qwordptr_[rbp-8],rax mov:rax,qwordptr_[rbp-8] mov:rcx,rax call:N nop: add:rsp,N pop:rbp ret:",key_ins_full,CWE-127,2,1.0,{'CWE-127': 2},0.9870514243433223,70,a2aff952615181f2,,,,,,,,
BIN_4580809,11424,1,CWE-124,,"push:rbp mov:rbp,rsp sub:rsp,N lea:rax,[rbp-N] mov:r8d,N mov:edx,N mov:rcx,rax call:N mov:byteptr_[rbp-N],0 lea:rax,[rbp-N] sub:rax,8 mov:qwordptr_[rbp-8],rax mov:rax,qwordptr_[rbp-8] mov:rcx,rax call:N nop: add:rsp,N pop:rbp ret:",key_ins_tail36,CWE-127,2,1.0,{'CWE-127': 2},0.9869588599085776,97,,,a2aff952615181f2,,,,,,
BIN_4580809,11424,1,CWE-124,,"push:rbp mov:rbp,rsp sub:rsp,N lea:rax,[rbp-N] mov:r8d,N mov:edx,N mov:rcx,rax call:N mov:byteptr_[rbp-N],0 lea:rax,[rbp-N] sub:rax,8 mov:qwordptr_[rbp-8],rax mov:rax,qwordptr_[rbp-8] mov:rcx,rax call:N nop: add:rsp,N pop:rbp ret:",key_len_ins_calls,CWE-127,2,1.0,{'CWE-127': 2},0.9334157541504768,377,,,,,,,,,72|19|2|0
BIN_4597639,37415,1,CWE-401,,"push:rbp mov:rbp,rsp sub:rsp,N mov:qwordptr_[rbp-8],0 movabs:rax,N movabs:rdx,N mov:qwordptr_[rbp-N],rax mov:qwordptr_[rbp-N],rdx mov:wordptr_[rbp-N],0 lea:rax,[rbp-N] mov:rcx,rax call:N mov:qwordptr_[rbp-8],rax mov:rax,qwordptr_[rbp-8] mov:rcx,rax call:N mov:rax,qwordptr_[rbp-8] mov:qwordptr_[rip+N],rax call:N nop: add:rsp,N pop:rbp ret:",key_len_ins_calls,CWE-665,2,1.0,{'CWE-665': 2},0.9334157541504768,377,,,,,,,,,101|23|3|0
BIN_4621223,53770,1,CWE-789,,"push:rbp mov:rbp,rsp sub:rsp,N mov:qwordptr_[rbp-8],0 call:N cdqe: mov:qwordptr_[rbp-8],rax mov:rax,qwordptr_[rbp-8] mov:qwordptr_[rbp-N],rax mov:rax,qwordptr_[rbp-N] mov:qwordptr_[rbp-N],rax cmp:qwordptr_[rbp-N],5 jbe:N mov:rax,qwordptr_[rbp-N] mov:rcx,rax call:N mov:qwordptr_[rbp-N],rax mov:rax,qwordptr_[rbp-N] mov:dwordptr_[rax],N mov:wordptr_[rax+4],N mov:rax,qwordptr_[rbp-N] mov:rcx,rax call:N cmp:qwordptr_[rbp-N],0 je:N mov:rax,qwordptr_[rbp-N] mov:rcx,rax call:N jmp:N lea:rax,[rip+N] mov:rcx,rax call:N nop: add:rsp,N pop:rbp ret:",key_len_ins_calls,CWE-122,2,1.0,{'CWE-122': 2},0.9334157541504768,377,,,,,,,,,137|36|5|3
BIN_4624159,45286,1,CWE-605,,"push:rbp sub:rsp,N lea:rbp,[rsp+N] call:N test:eax,eax je:N mov:qwordptr_[rbp-N],0 mov:qwordptr_[rbp-N],0 mov:qwordptr_[rbp-N],0 mov:qwordptr_[rbp-N],0 mov:qwordptr_[rbp-N],0 mov:qwordptr_[rbp-N],0 mov:qwordptr_[rbp-N],0 mov:qwordptr_[rbp-N],0 mov:qwordptr_[rbp-N],0 mov:qwordptr_[rbp-8],0 mov:qwordptr_[rbp],0 mov:qwordptr_[rbp+8],0 mov:dwordptr_[rbp+N],0 mov:dwordptr_[rbp+N],0 mov:qwordptr_[rbp+N],N mov:qwordptr_[rbp+N],N lea:rax,[rbp-N] mov:rcx,rax call:N mov:qwordptr_[rbp+N],rax mov:dwordptr_[rbp+N],1 mov:dwordptr_[rbp+N],4 lea:rax,[rbp+N] mov:rdx,rax mov:ecx,N mov:rax,qwordptr_[rip+N] call:rax test:eax,eax jne:N mov:dwordptr_[rbp+N],1 mov:r8d,6 mov:edx,1 mov:ecx,2 mov:rax,qwordptr_[rip+N] call:rax mov:qwordptr_[rbp+N],rax cmp:qwordptr_[rbp+N],-1 je:N lea:rcx,[rbp+N] mov:rax,qwordptr_[rbp+N] mov:edx,dwordptr_[rbp+N] mov:dwordptr_[rsp+N],edx mov:r9,rcx mov:r8d,4 mov:edx,N mov:rcx,rax mov:rax,qwordptr_[rip+N] call:rax test:eax,eax jne:N lea:rax,[rbp+N] mov:r8d,N mov:edx,0 mov:rcx,rax call:N mov:wordptr_[rbp+N],2 mov:dwordptr_[rbp+N],0 mov:ecx,N mov:rax,qwordptr_[rip+N] call:rax mov:wordptr_[rbp+N],ax lea:rdx,[rbp+N] mov:rax,qwordptr_[rbp+N] mov:r8d,N mov:rcx,rax mov:rax,qwordptr_[rip+N] call:rax cmp:eax,-1 je:N mov:rax,qwordptr_[rbp+N] mov:edx,5 mov:rcx,rax mov:rax,qwordptr_[rip+N] call:rax cmp:eax,-1 je:N mov:rax,qwordptr_[rbp+N] mov:r8d,0 mov:edx,0 mov:rcx,rax mov:rax,qwordpt",key_callseq,CWE-666,4,1.0,{'CWE-666': 4},0.9922970071978785,61,,,,,,,,globalreturnstrueorfalse|strlen|memset|strchr|strchr|printline|strlen|memset|strchr|strchr|printline,
BIN_4624159,45286,1,CWE-605,,"push:rbp sub:rsp,N lea:rbp,[rsp+N] call:N test:eax,eax je:N mov:qwordptr_[rbp-N],0 mov:qwordptr_[rbp-N],0 mov:qwordptr_[rbp-N],0 mov:qwordptr_[rbp-N],0 mov:qwordptr_[rbp-N],0 mov:qwordptr_[rbp-N],0 mov:qwordptr_[rbp-N],0 mov:qwordptr_[rbp-N],0 mov:qwordptr_[rbp-N],0 mov:qwordptr_[rbp-8],0 mov:qwordptr_[rbp],0 mov:qwordptr_[rbp+8],0 mov:dwordptr_[rbp+N],0 mov:dwordptr_[rbp+N],0 mov:qwordptr_[rbp+N],N mov:qwordptr_[rbp+N],N lea:rax,[rbp-N] mov:rcx,rax call:N mov:qwordptr_[rbp+N],rax mov:dwordptr_[rbp+N],1 mov:dwordptr_[rbp+N],4 lea:rax,[rbp+N] mov:rdx,rax mov:ecx,N mov:rax,qwordptr_[rip+N] call:rax test:eax,eax jne:N mov:dwordptr_[rbp+N],1 mov:r8d,6 mov:edx,1 mov:ecx,2 mov:rax,qwordptr_[rip+N] call:rax mov:qwordptr_[rbp+N],rax cmp:qwordptr_[rbp+N],-1 je:N lea:rcx,[rbp+N] mov:rax,qwordptr_[rbp+N] mov:edx,dwordptr_[rbp+N] mov:dwordptr_[rsp+N],edx mov:r9,rcx mov:r8d,4 mov:edx,N mov:rcx,rax mov:rax,qwordptr_[rip+N] call:rax test:eax,eax jne:N lea:rax,[rbp+N] mov:r8d,N mov:edx,0 mov:rcx,rax call:N mov:wordptr_[rbp+N],2 mov:dwordptr_[rbp+N],0 mov:ecx,N mov:rax,qwordptr_[rip+N] call:rax mov:wordptr_[rbp+N],ax lea:rdx,[rbp+N] mov:rax,qwordptr_[rbp+N] mov:r8d,N mov:rcx,rax mov:rax,qwordptr_[rip+N] call:rax cmp:eax,-1 je:N mov:rax,qwordptr_[rbp+N] mov:edx,5 mov:rcx,rax mov:rax,qwordptr_[rip+N] call:rax cmp:eax,-1 je:N mov:rax,qwordptr_[rbp+N] mov:r8d,0 mov:edx,0 mov:rcx,rax mov:rax,qwordpt",key_ins_tail36,CWE-666,48,1.0,{'CWE-666': 48},0.9869588599085776,97,,,7b374a73da709283,,,,,,
BIN_4631434,48349,1,CWE-758,,"push:rbp mov:rbp,rsp sub:rsp,N mov:ecx,8 call:N mov:qwordptr_[rbp-8],rax mov:rax,qwordptr_[rbp-8] mov:rax,qwordptr_[rax] mov:qwordptr_[rbp-N],rax mov:rax,qwordptr_[rbp-8] test:rax,rax je:N mov:edx,8 mov:rcx,rax call:N mov:rax,qwordptr_[rbp-N] mov:rax,qwordptr_[rax] movq:xmm0,rax call:N nop: add:rsp,N pop:rbp ret:",key_len_ins_calls,CWE-401,2,1.0,{'CWE-401': 2},0.9334157541504768,377,,,,,,,,,79|23|3|1
BIN_4634026,19198,1,CWE-190,,"push:rbp mov:rbp,rsp sub:rsp,N mov:byteptr_[rbp-1],N mov:rax,qwordptr_[rip+N] mov:eax,dwordptr_[rax] cmp:eax,5 jne:N mov:byteptr_[rbp-1],N mov:rax,qwordptr_[rip+N] mov:eax,dwordptr_[rax] cmp:eax,5 jne:N cmp:byteptr_[rbp-1],0 jle:N movzx:eax,byteptr_[rbp-1] add:eax,eax mov:byteptr_[rbp-2],al movsx:eax,byteptr_[rbp-2] mov:ecx,eax call:N nop: add:rsp,N pop:rbp ret:",key_len_ins_calls,CWE-191,2,1.0,{'CWE-191': 2},0.9334157541504768,377,,,,,,,,,77|25|1|3
BIN_4658504,10696,1,CWE-122,,"push:rbp mov:rbp,rsp sub:rsp,N mov:qwordptr_[rbp-8],0 call:N test:eax,eax je:N mov:ecx,8 call:N mov:qwordptr_[rbp-8],rax cmp:qwordptr_[rbp-8],0 jne:N mov:ecx,N call:N mov:rax,qwordptr_[rbp-8] movsd:xmm0,qwordptr_[rip+N] movsd:qwordptr_[rax],xmm0 mov:rax,qwordptr_[rbp-8] mov:rax,qwordptr_[rax] movq:xmm0,rax call:N mov:rax,qwordptr_[rbp-8] mov:rcx,rax call:N nop: add:rsp,N pop:rbp ret:",key_len_ins_calls,CWE-401,4,1.0,{'CWE-401': 4},0.9334157541504768,377,,,,,,,,,108|28|5|2
BIN_4660950,33668,1,CWE-036,,"push:rbp push:rdi sub:rsp,N lea:rbp,[rsp+N] lea:rdx,[rbp-N] mov:eax,0 mov:ecx,N mov:rdi,rdx rep mov:rdx,rdi mov:dwordptr_[rdx],eax add:rdx,4 lea:rax,[rbp-N] mov:qwordptr_[rbp+N],rax mov:rax,qwordptr_[rbp+N] mov:rcx,rax call:N mov:qwordptr_[rbp+N],rax mov:rax,qwordptr_[rbp+N] sub:rax,N cmp:rax,1 jbe:N lea:rdx,[rip+N] lea:rax,[rip+N] mov:rcx,rax call:N mov:qwordptr_[rbp+N],rax cmp:qwordptr_[rbp+N],0 je:N mov:rax,qwordptr_[rbp+N] mov:edx,eax mov:eax,N sub:eax,edx mov:ecx,eax mov:rdx,qwordptr_[rbp+N] mov:rax,qwordptr_[rbp+N] add:rax,rdx mov:rdx,qwordptr_[rbp+N] mov:r8,rdx mov:edx,ecx mov:rcx,rax call:N test:rax,rax sete:al test:al,al je:N lea:rax,[rip+N] mov:rcx,rax call:N mov:rdx,qwordptr_[rbp+N] mov:rax,qwordptr_[rbp+N] add:rax,rdx mov:byteptr_[rax],0 mov:rax,qwordptr_[rbp+N] mov:rcx,rax call:N mov:rax,qwordptr_[rbp+N] mov:qwordptr_[rip+N],rax call:N nop: add:rsp,N pop:rdi pop:rbp ret:",key_ins_tail18,CWE-023,2,1.0,{'CWE-023': 2},0.9933922671667114,74,,,,,,a52d8fdfb34b5df3,,,
BIN_4660950,33668,1,CWE-036,,"push:rbp push:rdi sub:rsp,N lea:rbp,[rsp+N] lea:rdx,[rbp-N] mov:eax,0 mov:ecx,N mov:rdi,rdx rep mov:rdx,rdi mov:dwordptr_[rdx],eax add:rdx,4 lea:rax,[rbp-N] mov:qwordptr_[rbp+N],rax mov:rax,qwordptr_[rbp+N] mov:rcx,rax call:N mov:qwordptr_[rbp+N],rax mov:rax,qwordptr_[rbp+N] sub:rax,N cmp:rax,1 jbe:N lea:rdx,[rip+N] lea:rax,[rip+N] mov:rcx,rax call:N mov:qwordptr_[rbp+N],rax cmp:qwordptr_[rbp+N],0 je:N mov:rax,qwordptr_[rbp+N] mov:edx,eax mov:eax,N sub:eax,edx mov:ecx,eax mov:rdx,qwordptr_[rbp+N] mov:rax,qwordptr_[rbp+N] add:rax,rdx mov:rdx,qwordptr_[rbp+N] mov:r8,rdx mov:edx,ecx mov:rcx,rax call:N test:rax,rax sete:al test:al,al je:N lea:rax,[rip+N] mov:rcx,rax call:N mov:rdx,qwordptr_[rbp+N] mov:rax,qwordptr_[rbp+N] add:rax,rdx mov:byteptr_[rax],0 mov:rax,qwordptr_[rbp+N] mov:rcx,rax call:N mov:rax,qwordptr_[rbp+N] mov:qwordptr_[rip+N],rax call:N nop: add:rsp,N pop:rdi pop:rbp ret:",key_ins_tail24,CWE-023,2,1.0,{'CWE-023': 2},0.9919796954314721,79,,,,,b6daa1011cae1937,,,,
BIN_4660950,33668,1,CWE-036,,"push:rbp push:rdi sub:rsp,N lea:rbp,[rsp+N] lea:rdx,[rbp-N] mov:eax,0 mov:ecx,N mov:rdi,rdx rep mov:rdx,rdi mov:dwordptr_[rdx],eax add:rdx,4 lea:rax,[rbp-N] mov:qwordptr_[rbp+N],rax mov:rax,qwordptr_[rbp+N] mov:rcx,rax call:N mov:qwordptr_[rbp+N],rax mov:rax,qwordptr_[rbp+N] sub:rax,N cmp:rax,1 jbe:N lea:rdx,[rip+N] lea:rax,[rip+N] mov:rcx,rax call:N mov:qwordptr_[rbp+N],rax cmp:qwordptr_[rbp+N],0 je:N mov:rax,qwordptr_[rbp+N] mov:edx,eax mov:eax,N sub:eax,edx mov:ecx,eax mov:rdx,qwordptr_[rbp+N] mov:rax,qwordptr_[rbp+N] add:rax,rdx mov:rdx,qwordptr_[rbp+N] mov:r8,rdx mov:edx,ecx mov:rcx,rax call:N test:rax,rax sete:al test:al,al je:N lea:rax,[rip+N] mov:rcx,rax call:N mov:rdx,qwordptr_[rbp+N] mov:rax,qwordptr_[rbp+N] add:rax,rdx mov:byteptr_[rax],0 mov:rax,qwordptr_[rbp+N] mov:rcx,rax call:N mov:rax,qwordptr_[rbp+N] mov:qwordptr_[rip+N],rax call:N nop: add:rsp,N pop:rdi pop:rbp ret:",key_ins_tail30,CWE-023,2,1.0,{'CWE-023': 2},0.9905738187816661,80,,,,25b728269a956d2e,,,,,
BIN_4660950,33668,1,CWE-036,,"push:rbp push:rdi sub:rsp,N lea:rbp,[rsp+N] lea:rdx,[rbp-N] mov:eax,0 mov:ecx,N mov:rdi,rdx rep mov:rdx,rdi mov:dwordptr_[rdx],eax add:rdx,4 lea:rax,[rbp-N] mov:qwordptr_[rbp+N],rax mov:rax,qwordptr_[rbp+N] mov:rcx,rax call:N mov:qwordptr_[rbp+N],rax mov:rax,qwordptr_[rbp+N] sub:rax,N cmp:rax,1 jbe:N lea:rdx,[rip+N] lea:rax,[rip+N] mov:rcx,rax call:N mov:qwordptr_[rbp+N],rax cmp:qwordptr_[rbp+N],0 je:N mov:rax,qwordptr_[rbp+N] mov:edx,eax mov:eax,N sub:eax,edx mov:ecx,eax mov:rdx,qwordptr_[rbp+N] mov:rax,qwordptr_[rbp+N] add:rax,rdx mov:rdx,qwordptr_[rbp+N] mov:r8,rdx mov:edx,ecx mov:rcx,rax call:N test:rax,rax sete:al test:al,al je:N lea:rax,[rip+N] mov:rcx,rax call:N mov:rdx,qwordptr_[rbp+N] mov:rax,qwordptr_[rbp+N] add:rax,rdx mov:byteptr_[rax],0 mov:rax,qwordptr_[rbp+N] mov:rcx,rax call:N mov:rax,qwordptr_[rbp+N] mov:qwordptr_[rip+N],rax call:N nop: add:rsp,N pop:rdi pop:rbp ret:",key_ins_tail36,CWE-023,2,1.0,{'CWE-023': 2},0.9869588599085776,97,,,81fe311821e37bde,,,,,,
BIN_4672652,28831,1,CWE-197,,"push:rbp sub:rsp,N lea:rbp,[rsp+N] lea:rax,[rip-N] mov:qwordptr_[rbp+N],rax mov:wordptr_[rbp+N],N mov:dwordptr_[rbp+N],0 mov:qwordptr_[rbp+N],N lea:rax,[rbp-N] mov:rdx,rax mov:ecx,N mov:rax,qwordptr_[rip+N] call:rax test:eax,eax jne:N mov:dwordptr_[rbp+N],1 mov:r8d,6 mov:edx,1 mov:ecx,2 mov:rax,qwordptr_[rip+N] call:rax mov:qwordptr_[rbp+N],rax cmp:qwordptr_[rbp+N],-1 je:N lea:rax,[rbp+N] mov:r8d,N mov:edx,0 mov:rcx,rax call:N mov:wordptr_[rbp+N],2 lea:rax,[rip+N] mov:rcx,rax mov:rax,qwordptr_[rip+N] call:rax mov:dwordptr_[rbp+N],eax mov:ecx,N mov:rax,qwordptr_[rip+N] call:rax mov:wordptr_[rbp+N],ax lea:rdx,[rbp+N] mov:rax,qwordptr_[rbp+N] mov:r8d,N mov:rcx,rax mov:rax,qwordptr_[rip+N] call:rax cmp:eax,-1 je:N lea:rdx,[rbp+N] mov:rax,qwordptr_[rbp+N] mov:r9d,0 mov:r8d,7 mov:rcx,rax mov:rax,qwordptr_[rip+N] call:rax mov:dwordptr_[rbp+N],eax cmp:dwordptr_[rbp+N],-1 je:N cmp:dwordptr_[rbp+N],0 je:N mov:eax,dwordptr_[rbp+N] cdqe: mov:byteptr_[rbp+rax+N],0 lea:rax,[rbp+N] mov:rcx,rax call:N mov:wordptr_[rbp+N],ax jmp:N nop: jmp:N nop: jmp:N nop: cmp:qwordptr_[rbp+N],-1 je:N mov:rax,qwordptr_[rbp+N] mov:rcx,rax mov:rax,qwordptr_[rip+N] call:rax cmp:dwordptr_[rbp+N],0 je:N mov:rax,qwordptr_[rip+N] call:rax movsx:eax,wordptr_[rbp+N] mov:rdx,qwordptr_[rbp+N] mov:ecx,eax call:rdx nop: add:rsp,N pop:rbp ret:",key_ins_tail18,CWE-194,4,1.0,{'CWE-194': 4},0.9933922671667114,74,,,,,,fa1116b704570596,,,
BIN_4672652,28831,1,CWE-197,,"push:rbp sub:rsp,N lea:rbp,[rsp+N] lea:rax,[rip-N] mov:qwordptr_[rbp+N],rax mov:wordptr_[rbp+N],N mov:dwordptr_[rbp+N],0 mov:qwordptr_[rbp+N],N lea:rax,[rbp-N] mov:rdx,rax mov:ecx,N mov:rax,qwordptr_[rip+N] call:rax test:eax,eax jne:N mov:dwordptr_[rbp+N],1 mov:r8d,6 mov:edx,1 mov:ecx,2 mov:rax,qwordptr_[rip+N] call:rax mov:qwordptr_[rbp+N],rax cmp:qwordptr_[rbp+N],-1 je:N lea:rax,[rbp+N] mov:r8d,N mov:edx,0 mov:rcx,rax call:N mov:wordptr_[rbp+N],2 lea:rax,[rip+N] mov:rcx,rax mov:rax,qwordptr_[rip+N] call:rax mov:dwordptr_[rbp+N],eax mov:ecx,N mov:rax,qwordptr_[rip+N] call:rax mov:wordptr_[rbp+N],ax lea:rdx,[rbp+N] mov:rax,qwordptr_[rbp+N] mov:r8d,N mov:rcx,rax mov:rax,qwordptr_[rip+N] call:rax cmp:eax,-1 je:N lea:rdx,[rbp+N] mov:rax,qwordptr_[rbp+N] mov:r9d,0 mov:r8d,7 mov:rcx,rax mov:rax,qwordptr_[rip+N] call:rax mov:dwordptr_[rbp+N],eax cmp:dwordptr_[rbp+N],-1 je:N cmp:dwordptr_[rbp+N],0 je:N mov:eax,dwordptr_[rbp+N] cdqe: mov:byteptr_[rbp+rax+N],0 lea:rax,[rbp+N] mov:rcx,rax call:N mov:wordptr_[rbp+N],ax jmp:N nop: jmp:N nop: jmp:N nop: cmp:qwordptr_[rbp+N],-1 je:N mov:rax,qwordptr_[rbp+N] mov:rcx,rax mov:rax,qwordptr_[rip+N] call:rax cmp:dwordptr_[rbp+N],0 je:N mov:rax,qwordptr_[rip+N] call:rax movsx:eax,wordptr_[rbp+N] mov:rdx,qwordptr_[rbp+N] mov:ecx,eax call:rdx nop: add:rsp,N pop:rbp ret:",key_ins_tail24,CWE-194,2,1.0,{'CWE-194': 2},0.9919796954314721,79,,,,,a53eae11d4fd5133,,,,
BIN_4691256,35327,1,CWE-398,880f8f1fcecd2bcd,"push:rbp mov:rbp,rsp sub:rsp,N lea:rax,[rip+N] mov:rcx,rax call:N nop: add:rsp,N pop:rbp ret:",key_body_hex,CWE-571,2,1.0,{'CWE-571': 2},0.9740777666999003,26,,,,,,,,,
BIN_4701229,24038,1,CWE-191,5d0a8b4d89e9313e,"push:rbp push:rbx sub:rsp,N lea:rbp,[rsp+N] mov:dwordptr_[rbp-4],0 call:N and:eax,1 test:eax,eax je:N call:N shl:eax,N mov:ebx,eax call:N shl:eax,N xor:ebx,eax call:N xor:eax,ebx mov:dwordptr_[rbp-4],eax jmp:N call:N shl:eax,N mov:ebx,eax call:N shl:eax,N xor:ebx,eax call:N xor:eax,ebx not:eax mov:dwordptr_[rbp-4],eax mov:eax,dwordptr_[rbp-4] mov:dwordptr_[rip+N],eax call:N nop: add:rsp,N pop:rbx pop:rbp ret:",key_body_hex,CWE-190,2,1.0,{'CWE-190': 2},0.9740777666999003,26,,,,,,,,,
BIN_4718130,24418,1,CWE-191,2f2f6ed18f841b53,"push:rbp mov:rbp,rsp sub:rsp,N mov:dwordptr_[rbp-4],0 mov:ecx,0 mov:rax,qwordptr_[rip+N] call:rax mov:rcx,rax lea:rdx,[rbp-4] lea:rax,[rip+N] mov:r8,rdx mov:rdx,rax call:N mov:eax,dwordptr_[rbp-4] mov:ecx,eax call:N nop: add:rsp,N pop:rbp ret:",key_body_hex,CWE-190,2,1.0,{'CWE-190': 2},0.9740777666999003,26,,,,,,,,,
BIN_4722027,22286,1,CWE-190,,"push:rbp mov:rbp,rsp sub:rsp,N mov:byteptr_[rbp-N],N mov:dwordptr_[rbp-4],0 jmp:N mov:ecx,0 mov:rax,qwordptr_[rip+N] call:rax mov:rcx,rax lea:rdx,[rbp-N] lea:rax,[rip+N] mov:r8,rdx mov:rdx,rax call:N add:dwordptr_[rbp-4],1 cmp:dwordptr_[rbp-4],0 jle:N mov:dwordptr_[rbp-8],0 jmp:N movzx:eax,byteptr_[rbp-N] add:eax,1 mov:byteptr_[rbp-N],al movzx:eax,byteptr_[rbp-N] mov:byteptr_[rbp-9],al movsx:eax,byteptr_[rbp-9] mov:ecx,eax call:N add:dwordptr_[rbp-8],1 cmp:dwordptr_[rbp-8],0 jle:N nop: nop: add:rsp,N pop:rbp ret:",key_marker_tail,CWE-191,2,1.0,{'CWE-191': 2},0.9945901446548278,46,,,,,,,71a9bc7ab42ca96c,,
BIN_4737236,14010,1,CWE-126,,"push:rbp mov:rbp,rsp sub:rsp,N mov:qwordptr_[rbp-8],0 mov:ecx,N call:N mov:qwordptr_[rbp-8],rax mov:rax,qwordptr_[rbp-8] mov:r8d,N mov:edx,N mov:rcx,rax call:N mov:rax,qwordptr_[rbp-8] add:rax,N mov:byteptr_[rax],0 mov:rax,qwordptr_[rbp-8] mov:qwordptr_[rip+N],rax call:N nop: add:rsp,N pop:rbp ret:",key_ins_tail18,CWE-122,6,1.0,{'CWE-122': 6},0.9933922671667114,74,,,,,,1b638bbf100269d6,,,
BIN_4737236,14010,1,CWE-126,,"push:rbp mov:rbp,rsp sub:rsp,N mov:qwordptr_[rbp-8],0 mov:ecx,N call:N mov:qwordptr_[rbp-8],rax mov:rax,qwordptr_[rbp-8] mov:r8d,N mov:edx,N mov:rcx,rax call:N mov:rax,qwordptr_[rbp-8] add:rax,N mov:byteptr_[rax],0 mov:rax,qwordptr_[rbp-8] mov:qwordptr_[rip+N],rax call:N nop: add:rsp,N pop:rbp ret:",key_len_ins_calls,CWE-690,4,1.0,{'CWE-690': 4},0.9334157541504768,377,,,,,,,,,87|22|3|0
BIN_4789642,15638,1,CWE-127,,"push:rbp sub:rsp,N lea:rbp,[rsp+N] mov:qwordptr_[rbp+N],0 mov:rax,qwordptr_[rip+N] mov:eax,dwordptr_[rax] test:eax,eax je:N mov:ecx,N call:N mov:qwordptr_[rbp+N],rax cmp:qwordptr_[rbp+N],0 jne:N mov:ecx,N call:N mov:rax,qwordptr_[rbp+N] mov:r8d,N mov:edx,N mov:rcx,rax call:N mov:rax,qwordptr_[rbp+N] add:rax,N mov:wordptr_[rax],0 mov:rax,qwordptr_[rbp+N] sub:rax,N mov:qwordptr_[rbp+N],rax lea:rax,[rbp-N] mov:r8d,N mov:edx,N mov:rcx,rax call:N mov:wordptr_[rbp+N],0 lea:rax,[rbp-N] mov:rcx,rax call:N mov:rcx,rax mov:rdx,qwordptr_[rbp+N] lea:rax,[rbp-N] mov:r8,rcx mov:rcx,rax call:N mov:wordptr_[rbp+N],0 lea:rax,[rbp-N] mov:rcx,rax call:N nop: add:rsp,N pop:rbp ret:",key_len_ins_calls,CWE-122,4,1.0,{'CWE-122': 4},0.9334157541504768,377,,,,,,,,,209|49|7|2
BIN_4814745,41456,1,CWE-476,,"push:rbp mov:rbp,rsp sub:rsp,N mov:eax,5 cmp:eax,5 jne:N mov:qwordptr_[rbp-8],0 mov:ecx,4 call:N mov:qwordptr_[rbp-8],rax mov:rax,qwordptr_[rbp-8] mov:dwordptr_[rax],5 mov:rax,qwordptr_[rbp-8] mov:eax,dwordptr_[rax] mov:ecx,eax call:N cmp:qwordptr_[rbp-8],0 je:N mov:rax,qwordptr_[rbp-8] mov:dwordptr_[rax],N mov:rax,qwordptr_[rbp-8] mov:eax,dwordptr_[rax] mov:ecx,eax call:N nop: add:rsp,N pop:rbp ret:",key_len_ins_calls,CWE-415,5,1.0,{'CWE-415': 5},0.9334157541504768,377,,,,,,,,,100|28|3|2
BIN_4845718,11544,1,CWE-124,,"push:rbp mov:rbp,rsp sub:rsp,N lea:rax,[rbp-N] mov:r8d,N mov:edx,N mov:rcx,rax call:N mov:byteptr_[rbp-N],0 lea:rax,[rbp-N] sub:rax,8 mov:qwordptr_[rbp-8],rax mov:rax,qwordptr_[rbp-8] mov:rcx,rax call:N nop: add:rsp,N pop:rbp ret:",key_ins_tail18,CWE-127,2,1.0,{'CWE-127': 2},0.9933922671667114,74,,,,,,2364588ad148d9e8,,,
BIN_4845718,11544,1,CWE-124,,"push:rbp mov:rbp,rsp sub:rsp,N lea:rax,[rbp-N] mov:r8d,N mov:edx,N mov:rcx,rax call:N mov:byteptr_[rbp-N],0 lea:rax,[rbp-N] sub:rax,8 mov:qwordptr_[rbp-8],rax mov:rax,qwordptr_[rbp-8] mov:rcx,rax call:N nop: add:rsp,N pop:rbp ret:",key_ins_tail24,CWE-127,2,1.0,{'CWE-127': 2},0.9919796954314721,79,,,,,a2aff952615181f2,,,,
BIN_4845718,11544,1,CWE-124,,"push:rbp mov:rbp,rsp sub:rsp,N lea:rax,[rbp-N] mov:r8d,N mov:edx,N mov:rcx,rax call:N mov:byteptr_[rbp-N],0 lea:rax,[rbp-N] sub:rax,8 mov:qwordptr_[rbp-8],rax mov:rax,qwordptr_[rbp-8] mov:rcx,rax call:N nop: add:rsp,N pop:rbp ret:",key_ins_tail30,CWE-127,2,1.0,{'CWE-127': 2},0.9905738187816661,80,,,,a2aff952615181f2,,,,,
BIN_4845718,11544,1,CWE-124,,"push:rbp mov:rbp,rsp sub:rsp,N lea:rax,[rbp-N] mov:r8d,N mov:edx,N mov:rcx,rax call:N mov:byteptr_[rbp-N],0 lea:rax,[rbp-N] sub:rax,8 mov:qwordptr_[rbp-8],rax mov:rax,qwordptr_[rbp-8] mov:rcx,rax call:N nop: add:rsp,N pop:rbp ret:",key_ins_full,CWE-127,2,1.0,{'CWE-127': 2},0.9870514243433223,70,a2aff952615181f2,,,,,,,,
BIN_4845718,11544,1,CWE-124,,"push:rbp mov:rbp,rsp sub:rsp,N lea:rax,[rbp-N] mov:r8d,N mov:edx,N mov:rcx,rax call:N mov:byteptr_[rbp-N],0 lea:rax,[rbp-N] sub:rax,8 mov:qwordptr_[rbp-8],rax mov:rax,qwordptr_[rbp-8] mov:rcx,rax call:N nop: add:rsp,N pop:rbp ret:",key_ins_tail36,CWE-127,2,1.0,{'CWE-127': 2},0.9869588599085776,97,,,a2aff952615181f2,,,,,,
BIN_4845718,11544,1,CWE-124,,"push:rbp mov:rbp,rsp sub:rsp,N lea:rax,[rbp-N] mov:r8d,N mov:edx,N mov:rcx,rax call:N mov:byteptr_[rbp-N],0 lea:rax,[rbp-N] sub:rax,8 mov:qwordptr_[rbp-8],rax mov:rax,qwordptr_[rbp-8] mov:rcx,rax call:N nop: add:rsp,N pop:rbp ret:",key_len_ins_calls,CWE-127,2,1.0,{'CWE-127': 2},0.9334157541504768,377,,,,,,,,,72|19|2|0
BIN_4881902,22628,1,CWE-190,,"push:rbp sub:rsp,N lea:rbp,[rsp+N] mov:dwordptr_[rbp+N],0 mov:dwordptr_[rbp+N],0 jmp:N mov:dwordptr_[rbp+N],0 mov:qwordptr_[rbp+N],N mov:qwordptr_[rbp+N],N lea:rax,[rbp-N] mov:rdx,rax mov:ecx,N mov:rax,qwordptr_[rip+N] call:rax test:eax,eax jne:N mov:dwordptr_[rbp+N],1 mov:r8d,6 mov:edx,1 mov:ecx,2 mov:rax,qwordptr_[rip+N] call:rax mov:qwordptr_[rbp+N],rax cmp:qwordptr_[rbp+N],-1 je:N lea:rax,[rbp+N] mov:r8d,N mov:edx,0 mov:rcx,rax call:N mov:wordptr_[rbp+N],2 mov:dwordptr_[rbp+N],0 mov:ecx,N mov:rax,qwordptr_[rip+N] call:rax mov:wordptr_[rbp+N],ax lea:rdx,[rbp+N] mov:rax,qwordptr_[rbp+N] mov:r8d,N mov:rcx,rax mov:rax,qwordptr_[rip+N] call:rax cmp:eax,-1 je:N mov:rax,qwordptr_[rbp+N] mov:edx,5 mov:rcx,rax mov:rax,qwordptr_[rip+N] call:rax cmp:eax,-1 je:N mov:rax,qwordptr_[rbp+N] mov:r8d,0 mov:edx,0 mov:rcx,rax mov:rax,qwordptr_[rip+N] call:rax mov:qwordptr_[rbp+N],rax cmp:qwordptr_[rbp+N],-1 je:N lea:rdx,[rbp+N] mov:rax,qwordptr_[rbp+N] mov:r9d,0 mov:r8d,N mov:rcx,rax mov:rax,qwordptr_[rip+N] call:rax mov:dwordptr_[rbp+N],eax cmp:dwordptr_[rbp+N],-1 je:N cmp:dwordptr_[rbp+N],0 je:N mov:eax,dwordptr_[rbp+N] cdqe: mov:byteptr_[rbp+rax+N],0 lea:rax,[rbp+N] mov:rcx,rax call:N mov:dwordptr_[rbp+N],eax jmp:N nop: jmp:N nop: jmp:N nop: jmp:N nop: jmp:N nop: cmp:qwordptr_[rbp+N],-1",key_len_ins_calls,CWE-191,2,1.0,{'CWE-191': 2},0.9334157541504768,377,,,,,,,,,626|124|13|19
BIN_4885278,35471,1,CWE-398,12d2d1ca2b3e4cce,"push:rbp mov:rbp,rsp sub:rsp,N nop: lea:rax,[rip+N] mov:rcx,rax call:N nop: add:rsp,N pop:rbp ret:",key_body_hex,CWE-546,4,1.0,{'CWE-546': 4},0.9740777666999003,26,,,,,,,,,
BIN_4905172,48956,1,CWE-761,,"push:rbp mov:rbp,rsp sub:rsp,N mov:ecx,N call:N mov:qwordptr_[rbp-8],rax cmp:qwordptr_[rbp-8],0 jne:N mov:ecx,N call:N mov:rax,qwordptr_[rbp-8] mov:byteptr_[rax],0 mov:rax,qwordptr_[rbp-8] movabs:rdx,N mov:qwordptr_[rax],rdx movabs:rdx,N mov:qwordptr_[rax+5],rdx mov:dwordptr_[rip+N],1 mov:rax,qwordptr_[rbp-8] mov:rcx,rax call:N nop: add:rsp,N pop:rbp ret:",key_len_ins_calls,CWE-126,3,1.0,{'CWE-126': 3},0.9334157541504768,377,,,,,,,,,106|25|3|1
BIN_4953698,4507,1,CWE-121,,"push:rbp mov:rbp,rsp sub:rsp,N lea:rax,[rip-N] mov:qwordptr_[rbp-8],rax lea:rax,[rbp-N] mov:qwordptr_[rbp-N],rax mov:rdx,qwordptr_[rbp-8] mov:rax,qwordptr_[rbp-N] mov:rcx,rax call:rdx nop: add:rsp,N pop:rbp ret:",key_op_full,CWE-665,2,1.0,{'CWE-665': 2},0.9925788497217068,56,,4d560f5913239d51,,,,,,,
BIN_5017338,56026,1,CWE-843,,"push:rbp mov:rbp,rsp sub:rsp,N mov:qwordptr_[rbp-8],0 mov:eax,dwordptr_[rip+N] test:eax,eax je:N mov:wordptr_[rbp-N],8 lea:rax,[rbp-N] mov:qwordptr_[rbp-8],rax mov:rax,qwordptr_[rbp-8] mov:eax,dwordptr_[rax] mov:ecx,eax call:N nop: add:rsp,N pop:rbp ret:",key_len_ins_calls,CWE-197,3,1.0,{'CWE-197': 3},0.9334157541504768,377,,,,,,,,,60|18|1|1
BIN_5023538,4773,1,CWE-121,,"push:rbp mov:rbp,rsp sub:rsp,N sub:rsp,N lea:rax,[rsp+N] add:rax,N shr:rax,4 shl:rax,4 mov:qwordptr_[rbp-8],rax mov:rax,qwordptr_[rbp-8] mov:qwordptr_[rbp-N],rax mov:rax,qwordptr_[rip+N] mov:eax,dwordptr_[rax] test:eax,eax je:N mov:rax,qwordptr_[rbp-N] mov:r8d,N mov:edx,N mov:rcx,rax call:N mov:rax,qwordptr_[rbp-N] add:rax,N mov:wordptr_[rax],0 mov:qwordptr_[rbp-N],0 mov:qwordptr_[rbp-N],0 mov:qwordptr_[rbp-N],0 mov:qwordptr_[rbp-N],0 mov:qwordptr_[rbp-N],0 mov:qwordptr_[rbp-N],0 mov:qwordptr_[rbp-N],0 mov:qwordptr_[rbp-N],0 mov:qwordptr_[rbp-N],0 mov:qwordptr_[rbp-N],0 mov:qwordptr_[rbp-N],0 mov:qwordptr_[rbp-N],0 mov:dwordptr_[rbp-N],0 mov:rdx,qwordptr_[rbp-N] lea:rax,[rbp-N] mov:rcx,rax call:N mov:rax,qwordptr_[rbp-N] mov:rcx,rax call:N nop: mov:rsp,rbp pop:rbp ret:",key_len_ins_calls,CWE-195,4,1.0,{'CWE-195': 4},0.9334157541504768,377,,,,,,,,,235|47|3|1
BIN_5029417,22440,1,CWE-190,,"push:rbp mov:rbp,rsp sub:rsp,N mov:qwordptr_[rbp-8],0 movabs:rax,N mov:qwordptr_[rbp-8],rax mov:dwordptr_[rip+N],1 mov:rax,qwordptr_[rbp-8] mov:rcx,rax call:N nop: add:rsp,N pop:rbp ret:",key_ins_tail18,CWE-191,3,1.0,{'CWE-191': 3},0.9933922671667114,74,,,,,,3d337793f6cdd9ec,,,
BIN_5029417,22440,1,CWE-190,,"push:rbp mov:rbp,rsp sub:rsp,N mov:qwordptr_[rbp-8],0 movabs:rax,N mov:qwordptr_[rbp-8],rax mov:dwordptr_[rip+N],1 mov:rax,qwordptr_[rbp-8] mov:rcx,rax call:N nop: add:rsp,N pop:rbp ret:",key_op_full,CWE-191,3,1.0,{'CWE-191': 3},0.9925788497217068,56,,c2190aa1dd117757,,,,,,,
BIN_5029417,22440,1,CWE-190,,"push:rbp mov:rbp,rsp sub:rsp,N mov:qwordptr_[rbp-8],0 movabs:rax,N mov:qwordptr_[rbp-8],rax mov:dwordptr_[rip+N],1 mov:rax,qwordptr_[rbp-8] mov:rcx,rax call:N nop: add:rsp,N pop:rbp ret:",key_ins_tail24,CWE-191,3,1.0,{'CWE-191': 3},0.9919796954314721,79,,,,,3d337793f6cdd9ec,,,,
BIN_5029417,22440,1,CWE-190,,"push:rbp mov:rbp,rsp sub:rsp,N mov:qwordptr_[rbp-8],0 movabs:rax,N mov:qwordptr_[rbp-8],rax mov:dwordptr_[rip+N],1 mov:rax,qwordptr_[rbp-8] mov:rcx,rax call:N nop: add:rsp,N pop:rbp ret:",key_ins_tail30,CWE-191,3,1.0,{'CWE-191': 3},0.9905738187816661,80,,,,3d337793f6cdd9ec,,,,,
BIN_5029417,22440,1,CWE-190,,"push:rbp mov:rbp,rsp sub:rsp,N mov:qwordptr_[rbp-8],0 movabs:rax,N mov:qwordptr_[rbp-8],rax mov:dwordptr_[rip+N],1 mov:rax,qwordptr_[rbp-8] mov:rcx,rax call:N nop: add:rsp,N pop:rbp ret:",key_ins_full,CWE-191,3,1.0,{'CWE-191': 3},0.9870514243433223,70,3d337793f6cdd9ec,,,,,,,,
BIN_5029417,22440,1,CWE-190,,"push:rbp mov:rbp,rsp sub:rsp,N mov:qwordptr_[rbp-8],0 movabs:rax,N mov:qwordptr_[rbp-8],rax mov:dwordptr_[rip+N],1 mov:rax,qwordptr_[rbp-8] mov:rcx,rax call:N nop: add:rsp,N pop:rbp ret:",key_ins_tail36,CWE-191,3,1.0,{'CWE-191': 3},0.9869588599085776,97,,,3d337793f6cdd9ec,,,,,,
BIN_5080695,45417,1,CWE-606,,"push:rbp mov:rbp,rsp sub:rsp,N mov:qwordptr_[rbp-N],0 mov:qwordptr_[rbp-N],0 mov:qwordptr_[rbp-N],0 mov:qwordptr_[rbp-N],0 mov:qwordptr_[rbp-N],0 mov:qwordptr_[rbp-N],0 mov:qwordptr_[rbp-N],0 mov:qwordptr_[rbp-N],0 mov:qwordptr_[rbp-N],0 mov:qwordptr_[rbp-N],0 mov:qwordptr_[rbp-N],0 mov:qwordptr_[rbp-N],0 mov:dwordptr_[rbp-N],0 lea:rax,[rbp-N] mov:qwordptr_[rbp-8],rax mov:rax,qwordptr_[rbp-8] mov:rcx,rax call:N mov:qwordptr_[rbp-N],rax lea:rax,[rip+N] mov:rcx,rax call:N mov:qwordptr_[rbp-N],rax cmp:qwordptr_[rbp-N],0 je:N mov:eax,N sub:rax,qwordptr_[rbp-N] mov:r8,rax mov:rdx,qwordptr_[rbp-8] mov:rax,qwordptr_[rbp-N] lea:rcx,[rdx+rax] mov:rax,qwordptr_[rbp-N] mov:rdx,rax call:N mov:rax,qwordptr_[rbp-8] mov:qwordptr_[rip+N],rax call:N nop: add:rsp,N pop:rbp ret:",key_ins_full,CWE-134,4,1.0,{'CWE-134': 4},0.9870514243433223,70,7d1923a6f59cac2d,,,,,,,,
BIN_5098802,26201,1,CWE-194,,"push:rbp sub:rsp,N lea:rbp,[rsp+N] mov:wordptr_[rbp+N],0 call:N test:eax,eax je:N mov:qwordptr_[rbp+N],0 mov:ecx,0 mov:rax,qwordptr_[rip+N] call:rax mov:rdx,rax lea:rax,[rbp+N] mov:r8,rdx mov:edx,8 mov:rcx,rax call:N test:rax,rax je:N lea:rax,[rbp+N] mov:rcx,rax call:N mov:wordptr_[rbp+N],ax jmp:N lea:rax,[rip+N] mov:rcx,rax call:N mov:qwordptr_[rbp+N],0 mov:qwordptr_[rbp+N],0 mov:qwordptr_[rbp+N],0 mov:qwordptr_[rbp+N],0 mov:qwordptr_[rbp+N],0 mov:qwordptr_[rbp+N],0 mov:qwordptr_[rbp+N],0 mov:qwordptr_[rbp+N],0 mov:qwordptr_[rbp+N],0 mov:qwordptr_[rbp+N],0 mov:qwordptr_[rbp+N],0 mov:qwordptr_[rbp+N],0 mov:dwordptr_[rbp+N],0 lea:rax,[rbp-N] mov:r8d,N mov:edx,N mov:rcx,rax call:N mov:byteptr_[rbp+3],0 cmp:wordptr_[rbp+N],N jg:N movsx:rax,wordptr_[rbp+N] lea:rcx,[rbp+N] lea:rdx,[rbp-N] mov:r8,rax call:N movsx:eax,wordptr_[rbp+N] cdqe: mov:byteptr_[rbp+rax+N],0 lea:rax,[rbp+N] mov:rcx,rax call:N nop: add:rsp,N pop:rbp ret:",key_callseq,CWE-195,2,1.0,{'CWE-195': 2},0.9922970071978785,61,,,,,,,,staticreturnstrue|fgets|atoi|printline|memset|memcpy|printline,
BIN_5111922,245,1,CWE-121,,"push:rbp push:rbx sub:rsp,N lea:rbp,[rsp+N] mov:dwordptr_[rbp-4],N mov:eax,5 cmp:eax,5 jne:N call:N and:eax,1 test:eax,eax je:N call:N shl:eax,N mov:ebx,eax call:N shl:eax,N xor:ebx,eax call:N xor:eax,ebx mov:dwordptr_[rbp-4],eax jmp:N call:N shl:eax,N mov:ebx,eax call:N shl:eax,N xor:ebx,eax call:N xor:eax,ebx not:eax mov:dwordptr_[rbp-4],eax mov:eax,5 cmp:eax,5 jne:N pxor:xmm0,xmm0 movaps:xmmwordptr_[rbp-N],xmm0 movaps:xmmwordptr_[rbp-N],xmm0 movq:qwordptr_[rbp-N],xmm0 cmp:dwordptr_[rbp-4],0 js:N mov:eax,dwordptr_[rbp-4] cdqe: mov:dwordptr_[rbp+rax*4-N],1 mov:dwordptr_[rbp-8],0 jmp:N mov:eax,dwordptr_[rbp-8] cdqe: mov:eax,dwordptr_[rbp+rax*4-N] mov:ecx,eax call:N add:dwordptr_[rbp-8],1 cmp:dwordptr_[rbp-8],9 jle:N jmp:N lea:rax,[rip+N] mov:rcx,rax call:N nop: add:rsp,N pop:rbx pop:rbp ret:",key_len_ins_calls,CWE-124,2,1.0,{'CWE-124': 2},0.9334157541504768,377,,,,,,,,,210|63|9|8
BIN_5112456,10783,1,CWE-122,,"push:rbp mov:rbp,rsp sub:rsp,N mov:qwordptr_[rbp-8],0 mov:ecx,8 call:N mov:qwordptr_[rbp-8],rax cmp:qwordptr_[rbp-8],0 jne:N mov:ecx,N call:N mov:rax,qwordptr_[rbp-8] mov:dwordptr_[rax],1 mov:rax,qwordptr_[rbp-8] mov:dwordptr_[rax+4],2 mov:rax,qwordptr_[rbp-8] mov:rcx,rax call:N mov:rax,qwordptr_[rbp-8] mov:rcx,rax call:N nop: add:rsp,N pop:rbp ret:",key_op_full,CWE-401,4,1.0,{'CWE-401': 4},0.9925788497217068,56,,12320367f7140e54,,,,,,,
BIN_5120193,33760,1,CWE-036,,"push:rbp push:rdi sub:rsp,N lea:rbp,[rsp+N] lea:rdx,[rbp-N] mov:eax,0 mov:ecx,N mov:rdi,rdx rep mov:rdx,rdi mov:dwordptr_[rdx],eax add:rdx,4 lea:rax,[rbp-N] mov:qwordptr_[rbp+N],rax mov:rax,qwordptr_[rbp+N] mov:rcx,rax call:N mov:qwordptr_[rbp+N],rax mov:rax,qwordptr_[rbp+N] sub:rax,N cmp:rax,1 jbe:N lea:rdx,[rip+N] lea:rax,[rip+N] mov:rcx,rax call:N mov:qwordptr_[rbp+N],rax cmp:qwordptr_[rbp+N],0 je:N mov:rax,qwordptr_[rbp+N] mov:edx,eax mov:eax,N sub:eax,edx mov:ecx,eax mov:rdx,qwordptr_[rbp+N] mov:rax,qwordptr_[rbp+N] add:rax,rdx mov:rdx,qwordptr_[rbp+N] mov:r8,rdx mov:edx,ecx mov:rcx,rax call:N test:rax,rax sete:al test:al,al je:N lea:rax,[rip+N] mov:rcx,rax call:N mov:rdx,qwordptr_[rbp+N] mov:rax,qwordptr_[rbp+N] add:rax,rdx mov:byteptr_[rax],0 mov:rax,qwordptr_[rbp+N] mov:rcx,rax call:N mov:rax,qwordptr_[rbp+N] mov:rcx,rax call:N nop: add:rsp,N pop:rdi pop:rbp ret:",key_ins_tail18,CWE-023,4,1.0,{'CWE-023': 4},0.9933922671667114,74,,,,,,f1b3e00fcbead03d,,,
BIN_5120193,33760,1,CWE-036,,"push:rbp push:rdi sub:rsp,N lea:rbp,[rsp+N] lea:rdx,[rbp-N] mov:eax,0 mov:ecx,N mov:rdi,rdx rep mov:rdx,rdi mov:dwordptr_[rdx],eax add:rdx,4 lea:rax,[rbp-N] mov:qwordptr_[rbp+N],rax mov:rax,qwordptr_[rbp+N] mov:rcx,rax call:N mov:qwordptr_[rbp+N],rax mov:rax,qwordptr_[rbp+N] sub:rax,N cmp:rax,1 jbe:N lea:rdx,[rip+N] lea:rax,[rip+N] mov:rcx,rax call:N mov:qwordptr_[rbp+N],rax cmp:qwordptr_[rbp+N],0 je:N mov:rax,qwordptr_[rbp+N] mov:edx,eax mov:eax,N sub:eax,edx mov:ecx,eax mov:rdx,qwordptr_[rbp+N] mov:rax,qwordptr_[rbp+N] add:rax,rdx mov:rdx,qwordptr_[rbp+N] mov:r8,rdx mov:edx,ecx mov:rcx,rax call:N test:rax,rax sete:al test:al,al je:N lea:rax,[rip+N] mov:rcx,rax call:N mov:rdx,qwordptr_[rbp+N] mov:rax,qwordptr_[rbp+N] add:rax,rdx mov:byteptr_[rax],0 mov:rax,qwordptr_[rbp+N] mov:rcx,rax call:N mov:rax,qwordptr_[rbp+N] mov:rcx,rax call:N nop: add:rsp,N pop:rdi pop:rbp ret:",key_ins_tail24,CWE-023,4,1.0,{'CWE-023': 4},0.9919796954314721,79,,,,,22638c1891e0b4d1,,,,
BIN_5120193,33760,1,CWE-036,,"push:rbp push:rdi sub:rsp,N lea:rbp,[rsp+N] lea:rdx,[rbp-N] mov:eax,0 mov:ecx,N mov:rdi,rdx rep mov:rdx,rdi mov:dwordptr_[rdx],eax add:rdx,4 lea:rax,[rbp-N] mov:qwordptr_[rbp+N],rax mov:rax,qwordptr_[rbp+N] mov:rcx,rax call:N mov:qwordptr_[rbp+N],rax mov:rax,qwordptr_[rbp+N] sub:rax,N cmp:rax,1 jbe:N lea:rdx,[rip+N] lea:rax,[rip+N] mov:rcx,rax call:N mov:qwordptr_[rbp+N],rax cmp:qwordptr_[rbp+N],0 je:N mov:rax,qwordptr_[rbp+N] mov:edx,eax mov:eax,N sub:eax,edx mov:ecx,eax mov:rdx,qwordptr_[rbp+N] mov:rax,qwordptr_[rbp+N] add:rax,rdx mov:rdx,qwordptr_[rbp+N] mov:r8,rdx mov:edx,ecx mov:rcx,rax call:N test:rax,rax sete:al test:al,al je:N lea:rax,[rip+N] mov:rcx,rax call:N mov:rdx,qwordptr_[rbp+N] mov:rax,qwordptr_[rbp+N] add:rax,rdx mov:byteptr_[rax],0 mov:rax,qwordptr_[rbp+N] mov:rcx,rax call:N mov:rax,qwordptr_[rbp+N] mov:rcx,rax call:N nop: add:rsp,N pop:rdi pop:rbp ret:",key_ins_tail30,CWE-023,4,1.0,{'CWE-023': 4},0.9905738187816661,80,,,,8ae80b05a939faae,,,,,
BIN_5120193,33760,1,CWE-036,,"push:rbp push:rdi sub:rsp,N lea:rbp,[rsp+N] lea:rdx,[rbp-N] mov:eax,0 mov:ecx,N mov:rdi,rdx rep mov:rdx,rdi mov:dwordptr_[rdx],eax add:rdx,4 lea:rax,[rbp-N] mov:qwordptr_[rbp+N],rax mov:rax,qwordptr_[rbp+N] mov:rcx,rax call:N mov:qwordptr_[rbp+N],rax mov:rax,qwordptr_[rbp+N] sub:rax,N cmp:rax,1 jbe:N lea:rdx,[rip+N] lea:rax,[rip+N] mov:rcx,rax call:N mov:qwordptr_[rbp+N],rax cmp:qwordptr_[rbp+N],0 je:N mov:rax,qwordptr_[rbp+N] mov:edx,eax mov:eax,N sub:eax,edx mov:ecx,eax mov:rdx,qwordptr_[rbp+N] mov:rax,qwordptr_[rbp+N] add:rax,rdx mov:rdx,qwordptr_[rbp+N] mov:r8,rdx mov:edx,ecx mov:rcx,rax call:N test:rax,rax sete:al test:al,al je:N lea:rax,[rip+N] mov:rcx,rax call:N mov:rdx,qwordptr_[rbp+N] mov:rax,qwordptr_[rbp+N] add:rax,rdx mov:byteptr_[rax],0 mov:rax,qwordptr_[rbp+N] mov:rcx,rax call:N mov:rax,qwordptr_[rbp+N] mov:rcx,rax call:N nop: add:rsp,N pop:rdi pop:rbp ret:",key_ins_tail36,CWE-023,4,1.0,{'CWE-023': 4},0.9869588599085776,97,,,f9f8c920daa6c50d,,,,,,
BIN_5123866,2510,1,CWE-121,,"push:rbp sub:rsp,N lea:rbp,[rsp+N] sub:rsp,N lea:rax,[rsp+N] add:rax,N shr:rax,4 shl:rax,4 mov:qwordptr_[rbp+N],rax sub:rsp,N lea:rax,[rsp+N] add:rax,N shr:rax,4 shl:rax,4 mov:qwordptr_[rbp+N],rax mov:rax,qwordptr_[rbp+N] mov:qwordptr_[rbp+N],rax mov:rax,qwordptr_[rbp+N] mov:wordptr_[rax],0 mov:rax,qwordptr_[rbp+N] mov:qwordptr_[rbp+N],rax mov:rax,qwordptr_[rbp+N] mov:qwordptr_[rbp+N],rax lea:rax,[rbp-N] mov:r8d,N mov:edx,N mov:rcx,rax call:N mov:wordptr_[rbp+N],0 mov:qwordptr_[rbp+N],0 jmp:N mov:rax,qwordptr_[rbp+N] lea:rdx,[rax+rax] mov:rax,qwordptr_[rbp+N] add:rdx,rax mov:rax,qwordptr_[rbp+N] movzx:eax,wordptr_[rbp+rax*2-N] mov:wordptr_[rdx],ax add:qwordptr_[rbp+N],1 cmp:qwordptr_[rbp+N],N jbe:N mov:rax,qwordptr_[rbp+N] add:rax,N mov:wordptr_[rax],0 mov:rax,qwordptr_[rbp+N] mov:rcx,rax call:N nop: lea:rsp,[rbp+N] pop:rbp ret:",key_ins_tail30,CWE-124,3,1.0,{'CWE-124': 3},0.9905738187816661,80,,,,631d134f70259300,,,,,
BIN_5124003,2590,1,CWE-121,,"push:rbp sub:rsp,N lea:rbp,[rsp+N] sub:rsp,N lea:rax,[rsp+N] add:rax,N shr:rax,4 shl:rax,4 mov:qwordptr_[rbp+N],rax sub:rsp,N lea:rax,[rsp+N] add:rax,N shr:rax,4 shl:rax,4 mov:qwordptr_[rbp+N],rax mov:rax,qwordptr_[rbp+N] mov:qwordptr_[rbp+N],rax mov:rax,qwordptr_[rbp+N] mov:wordptr_[rax],0 mov:rax,qwordptr_[rbp+N] mov:qwordptr_[rbp+N],rax mov:rax,qwordptr_[rbp+N] mov:qwordptr_[rbp+N],rax lea:rax,[rbp-N] mov:r8d,N mov:edx,N mov:rcx,rax call:N mov:wordptr_[rbp+N],0 lea:rdx,[rbp-N] mov:rax,qwordptr_[rbp+N] mov:r8d,N mov:rcx,rax call:N mov:rax,qwordptr_[rbp+N] add:rax,N mov:wordptr_[rax],0 mov:rax,qwordptr_[rbp+N] mov:rcx,rax call:N nop: lea:rsp,[rbp+N] pop:rbp ret:",key_ins_tail24,CWE-124,4,1.0,{'CWE-124': 4},0.9919796954314721,79,,,,,50a0bd965e8d00a4,,,,
BIN_5141830,30073,1,CWE-023,,"push:rbp push:rdi sub:rsp,N lea:rbp,[rsp+N] lea:rax,[rbp+N] mov:qwordptr_[rbp+N],rax lea:rax,[rbp+N] mov:qwordptr_[rbp+N],rax movabs:rax,N movabs:rdx,N mov:qwordptr_[rbp+N],rax mov:qwordptr_[rbp+N],rdx lea:rdx,[rbp+N] mov:eax,0 mov:ecx,N mov:rdi,rdx rep lea:rax,[rbp+N] mov:qwordptr_[rbp+N],rax mov:rax,qwordptr_[rbp+N] mov:rax,qwordptr_[rax] mov:qwordptr_[rbp+N],rax mov:dwordptr_[rbp+N],0 mov:qwordptr_[rbp+N],N mov:rax,qwordptr_[rbp+N] mov:rcx,rax call:N mov:qwordptr_[rbp+N],rax lea:rax,[rbp-N] mov:rdx,rax mov:ecx,N mov:rax,qwordptr_[rip+N] call:rax test:eax,eax setne:al test:al,al jne:N mov:dwordptr_[rbp+N],1 mov:r8d,6 mov:edx,1 mov:ecx,2 mov:rax,qwordptr_[rip+N] call:rax mov:qwordptr_[rbp+N],rax cmp:qwordptr_[rbp+N],-1 je:N lea:rax,[rbp+N] mov:r8d,N mov:edx,0 mov:rcx,rax call:N mov:wordptr_[rbp+N],2 lea:rax,[rip+N] mov:rcx,rax mov:rax,qwordptr_[rip+N] call:rax mov:dwordptr_[rbp+N],eax mov:ecx,N mov:rax,qwordptr_[rip+N] call:rax mov:wordptr_[rbp+N],ax lea:rdx,[rbp+N] mov:rax,qwordptr_[rbp+N] mov:r8d,N mov:rcx,rax mov:rax,qwordptr_[rip+N] call:rax cmp:eax,-1 sete:al test:al,al jne:N mov:eax,N sub:rax,qwordptr_[rbp+N] add:eax,eax mov:ecx,eax mov:rax,qwordptr_[rbp+N] lea:rdx,[rax+rax] mov:rax,qwordptr_[rbp+N] add:rdx,rax mov:rax,qwordptr_[rbp+N] mov:r9d,0 mov:r8d,ecx mov:rcx,rax mov:rax,qwordptr_[rip+N] call:rax mov:dwordptr_[rbp+N],eax cmp:dwordptr_[rbp+N],-1 je:N cmp:dwordptr_[r",key_ins_tail24,CWE-036,2,1.0,{'CWE-036': 2},0.9919796954314721,79,,,,,ac61723c11a15774,,,,
BIN_5141830,30073,1,CWE-023,,"push:rbp push:rdi sub:rsp,N lea:rbp,[rsp+N] lea:rax,[rbp+N] mov:qwordptr_[rbp+N],rax lea:rax,[rbp+N] mov:qwordptr_[rbp+N],rax movabs:rax,N movabs:rdx,N mov:qwordptr_[rbp+N],rax mov:qwordptr_[rbp+N],rdx lea:rdx,[rbp+N] mov:eax,0 mov:ecx,N mov:rdi,rdx rep lea:rax,[rbp+N] mov:qwordptr_[rbp+N],rax mov:rax,qwordptr_[rbp+N] mov:rax,qwordptr_[rax] mov:qwordptr_[rbp+N],rax mov:dwordptr_[rbp+N],0 mov:qwordptr_[rbp+N],N mov:rax,qwordptr_[rbp+N] mov:rcx,rax call:N mov:qwordptr_[rbp+N],rax lea:rax,[rbp-N] mov:rdx,rax mov:ecx,N mov:rax,qwordptr_[rip+N] call:rax test:eax,eax setne:al test:al,al jne:N mov:dwordptr_[rbp+N],1 mov:r8d,6 mov:edx,1 mov:ecx,2 mov:rax,qwordptr_[rip+N] call:rax mov:qwordptr_[rbp+N],rax cmp:qwordptr_[rbp+N],-1 je:N lea:rax,[rbp+N] mov:r8d,N mov:edx,0 mov:rcx,rax call:N mov:wordptr_[rbp+N],2 lea:rax,[rip+N] mov:rcx,rax mov:rax,qwordptr_[rip+N] call:rax mov:dwordptr_[rbp+N],eax mov:ecx,N mov:rax,qwordptr_[rip+N] call:rax mov:wordptr_[rbp+N],ax lea:rdx,[rbp+N] mov:rax,qwordptr_[rbp+N] mov:r8d,N mov:rcx,rax mov:rax,qwordptr_[rip+N] call:rax cmp:eax,-1 sete:al test:al,al jne:N mov:eax,N sub:rax,qwordptr_[rbp+N] add:eax,eax mov:ecx,eax mov:rax,qwordptr_[rbp+N] lea:rdx,[rax+rax] mov:rax,qwordptr_[rbp+N] add:rdx,rax mov:rax,qwordptr_[rbp+N] mov:r9d,0 mov:r8d,ecx mov:rcx,rax mov:rax,qwordptr_[rip+N] call:rax mov:dwordptr_[rbp+N],eax cmp:dwordptr_[rbp+N],-1 je:N cmp:dwordptr_[r",key_ins_tail30,CWE-036,2,1.0,{'CWE-036': 2},0.9905738187816661,80,,,,a71383e889e1decf,,,,,
BIN_5157105,34236,1,CWE-036,,"push:rbp push:rdi sub:rsp,N lea:rbp,[rsp+N] lea:rdx,[rbp-N] mov:eax,0 mov:ecx,N mov:rdi,rdx rep lea:rax,[rbp-N] mov:qwordptr_[rbp+N],rax mov:rax,qwordptr_[rbp+N] mov:rcx,rax call:N mov:qwordptr_[rbp+N],rax mov:rax,qwordptr_[rbp+N] sub:rax,N cmp:rax,1 jbe:N mov:ecx,0 mov:rax,qwordptr_[rip+N] call:rax mov:rdx,rax mov:rax,qwordptr_[rbp+N] mov:ecx,eax mov:eax,N sub:eax,ecx mov:r9d,eax mov:rax,qwordptr_[rbp+N] lea:rcx,[rax+rax] mov:rax,qwordptr_[rbp+N] add:rax,rcx mov:r8,rdx mov:edx,r9d mov:rcx,rax call:N test:rax,rax setne:al test:al,al je:N mov:rax,qwordptr_[rbp+N] mov:rcx,rax call:N mov:qwordptr_[rbp+N],rax cmp:qwordptr_[rbp+N],0 je:N mov:rax,qwordptr_[rbp+N] add:rax,rax lea:rdx,[rax-2] mov:rax,qwordptr_[rbp+N] add:rax,rdx movzx:eax,wordptr_[rax] cmp:ax,N jne:N mov:rax,qwordptr_[rbp+N] add:rax,rax lea:rdx,[rax-2] mov:rax,qwordptr_[rbp+N] add:rax,rdx mov:wordptr_[rax],0 jmp:N lea:rax,[rip+N] mov:rcx,rax call:N mov:rax,qwordptr_[rbp+N] lea:rdx,[rax+rax] mov:rax,qwordptr_[rbp+N] add:rax,rdx mov:wordptr_[rax],0 mov:rax,qwordptr_[rbp+N] mov:qwordptr_[rbp+N],rax mov:rax,qwordptr_[rbp+N] mov:qwordptr_[rbp+N],rax mov:qwordptr_[rbp+N],0 lea:rdx,[rip+N] mov:rax,qwordptr_[rbp+N] mov:rcx,rax mov:rax,qwordptr_[rip+N] call:rax mov:qwordptr_[rbp+N],rax cmp:qwordptr_[rbp+N],0 je:N mov:rax,qwordptr_[rbp+N] mov:rcx,rax call:N nop: add:rsp,N pop:rdi pop:rbp ret:",key_len_ins_calls,CWE-023,2,1.0,{'CWE-023': 2},0.9334157541504768,377,,,,,,,,,419|90|7|6
BIN_5198015,15220,1,CWE-127,,"push:rbp sub:rsp,N lea:rbp,[rsp+N] lea:rax,[rbp+N] mov:qwordptr_[rbp+N],rax mov:qwordptr_[rbp+N],0 mov:ecx,N call:N mov:qwordptr_[rbp+N],rax cmp:qwordptr_[rbp+N],0 jne:N mov:ecx,N call:N mov:rax,qwordptr_[rbp+N] mov:r8d,N mov:edx,N mov:rcx,rax call:N mov:rax,qwordptr_[rbp+N] add:rax,N mov:byteptr_[rax],0 mov:rax,qwordptr_[rbp+N] sub:rax,8 mov:qwordptr_[rbp+N],rax mov:rax,qwordptr_[rbp+N] mov:rax,qwordptr_[rax] mov:qwordptr_[rbp+N],rax lea:rax,[rbp-N] mov:r8d,N mov:edx,N mov:rcx,rax call:N mov:byteptr_[rbp+N],0 mov:rdx,qwordptr_[rbp+N] lea:rax,[rbp-N] mov:rcx,rax call:N lea:rax,[rbp-N] mov:rcx,rax call:N nop: add:rsp,N pop:rbp ret:",key_len_ins_calls,CWE-126,2,1.0,{'CWE-126': 2},0.9334157541504768,377,,,,,,,,,206|44|6|1
BIN_5203656,24711,1,CWE-191,,"push:rbp mov:rbp,rsp sub:rsp,N lea:rax,[rbp-N] mov:qwordptr_[rbp-8],rax lea:rax,[rbp-N] mov:qwordptr_[rbp-N],rax mov:qwordptr_[rbp-N],0 mov:rax,qwordptr_[rbp-8] mov:rax,qwordptr_[rax] mov:qwordptr_[rbp-N],rax movabs:rax,N mov:qwordptr_[rbp-N],rax mov:rax,qwordptr_[rbp-8] mov:rdx,qwordptr_[rbp-N] mov:qwordptr_[rax],rdx mov:rax,qwordptr_[rbp-N] mov:rax,qwordptr_[rax] mov:qwordptr_[rbp-N],rax sub:qwordptr_[rbp-N],1 mov:rax,qwordptr_[rbp-N] mov:qwordptr_[rbp-N],rax mov:rax,qwordptr_[rbp-N] mov:rcx,rax call:N nop: add:rsp,N pop:rbp ret:",key_len_ins_calls,CWE-190,2,1.0,{'CWE-190': 2},0.9334157541504768,377,,,,,,,,,111|29|1|0
BIN_5204059,23742,1,CWE-191,,"push:rbp mov:rbp,rsp sub:rsp,N mov:dwordptr_[rbp-N],0 mov:ecx,0 mov:rax,qwordptr_[rip+N] call:rax mov:rcx,rax lea:rdx,[rbp-N] lea:rax,[rip+N] mov:r8,rdx mov:rdx,rax call:N mov:eax,dwordptr_[rbp-N] mov:dwordptr_[rbp-4],eax mov:eax,dwordptr_[rbp-4] mov:dwordptr_[rbp-8],eax cmp:dwordptr_[rbp-8],0 jns:N mov:eax,dwordptr_[rbp-8] add:eax,eax mov:dwordptr_[rbp-N],eax mov:eax,dwordptr_[rbp-N] mov:ecx,eax call:N nop: add:rsp,N pop:rbp ret:",key_len_ins_calls,CWE-190,3,1.0,{'CWE-190': 3},0.9334157541504768,377,,,,,,,,,97|29|3|1
BIN_5255267,35468,1,CWE-398,2f9743d311799dce,"push:rbp mov:rbp,rsp sub:rsp,N lea:rax,[rip+N] mov:rcx,rax call:N nop: nop: add:rsp,N pop:rbp ret:",key_body_hex,CWE-546,3,1.0,{'CWE-546': 3},0.9740777666999003,26,,,,,,,,,
BIN_5294669,16494,1,CWE-127,,"push:rbp sub:rsp,N lea:rbp,[rsp+N] lea:rax,[rbp+N] mov:r8d,N mov:edx,N mov:rcx,rax call:N mov:wordptr_[rbp+N],0 mov:dwordptr_[rbp+N],0 jmp:N lea:rax,[rbp+N] sub:rax,N mov:qwordptr_[rbp+N],rax add:dwordptr_[rbp+N],1 cmp:dwordptr_[rbp+N],0 jle:N lea:rax,[rbp-N] mov:r8d,N mov:edx,N mov:rcx,rax call:N mov:wordptr_[rbp+N],0 mov:rdx,qwordptr_[rbp+N] lea:rax,[rbp-N] mov:r8d,N mov:rcx,rax call:N mov:wordptr_[rbp+N],0 lea:rax,[rbp-N] mov:rcx,rax call:N nop: add:rsp,N pop:rbp ret:",key_len_ins_calls,CWE-121,2,1.0,{'CWE-121': 2},0.9334157541504768,377,,,,,,,,,173|36|4|2
BIN_5314372,23876,1,CWE-191,,"push:rbp sub:rsp,N lea:rbp,[rsp+N] mov:dwordptr_[rbp+N],0 call:N test:eax,eax je:N mov:dwordptr_[rbp+N],0 mov:qwordptr_[rbp+N],N mov:qwordptr_[rbp+N],N lea:rax,[rbp-N] mov:rdx,rax mov:ecx,N mov:rax,qwordptr_[rip+N] call:rax test:eax,eax jne:N mov:dwordptr_[rbp+N],1 mov:r8d,6 mov:edx,1 mov:ecx,2 mov:rax,qwordptr_[rip+N] call:rax mov:qwordptr_[rbp+N],rax cmp:qwordptr_[rbp+N],-1 je:N lea:rax,[rbp+N] mov:r8d,N mov:edx,0 mov:rcx,rax call:N mov:wordptr_[rbp+N],2 mov:dwordptr_[rbp+N],0 mov:ecx,N mov:rax,qwordptr_[rip+N] call:rax mov:wordptr_[rbp+N],ax lea:rdx,[rbp+N] mov:rax,qwordptr_[rbp+N] mov:r8d,N mov:rcx,rax mov:rax,qwordptr_[rip+N] call:rax cmp:eax,-1 je:N mov:rax,qwordptr_[rbp+N] mov:edx,5 mov:rcx,rax mov:rax,qwordptr_[rip+N] call:rax cmp:eax,-1 je:N mov:rax,qwordptr_[rbp+N] mov:r8d,0 mov:edx,0 mov:rcx,rax mov:rax,qwordptr_[rip+N] call:rax mov:qwordptr_[rbp+N],rax cmp:qwordptr_[rbp+N],-1 je:N lea:rdx,[rbp+N] mov:rax,qwordptr_[rbp+N] mov:r9d,0 mov:r8d,N mov:rcx,rax mov:rax,qwordptr_[rip+N] call:rax mov:dwordptr_[rbp+N],eax cmp:dwordptr_[rbp+N],-1 je:N cmp:dwordptr_[rbp+N],0 je:N mov:eax,dwordptr_[rbp+N] cdqe: mov:byteptr_[rbp+rax+N],0 lea:rax,[rbp+N] mov:rcx,rax call:N mov:dwordptr_[rbp+N],eax jmp:N nop: jmp:N nop: jmp:N nop: jmp:N nop: jmp:N nop:",key_len_ins_calls,CWE-190,4,1.0,{'CWE-190': 4},0.9334157541504768,377,,,,,,,,,580|119|15|17
BIN_5314476,23540,1,CWE-191,,"push:rbp sub:rsp,N lea:rbp,[rsp+N] mov:dwordptr_[rbp+N],0 call:N test:eax,eax je:N mov:dwordptr_[rbp+N],0 mov:qwordptr_[rbp+N],N lea:rax,[rbp-N] mov:rdx,rax mov:ecx,N mov:rax,qwordptr_[rip+N] call:rax test:eax,eax jne:N mov:dwordptr_[rbp+N],1 mov:r8d,6 mov:edx,1 mov:ecx,2 mov:rax,qwordptr_[rip+N] call:rax mov:qwordptr_[rbp+N],rax cmp:qwordptr_[rbp+N],-1 je:N lea:rax,[rbp+N] mov:r8d,N mov:edx,0 mov:rcx,rax call:N mov:wordptr_[rbp+N],2 lea:rax,[rip+N] mov:rcx,rax mov:rax,qwordptr_[rip+N] call:rax mov:dwordptr_[rbp+N],eax mov:ecx,N mov:rax,qwordptr_[rip+N] call:rax mov:wordptr_[rbp+N],ax lea:rdx,[rbp+N] mov:rax,qwordptr_[rbp+N] mov:r8d,N mov:rcx,rax mov:rax,qwordptr_[rip+N] call:rax cmp:eax,-1 je:N lea:rdx,[rbp+N] mov:rax,qwordptr_[rbp+N] mov:r9d,0 mov:r8d,N mov:rcx,rax mov:rax,qwordptr_[rip+N] call:rax mov:dwordptr_[rbp+N],eax cmp:dwordptr_[rbp+N],-1 je:N cmp:dwordptr_[rbp+N],0 je:N mov:eax,dwordptr_[rbp+N] cdqe: mov:byteptr_[rbp+rax+N],0 lea:rax,[rbp+N] mov:rcx,rax call:N mov:dwordptr_[rbp+N],eax jmp:N nop: jmp:N nop: jmp:N nop: cmp:qwordptr_[rbp+N],-1 je:N mov:rax,qwordptr_[rbp+N] mov:rcx,rax mov:rax,qwordptr_[rip+N] call:rax cmp:dwordptr_[rbp+N],0 je:N mov:rax,qwordptr_[rip+N] call:rax call:N test:eax,eax je:N cmp:dwordptr_[rbp+N],0 jns:N mov:eax,dwordptr_[rbp+N] add:eax,eax",key_len_ins_calls,CWE-190,2,1.0,{'CWE-190': 2},0.9334157541504768,377,,,,,,,,,473|98|13|13
BIN_5316233,39920,1,CWE-427,,"push:rbp push:rdi sub:rsp,N lea:rbp,[rsp+N] movabs:rax,N mov:edx,N mov:qwordptr_[rbp-N],rax mov:qwordptr_[rbp-N],rdx lea:rdx,[rbp-N] mov:eax,0 mov:ecx,N mov:rdi,rdx rep mov:rdx,rdi mov:dwordptr_[rdx],eax add:rdx,4 lea:rax,[rbp-N] mov:qwordptr_[rbp+N],rax call:N test:eax,eax je:N mov:rax,qwordptr_[rbp+N] mov:rcx,rax call:N mov:qwordptr_[rbp+N],rax mov:rax,qwordptr_[rbp+N] sub:rax,N cmp:rax,1 jbe:N lea:rdx,[rip+N] lea:rax,[rip+N] mov:rcx,rax call:N mov:qwordptr_[rbp+N],rax cmp:qwordptr_[rbp+N],0 je:N mov:rax,qwordptr_[rbp+N] mov:edx,eax mov:eax,N sub:eax,edx mov:ecx,eax mov:rax,qwordptr_[rbp+N] lea:rdx,[rax+rax] mov:rax,qwordptr_[rbp+N] add:rax,rdx mov:rdx,qwordptr_[rbp+N] mov:r8,rdx mov:edx,ecx mov:rcx,rax call:N test:rax,rax jne:N lea:rax,[rip+N] mov:rcx,rax call:N mov:rax,qwordptr_[rbp+N] lea:rdx,[rax+rax] mov:rax,qwordptr_[rbp+N] add:rax,rdx mov:wordptr_[rax],0 mov:rax,qwordptr_[rbp+N] mov:rcx,rax call:N mov:rax,qwordptr_[rbp+N] mov:rcx,rax mov:rax,qwordptr_[rip+N] call:rax nop: add:rsp,N pop:rdi pop:rbp ret:",key_callseq,CWE-078,2,1.0,{'CWE-078': 2},0.9922970071978785,61,,,,,,,,staticreturnstrue|wcslen|fopen|fgetws|printline|fclose,
BIN_5316870,28953,1,CWE-197,,"push:rbp mov:rbp,rsp sub:rsp,N mov:wordptr_[rbp-2],N mov:eax,5 cmp:eax,5 jne:N mov:wordptr_[rbp-2],N movzx:eax,wordptr_[rbp-2] mov:byteptr_[rbp-3],al movsx:eax,byteptr_[rbp-3] mov:ecx,eax call:N nop: add:rsp,N pop:rbp ret:",key_len_ins_calls,CWE-190,2,1.0,{'CWE-190': 2},0.9334157541504768,377,,,,,,,,,55|17|1|1
BIN_5322156,39828,1,CWE-427,,"push:rbp push:rdi sub:rsp,N lea:rbp,[rsp+N] movabs:rax,N mov:edx,N mov:qwordptr_[rbp-N],rax mov:qwordptr_[rbp-N],rdx lea:rdx,[rbp-N] mov:eax,0 mov:ecx,N mov:rdi,rdx rep mov:rdx,rdi mov:dwordptr_[rdx],eax add:rdx,4 lea:rax,[rbp-N] mov:qwordptr_[rbp+N],rax call:N test:eax,eax je:N mov:rax,qwordptr_[rbp+N] mov:rcx,rax call:N mov:qwordptr_[rbp+N],rax mov:rax,qwordptr_[rbp+N] sub:rax,N cmp:rax,1 jbe:N mov:ecx,0 mov:rax,qwordptr_[rip+N] call:rax mov:rdx,rax mov:rax,qwordptr_[rbp+N] mov:ecx,eax mov:eax,N sub:eax,ecx mov:r9d,eax mov:rax,qwordptr_[rbp+N] lea:rcx,[rax+rax] mov:rax,qwordptr_[rbp+N] add:rax,rcx mov:r8,rdx mov:edx,r9d mov:rcx,rax call:N test:rax,rax je:N mov:rax,qwordptr_[rbp+N] mov:rcx,rax call:N mov:qwordptr_[rbp+N],rax cmp:qwordptr_[rbp+N],0 je:N mov:rax,qwordptr_[rbp+N] add:rax,rax lea:rdx,[rax-2] mov:rax,qwordptr_[rbp+N] add:rax,rdx movzx:eax,wordptr_[rax] cmp:ax,N jne:N mov:rax,qwordptr_[rbp+N] add:rax,rax lea:rdx,[rax-2] mov:rax,qwordptr_[rbp+N] add:rax,rdx mov:wordptr_[rax],0 jmp:N lea:rax,[rip+N] mov:rcx,rax call:N mov:rax,qwordptr_[rbp+N] lea:rdx,[rax+rax] mov:rax,qwordptr_[rbp+N] add:rax,rdx mov:wordptr_[rax],0 jmp:N lea:rdx,[rip+N] mov:rax,qwordptr_[rbp+N] mov:rcx,rax call:N mov:rax,qwordptr_[rbp+N] mov:rcx,rax mov:rax,qwordptr_[rip+N] call:rax nop: add:rsp,N pop:rdi pop:rbp",key_len_ins_calls,CWE-036,2,1.0,{'CWE-036': 2},0.9334157541504768,377,,,,,,,,,409|91|8|7
BIN_5343873,20927,1,CWE-190,,"push:rbp mov:rbp,rsp sub:rsp,N mov:wordptr_[rbp-2],0 mov:rax,qwordptr_[rip+N] mov:eax,dwordptr_[rax] cmp:eax,5 jne:N mov:wordptr_[rbp-2],N mov:rax,qwordptr_[rip+N] mov:eax,dwordptr_[rax] cmp:eax,5 jne:N cmp:wordptr_[rbp-2],0 jle:N movzx:eax,wordptr_[rbp-2] add:eax,eax mov:wordptr_[rbp-4],ax movsx:eax,wordptr_[rbp-4] mov:ecx,eax call:N nop: add:rsp,N pop:rbp ret:",key_len_ins_calls,CWE-191,2,1.0,{'CWE-191': 2},0.9334157541504768,377,,,,,,,,,83|25|1|3
BIN_5421492,41797,1,CWE-511,,"push:rbp mov:rbp,rsp sub:rsp,N call:N test:eax,eax je:N mov:dwordptr_[rbp-4],0 cmp:dwordptr_[rbp-4],N jne:N lea:rax,[rip+N] mov:rcx,rax mov:rax,qwordptr_[rip+N] call:rax add:dwordptr_[rbp-4],1 jmp:N mov:dwordptr_[rbp-8],0 cmp:dwordptr_[rbp-8],N jne:N lea:rax,[rip+N] mov:rcx,rax call:N add:dwordptr_[rbp-8],1 jmp:N",key_callseq,CWE-252,3,1.0,{'CWE-252': 3},0.9922970071978785,61,,,,,,,,globalreturnstrueorfalse|printline,
BIN_5461993,48350,1,CWE-758,,"push:rbp mov:rbp,rsp sub:rsp,N mov:ecx,8 call:N mov:qwordptr_[rbp-8],rax mov:rax,qwordptr_[rbp-8] mov:rax,qwordptr_[rax] mov:qwordptr_[rbp-N],rax mov:rax,qwordptr_[rbp-8] test:rax,rax je:N mov:edx,8 mov:rcx,rax call:N mov:rax,qwordptr_[rbp-N] mov:rax,qwordptr_[rax] movq:xmm0,rax call:N nop: add:rsp,N pop:rbp ret:",key_len_ins_calls,CWE-401,2,1.0,{'CWE-401': 2},0.9334157541504768,377,,,,,,,,,79|23|3|1
BIN_5485342,24023,1,CWE-191,,"push:rbp push:rbx sub:rsp,N lea:rbp,[rsp+N] mov:dwordptr_[rbp-4],0 mov:rax,qwordptr_[rip+N] mov:eax,dwordptr_[rax] cmp:eax,5 jne:N call:N and:eax,1 test:eax,eax je:N call:N shl:eax,N mov:ebx,eax call:N shl:eax,N xor:ebx,eax call:N xor:eax,ebx mov:dwordptr_[rbp-4],eax jmp:N call:N shl:eax,N mov:ebx,eax call:N shl:eax,N xor:ebx,eax call:N xor:eax,ebx not:eax mov:dwordptr_[rbp-4],eax mov:rax,qwordptr_[rip+N] mov:eax,dwordptr_[rax] cmp:eax,5 jne:N cmp:dwordptr_[rbp-4],0 jns:N mov:eax,dwordptr_[rbp-4] add:eax,eax mov:dwordptr_[rbp-8],eax mov:eax,dwordptr_[rbp-8] mov:ecx,eax call:N nop: add:rsp,N pop:rbx pop:rbp ret:",key_len_ins_calls,CWE-190,3,1.0,{'CWE-190': 3},0.9334157541504768,377,,,,,,,,,154|50|8|5
BIN_5574840,10800,1,CWE-122,,"push:rbp mov:rbp,rsp sub:rsp,N mov:qwordptr_[rbp-8],0 mov:dwordptr_[rip+N],1 mov:rax,qwordptr_[rbp-8] mov:rcx,rax call:N mov:qwordptr_[rbp-8],rax mov:rax,qwordptr_[rbp-8] mov:rcx,rax call:N mov:rax,qwordptr_[rbp-8] mov:rcx,rax call:N nop: add:rsp,N pop:rbp ret:",key_len_ins_calls,CWE-675,3,1.0,{'CWE-675': 3},0.9334157541504768,377,,,,,,,,,73|19|3|0
BIN_5578478,15643,1,CWE-127,,"push:rbp sub:rsp,N lea:rbp,[rsp+N] mov:qwordptr_[rbp+N],0 mov:rax,qwordptr_[rip+N] mov:eax,dwordptr_[rax] cmp:eax,5 jne:N mov:ecx,N call:N mov:qwordptr_[rbp+N],rax cmp:qwordptr_[rbp+N],0 jne:N mov:ecx,N call:N mov:rax,qwordptr_[rbp+N] mov:r8d,N mov:edx,N mov:rcx,rax call:N mov:rax,qwordptr_[rbp+N] add:rax,N mov:wordptr_[rax],0 mov:rax,qwordptr_[rbp+N] sub:rax,N mov:qwordptr_[rbp+N],rax lea:rax,[rbp-N] mov:r8d,N mov:edx,N mov:rcx,rax call:N mov:wordptr_[rbp+N],0 lea:rax,[rbp-N] mov:rcx,rax call:N mov:rcx,rax mov:rdx,qwordptr_[rbp+N] lea:rax,[rbp-N] mov:r8,rcx mov:rcx,rax call:N mov:wordptr_[rbp+N],0 lea:rax,[rbp-N] mov:rcx,rax call:N nop: add:rsp,N pop:rbp ret:",key_len_ins_calls,CWE-122,4,1.0,{'CWE-122': 4},0.9334157541504768,377,,,,,,,,,210|49|7|2
BIN_5589217,15639,1,CWE-127,,"push:rbp sub:rsp,N lea:rbp,[rsp+N] mov:qwordptr_[rbp+N],0 mov:rax,qwordptr_[rip+N] mov:eax,dwordptr_[rax] test:eax,eax je:N mov:ecx,N call:N mov:qwordptr_[rbp+N],rax cmp:qwordptr_[rbp+N],0 jne:N mov:ecx,N call:N mov:rax,qwordptr_[rbp+N] mov:r8d,N mov:edx,N mov:rcx,rax call:N mov:rax,qwordptr_[rbp+N] add:rax,N mov:wordptr_[rax],0 mov:rax,qwordptr_[rbp+N] sub:rax,N mov:qwordptr_[rbp+N],rax lea:rax,[rbp-N] mov:r8d,N mov:edx,N mov:rcx,rax call:N mov:wordptr_[rbp+N],0 lea:rax,[rbp-N] mov:rcx,rax call:N mov:rcx,rax mov:rdx,qwordptr_[rbp+N] lea:rax,[rbp-N] mov:r8,rcx mov:rcx,rax call:N mov:wordptr_[rbp+N],0 lea:rax,[rbp-N] mov:rcx,rax call:N nop: add:rsp,N pop:rbp ret:",key_len_ins_calls,CWE-122,4,1.0,{'CWE-122': 4},0.9334157541504768,377,,,,,,,,,209|49|7|2
BIN_5595461,40909,1,CWE-457,,"push:rbp mov:rbp,rsp sub:rsp,N mov:ecx,N call:N mov:qwordptr_[rbp-N],rax nop: nop: mov:dwordptr_[rbp-4],0 jmp:N mov:eax,dwordptr_[rbp-4] cdqe: lea:rdx,[rax*8] mov:rax,qwordptr_[rbp-N] add:rax,rdx mov:eax,dwordptr_[rax] mov:ecx,eax call:N mov:eax,dwordptr_[rbp-4] cdqe: lea:rdx,[rax*8] mov:rax,qwordptr_[rbp-N] add:rax,rdx mov:eax,dwordptr_[rax+4] mov:ecx,eax call:N add:dwordptr_[rbp-4],1 cmp:dwordptr_[rbp-4],9 jle:N nop: nop: add:rsp,N pop:rbp ret:",key_len_ins_calls,CWE-398,2,1.0,{'CWE-398': 2},0.9334157541504768,377,,,,,,,,,110|34|3|2
BIN_5631677,24903,1,CWE-191,0ba874a172347e9a,"push:rbp sub:rsp,N lea:rbp,[rsp+N] mov:dwordptr_[rbp+N],0 mov:dwordptr_[rbp+N],0 mov:qwordptr_[rbp+N],N mov:qwordptr_[rbp+N],N lea:rax,[rbp-N] mov:rdx,rax mov:ecx,N mov:rax,qwordptr_[rip+N] call:rax test:eax,eax jne:N mov:dwordptr_[rbp+N],1 mov:r8d,6 mov:edx,1 mov:ecx,2 mov:rax,qwordptr_[rip+N] call:rax mov:qwordptr_[rbp+N],rax cmp:qwordptr_[rbp+N],-1 je:N lea:rax,[rbp+N] mov:r8d,N mov:edx,0 mov:rcx,rax call:N mov:wordptr_[rbp+N],2 mov:dwordptr_[rbp+N],0 mov:ecx,N mov:rax,qwordptr_[rip+N] call:rax mov:wordptr_[rbp+N],ax lea:rdx,[rbp+N] mov:rax,qwordptr_[rbp+N] mov:r8d,N mov:rcx,rax mov:rax,qwordptr_[rip+N] call:rax cmp:eax,-1 je:N mov:rax,qwordptr_[rbp+N] mov:edx,5 mov:rcx,rax mov:rax,qwordptr_[rip+N] call:rax cmp:eax,-1 je:N mov:rax,qwordptr_[rbp+N] mov:r8d,0 mov:edx,0 mov:rcx,rax mov:rax,qwordptr_[rip+N] call:rax mov:qwordptr_[rbp+N],rax cmp:qwordptr_[rbp+N],-1 je:N lea:rdx,[rbp+N] mov:rax,qwordptr_[rbp+N] mov:r9d,0 mov:r8d,N mov:rcx,rax mov:rax,qwordptr_[rip+N] call:rax mov:dwordptr_[rbp+N],eax cmp:dwordptr_[rbp+N],-1 je:N cmp:dwordptr_[rbp+N],0 je:N mov:eax,dwordptr_[rbp+N] cdqe: mov:byteptr_[rbp+rax+N],0 lea:rax,[rbp+N] mov:rcx,rax call:N mov:dwordptr_[rbp+N],eax jmp:N nop: jmp:N nop: jmp:N nop: jmp:N nop: jmp:N nop: cmp:qwordptr_[rbp+N],-1 je:N mov:rax,qwordptr_[rbp+N]",key_body_hex,CWE-190,2,1.0,{'CWE-190': 2},0.9740777666999003,26,,,,,,,,,
BIN_5667234,24560,1,CWE-191,,"push:rbp mov:rbp,rsp sub:rsp,N mov:byteptr_[rbp-3],N mov:ecx,0 mov:rax,qwordptr_[rip+N] call:rax mov:rcx,rax lea:rdx,[rbp-3] lea:rax,[rip+N] mov:r8,rdx mov:rdx,rax call:N movzx:eax,byteptr_[rbp-3] mov:byteptr_[rbp-4],al movzx:eax,byteptr_[rbp-4] mov:byteptr_[rbp-1],al movzx:eax,byteptr_[rbp-1] sub:eax,1 mov:byteptr_[rbp-1],al movzx:eax,byteptr_[rbp-1] mov:byteptr_[rbp-2],al movsx:eax,byteptr_[rbp-2] mov:ecx,eax call:N nop: add:rsp,N pop:rbp ret:",key_marker_tail,CWE-190,2,1.0,{'CWE-190': 2},0.9945901446548278,46,,,,,,,5e1ba594720fb645,,
BIN_5734450,39536,1,CWE-427,,"push:rbp sub:rsp,N lea:rbp,[rsp+N] movabs:rax,N mov:edx,0 mov:qwordptr_[rbp+N],rax mov:qwordptr_[rbp+N],rdx mov:qwordptr_[rbp+N],0 mov:qwordptr_[rbp+N],0 mov:qwordptr_[rbp+N],0 mov:qwordptr_[rbp+N],0 mov:qwordptr_[rbp+N],0 mov:qwordptr_[rbp+N],0 mov:qwordptr_[rbp+N],0 mov:qwordptr_[rbp+N],0 mov:qwordptr_[rbp+N],0 mov:qwordptr_[rbp+N],0 mov:qwordptr_[rbp+N],0 mov:qwordptr_[rbp+N],0 mov:qwordptr_[rbp+N],0 mov:qwordptr_[rbp+N],0 mov:qwordptr_[rbp+N],0 mov:qwordptr_[rbp+N],0 mov:qwordptr_[rbp+N],0 mov:qwordptr_[rbp+N],0 mov:qwordptr_[rbp+N],0 mov:qwordptr_[rbp+N],0 mov:qwordptr_[rbp+N],0 mov:qwordptr_[rbp+N],0 mov:qwordptr_[rbp+N],0 mov:qwordptr_[rbp+N],0 mov:qwordptr_[rbp+N],0 mov:qwordptr_[rbp+N],0 mov:qwordptr_[rbp+N],0 mov:qwordptr_[rbp+N],0 mov:qwordptr_[rbp+N],0 mov:qwordptr_[rbp+N],0 lea:rax,[rbp+N] mov:qwordptr_[rbp+N],rax call:N test:eax,eax je:N mov:dwordptr_[rbp+N],0 mov:qwordptr_[rbp+N],N mov:rax,qwordptr_[rbp+N] mov:rcx,rax call:N mov:qwordptr_[rbp+N],rax lea:rax,[rbp-N] mov:rdx,rax mov:ecx,N mov:rax,qwordptr_[rip+N] call:rax test:eax,eax jne:N mov:dwordptr_[rbp+N],1 mov:r8d,6 mov:edx,1 mov:ecx,2 mov:rax,qwordptr_[rip+N] call:rax mov:qwordptr_[rbp+N],rax cmp:qwordptr_[rbp+N],-1 je:N lea:rax,[rbp+N] mov:r8d,N mov:edx,0 mov:rcx,rax call:N mov:wordptr_[rbp+N],2 lea:rax,[rip+N] mov:rcx,rax mov:rax,qwordptr_[rip+N] call:rax mov:dwordptr_[rbp+N],eax mov:ecx,N mov:rax,qwordpt",key_callseq,CWE-078,4,1.0,{'CWE-078': 4},0.9922970071978785,61,,,,,,,,staticreturnstrue|strlen|memset|strchr|strchr,
BIN_5782979,33846,1,CWE-036,,"push:rbp push:rdi sub:rsp,N lea:rbp,[rsp+N] lea:rdx,[rbp+N] mov:eax,0 mov:ecx,N mov:rdi,rdx rep mov:rdx,rdi mov:dwordptr_[rdx],eax add:rdx,4 lea:rax,[rbp+N] mov:qwordptr_[rbp+N],rax mov:dwordptr_[rbp+N],0 mov:qwordptr_[rbp+N],N mov:qwordptr_[rbp+N],N mov:rax,qwordptr_[rbp+N] mov:rcx,rax call:N mov:qwordptr_[rbp+N],rax lea:rax,[rbp-N] mov:rdx,rax mov:ecx,N mov:rax,qwordptr_[rip+N] call:rax test:eax,eax setne:al test:al,al jne:N mov:dwordptr_[rbp+N],1 mov:r8d,6 mov:edx,1 mov:ecx,2 mov:rax,qwordptr_[rip+N] call:rax mov:qwordptr_[rbp+N],rax cmp:qwordptr_[rbp+N],-1 je:N lea:rax,[rbp+N] mov:r8d,N mov:edx,0 mov:rcx,rax call:N mov:wordptr_[rbp+N],2 mov:dwordptr_[rbp+N],0 mov:ecx,N mov:rax,qwordptr_[rip+N] call:rax mov:wordptr_[rbp+N],ax lea:rdx,[rbp+N] mov:rax,qwordptr_[rbp+N] mov:r8d,N mov:rcx,rax mov:rax,qwordptr_[rip+N] call:rax cmp:eax,-1 sete:al test:al,al jne:N mov:rax,qwordptr_[rbp+N] mov:edx,5 mov:rcx,rax mov:rax,qwordptr_[rip+N] call:rax cmp:eax,-1 sete:al test:al,al jne:N mov:rax,qwordptr_[rbp+N] mov:r8d,0 mov:edx,0 mov:rcx,rax mov:rax,qwordptr_[rip+N] call:rax mov:qwordptr_[rbp+N],rax cmp:qwordptr_[rbp+N],-1 je:N mov:rax,qwordptr_[rbp+N] mov:edx,eax mov:eax,N sub:eax,edx mov:ecx,eax mov:rdx,qwordptr_[rbp+N] mov:rax,qwordptr_[rbp+N] add:rdx,rax mov:rax,qwordptr_[rbp+N] mov:r9d,0 mov:r8d,ecx mov:rcx,rax",key_ins_tail30,CWE-023,2,1.0,{'CWE-023': 2},0.9905738187816661,80,,,,418d4eb84ef22e18,,,,,
BIN_5782979,33846,1,CWE-036,,"push:rbp push:rdi sub:rsp,N lea:rbp,[rsp+N] lea:rdx,[rbp+N] mov:eax,0 mov:ecx,N mov:rdi,rdx rep mov:rdx,rdi mov:dwordptr_[rdx],eax add:rdx,4 lea:rax,[rbp+N] mov:qwordptr_[rbp+N],rax mov:dwordptr_[rbp+N],0 mov:qwordptr_[rbp+N],N mov:qwordptr_[rbp+N],N mov:rax,qwordptr_[rbp+N] mov:rcx,rax call:N mov:qwordptr_[rbp+N],rax lea:rax,[rbp-N] mov:rdx,rax mov:ecx,N mov:rax,qwordptr_[rip+N] call:rax test:eax,eax setne:al test:al,al jne:N mov:dwordptr_[rbp+N],1 mov:r8d,6 mov:edx,1 mov:ecx,2 mov:rax,qwordptr_[rip+N] call:rax mov:qwordptr_[rbp+N],rax cmp:qwordptr_[rbp+N],-1 je:N lea:rax,[rbp+N] mov:r8d,N mov:edx,0 mov:rcx,rax call:N mov:wordptr_[rbp+N],2 mov:dwordptr_[rbp+N],0 mov:ecx,N mov:rax,qwordptr_[rip+N] call:rax mov:wordptr_[rbp+N],ax lea:rdx,[rbp+N] mov:rax,qwordptr_[rbp+N] mov:r8d,N mov:rcx,rax mov:rax,qwordptr_[rip+N] call:rax cmp:eax,-1 sete:al test:al,al jne:N mov:rax,qwordptr_[rbp+N] mov:edx,5 mov:rcx,rax mov:rax,qwordptr_[rip+N] call:rax cmp:eax,-1 sete:al test:al,al jne:N mov:rax,qwordptr_[rbp+N] mov:r8d,0 mov:edx,0 mov:rcx,rax mov:rax,qwordptr_[rip+N] call:rax mov:qwordptr_[rbp+N],rax cmp:qwordptr_[rbp+N],-1 je:N mov:rax,qwordptr_[rbp+N] mov:edx,eax mov:eax,N sub:eax,edx mov:ecx,eax mov:rdx,qwordptr_[rbp+N] mov:rax,qwordptr_[rbp+N] add:rdx,rax mov:rax,qwordptr_[rbp+N] mov:r9d,0 mov:r8d,ecx mov:rcx,rax",key_ins_tail36,CWE-023,2,1.0,{'CWE-023': 2},0.9869588599085776,97,,,a4508a24d602e816,,,,,,
BIN_5801765,2456,1,CWE-121,,"push:rbp sub:rsp,N lea:rbp,[rsp+N] mov:eax,dwordptr_[rip+N] test:eax,eax je:N lea:rax,[rbp+N] mov:qwordptr_[rbp+N],rax mov:qwordptr_[rbp+N],0 jmp:N mov:rax,qwordptr_[rbp+N] mov:dwordptr_[rbp+rax*8-N],0 mov:rax,qwordptr_[rbp+N] mov:dwordptr_[rbp+rax*8-N],0 add:qwordptr_[rbp+N],1 cmp:qwordptr_[rbp+N],N jbe:N lea:rdx,[rbp-N] mov:rax,qwordptr_[rbp+N] mov:r8d,N mov:rcx,rax call:N mov:rax,qwordptr_[rbp+N] mov:rcx,rax call:N nop: add:rsp,N pop:rbp ret:",key_len_ins_calls,CWE-590,2,1.0,{'CWE-590': 2},0.9334157541504768,377,,,,,,,,,151|29|2|3
BIN_5843003,35227,1,CWE-391,,"push:rbp mov:rbp,rsp sub:rsp,N mov:rax,qwordptr_[rip+N] mov:eax,dwordptr_[rax] test:eax,eax je:N mov:qwordptr_[rbp-8],0 mov:byteptr_[rbp-N],0 lea:rdx,[rip+N] lea:rax,[rbp-N] mov:r8d,N mov:rcx,rax call:N mov:qwordptr_[rbp-8],rax mov:rax,qwordptr_[rbp-8] mov:ecx,eax call:N lea:rax,[rbp-N] mov:rcx,rax call:N nop: add:rsp,N pop:rbp ret:",key_len_ins_calls,CWE-590,2,1.0,{'CWE-590': 2},0.9334157541504768,377,,,,,,,,,98|25|3|1
BIN_5846865,40204,1,CWE-457,,"push:rbp mov:rbp,rsp sub:rsp,N lea:rax,[rbp-8] mov:rcx,rax call:N mov:rax,qwordptr_[rbp-8] mov:rax,qwordptr_[rax] movq:xmm0,rax call:N nop: add:rsp,N pop:rbp ret:",key_len_ins_calls,CWE-563,2,1.0,{'CWE-563': 2},0.9334157541504768,377,,,,,,,,,44|14|2|0
BIN_5847178,24810,1,CWE-191,,"push:rbp mov:rbp,rsp sub:rsp,N mov:dwordptr_[rbp-4],0 mov:eax,dwordptr_[rip+N] cmp:eax,5 jne:N mov:qwordptr_[rbp-N],0 mov:qwordptr_[rbp-N],0 mov:ecx,0 mov:rax,qwordptr_[rip+N] call:rax mov:rdx,rax lea:rax,[rbp-N] mov:r8,rdx mov:edx,N mov:rcx,rax call:N test:rax,rax je:N lea:rax,[rbp-N] mov:rcx,rax call:N mov:dwordptr_[rbp-4],eax jmp:N lea:rax,[rip+N] mov:rcx,rax call:N mov:eax,dwordptr_[rip+N] cmp:eax,5 jne:N sub:dwordptr_[rbp-4],1 mov:eax,dwordptr_[rbp-4] mov:dwordptr_[rbp-8],eax mov:eax,dwordptr_[rbp-8] mov:ecx,eax call:N nop: add:rsp,N pop:rbp ret:",key_len_ins_calls,CWE-190,2,1.0,{'CWE-190': 2},0.9334157541504768,377,,,,,,,,,154|41|5|4
BIN_5872115,26057,1,CWE-194,,"push:rbp sub:rsp,N lea:rbp,[rsp+N] mov:wordptr_[rbp+N],0 call:N test:eax,eax je:N mov:dwordptr_[rbp+N],0 mov:qwordptr_[rbp+N],N lea:rax,[rbp+N] mov:rdx,rax mov:ecx,N mov:rax,qwordptr_[rip+N] call:rax test:eax,eax jne:N mov:dwordptr_[rbp+N],1 mov:r8d,6 mov:edx,1 mov:ecx,2 mov:rax,qwordptr_[rip+N] call:rax mov:qwordptr_[rbp+N],rax cmp:qwordptr_[rbp+N],-1 je:N lea:rax,[rbp+N] mov:r8d,N mov:edx,0 mov:rcx,rax call:N mov:wordptr_[rbp+N],2 lea:rax,[rip+N] mov:rcx,rax mov:rax,qwordptr_[rip+N] call:rax mov:dwordptr_[rbp+N],eax mov:ecx,N mov:rax,qwordptr_[rip+N] call:rax mov:wordptr_[rbp+N],ax lea:rdx,[rbp+N] mov:rax,qwordptr_[rbp+N] mov:r8d,N mov:rcx,rax mov:rax,qwordptr_[rip+N] call:rax cmp:eax,-1 je:N lea:rdx,[rbp+N] mov:rax,qwordptr_[rbp+N] mov:r9d,0 mov:r8d,7 mov:rcx,rax mov:rax,qwordptr_[rip+N] call:rax mov:dwordptr_[rbp+N],eax cmp:dwordptr_[rbp+N],-1 je:N cmp:dwordptr_[rbp+N],0 je:N mov:eax,dwordptr_[rbp+N] cdqe: mov:byteptr_[rbp+rax+N],0 lea:rax,[rbp+N] mov:rcx,rax call:N mov:dwordptr_[rbp+N],eax cmp:dwordptr_[rbp+N],N jg:N cmp:dwordptr_[rbp+N],N jge:N mov:wordptr_[rbp+N],N jmp:N mov:eax,dwordptr_[rbp+N] mov:wordptr_[rbp+N],ax jmp:N nop: jmp:N nop: jmp:N nop: cmp:qwordptr_[rbp+N],-1 je:N mov:rax,qwordptr_[rbp+N] mov:rcx,rax mov:rax,qwordptr_[rip+N] call:rax cmp:dwordptr_[rbp+N],0 je:N mov:rax,qwordptr_[rip+N]",key_callseq,CWE-195,2,1.0,{'CWE-195': 2},0.9922970071978785,61,,,,,,,,staticreturnstrue|memset|atoi|memset|strncpy|printline,
BIN_5875619,28519,1,CWE-197,,"push:rbp mov:rbp,rsp sub:rsp,N mov:dwordptr_[rbp-4],N mov:eax,1 test:eax,eax je:N mov:dwordptr_[rbp-4],N mov:eax,dwordptr_[rbp-4] mov:byteptr_[rbp-5],al movsx:eax,byteptr_[rbp-5] mov:ecx,eax call:N nop: add:rsp,N pop:rbp ret:",key_len_ins_calls,CWE-190,2,1.0,{'CWE-190': 2},0.9334157541504768,377,,,,,,,,,55|17|1|1
BIN_5909544,15113,1,CWE-127,,"push:rbp mov:rbp,rsp sub:rsp,N mov:dwordptr_[rbp-4],N call:N test:eax,eax je:N mov:dwordptr_[rbp-4],N jmp:N mov:dwordptr_[rbp-4],7 call:N test:eax,eax je:N pxor:xmm0,xmm0 movaps:xmmwordptr_[rbp-N],xmm0 movaps:xmmwordptr_[rbp-N],xmm0 movq:qwordptr_[rbp-N],xmm0 cmp:dwordptr_[rbp-4],9 jg:N mov:eax,dwordptr_[rbp-4] cdqe: mov:eax,dwordptr_[rbp+rax*4-N] mov:ecx,eax call:N jmp:N lea:rax,[rip+N] mov:rcx,rax call:N jmp:N pxor:xmm0,xmm0 movaps:xmmwordptr_[rbp-N],xmm0 movaps:xmmwordptr_[rbp-N],xmm0 movq:qwordptr_[rbp-N],xmm0 cmp:dwordptr_[rbp-4],0 js:N cmp:dwordptr_[rbp-4],9 jg:N mov:eax,dwordptr_[rbp-4] cdqe: mov:eax,dwordptr_[rbp+rax*4-N] mov:ecx,eax call:N jmp:N lea:rax,[rip+N] mov:rcx,rax call:N nop: add:rsp,N pop:rbp ret:",key_ins_tail18,CWE-126,2,1.0,{'CWE-126': 2},0.9933922671667114,74,,,,,,8b0c770e716ccbe6,,,
BIN_5909544,15113,1,CWE-127,,"push:rbp mov:rbp,rsp sub:rsp,N mov:dwordptr_[rbp-4],N call:N test:eax,eax je:N mov:dwordptr_[rbp-4],N jmp:N mov:dwordptr_[rbp-4],7 call:N test:eax,eax je:N pxor:xmm0,xmm0 movaps:xmmwordptr_[rbp-N],xmm0 movaps:xmmwordptr_[rbp-N],xmm0 movq:qwordptr_[rbp-N],xmm0 cmp:dwordptr_[rbp-4],9 jg:N mov:eax,dwordptr_[rbp-4] cdqe: mov:eax,dwordptr_[rbp+rax*4-N] mov:ecx,eax call:N jmp:N lea:rax,[rip+N] mov:rcx,rax call:N jmp:N pxor:xmm0,xmm0 movaps:xmmwordptr_[rbp-N],xmm0 movaps:xmmwordptr_[rbp-N],xmm0 movq:qwordptr_[rbp-N],xmm0 cmp:dwordptr_[rbp-4],0 js:N cmp:dwordptr_[rbp-4],9 jg:N mov:eax,dwordptr_[rbp-4] cdqe: mov:eax,dwordptr_[rbp+rax*4-N] mov:ecx,eax call:N jmp:N lea:rax,[rip+N] mov:rcx,rax call:N nop: add:rsp,N pop:rbp ret:",key_ins_tail24,CWE-126,2,1.0,{'CWE-126': 2},0.9919796954314721,79,,,,,0dfbf085be9fe20b,,,,
BIN_5909544,15113,1,CWE-127,,"push:rbp mov:rbp,rsp sub:rsp,N mov:dwordptr_[rbp-4],N call:N test:eax,eax je:N mov:dwordptr_[rbp-4],N jmp:N mov:dwordptr_[rbp-4],7 call:N test:eax,eax je:N pxor:xmm0,xmm0 movaps:xmmwordptr_[rbp-N],xmm0 movaps:xmmwordptr_[rbp-N],xmm0 movq:qwordptr_[rbp-N],xmm0 cmp:dwordptr_[rbp-4],9 jg:N mov:eax,dwordptr_[rbp-4] cdqe: mov:eax,dwordptr_[rbp+rax*4-N] mov:ecx,eax call:N jmp:N lea:rax,[rip+N] mov:rcx,rax call:N jmp:N pxor:xmm0,xmm0 movaps:xmmwordptr_[rbp-N],xmm0 movaps:xmmwordptr_[rbp-N],xmm0 movq:qwordptr_[rbp-N],xmm0 cmp:dwordptr_[rbp-4],0 js:N cmp:dwordptr_[rbp-4],9 jg:N mov:eax,dwordptr_[rbp-4] cdqe: mov:eax,dwordptr_[rbp+rax*4-N] mov:ecx,eax call:N jmp:N lea:rax,[rip+N] mov:rcx,rax call:N nop: add:rsp,N pop:rbp ret:",key_ins_tail30,CWE-126,2,1.0,{'CWE-126': 2},0.9905738187816661,80,,,,0fbbd5cb62ebc36e,,,,,
BIN_5957223,35459,1,CWE-398,4f020fb289776c71,"push:rbp mov:rbp,rsp sub:rsp,N mov:eax,5 cmp:eax,5 jne:N lea:rax,[rip+N] mov:rcx,rax call:N nop: add:rsp,N pop:rbp ret:",key_body_hex,CWE-546,3,1.0,{'CWE-546': 3},0.9740777666999003,26,,,,,,,,,
BIN_5976244,39456,1,CWE-426,,"push:rbp sub:rsp,N lea:rbp,[rsp+N] mov:qwordptr_[rbp-N],0 mov:qwordptr_[rbp-N],0 mov:qwordptr_[rbp-N],0 mov:qwordptr_[rbp-N],0 mov:qwordptr_[rbp-N],0 mov:qwordptr_[rbp-N],0 mov:qwordptr_[rbp-N],0 mov:qwordptr_[rbp-N],0 mov:qwordptr_[rbp-N],0 mov:qwordptr_[rbp-N],0 mov:qwordptr_[rbp-N],0 mov:qwordptr_[rbp-8],0 mov:qwordptr_[rbp],0 mov:qwordptr_[rbp+8],0 mov:qwordptr_[rbp+N],0 mov:qwordptr_[rbp+N],0 mov:qwordptr_[rbp+N],0 mov:qwordptr_[rbp+N],0 mov:qwordptr_[rbp+N],0 mov:qwordptr_[rbp+N],0 mov:qwordptr_[rbp+N],0 mov:qwordptr_[rbp+N],0 mov:qwordptr_[rbp+N],0 mov:qwordptr_[rbp+N],0 mov:qwordptr_[rbp+N],0 lea:rax,[rbp-N] mov:qwordptr_[rbp+N],rax lea:rdx,[rip+N] mov:rax,qwordptr_[rbp+N] mov:rcx,rax call:N mov:rax,qwordptr_[rbp+N] mov:qwordptr_[rbp+N],rax mov:rax,qwordptr_[rbp+N] mov:qwordptr_[rbp+N],rax lea:rdx,[rip+N] mov:rax,qwordptr_[rbp+N] mov:rcx,rax mov:rax,qwordptr_[rip+N] call:rax mov:qwordptr_[rbp+N],rax cmp:qwordptr_[rbp+N],0 je:N mov:rax,qwordptr_[rbp+N] mov:rcx,rax mov:rax,qwordptr_[rip+N] call:rax nop: add:rsp,N pop:rbp ret:",key_ins_tail18,CWE-078,3,1.0,{'CWE-078': 3},0.9933922671667114,74,,,,,,dfda20c2df50b337,,,
BIN_5998768,39728,1,CWE-427,,"push:rbp sub:rsp,N lea:rbp,[rsp+N] movabs:rax,N mov:edx,0 mov:qwordptr_[rbp+N],rax mov:qwordptr_[rbp+N],rdx mov:qwordptr_[rbp+N],0 mov:qwordptr_[rbp+N],0 mov:qwordptr_[rbp+N],0 mov:qwordptr_[rbp+N],0 mov:qwordptr_[rbp+N],0 mov:qwordptr_[rbp+N],0 mov:qwordptr_[rbp+N],0 mov:qwordptr_[rbp+N],0 mov:qwordptr_[rbp+N],0 mov:qwordptr_[rbp+N],0 mov:qwordptr_[rbp+N],0 mov:qwordptr_[rbp+N],0 mov:qwordptr_[rbp+N],0 mov:qwordptr_[rbp+N],0 mov:qwordptr_[rbp+N],0 mov:qwordptr_[rbp+N],0 mov:qwordptr_[rbp+N],0 mov:qwordptr_[rbp+N],0 mov:qwordptr_[rbp+N],0 mov:qwordptr_[rbp+N],0 mov:qwordptr_[rbp+N],0 mov:qwordptr_[rbp+N],0 mov:qwordptr_[rbp+N],0 mov:qwordptr_[rbp+N],0 mov:qwordptr_[rbp+N],0 mov:qwordptr_[rbp+N],0 mov:qwordptr_[rbp+N],0 mov:qwordptr_[rbp+N],0 mov:qwordptr_[rbp+N],0 mov:qwordptr_[rbp+N],0 lea:rax,[rbp+N] mov:qwordptr_[rbp+N],rax call:N test:eax,eax je:N mov:dwordptr_[rbp+N],0 mov:qwordptr_[rbp+N],N mov:qwordptr_[rbp+N],N mov:rax,qwordptr_[rbp+N] mov:rcx,rax call:N mov:qwordptr_[rbp+N],rax lea:rax,[rbp-N] mov:rdx,rax mov:ecx,N mov:rax,qwordptr_[rip+N] call:rax test:eax,eax jne:N mov:dwordptr_[rbp+N],1 mov:r8d,6 mov:edx,1 mov:ecx,2 mov:rax,qwordptr_[rip+N] call:rax mov:qwordptr_[rbp+N],rax cmp:qwordptr_[rbp+N],-1 je:N lea:rax,[rbp+N] mov:r8d,N mov:edx,0 mov:rcx,rax call:N mov:wordptr_[rbp+N],2 mov:dwordptr_[rbp+N],0 mov:ecx,N mov:rax,qwordptr_[rip+N] call:rax mov:wordptr_[rbp+N],ax",key_callseq,CWE-078,4,1.0,{'CWE-078': 4},0.9922970071978785,61,,,,,,,,staticreturnstrue|strlen|memset|strchr|strchr,
BIN_6015876,2593,1,CWE-121,,"push:rbp sub:rsp,N lea:rbp,[rsp+N] sub:rsp,N lea:rax,[rsp+N] add:rax,N shr:rax,4 shl:rax,4 mov:qwordptr_[rbp+N],rax sub:rsp,N lea:rax,[rsp+N] add:rax,N shr:rax,4 shl:rax,4 mov:qwordptr_[rbp+N],rax mov:rax,qwordptr_[rbp+N] mov:qwordptr_[rbp+N],rax mov:rax,qwordptr_[rbp+N] mov:wordptr_[rax],0 mov:rax,qwordptr_[rbp+N] mov:qwordptr_[rbp+N],rax mov:rax,qwordptr_[rbp+N] mov:qwordptr_[rbp+N],rax lea:rax,[rbp-N] mov:r8d,N mov:edx,N mov:rcx,rax call:N mov:wordptr_[rbp+N],0 lea:rdx,[rbp-N] mov:rax,qwordptr_[rbp+N] mov:r8d,N mov:rcx,rax call:N mov:rax,qwordptr_[rbp+N] add:rax,N mov:wordptr_[rax],0 mov:rax,qwordptr_[rbp+N] mov:rcx,rax call:N nop: lea:rsp,[rbp+N] pop:rbp ret:",key_ins_tail24,CWE-124,4,1.0,{'CWE-124': 4},0.9919796954314721,79,,,,,50a0bd965e8d00a4,,,,
BIN_6029350,23937,1,CWE-191,,"push:rbp mov:rbp,rsp sub:rsp,N mov:dwordptr_[rbp-4],0 mov:dwordptr_[rbp-4],N mov:eax,dwordptr_[rbp-4] mov:dwordptr_[rbp-N],eax mov:eax,dwordptr_[rbp-N] mov:dwordptr_[rbp-8],eax cmp:dwordptr_[rbp-8],0 jns:N mov:eax,dwordptr_[rbp-8] add:eax,eax mov:dwordptr_[rbp-N],eax mov:eax,dwordptr_[rbp-N] mov:ecx,eax call:N nop: add:rsp,N pop:rbp ret:",key_marker_tail,CWE-190,2,1.0,{'CWE-190': 2},0.9945901446548278,46,,,,,,,41e659826a341c91,,
BIN_6036938,33712,1,CWE-036,,"push:rbp push:rdi sub:rsp,N lea:rbp,[rsp+N] lea:rdx,[rbp-N] mov:eax,0 mov:ecx,N mov:rdi,rdx rep mov:rdx,rdi mov:dwordptr_[rdx],eax add:rdx,4 lea:rax,[rbp-N] mov:qwordptr_[rbp+N],rax mov:rax,qwordptr_[rbp+N] mov:rcx,rax call:N mov:qwordptr_[rbp+N],rax mov:rax,qwordptr_[rbp+N] sub:rax,N cmp:rax,1 jbe:N lea:rdx,[rip+N] lea:rax,[rip+N] mov:rcx,rax call:N mov:qwordptr_[rbp+N],rax cmp:qwordptr_[rbp+N],0 je:N mov:rax,qwordptr_[rbp+N] mov:edx,eax mov:eax,N sub:eax,edx mov:ecx,eax mov:rdx,qwordptr_[rbp+N] mov:rax,qwordptr_[rbp+N] add:rax,rdx mov:rdx,qwordptr_[rbp+N] mov:r8,rdx mov:edx,ecx mov:rcx,rax call:N test:rax,rax sete:al test:al,al je:N lea:rax,[rip+N] mov:rcx,rax call:N mov:rdx,qwordptr_[rbp+N] mov:rax,qwordptr_[rbp+N] add:rax,rdx mov:byteptr_[rax],0 mov:rax,qwordptr_[rbp+N] mov:rcx,rax call:N mov:rax,qwordptr_[rbp+N] mov:rcx,rax call:N nop: add:rsp,N pop:rdi pop:rbp ret:",key_ins_tail18,CWE-023,4,1.0,{'CWE-023': 4},0.9933922671667114,74,,,,,,f1b3e00fcbead03d,,,
BIN_6036938,33712,1,CWE-036,,"push:rbp push:rdi sub:rsp,N lea:rbp,[rsp+N] lea:rdx,[rbp-N] mov:eax,0 mov:ecx,N mov:rdi,rdx rep mov:rdx,rdi mov:dwordptr_[rdx],eax add:rdx,4 lea:rax,[rbp-N] mov:qwordptr_[rbp+N],rax mov:rax,qwordptr_[rbp+N] mov:rcx,rax call:N mov:qwordptr_[rbp+N],rax mov:rax,qwordptr_[rbp+N] sub:rax,N cmp:rax,1 jbe:N lea:rdx,[rip+N] lea:rax,[rip+N] mov:rcx,rax call:N mov:qwordptr_[rbp+N],rax cmp:qwordptr_[rbp+N],0 je:N mov:rax,qwordptr_[rbp+N] mov:edx,eax mov:eax,N sub:eax,edx mov:ecx,eax mov:rdx,qwordptr_[rbp+N] mov:rax,qwordptr_[rbp+N] add:rax,rdx mov:rdx,qwordptr_[rbp+N] mov:r8,rdx mov:edx,ecx mov:rcx,rax call:N test:rax,rax sete:al test:al,al je:N lea:rax,[rip+N] mov:rcx,rax call:N mov:rdx,qwordptr_[rbp+N] mov:rax,qwordptr_[rbp+N] add:rax,rdx mov:byteptr_[rax],0 mov:rax,qwordptr_[rbp+N] mov:rcx,rax call:N mov:rax,qwordptr_[rbp+N] mov:rcx,rax call:N nop: add:rsp,N pop:rdi pop:rbp ret:",key_ins_tail24,CWE-023,4,1.0,{'CWE-023': 4},0.9919796954314721,79,,,,,22638c1891e0b4d1,,,,
BIN_6036938,33712,1,CWE-036,,"push:rbp push:rdi sub:rsp,N lea:rbp,[rsp+N] lea:rdx,[rbp-N] mov:eax,0 mov:ecx,N mov:rdi,rdx rep mov:rdx,rdi mov:dwordptr_[rdx],eax add:rdx,4 lea:rax,[rbp-N] mov:qwordptr_[rbp+N],rax mov:rax,qwordptr_[rbp+N] mov:rcx,rax call:N mov:qwordptr_[rbp+N],rax mov:rax,qwordptr_[rbp+N] sub:rax,N cmp:rax,1 jbe:N lea:rdx,[rip+N] lea:rax,[rip+N] mov:rcx,rax call:N mov:qwordptr_[rbp+N],rax cmp:qwordptr_[rbp+N],0 je:N mov:rax,qwordptr_[rbp+N] mov:edx,eax mov:eax,N sub:eax,edx mov:ecx,eax mov:rdx,qwordptr_[rbp+N] mov:rax,qwordptr_[rbp+N] add:rax,rdx mov:rdx,qwordptr_[rbp+N] mov:r8,rdx mov:edx,ecx mov:rcx,rax call:N test:rax,rax sete:al test:al,al je:N lea:rax,[rip+N] mov:rcx,rax call:N mov:rdx,qwordptr_[rbp+N] mov:rax,qwordptr_[rbp+N] add:rax,rdx mov:byteptr_[rax],0 mov:rax,qwordptr_[rbp+N] mov:rcx,rax call:N mov:rax,qwordptr_[rbp+N] mov:rcx,rax call:N nop: add:rsp,N pop:rdi pop:rbp ret:",key_ins_tail30,CWE-023,4,1.0,{'CWE-023': 4},0.9905738187816661,80,,,,8ae80b05a939faae,,,,,
BIN_6036938,33712,1,CWE-036,,"push:rbp push:rdi sub:rsp,N lea:rbp,[rsp+N] lea:rdx,[rbp-N] mov:eax,0 mov:ecx,N mov:rdi,rdx rep mov:rdx,rdi mov:dwordptr_[rdx],eax add:rdx,4 lea:rax,[rbp-N] mov:qwordptr_[rbp+N],rax mov:rax,qwordptr_[rbp+N] mov:rcx,rax call:N mov:qwordptr_[rbp+N],rax mov:rax,qwordptr_[rbp+N] sub:rax,N cmp:rax,1 jbe:N lea:rdx,[rip+N] lea:rax,[rip+N] mov:rcx,rax call:N mov:qwordptr_[rbp+N],rax cmp:qwordptr_[rbp+N],0 je:N mov:rax,qwordptr_[rbp+N] mov:edx,eax mov:eax,N sub:eax,edx mov:ecx,eax mov:rdx,qwordptr_[rbp+N] mov:rax,qwordptr_[rbp+N] add:rax,rdx mov:rdx,qwordptr_[rbp+N] mov:r8,rdx mov:edx,ecx mov:rcx,rax call:N test:rax,rax sete:al test:al,al je:N lea:rax,[rip+N] mov:rcx,rax call:N mov:rdx,qwordptr_[rbp+N] mov:rax,qwordptr_[rbp+N] add:rax,rdx mov:byteptr_[rax],0 mov:rax,qwordptr_[rbp+N] mov:rcx,rax call:N mov:rax,qwordptr_[rbp+N] mov:rcx,rax call:N nop: add:rsp,N pop:rdi pop:rbp ret:",key_ins_tail36,CWE-023,4,1.0,{'CWE-023': 4},0.9869588599085776,97,,,f9f8c920daa6c50d,,,,,,
BIN_6087344,35482,1,CWE-398,7eee65de2c902b08,"push:rbp mov:rbp,rsp sub:rsp,N call:N test:eax,eax je:N lea:rax,[rip+N] mov:rcx,rax call:N nop: add:rsp,N pop:rbp ret:",key_body_hex,CWE-546,4,1.0,{'CWE-546': 4},0.9740777666999003,26,,,,,,,,,
BIN_6164088,24204,1,CWE-191,,"push:rbp mov:rbp,rsp sub:rsp,N mov:wordptr_[rbp-2],0 mov:wordptr_[rbp-2],N cmp:wordptr_[rbp-2],0 jns:N movzx:eax,wordptr_[rbp-2] add:eax,eax mov:wordptr_[rbp-4],ax movsx:eax,wordptr_[rbp-4] mov:ecx,eax call:N nop: add:rsp,N pop:rbp ret:",key_len_ins_calls,CWE-190,2,1.0,{'CWE-190': 2},0.9334157541504768,377,,,,,,,,,55|17|1|1
BIN_6192502,16116,1,CWE-127,,"push:rbp sub:rsp,N lea:rbp,[rsp+N] mov:qwordptr_[rbp+N],0 mov:eax,dwordptr_[rip+N] cmp:eax,5 jne:N mov:ecx,N call:N mov:qwordptr_[rbp+N],rax mov:rax,qwordptr_[rbp+N] mov:r8d,N mov:edx,N mov:rcx,rax call:N mov:rax,qwordptr_[rbp+N] add:rax,N mov:wordptr_[rax],0 mov:rax,qwordptr_[rbp+N] sub:rax,N mov:qwordptr_[rbp+N],rax lea:rax,[rbp-N] mov:r8d,N mov:edx,N mov:rcx,rax call:N mov:wordptr_[rbp+N],0 lea:rax,[rbp-N] mov:rcx,rax call:N mov:rcx,rax mov:rdx,qwordptr_[rbp+N] lea:rax,[rbp-N] mov:r8,rcx mov:rcx,rax call:N mov:wordptr_[rbp+N],0 lea:rax,[rbp-N] mov:rcx,rax call:N nop: add:rsp,N pop:rbp ret:",key_len_ins_calls,CWE-124,3,1.0,{'CWE-124': 3},0.9334157541504768,377,,,,,,,,,190|44|6|1
BIN_6192941,20926,1,CWE-190,,"push:rbp mov:rbp,rsp sub:rsp,N mov:wordptr_[rbp-2],0 mov:rax,qwordptr_[rip+N] mov:eax,dwordptr_[rax] cmp:eax,5 jne:N mov:wordptr_[rbp-2],N mov:rax,qwordptr_[rip+N] mov:eax,dwordptr_[rax] cmp:eax,5 jne:N cmp:wordptr_[rbp-2],0 jle:N movzx:eax,wordptr_[rbp-2] add:eax,eax mov:wordptr_[rbp-4],ax movsx:eax,wordptr_[rbp-4] mov:ecx,eax call:N nop: add:rsp,N pop:rbp ret:",key_len_ins_calls,CWE-191,2,1.0,{'CWE-191': 2},0.9334157541504768,377,,,,,,,,,83|25|1|3
BIN_6207047,27545,1,CWE-195,,"push:rbp sub:rsp,N lea:rbp,[rsp+N] mov:dwordptr_[rbp+N],N call:N test:eax,eax je:N mov:ecx,0 mov:rax,qwordptr_[rip+N] call:rax mov:rcx,rax lea:rdx,[rbp+N] lea:rax,[rip+N] mov:r8,rdx mov:rdx,rax call:N mov:qwordptr_[rbp+N],0 mov:qwordptr_[rbp+N],0 mov:qwordptr_[rbp+N],0 mov:qwordptr_[rbp+N],0 mov:qwordptr_[rbp+N],0 mov:qwordptr_[rbp+N],0 mov:qwordptr_[rbp+N],0 mov:qwordptr_[rbp+N],0 mov:qwordptr_[rbp+N],0 mov:qwordptr_[rbp+N],0 mov:qwordptr_[rbp+N],0 mov:qwordptr_[rbp+N],0 mov:dwordptr_[rbp+N],0 lea:rax,[rbp-N] mov:r8d,N mov:edx,N mov:rcx,rax call:N mov:byteptr_[rbp+3],0 mov:eax,dwordptr_[rbp+N] cmp:eax,N jg:N mov:eax,dwordptr_[rbp+N] cdqe: lea:rcx,[rbp+N] lea:rdx,[rbp-N] mov:r8,rax call:N mov:eax,dwordptr_[rbp+N] cdqe: mov:byteptr_[rbp+rax+N],0 lea:rax,[rbp+N] mov:rcx,rax call:N nop: add:rsp,N pop:rbp ret:",key_callseq,CWE-194,2,1.0,{'CWE-194': 2},0.9922970071978785,61,,,,,,,,staticreturnstrue|fscanf|memset|memcpy|printline,
BIN_6233280,4725,1,CWE-121,,"push:rbp mov:rbp,rsp sub:rsp,N sub:rsp,N lea:rax,[rsp+N] add:rax,N shr:rax,4 shl:rax,4 mov:qwordptr_[rbp-8],rax mov:rax,qwordptr_[rbp-8] mov:qwordptr_[rbp-N],rax mov:rax,qwordptr_[rip+N] mov:eax,dwordptr_[rax] test:eax,eax je:N mov:rax,qwordptr_[rbp-N] mov:r8d,N mov:edx,N mov:rcx,rax call:N mov:rax,qwordptr_[rbp-N] add:rax,N mov:wordptr_[rax],0 mov:qwordptr_[rbp-N],0 mov:qwordptr_[rbp-N],0 mov:qwordptr_[rbp-N],0 mov:qwordptr_[rbp-N],0 mov:qwordptr_[rbp-N],0 mov:qwordptr_[rbp-N],0 mov:qwordptr_[rbp-N],0 mov:qwordptr_[rbp-N],0 mov:qwordptr_[rbp-N],0 mov:qwordptr_[rbp-N],0 mov:qwordptr_[rbp-N],0 mov:qwordptr_[rbp-N],0 mov:dwordptr_[rbp-N],0 mov:rdx,qwordptr_[rbp-N] lea:rax,[rbp-N] mov:rcx,rax call:N mov:rax,qwordptr_[rbp-N] mov:rcx,rax call:N nop: mov:rsp,rbp pop:rbp ret:",key_len_ins_calls,CWE-195,4,1.0,{'CWE-195': 4},0.9334157541504768,377,,,,,,,,,235|47|3|1
BIN_6272532,10789,1,CWE-122,,"push:rbp mov:rbp,rsp sub:rsp,N mov:qwordptr_[rbp-8],0 call:N test:eax,eax je:N mov:ecx,8 call:N mov:qwordptr_[rbp-8],rax cmp:qwordptr_[rbp-8],0 jne:N mov:ecx,N call:N mov:rax,qwordptr_[rbp-8] mov:dwordptr_[rax],1 mov:rax,qwordptr_[rbp-8] mov:dwordptr_[rax+4],2 mov:rax,qwordptr_[rbp-8] mov:rcx,rax call:N mov:rax,qwordptr_[rbp-8] mov:rcx,rax call:N nop: add:rsp,N pop:rbp ret:",key_len_ins_calls,CWE-401,4,1.0,{'CWE-401': 4},0.9334157541504768,377,,,,,,,,,108|28|5|2
BIN_6278799,34580,1,CWE-036,,"push:rbp push:rdi sub:rsp,N lea:rbp,[rsp+N] lea:rdx,[rbp-N] mov:eax,0 mov:ecx,N mov:rdi,rdx rep lea:rax,[rbp-N] mov:qwordptr_[rbp+N],rax mov:rax,qwordptr_[rbp+N] mov:rcx,rax call:N mov:qwordptr_[rbp+N],rax lea:rax,[rip+N] mov:rcx,rax mov:rax,qwordptr_[rip+N] call:rax mov:qwordptr_[rbp+N],rax cmp:qwordptr_[rbp+N],0 je:N mov:eax,N sub:rax,qwordptr_[rbp+N] mov:rdx,rax mov:rax,qwordptr_[rbp+N] lea:rcx,[rax+rax] mov:rax,qwordptr_[rbp+N] add:rcx,rax mov:rax,qwordptr_[rbp+N] mov:r8,rdx mov:rdx,rax call:N mov:rax,qwordptr_[rbp+N] mov:qwordptr_[rip+N],rax call:N nop: add:rsp,N pop:rdi pop:rbp ret:",key_ins_tail36,CWE-023,4,1.0,{'CWE-023': 4},0.9869588599085776,97,,,ebef45f8df24905c,,,,,,
BIN_6290567,41288,1,CWE-476,,"push:rbp mov:rbp,rsp sub:rsp,N mov:qwordptr_[rbp-8],0 mov:rax,qwordptr_[rbp-8] mov:qwordptr_[rbp-N],rax mov:rax,qwordptr_[rbp-N] mov:qwordptr_[rbp-N],rax mov:rax,qwordptr_[rbp-N] mov:eax,dwordptr_[rax] mov:ecx,eax call:N mov:rax,qwordptr_[rbp-N] test:rax,rax je:N mov:edx,8 mov:rcx,rax call:N nop: add:rsp,N pop:rbp ret:",key_ins_tail18,CWE-590,3,1.0,{'CWE-590': 3},0.9933922671667114,74,,,,,,357e96f111f56a5b,,,
BIN_6345303,46203,1,CWE-665,,"push:rbp sub:rsp,N lea:rbp,[rsp+N] lea:rax,[rip-N] mov:qwordptr_[rbp+N],rax lea:rax,[rbp-N] mov:qwordptr_[rbp+N],rax mov:rax,qwordptr_[rbp+N] mov:rdx,qwordptr_[rbp+N] mov:rcx,rax call:rdx nop: add:rsp,N pop:rbp ret:",key_op_full,CWE-121,3,1.0,{'CWE-121': 3},0.9925788497217068,56,,8f23604593f74757,,,,,,,
BIN_6387970,24203,1,CWE-191,,"push:rbp mov:rbp,rsp sub:rsp,N mov:wordptr_[rbp-2],0 mov:wordptr_[rbp-2],N cmp:wordptr_[rbp-2],0 jns:N movzx:eax,wordptr_[rbp-2] add:eax,eax mov:wordptr_[rbp-4],ax movsx:eax,wordptr_[rbp-4] mov:ecx,eax call:N nop: add:rsp,N pop:rbp ret:",key_len_ins_calls,CWE-190,2,1.0,{'CWE-190': 2},0.9334157541504768,377,,,,,,,,,55|17|1|1
BIN_6426394,23873,1,CWE-191,,"push:rbp sub:rsp,N lea:rbp,[rsp+N] mov:dwordptr_[rbp+N],0 call:N test:eax,eax je:N mov:dwordptr_[rbp+N],0 mov:qwordptr_[rbp+N],N mov:qwordptr_[rbp+N],N lea:rax,[rbp-N] mov:rdx,rax mov:ecx,N mov:rax,qwordptr_[rip+N] call:rax test:eax,eax jne:N mov:dwordptr_[rbp+N],1 mov:r8d,6 mov:edx,1 mov:ecx,2 mov:rax,qwordptr_[rip+N] call:rax mov:qwordptr_[rbp+N],rax cmp:qwordptr_[rbp+N],-1 je:N lea:rax,[rbp+N] mov:r8d,N mov:edx,0 mov:rcx,rax call:N mov:wordptr_[rbp+N],2 mov:dwordptr_[rbp+N],0 mov:ecx,N mov:rax,qwordptr_[rip+N] call:rax mov:wordptr_[rbp+N],ax lea:rdx,[rbp+N] mov:rax,qwordptr_[rbp+N] mov:r8d,N mov:rcx,rax mov:rax,qwordptr_[rip+N] call:rax cmp:eax,-1 je:N mov:rax,qwordptr_[rbp+N] mov:edx,5 mov:rcx,rax mov:rax,qwordptr_[rip+N] call:rax cmp:eax,-1 je:N mov:rax,qwordptr_[rbp+N] mov:r8d,0 mov:edx,0 mov:rcx,rax mov:rax,qwordptr_[rip+N] call:rax mov:qwordptr_[rbp+N],rax cmp:qwordptr_[rbp+N],-1 je:N lea:rdx,[rbp+N] mov:rax,qwordptr_[rbp+N] mov:r9d,0 mov:r8d,N mov:rcx,rax mov:rax,qwordptr_[rip+N] call:rax mov:dwordptr_[rbp+N],eax cmp:dwordptr_[rbp+N],-1 je:N cmp:dwordptr_[rbp+N],0 je:N mov:eax,dwordptr_[rbp+N] cdqe: mov:byteptr_[rbp+rax+N],0 lea:rax,[rbp+N] mov:rcx,rax call:N mov:dwordptr_[rbp+N],eax jmp:N nop: jmp:N nop: jmp:N nop: jmp:N nop: jmp:N nop:",key_len_ins_calls,CWE-190,4,1.0,{'CWE-190': 4},0.9334157541504768,377,,,,,,,,,580|119|15|17
BIN_6435972,26341,1,CWE-194,,"push:rbp sub:rsp,N lea:rbp,[rsp+N] mov:wordptr_[rbp+N],0 mov:eax,1 test:eax,eax je:N mov:ecx,0 mov:rax,qwordptr_[rip+N] call:rax mov:rcx,rax lea:rdx,[rbp+N] lea:rax,[rip+N] mov:r8,rdx mov:rdx,rax call:N mov:qwordptr_[rbp+N],0 mov:qwordptr_[rbp+N],0 mov:qwordptr_[rbp+N],0 mov:qwordptr_[rbp+N],0 mov:qwordptr_[rbp+N],0 mov:qwordptr_[rbp+N],0 mov:qwordptr_[rbp+N],0 mov:qwordptr_[rbp+N],0 mov:qwordptr_[rbp+N],0 mov:qwordptr_[rbp+N],0 mov:qwordptr_[rbp+N],0 mov:qwordptr_[rbp+N],0 mov:dwordptr_[rbp+N],0 lea:rax,[rbp-N] mov:r8d,N mov:edx,N mov:rcx,rax call:N mov:byteptr_[rbp+3],0 movzx:eax,wordptr_[rbp+N] cmp:ax,N jg:N movzx:eax,wordptr_[rbp+N] movsx:rcx,ax lea:rdx,[rbp-N] lea:rax,[rbp+N] mov:r8,rcx mov:rcx,rax call:N movzx:eax,wordptr_[rbp+N] cwde: cdqe: mov:byteptr_[rbp+rax+N],0 lea:rax,[rbp+N] mov:rcx,rax call:N nop: add:rsp,N pop:rbp ret:",key_len_ins_calls,CWE-195,2,1.0,{'CWE-195': 2},0.9334157541504768,377,,,,,,,,,271|56|5|2
BIN_6438869,24032,1,CWE-191,,"push:rbp push:rbx sub:rsp,N lea:rbp,[rsp+N] lea:rax,[rbp-N] mov:qwordptr_[rbp-8],rax mov:dwordptr_[rbp-N],0 call:N and:eax,1 test:eax,eax je:N call:N shl:eax,N mov:ebx,eax call:N shl:eax,N xor:ebx,eax call:N xor:eax,ebx jmp:N call:N shl:eax,N mov:ebx,eax call:N shl:eax,N xor:ebx,eax call:N xor:eax,ebx not:eax mov:dwordptr_[rbp-N],eax mov:rax,qwordptr_[rbp-8] mov:eax,dwordptr_[rax] mov:dwordptr_[rbp-N],eax cmp:dwordptr_[rbp-N],0 jns:N mov:eax,dwordptr_[rbp-N] add:eax,eax mov:dwordptr_[rbp-N],eax mov:eax,dwordptr_[rbp-N] mov:ecx,eax call:N nop: add:rsp,N pop:rbx pop:rbp ret:",key_marker_tail,CWE-190,2,1.0,{'CWE-190': 2},0.9945901446548278,46,,,,,,,4bd61d10cdfccee8,,
BIN_6438869,24032,1,CWE-191,,"push:rbp push:rbx sub:rsp,N lea:rbp,[rsp+N] lea:rax,[rbp-N] mov:qwordptr_[rbp-8],rax mov:dwordptr_[rbp-N],0 call:N and:eax,1 test:eax,eax je:N call:N shl:eax,N mov:ebx,eax call:N shl:eax,N xor:ebx,eax call:N xor:eax,ebx jmp:N call:N shl:eax,N mov:ebx,eax call:N shl:eax,N xor:ebx,eax call:N xor:eax,ebx not:eax mov:dwordptr_[rbp-N],eax mov:rax,qwordptr_[rbp-8] mov:eax,dwordptr_[rax] mov:dwordptr_[rbp-N],eax cmp:dwordptr_[rbp-N],0 jns:N mov:eax,dwordptr_[rbp-N] add:eax,eax mov:dwordptr_[rbp-N],eax mov:eax,dwordptr_[rbp-N] mov:ecx,eax call:N nop: add:rsp,N pop:rbx pop:rbp ret:",key_len_ins_calls,CWE-190,2,1.0,{'CWE-190': 2},0.9334157541504768,377,,,,,,,,,140|46|8|3
BIN_6443770,49253,1,CWE-761,,"push:rbp mov:rbp,rsp sub:rsp,N lea:rax,[rip-N] mov:qwordptr_[rbp-8],rax mov:ecx,N call:N mov:qwordptr_[rbp-N],rax cmp:qwordptr_[rbp-N],0 jne:N mov:ecx,N call:N mov:rax,qwordptr_[rbp-N] mov:wordptr_[rax],0 lea:rdx,[rip+N] mov:rax,qwordptr_[rbp-N] mov:rcx,rax call:N mov:rax,qwordptr_[rbp-N] mov:rdx,qwordptr_[rbp-8] mov:rcx,rax call:rdx nop: add:rsp,N pop:rbp ret:",key_marker_tail,CWE-122,9,1.0,{'CWE-122': 9},0.9945901446548278,46,,,,,,,fa3c9656e4af8e38,,
BIN_6443770,49253,1,CWE-761,,"push:rbp mov:rbp,rsp sub:rsp,N lea:rax,[rip-N] mov:qwordptr_[rbp-8],rax mov:ecx,N call:N mov:qwordptr_[rbp-N],rax cmp:qwordptr_[rbp-N],0 jne:N mov:ecx,N call:N mov:rax,qwordptr_[rbp-N] mov:wordptr_[rax],0 lea:rdx,[rip+N] mov:rax,qwordptr_[rbp-N] mov:rcx,rax call:N mov:rax,qwordptr_[rbp-N] mov:rdx,qwordptr_[rbp-8] mov:rcx,rax call:rdx nop: add:rsp,N pop:rbp ret:",key_len_ins_calls,CWE-690,4,1.0,{'CWE-690': 4},0.9334157541504768,377,,,,,,,,,98|26|4|1
BIN_6455415,41585,1,CWE-479,,"push:rbp mov:rbp,rsp sub:rsp,N lea:rax,[rip-N] mov:rdx,rax mov:ecx,2 call:N nop: nop: add:rsp,N pop:rbp ret:",key_op_full,CWE-252,3,1.0,{'CWE-252': 3},0.9925788497217068,56,,3be46509693e9fa6,,,,,,,
BIN_6460179,52814,1,CWE-762,,"push:rbp mov:rbp,rsp sub:rsp,N mov:qwordptr_[rbp-8],0 movabs:rax,N mov:qwordptr_[rbp-N],rax mov:byteptr_[rbp-9],0 lea:rax,[rbp-N] mov:rcx,rax call:N mov:qwordptr_[rbp-8],rax mov:rax,qwordptr_[rbp-8] mov:rcx,rax call:N nop: add:rsp,N pop:rbp ret:",key_ins_tail18,CWE-401,2,1.0,{'CWE-401': 2},0.9933922671667114,74,,,,,,3ead2283b360b92c,,,
BIN_6460179,52814,1,CWE-762,,"push:rbp mov:rbp,rsp sub:rsp,N mov:qwordptr_[rbp-8],0 movabs:rax,N mov:qwordptr_[rbp-N],rax mov:byteptr_[rbp-9],0 lea:rax,[rbp-N] mov:rcx,rax call:N mov:qwordptr_[rbp-8],rax mov:rax,qwordptr_[rbp-8] mov:rcx,rax call:N nop: add:rsp,N pop:rbp ret:",key_ins_tail24,CWE-401,2,1.0,{'CWE-401': 2},0.9919796954314721,79,,,,,3ead2283b360b92c,,,,
BIN_6460179,52814,1,CWE-762,,"push:rbp mov:rbp,rsp sub:rsp,N mov:qwordptr_[rbp-8],0 movabs:rax,N mov:qwordptr_[rbp-N],rax mov:byteptr_[rbp-9],0 lea:rax,[rbp-N] mov:rcx,rax call:N mov:qwordptr_[rbp-8],rax mov:rax,qwordptr_[rbp-8] mov:rcx,rax call:N nop: add:rsp,N pop:rbp ret:",key_ins_tail30,CWE-401,2,1.0,{'CWE-401': 2},0.9905738187816661,80,,,,3ead2283b360b92c,,,,,
BIN_6460179,52814,1,CWE-762,,"push:rbp mov:rbp,rsp sub:rsp,N mov:qwordptr_[rbp-8],0 movabs:rax,N mov:qwordptr_[rbp-N],rax mov:byteptr_[rbp-9],0 lea:rax,[rbp-N] mov:rcx,rax call:N mov:qwordptr_[rbp-8],rax mov:rax,qwordptr_[rbp-8] mov:rcx,rax call:N nop: add:rsp,N pop:rbp ret:",key_ins_full,CWE-401,2,1.0,{'CWE-401': 2},0.9870514243433223,70,3ead2283b360b92c,,,,,,,,
BIN_6460179,52814,1,CWE-762,,"push:rbp mov:rbp,rsp sub:rsp,N mov:qwordptr_[rbp-8],0 movabs:rax,N mov:qwordptr_[rbp-N],rax mov:byteptr_[rbp-9],0 lea:rax,[rbp-N] mov:rcx,rax call:N mov:qwordptr_[rbp-8],rax mov:rax,qwordptr_[rbp-8] mov:rcx,rax call:N nop: add:rsp,N pop:rbp ret:",key_ins_tail36,CWE-401,2,1.0,{'CWE-401': 2},0.9869588599085776,97,,,3ead2283b360b92c,,,,,,
BIN_6484857,35457,1,CWE-398,5e4147f2d9c41c01,"push:rbp mov:rbp,rsp sub:rsp,N mov:eax,1 test:eax,eax je:N lea:rax,[rip+N] mov:rcx,rax call:N nop: add:rsp,N pop:rbp ret:",key_body_hex,CWE-546,2,1.0,{'CWE-546': 2},0.9740777666999003,26,,,,,,,,,
BIN_6510059,41196,1,CWE-475,,"push:rbp mov:rbp,rsp sub:rsp,N mov:rax,qwordptr_[rip+N] mov:eax,dwordptr_[rax] test:eax,eax je:N mov:qwordptr_[rbp-N],0 mov:qwordptr_[rbp-N],0 mov:qwordptr_[rbp-N],0 mov:qwordptr_[rbp-N],0 mov:qwordptr_[rbp-N],0 mov:qwordptr_[rbp-N],0 mov:qwordptr_[rbp-N],0 mov:qwordptr_[rbp-N],0 mov:qwordptr_[rbp-N],0 mov:qwordptr_[rbp-N],0 mov:qwordptr_[rbp-N],0 mov:qwordptr_[rbp-N],0 mov:qwordptr_[rbp-N],0 mov:qwordptr_[rbp-N],0 mov:qwordptr_[rbp-N],0 mov:qwordptr_[rbp-N],0 mov:qwordptr_[rbp-N],0 mov:qwordptr_[rbp-N],0 mov:qwordptr_[rbp-N],0 mov:qwordptr_[rbp-N],0 mov:qwordptr_[rbp-N],0 mov:qwordptr_[rbp-N],0 mov:qwordptr_[rbp-N],0 mov:qwordptr_[rbp-N],0 mov:qwordptr_[rbp-N],0 lea:rax,[rbp-N] mov:qwordptr_[rbp-8],rax lea:rdx,[rip+N] mov:rax,qwordptr_[rbp-8] mov:rcx,rax call:N mov:rax,qwordptr_[rbp-8] lea:rdx,[rax+8] mov:rax,qwordptr_[rbp-8] add:rax,N mov:r8d,N mov:rcx,rax call:N mov:rax,qwordptr_[rbp-8] mov:rcx,rax call:N nop: add:rsp,N pop:rbp ret:",key_len_ins_calls,CWE-253,2,1.0,{'CWE-253': 2},0.9334157541504768,377,,,,,,,,,340|52|3|1
BIN_6510128,25802,1,CWE-191,,"push:rbp mov:rbp,rsp sub:rsp,N mov:dwordptr_[rbp-8],0 call:N test:eax,eax je:N mov:ecx,0 mov:rax,qwordptr_[rip+N] call:rax mov:rcx,rax lea:rdx,[rbp-8] lea:rax,[rip+N] mov:r8,rdx mov:rdx,rax call:N call:N test:eax,eax je:N mov:eax,dwordptr_[rbp-8] sub:eax,1 mov:dwordptr_[rbp-8],eax mov:eax,dwordptr_[rbp-8] mov:dwordptr_[rbp-4],eax mov:eax,dwordptr_[rbp-4] mov:ecx,eax call:N nop: add:rsp,N pop:rbp ret:",key_callseq,CWE-190,2,1.0,{'CWE-190': 2},0.9922970071978785,61,,,,,,,,globalreturnstrue|fscanf|globalreturnstrue|printunsignedline,
BIN_6546404,23936,1,CWE-191,,"push:rbp mov:rbp,rsp sub:rsp,N lea:rax,[rbp-N] mov:qwordptr_[rbp-8],rax mov:dwordptr_[rbp-N],0 mov:dwordptr_[rbp-N],N mov:rax,qwordptr_[rbp-8] mov:eax,dwordptr_[rax] mov:dwordptr_[rbp-N],eax cmp:dwordptr_[rbp-N],0 jns:N mov:eax,dwordptr_[rbp-N] add:eax,eax mov:dwordptr_[rbp-N],eax mov:eax,dwordptr_[rbp-N] mov:ecx,eax call:N nop: add:rsp,N pop:rbp ret:",key_marker_tail,CWE-190,2,1.0,{'CWE-190': 2},0.9945901446548278,46,,,,,,,d029fc49a894a3ae,,
BIN_6576466,13639,1,CWE-126,,"push:rbp sub:rsp,N lea:rbp,[rsp+N] lea:rax,[rbp+N] mov:r8d,N mov:edx,N mov:rcx,rax call:N mov:byteptr_[rbp+N],0 lea:rax,[rbp+N] mov:r8d,N mov:edx,N mov:rcx,rax call:N mov:byteptr_[rbp+N],0 mov:eax,1 test:eax,eax je:N lea:rax,[rbp+N] mov:qwordptr_[rbp+N],rax lea:rax,[rbp-N] mov:r8d,N mov:edx,N mov:rcx,rax call:N mov:byteptr_[rbp+3],0 lea:rax,[rbp-N] mov:rcx,rax call:N mov:rcx,rax mov:rdx,qwordptr_[rbp+N] lea:rax,[rbp-N] mov:r8,rcx mov:rcx,rax call:N mov:byteptr_[rbp+3],0 lea:rax,[rbp-N] mov:rcx,rax call:N nop: add:rsp,N pop:rbp ret:",key_len_ins_calls,CWE-122,3,1.0,{'CWE-122': 3},0.9334157541504768,377,,,,,,,,,189|43|6|1
BIN_6587346,2512,1,CWE-121,,"push:rbp sub:rsp,N lea:rbp,[rsp+N] lea:rax,[rbp+N] mov:qwordptr_[rbp+N],rax sub:rsp,N lea:rax,[rsp+N] add:rax,N shr:rax,4 shl:rax,4 mov:qwordptr_[rbp+N],rax sub:rsp,N lea:rax,[rsp+N] add:rax,N shr:rax,4 shl:rax,4 mov:qwordptr_[rbp+N],rax mov:rax,qwordptr_[rbp+N] mov:qwordptr_[rbp+N],rax mov:rax,qwordptr_[rbp+N] mov:wordptr_[rax],0 mov:rax,qwordptr_[rbp+N] mov:rax,qwordptr_[rax] mov:qwordptr_[rbp+N],rax lea:rax,[rbp-N] mov:r8d,N mov:edx,N mov:rcx,rax call:N mov:wordptr_[rbp+N],0 mov:qwordptr_[rbp+N],0 jmp:N mov:rax,qwordptr_[rbp+N] lea:rdx,[rax+rax] mov:rax,qwordptr_[rbp+N] add:rdx,rax mov:rax,qwordptr_[rbp+N] movzx:eax,wordptr_[rbp+rax*2-N] mov:wordptr_[rdx],ax add:qwordptr_[rbp+N],1 cmp:qwordptr_[rbp+N],N jbe:N mov:rax,qwordptr_[rbp+N] add:rax,N mov:wordptr_[rax],0 mov:rax,qwordptr_[rbp+N] mov:rcx,rax call:N nop: lea:rsp,[rbp+N] pop:rbp ret:",key_ins_tail30,CWE-124,2,1.0,{'CWE-124': 2},0.9905738187816661,80,,,,db627e3f7aafc41c,,,,,
BIN_6594052,25263,1,CWE-191,,"push:rbp mov:rbp,rsp sub:rsp,N mov:byteptr_[rbp-1],N mov:eax,1 test:eax,eax je:N mov:byteptr_[rbp-1],N mov:eax,1 test:eax,eax je:N movzx:eax,byteptr_[rbp-1] sub:eax,1 mov:byteptr_[rbp-1],al movzx:eax,byteptr_[rbp-1] mov:byteptr_[rbp-2],al movsx:eax,byteptr_[rbp-2] mov:ecx,eax call:N nop: add:rsp,N pop:rbp ret:",key_len_ins_calls,CWE-190,2,1.0,{'CWE-190': 2},0.9334157541504768,377,,,,,,,,,69|23|1|2
BIN_6625247,20174,1,CWE-190,47b1dfd120fe961f,"push:rbp mov:rbp,rsp sub:rsp,N mov:dwordptr_[rbp-4],0 mov:ecx,0 mov:rax,qwordptr_[rip+N] call:rax mov:rcx,rax lea:rdx,[rbp-4] lea:rax,[rip+N] mov:r8,rdx mov:rdx,rax call:N mov:eax,dwordptr_[rbp-4] mov:dwordptr_[rip+N],eax call:N nop: add:rsp,N pop:rbp ret:",key_body_hex,CWE-191,2,1.0,{'CWE-191': 2},0.9740777666999003,26,,,,,,,,,
BIN_6646583,13599,1,CWE-126,,"push:rbp sub:rsp,N lea:rbp,[rsp+N] lea:rax,[rbp+N] mov:r8d,N mov:edx,N mov:rcx,rax call:N mov:byteptr_[rbp+N],0 lea:rax,[rbp+N] mov:r8d,N mov:edx,N mov:rcx,rax call:N mov:byteptr_[rbp+N],0 mov:eax,1 test:eax,eax je:N lea:rax,[rbp+N] mov:qwordptr_[rbp+N],rax lea:rax,[rbp-N] mov:r8d,N mov:edx,N mov:rcx,rax call:N mov:byteptr_[rbp+3],0 lea:rax,[rbp-N] mov:rcx,rax call:N mov:rcx,rax mov:rdx,qwordptr_[rbp+N] lea:rax,[rbp-N] mov:r8,rcx mov:rcx,rax call:N mov:byteptr_[rbp+3],0 lea:rax,[rbp-N] mov:rcx,rax call:N nop: add:rsp,N pop:rbp ret:",key_len_ins_calls,CWE-122,3,1.0,{'CWE-122': 3},0.9334157541504768,377,,,,,,,,,189|43|6|1
BIN_6656331,11456,1,CWE-124,,"push:rbp sub:rsp,N lea:rbp,[rsp+N] lea:rax,[rbp+N] mov:r8d,N mov:edx,N mov:rcx,rax call:N mov:byteptr_[rbp+N],0 lea:rax,[rbp+N] sub:rax,8 mov:qwordptr_[rbp+N],rax nop: lea:rax,[rbp-N] mov:r8d,N mov:edx,N mov:rcx,rax call:N mov:byteptr_[rbp+3],0 mov:qwordptr_[rbp+N],0 jmp:N mov:rdx,qwordptr_[rbp+N] mov:rax,qwordptr_[rbp+N] add:rdx,rax lea:rcx,[rbp-N] mov:rax,qwordptr_[rbp+N] add:rax,rcx movzx:eax,byteptr_[rax] mov:byteptr_[rdx],al add:qwordptr_[rbp+N],1 cmp:qwordptr_[rbp+N],N jbe:N mov:rax,qwordptr_[rbp+N] add:rax,N mov:byteptr_[rax],0 mov:rax,qwordptr_[rbp+N] mov:rcx,rax call:N nop: add:rsp,N pop:rbp ret:",key_ins_tail30,CWE-121,2,1.0,{'CWE-121': 2},0.9905738187816661,80,,,,9da8206ba5c8d7e4,,,,,
BIN_6670288,44637,1,CWE-590,,"push:rbp mov:rbp,rsp sub:rsp,N mov:qwordptr_[rbp-8],0 lea:rax,[rip+N] mov:r8d,N mov:edx,N mov:rcx,rax call:N mov:byteptr_[rip+N],0 lea:rax,[rip+N] mov:qwordptr_[rbp-8],rax mov:rax,qwordptr_[rbp-8] mov:rcx,rax call:N mov:rax,qwordptr_[rbp-8] mov:rcx,rax call:N nop: add:rsp,N pop:rbp ret:",key_len_ins_calls,CWE-126,4,1.0,{'CWE-126': 4},0.9334157541504768,377,,,,,,,,,91|22|3|0
BIN_6702064,19588,1,CWE-190,,"push:rbp mov:rbp,rsp sub:rsp,N mov:qwordptr_[rbp-8],0 movabs:rax,N mov:qwordptr_[rbp-8],rax mov:dwordptr_[rip+N],1 mov:rax,qwordptr_[rbp-8] mov:rcx,rax call:N nop: add:rsp,N pop:rbp ret:",key_ins_tail18,CWE-191,3,1.0,{'CWE-191': 3},0.9933922671667114,74,,,,,,3d337793f6cdd9ec,,,
BIN_6702064,19588,1,CWE-190,,"push:rbp mov:rbp,rsp sub:rsp,N mov:qwordptr_[rbp-8],0 movabs:rax,N mov:qwordptr_[rbp-8],rax mov:dwordptr_[rip+N],1 mov:rax,qwordptr_[rbp-8] mov:rcx,rax call:N nop: add:rsp,N pop:rbp ret:",key_op_full,CWE-191,3,1.0,{'CWE-191': 3},0.9925788497217068,56,,c2190aa1dd117757,,,,,,,
BIN_6702064,19588,1,CWE-190,,"push:rbp mov:rbp,rsp sub:rsp,N mov:qwordptr_[rbp-8],0 movabs:rax,N mov:qwordptr_[rbp-8],rax mov:dwordptr_[rip+N],1 mov:rax,qwordptr_[rbp-8] mov:rcx,rax call:N nop: add:rsp,N pop:rbp ret:",key_ins_tail24,CWE-191,3,1.0,{'CWE-191': 3},0.9919796954314721,79,,,,,3d337793f6cdd9ec,,,,
BIN_6702064,19588,1,CWE-190,,"push:rbp mov:rbp,rsp sub:rsp,N mov:qwordptr_[rbp-8],0 movabs:rax,N mov:qwordptr_[rbp-8],rax mov:dwordptr_[rip+N],1 mov:rax,qwordptr_[rbp-8] mov:rcx,rax call:N nop: add:rsp,N pop:rbp ret:",key_ins_tail30,CWE-191,3,1.0,{'CWE-191': 3},0.9905738187816661,80,,,,3d337793f6cdd9ec,,,,,
BIN_6702064,19588,1,CWE-190,,"push:rbp mov:rbp,rsp sub:rsp,N mov:qwordptr_[rbp-8],0 movabs:rax,N mov:qwordptr_[rbp-8],rax mov:dwordptr_[rip+N],1 mov:rax,qwordptr_[rbp-8] mov:rcx,rax call:N nop: add:rsp,N pop:rbp ret:",key_ins_full,CWE-191,3,1.0,{'CWE-191': 3},0.9870514243433223,70,3d337793f6cdd9ec,,,,,,,,
BIN_6702064,19588,1,CWE-190,,"push:rbp mov:rbp,rsp sub:rsp,N mov:qwordptr_[rbp-8],0 movabs:rax,N mov:qwordptr_[rbp-8],rax mov:dwordptr_[rip+N],1 mov:rax,qwordptr_[rbp-8] mov:rcx,rax call:N nop: add:rsp,N pop:rbp ret:",key_ins_tail36,CWE-191,3,1.0,{'CWE-191': 3},0.9869588599085776,97,,,3d337793f6cdd9ec,,,,,,
BIN_6725480,19337,1,CWE-190,,"push:rbp mov:rbp,rsp sub:rsp,N mov:byteptr_[rbp-1],N call:N test:eax,eax je:N call:N and:eax,1 test:eax,eax je:N call:N call:N call:N mov:byteptr_[rbp-1],al jmp:N call:N call:N call:N not:eax mov:byteptr_[rbp-1],al call:N test:eax,eax je:N cmp:byteptr_[rbp-1],0 jle:N movzx:eax,byteptr_[rbp-1] add:eax,eax mov:byteptr_[rbp-2],al movsx:eax,byteptr_[rbp-2] mov:ecx,eax call:N nop: add:rsp,N pop:rbp ret:",key_len_ins_calls,CWE-191,2,1.0,{'CWE-191': 2},0.9334157541504768,377,,,,,,,,,115|36|10|5
BIN_6794019,31064,1,CWE-252,,"push:rbp mov:rbp,rsp sub:rsp,N mov:dwordptr_[rbp-4],0 jmp:N mov:ecx,1 mov:rax,qwordptr_[rip+N] call:rax mov:rcx,rax lea:rdx,[rip+N] lea:rax,[rip+N] mov:r8,rdx mov:rdx,rax call:N add:dwordptr_[rbp-4],1 cmp:dwordptr_[rbp-4],0 jle:N nop: nop: add:rsp,N pop:rbp ret:",key_len_ins_calls,CWE-762,14,1.0,{'CWE-762': 14},0.9334157541504768,377,,,,,,,,,77|22|2|2
BIN_6799540,14106,1,CWE-126,,"push:rbp mov:rbp,rsp sub:rsp,N mov:qwordptr_[rbp-8],0 mov:ecx,N call:N mov:qwordptr_[rbp-8],rax mov:rax,qwordptr_[rbp-8] mov:r8d,N mov:edx,N mov:rcx,rax call:N mov:rax,qwordptr_[rbp-8] add:rax,N mov:byteptr_[rax],0 mov:rax,qwordptr_[rbp-8] mov:qwordptr_[rip+N],rax call:N nop: add:rsp,N pop:rbp ret:",key_ins_tail18,CWE-122,6,1.0,{'CWE-122': 6},0.9933922671667114,74,,,,,,1b638bbf100269d6,,,
BIN_6799540,14106,1,CWE-126,,"push:rbp mov:rbp,rsp sub:rsp,N mov:qwordptr_[rbp-8],0 mov:ecx,N call:N mov:qwordptr_[rbp-8],rax mov:rax,qwordptr_[rbp-8] mov:r8d,N mov:edx,N mov:rcx,rax call:N mov:rax,qwordptr_[rbp-8] add:rax,N mov:byteptr_[rax],0 mov:rax,qwordptr_[rbp-8] mov:qwordptr_[rip+N],rax call:N nop: add:rsp,N pop:rbp ret:",key_len_ins_calls,CWE-690,4,1.0,{'CWE-690': 4},0.9334157541504768,377,,,,,,,,,87|22|3|0
BIN_6801558,23537,1,CWE-191,,"push:rbp sub:rsp,N lea:rbp,[rsp+N] mov:dwordptr_[rbp+N],0 call:N test:eax,eax je:N mov:dwordptr_[rbp+N],0 mov:qwordptr_[rbp+N],N lea:rax,[rbp-N] mov:rdx,rax mov:ecx,N mov:rax,qwordptr_[rip+N] call:rax test:eax,eax jne:N mov:dwordptr_[rbp+N],1 mov:r8d,6 mov:edx,1 mov:ecx,2 mov:rax,qwordptr_[rip+N] call:rax mov:qwordptr_[rbp+N],rax cmp:qwordptr_[rbp+N],-1 je:N lea:rax,[rbp+N] mov:r8d,N mov:edx,0 mov:rcx,rax call:N mov:wordptr_[rbp+N],2 lea:rax,[rip+N] mov:rcx,rax mov:rax,qwordptr_[rip+N] call:rax mov:dwordptr_[rbp+N],eax mov:ecx,N mov:rax,qwordptr_[rip+N] call:rax mov:wordptr_[rbp+N],ax lea:rdx,[rbp+N] mov:rax,qwordptr_[rbp+N] mov:r8d,N mov:rcx,rax mov:rax,qwordptr_[rip+N] call:rax cmp:eax,-1 je:N lea:rdx,[rbp+N] mov:rax,qwordptr_[rbp+N] mov:r9d,0 mov:r8d,N mov:rcx,rax mov:rax,qwordptr_[rip+N] call:rax mov:dwordptr_[rbp+N],eax cmp:dwordptr_[rbp+N],-1 je:N cmp:dwordptr_[rbp+N],0 je:N mov:eax,dwordptr_[rbp+N] cdqe: mov:byteptr_[rbp+rax+N],0 lea:rax,[rbp+N] mov:rcx,rax call:N mov:dwordptr_[rbp+N],eax jmp:N nop: jmp:N nop: jmp:N nop: cmp:qwordptr_[rbp+N],-1 je:N mov:rax,qwordptr_[rbp+N] mov:rcx,rax mov:rax,qwordptr_[rip+N] call:rax cmp:dwordptr_[rbp+N],0 je:N mov:rax,qwordptr_[rip+N] call:rax call:N test:eax,eax je:N cmp:dwordptr_[rbp+N],0 jns:N mov:eax,dwordptr_[rbp+N] add:eax,eax",key_len_ins_calls,CWE-190,2,1.0,{'CWE-190': 2},0.9334157541504768,377,,,,,,,,,473|98|13|13
BIN_6804995,34816,1,CWE-036,,"push:rbp push:rdi sub:rsp,N lea:rbp,[rsp+N] lea:rdx,[rbp+N] mov:eax,0 mov:ecx,N mov:rdi,rdx rep lea:rax,[rbp+N] mov:qwordptr_[rbp+N],rax mov:dwordptr_[rbp+N],0 mov:qwordptr_[rbp+N],N mov:qwordptr_[rbp+N],N mov:rax,qwordptr_[rbp+N] mov:rcx,rax call:N mov:qwordptr_[rbp+N],rax lea:rax,[rbp-N] mov:rdx,rax mov:ecx,N mov:rax,qwordptr_[rip+N] call:rax test:eax,eax setne:al test:al,al jne:N mov:dwordptr_[rbp+N],1 mov:r8d,6 mov:edx,1 mov:ecx,2 mov:rax,qwordptr_[rip+N] call:rax mov:qwordptr_[rbp+N],rax cmp:qwordptr_[rbp+N],-1 je:N lea:rax,[rbp+N] mov:r8d,N mov:edx,0 mov:rcx,rax call:N mov:wordptr_[rbp+N],2 mov:dwordptr_[rbp+N],0 mov:ecx,N mov:rax,qwordptr_[rip+N] call:rax mov:wordptr_[rbp+N],ax lea:rdx,[rbp+N] mov:rax,qwordptr_[rbp+N] mov:r8d,N mov:rcx,rax mov:rax,qwordptr_[rip+N] call:rax cmp:eax,-1 sete:al test:al,al jne:N mov:rax,qwordptr_[rbp+N] mov:edx,5 mov:rcx,rax mov:rax,qwordptr_[rip+N] call:rax cmp:eax,-1 sete:al test:al,al jne:N mov:rax,qwordptr_[rbp+N] mov:r8d,0 mov:edx,0 mov:rcx,rax mov:rax,qwordptr_[rip+N] call:rax mov:qwordptr_[rbp+N],rax cmp:qwordptr_[rbp+N],-1 je:N mov:eax,N sub:rax,qwordptr_[rbp+N] add:eax,eax mov:ecx,eax mov:rax,qwordptr_[rbp+N] lea:rdx,[rax+rax] mov:rax,qwordptr_[rbp+N] add:rdx,rax mov:rax,qwordptr_[rbp+N] mov:r9d,0 mov:r8d,ecx mov:rcx,rax mov:rax,qwordptr_[rip+N] call:rax mov:dwordptr_[rbp+N],eax",key_ins_tail36,CWE-023,2,1.0,{'CWE-023': 2},0.9869588599085776,97,,,0b8900b706daf63f,,,,,,
BIN_6816778,4724,1,CWE-121,,"push:rbp mov:rbp,rsp sub:rsp,N sub:rsp,N lea:rax,[rsp+N] add:rax,N shr:rax,4 shl:rax,4 mov:qwordptr_[rbp-8],rax mov:rax,qwordptr_[rbp-8] mov:qwordptr_[rbp-N],rax mov:rax,qwordptr_[rip+N] mov:eax,dwordptr_[rax] test:eax,eax je:N mov:rax,qwordptr_[rbp-N] mov:r8d,N mov:edx,N mov:rcx,rax call:N mov:rax,qwordptr_[rbp-N] add:rax,N mov:wordptr_[rax],0 mov:qwordptr_[rbp-N],0 mov:qwordptr_[rbp-N],0 mov:qwordptr_[rbp-N],0 mov:qwordptr_[rbp-N],0 mov:qwordptr_[rbp-N],0 mov:qwordptr_[rbp-N],0 mov:qwordptr_[rbp-N],0 mov:qwordptr_[rbp-N],0 mov:qwordptr_[rbp-N],0 mov:qwordptr_[rbp-N],0 mov:qwordptr_[rbp-N],0 mov:qwordptr_[rbp-N],0 mov:dwordptr_[rbp-N],0 mov:rdx,qwordptr_[rbp-N] lea:rax,[rbp-N] mov:rcx,rax call:N mov:rax,qwordptr_[rbp-N] mov:rcx,rax call:N nop: mov:rsp,rbp pop:rbp ret:",key_len_ins_calls,CWE-195,4,1.0,{'CWE-195': 4},0.9334157541504768,377,,,,,,,,,235|47|3|1
BIN_6822378,28475,1,CWE-197,,"push:rbp mov:rbp,rsp sub:rsp,N mov:dwordptr_[rbp-8],N call:N test:eax,eax je:N mov:ecx,0 mov:rax,qwordptr_[rip+N] call:rax mov:rcx,rax lea:rdx,[rbp-8] lea:rax,[rip+N] mov:r8,rdx mov:rdx,rax call:N mov:eax,dwordptr_[rbp-8] mov:wordptr_[rbp-2],ax movsx:eax,wordptr_[rbp-2] mov:ecx,eax call:N nop: add:rsp,N pop:rbp ret:",key_len_ins_calls,CWE-690,3,1.0,{'CWE-690': 3},0.9334157541504768,377,,,,,,,,,88|25|4|1
BIN_6830101,22785,1,CWE-190,,"push:rbp mov:rbp,rsp sub:rsp,N lea:rax,[rbp-N] mov:qwordptr_[rbp-8],rax lea:rax,[rbp-N] mov:qwordptr_[rbp-N],rax mov:wordptr_[rbp-N],0 mov:rax,qwordptr_[rbp-8] movzx:eax,wordptr_[rax] mov:wordptr_[rbp-N],ax mov:wordptr_[rbp-N],N mov:rax,qwordptr_[rbp-8] movzx:edx,wordptr_[rbp-N] mov:wordptr_[rax],dx mov:rax,qwordptr_[rbp-N] movzx:eax,wordptr_[rax] mov:wordptr_[rbp-N],ax movzx:eax,wordptr_[rbp-N] add:eax,1 mov:wordptr_[rbp-N],ax movzx:eax,wordptr_[rbp-N] mov:wordptr_[rbp-N],ax movsx:eax,wordptr_[rbp-N] mov:ecx,eax call:N nop: add:rsp,N pop:rbp ret:",key_marker_tail,CWE-191,2,1.0,{'CWE-191': 2},0.9945901446548278,46,,,,,,,44b8bc4ef2f2b2da,,
BIN_6830101,22785,1,CWE-190,,"push:rbp mov:rbp,rsp sub:rsp,N lea:rax,[rbp-N] mov:qwordptr_[rbp-8],rax lea:rax,[rbp-N] mov:qwordptr_[rbp-N],rax mov:wordptr_[rbp-N],0 mov:rax,qwordptr_[rbp-8] movzx:eax,wordptr_[rax] mov:wordptr_[rbp-N],ax mov:wordptr_[rbp-N],N mov:rax,qwordptr_[rbp-8] movzx:edx,wordptr_[rbp-N] mov:wordptr_[rax],dx mov:rax,qwordptr_[rbp-N] movzx:eax,wordptr_[rax] mov:wordptr_[rbp-N],ax movzx:eax,wordptr_[rbp-N] add:eax,1 mov:wordptr_[rbp-N],ax movzx:eax,wordptr_[rbp-N] mov:wordptr_[rbp-N],ax movsx:eax,wordptr_[rbp-N] mov:ecx,eax call:N nop: add:rsp,N pop:rbp ret:",key_len_ins_calls,CWE-191,2,1.0,{'CWE-191': 2},0.9334157541504768,377,,,,,,,,,106|30|1|0
BIN_6872681,48351,1,CWE-758,,"push:rbp mov:rbp,rsp sub:rsp,N mov:ecx,8 call:N mov:qwordptr_[rbp-8],rax mov:rax,qwordptr_[rbp-8] mov:rax,qwordptr_[rax] mov:qwordptr_[rbp-N],rax mov:rax,qwordptr_[rbp-8] test:rax,rax je:N mov:edx,8 mov:rcx,rax call:N mov:rax,qwordptr_[rbp-N] mov:rax,qwordptr_[rax] movq:xmm0,rax call:N nop: add:rsp,N pop:rbp ret:",key_len_ins_calls,CWE-401,2,1.0,{'CWE-401': 2},0.9334157541504768,377,,,,,,,,,79|23|3|1
BIN_6918991,13425,1,CWE-126,,"push:rbp sub:rsp,N lea:rbp,[rsp+N] call:N test:eax,eax je:N lea:rax,[rbp+N] mov:r8d,N mov:edx,N mov:rcx,rax call:N mov:wordptr_[rbp+N],0 lea:rdx,[rbp+N] lea:rax,[rbp-N] mov:r8d,N mov:rcx,rax call:N lea:rax,[rbp-N] mov:rcx,rax call:N nop: add:rsp,N pop:rbp ret:",key_callseq,CWE-121,2,1.0,{'CWE-121': 2},0.9922970071978785,61,,,,,,,,staticreturnstrue|wmemset|memcpy|printwline,
BIN_6947524,34847,1,CWE-036,,"push:rbp push:rdi push:rbx sub:rsp,N lea:rbp,[rsp+N] lea:rdx,[rbp+N] mov:eax,0 mov:ecx,N mov:rdi,rdx rep lea:rax,[rbp+N] mov:qwordptr_[rbp+N],rax call:N test:eax,eax setne:al test:al,al je:N mov:dwordptr_[rbp+N],0 mov:qwordptr_[rbp+N],N mov:qwordptr_[rbp+N],N mov:rax,qwordptr_[rbp+N] mov:rcx,rax call:N mov:qwordptr_[rbp+N],rax lea:rax,[rbp-N] mov:rdx,rax mov:ecx,N mov:rax,qwordptr_[rip+N] call:rax test:eax,eax setne:al test:al,al jne:N mov:dwordptr_[rbp+N],1 mov:r8d,6 mov:edx,1 mov:ecx,2 mov:rax,qwordptr_[rip+N] call:rax mov:qwordptr_[rbp+N],rax cmp:qwordptr_[rbp+N],-1 je:N lea:rax,[rbp+N] mov:r8d,N mov:edx,0 mov:rcx,rax call:N mov:wordptr_[rbp+N],2 mov:dwordptr_[rbp+N],0 mov:ecx,N mov:rax,qwordptr_[rip+N] call:rax mov:wordptr_[rbp+N],ax lea:rdx,[rbp+N] mov:rax,qwordptr_[rbp+N] mov:r8d,N mov:rcx,rax mov:rax,qwordptr_[rip+N] call:rax cmp:eax,-1 sete:al test:al,al jne:N mov:rax,qwordptr_[rbp+N] mov:edx,5 mov:rcx,rax mov:rax,qwordptr_[rip+N] call:rax cmp:eax,-1 sete:al test:al,al jne:N mov:rax,qwordptr_[rbp+N] mov:r8d,0 mov:edx,0 mov:rcx,rax mov:rax,qwordptr_[rip+N] call:rax mov:qwordptr_[rbp+N],rax cmp:qwordptr_[rbp+N],-1 je:N mov:eax,N sub:rax,qwordptr_[rbp+N] add:eax,eax mov:ecx,eax mov:rax,qwordptr_[rbp+N] lea:rdx,[rax+rax] mov:rax,qwordptr_[rbp+N] add:rdx,rax mov:rax,qwordptr_[rbp+N]",key_callseq,CWE-023,2,1.0,{'CWE-023': 2},0.9922970071978785,61,,,,,,,,_zl17staticreturnstruev|wcslen|memset|.text$_zst6wcschrpww|_zst6wcschrpww|.text$_zst6wcschrpww|_zst6wcschrpww|_znst14basic_ifstreamicst11char_traitsiceec1ev|_znst14basic_ifstreamicst11char_traitsicee4openepkcst13_ios_openmode|_znst14basic_ifstreamicst11char_traitsicee5closeev|_znst14basic_ifstreamicst11char_traitsiceed1ev|_znst14basic_ifstreamicst11char_traitsiceed1ev|_unwind_resume,
BIN_6965267,45695,1,CWE-606,,"push:rbp sub:rsp,N lea:rbp,[rsp+N] mov:qwordptr_[rbp-N],0 mov:qwordptr_[rbp-N],0 mov:qwordptr_[rbp-N],0 mov:qwordptr_[rbp-N],0 mov:qwordptr_[rbp-N],0 mov:qwordptr_[rbp-N],0 mov:qwordptr_[rbp-N],0 mov:qwordptr_[rbp-N],0 mov:qwordptr_[rbp-N],0 mov:qwordptr_[rbp-N],0 mov:qwordptr_[rbp-N],0 mov:qwordptr_[rbp-8],0 mov:qwordptr_[rbp],0 mov:qwordptr_[rbp+8],0 mov:qwordptr_[rbp+N],0 mov:qwordptr_[rbp+N],0 mov:qwordptr_[rbp+N],0 mov:qwordptr_[rbp+N],0 mov:qwordptr_[rbp+N],0 mov:qwordptr_[rbp+N],0 mov:qwordptr_[rbp+N],0 mov:qwordptr_[rbp+N],0 mov:qwordptr_[rbp+N],0 mov:qwordptr_[rbp+N],0 mov:qwordptr_[rbp+N],0 lea:rax,[rbp-N] mov:qwordptr_[rbp+N],rax mov:rax,qwordptr_[rbp+N] mov:rcx,rax call:N mov:qwordptr_[rbp+N],rax mov:rax,qwordptr_[rbp+N] sub:rax,N cmp:rax,1 jbe:N lea:rdx,[rip+N] lea:rax,[rip+N] mov:rcx,rax call:N mov:qwordptr_[rbp+N],rax cmp:qwordptr_[rbp+N],0 je:N mov:rax,qwordptr_[rbp+N] mov:edx,eax mov:eax,N sub:eax,edx mov:ecx,eax mov:rax,qwordptr_[rbp+N] lea:rdx,[rax+rax] mov:rax,qwordptr_[rbp+N] add:rax,rdx mov:rdx,qwordptr_[rbp+N] mov:r8,rdx mov:edx,ecx mov:rcx,rax call:N test:rax,rax jne:N lea:rax,[rip+N] mov:rcx,rax call:N mov:rax,qwordptr_[rbp+N] lea:rdx,[rax+rax] mov:rax,qwordptr_[rbp+N] add:rax,rdx mov:wordptr_[rax],0 mov:rax,qwordptr_[rbp+N] mov:rcx,rax call:N mov:dwordptr_[rip+N],1 mov:rax,qwordptr_[rbp+N] mov:rcx,rax call:N nop: add:rsp,N pop:rbp ret:",key_op_full,CWE-134,4,1.0,{'CWE-134': 4},0.9925788497217068,56,,314ee3a01431d5a1,,,,,,,
BIN_6981959,23346,1,CWE-191,,"push:rbp mov:rbp,rsp sub:rsp,N mov:qwordptr_[rbp-8],0 mov:rax,qwordptr_[rip+N] mov:eax,dwordptr_[rax] test:eax,eax je:N movabs:rax,N mov:qwordptr_[rbp-8],rax mov:rax,qwordptr_[rip+N] mov:eax,dwordptr_[rax] test:eax,eax je:N cmp:qwordptr_[rbp-8],0 jns:N mov:rax,qwordptr_[rbp-8] add:rax,rax mov:qwordptr_[rbp-N],rax mov:rax,qwordptr_[rbp-N] mov:rcx,rax call:N nop: add:rsp,N pop:rbp ret:",key_len_ins_calls,CWE-190,2,1.0,{'CWE-190': 2},0.9334157541504768,377,,,,,,,,,93|26|1|3
BIN_6990151,38748,1,CWE-415,,"push:rbp mov:rbp,rsp sub:rsp,N mov:qwordptr_[rbp-N],0 mov:dwordptr_[rbp-4],0 jmp:N mov:ecx,4 call:N mov:qwordptr_[rbp-N],rax mov:rax,qwordptr_[rbp-N] test:rax,rax je:N mov:edx,4 mov:rcx,rax call:N add:dwordptr_[rbp-4],1 cmp:dwordptr_[rbp-4],0 jle:N mov:dwordptr_[rbp-8],0 jmp:N mov:rax,qwordptr_[rbp-N] test:rax,rax je:N mov:edx,4 mov:rcx,rax call:N add:dwordptr_[rbp-8],1 cmp:dwordptr_[rbp-8],0 jle:N nop: nop: add:rsp,N pop:rbp ret:",key_ins_tail18,CWE-762,4,1.0,{'CWE-762': 4},0.9933922671667114,74,,,,,,bb69668774c91858,,,
BIN_7013866,14562,1,CWE-127,,"push:rbp mov:rbp,rsp sub:rsp,N mov:dwordptr_[rbp-4],N mov:eax,dwordptr_[rip+N] test:eax,eax je:N mov:qwordptr_[rbp-N],0 mov:qwordptr_[rbp-N],0 mov:ecx,0 mov:rax,qwordptr_[rip+N] call:rax mov:rdx,rax lea:rax,[rbp-N] mov:r8,rdx mov:edx,N mov:rcx,rax call:N test:rax,rax je:N lea:rax,[rbp-N] mov:rcx,rax call:N mov:dwordptr_[rbp-4],eax jmp:N lea:rax,[rip+N] mov:rcx,rax call:N mov:eax,dwordptr_[rip+N] test:eax,eax je:N pxor:xmm0,xmm0 movaps:xmmwordptr_[rbp-N],xmm0 movaps:xmmwordptr_[rbp-N],xmm0 movq:qwordptr_[rbp-N],xmm0 cmp:dwordptr_[rbp-4],9 jg:N mov:eax,dwordptr_[rbp-4] cdqe: mov:eax,dwordptr_[rbp+rax*4-N] mov:ecx,eax call:N jmp:N lea:rax,[rip+N] mov:rcx,rax call:N nop: add:rsp,N pop:rbp ret:",key_len_ins_calls,CWE-126,2,1.0,{'CWE-126': 2},0.9334157541504768,377,,,,,,,,,188|50|6|6
BIN_7017807,33366,1,CWE-036,,"push:rbp push:rdi push:rbx sub:rsp,N lea:rbp,[rsp+N] lea:rdx,[rbp+N] mov:eax,0 mov:ecx,N mov:rdi,rdx rep mov:rdx,rdi mov:dwordptr_[rdx],eax add:rdx,4 lea:rax,[rbp+N] mov:qwordptr_[rbp+N],rax mov:rax,qwordptr_[rbp+N] mov:rcx,rax call:N mov:qwordptr_[rbp+N],rax mov:rax,qwordptr_[rbp+N] sub:rax,N cmp:rax,1 jbe:N mov:ecx,0 mov:rax,qwordptr_[rip+N] call:rax mov:rdx,rax mov:rax,qwordptr_[rbp+N] mov:ecx,eax mov:eax,N sub:eax,ecx mov:r9d,eax mov:rcx,qwordptr_[rbp+N] mov:rax,qwordptr_[rbp+N] add:rax,rcx mov:r8,rdx mov:edx,r9d mov:rcx,rax call:N test:rax,rax setne:al test:al,al je:N mov:rax,qwordptr_[rbp+N] mov:rcx,rax call:N mov:qwordptr_[rbp+N],rax cmp:qwordptr_[rbp+N],0 je:N mov:rax,qwordptr_[rbp+N] lea:rdx,[rax-1] mov:rax,qwordptr_[rbp+N] add:rax,rdx movzx:eax,byteptr_[rax] cmp:al,N jne:N mov:rax,qwordptr_[rbp+N] lea:rdx,[rax-1] mov:rax,qwordptr_[rbp+N] add:rax,rdx mov:byteptr_[rax],0 jmp:N lea:rax,[rip+N] mov:rcx,rax call:N mov:rdx,qwordptr_[rbp+N] mov:rax,qwordptr_[rbp+N] add:rax,rdx mov:byteptr_[rax],0 nop: lea:rax,[rbp-N] mov:rcx,rax call:N mov:rdx,qwordptr_[rbp+N] lea:rax,[rbp-N] mov:r8d,N mov:rcx,rax call:N lea:rax,[rbp-N] mov:rcx,rax call:N lea:rax,[rbp-N] mov:rcx,rax call:N jmp:N mov:rbx,rax lea:rax,[rbp-N] mov:rcx,rax call:N mov:rax,rbx",key_ins_tail30,CWE-023,2,1.0,{'CWE-023': 2},0.9905738187816661,80,,,,47fd0213e8a8ebf4,,,,,
BIN_7017807,33366,1,CWE-036,,"push:rbp push:rdi push:rbx sub:rsp,N lea:rbp,[rsp+N] lea:rdx,[rbp+N] mov:eax,0 mov:ecx,N mov:rdi,rdx rep mov:rdx,rdi mov:dwordptr_[rdx],eax add:rdx,4 lea:rax,[rbp+N] mov:qwordptr_[rbp+N],rax mov:rax,qwordptr_[rbp+N] mov:rcx,rax call:N mov:qwordptr_[rbp+N],rax mov:rax,qwordptr_[rbp+N] sub:rax,N cmp:rax,1 jbe:N mov:ecx,0 mov:rax,qwordptr_[rip+N] call:rax mov:rdx,rax mov:rax,qwordptr_[rbp+N] mov:ecx,eax mov:eax,N sub:eax,ecx mov:r9d,eax mov:rcx,qwordptr_[rbp+N] mov:rax,qwordptr_[rbp+N] add:rax,rcx mov:r8,rdx mov:edx,r9d mov:rcx,rax call:N test:rax,rax setne:al test:al,al je:N mov:rax,qwordptr_[rbp+N] mov:rcx,rax call:N mov:qwordptr_[rbp+N],rax cmp:qwordptr_[rbp+N],0 je:N mov:rax,qwordptr_[rbp+N] lea:rdx,[rax-1] mov:rax,qwordptr_[rbp+N] add:rax,rdx movzx:eax,byteptr_[rax] cmp:al,N jne:N mov:rax,qwordptr_[rbp+N] lea:rdx,[rax-1] mov:rax,qwordptr_[rbp+N] add:rax,rdx mov:byteptr_[rax],0 jmp:N lea:rax,[rip+N] mov:rcx,rax call:N mov:rdx,qwordptr_[rbp+N] mov:rax,qwordptr_[rbp+N] add:rax,rdx mov:byteptr_[rax],0 nop: lea:rax,[rbp-N] mov:rcx,rax call:N mov:rdx,qwordptr_[rbp+N] lea:rax,[rbp-N] mov:r8d,N mov:rcx,rax call:N lea:rax,[rbp-N] mov:rcx,rax call:N lea:rax,[rbp-N] mov:rcx,rax call:N jmp:N mov:rbx,rax lea:rax,[rbp-N] mov:rcx,rax call:N mov:rax,rbx",key_ins_tail36,CWE-023,2,1.0,{'CWE-023': 2},0.9869588599085776,97,,,d38a57f477feff7a,,,,,,
BIN_7071511,11584,1,CWE-124,,"push:rbp mov:rbp,rsp sub:rsp,N lea:rax,[rbp-N] mov:r8d,N mov:edx,N mov:rcx,rax call:N mov:byteptr_[rbp-N],0 lea:rax,[rbp-N] sub:rax,8 mov:qwordptr_[rbp-8],rax mov:rax,qwordptr_[rbp-8] mov:rcx,rax call:N nop: add:rsp,N pop:rbp ret:",key_ins_tail18,CWE-127,2,1.0,{'CWE-127': 2},0.9933922671667114,74,,,,,,2364588ad148d9e8,,,
BIN_7071511,11584,1,CWE-124,,"push:rbp mov:rbp,rsp sub:rsp,N lea:rax,[rbp-N] mov:r8d,N mov:edx,N mov:rcx,rax call:N mov:byteptr_[rbp-N],0 lea:rax,[rbp-N] sub:rax,8 mov:qwordptr_[rbp-8],rax mov:rax,qwordptr_[rbp-8] mov:rcx,rax call:N nop: add:rsp,N pop:rbp ret:",key_ins_tail24,CWE-127,2,1.0,{'CWE-127': 2},0.9919796954314721,79,,,,,a2aff952615181f2,,,,
BIN_7071511,11584,1,CWE-124,,"push:rbp mov:rbp,rsp sub:rsp,N lea:rax,[rbp-N] mov:r8d,N mov:edx,N mov:rcx,rax call:N mov:byteptr_[rbp-N],0 lea:rax,[rbp-N] sub:rax,8 mov:qwordptr_[rbp-8],rax mov:rax,qwordptr_[rbp-8] mov:rcx,rax call:N nop: add:rsp,N pop:rbp ret:",key_ins_tail30,CWE-127,2,1.0,{'CWE-127': 2},0.9905738187816661,80,,,,a2aff952615181f2,,,,,
BIN_7071511,11584,1,CWE-124,,"push:rbp mov:rbp,rsp sub:rsp,N lea:rax,[rbp-N] mov:r8d,N mov:edx,N mov:rcx,rax call:N mov:byteptr_[rbp-N],0 lea:rax,[rbp-N] sub:rax,8 mov:qwordptr_[rbp-8],rax mov:rax,qwordptr_[rbp-8] mov:rcx,rax call:N nop: add:rsp,N pop:rbp ret:",key_ins_full,CWE-127,2,1.0,{'CWE-127': 2},0.9870514243433223,70,a2aff952615181f2,,,,,,,,
BIN_7071511,11584,1,CWE-124,,"push:rbp mov:rbp,rsp sub:rsp,N lea:rax,[rbp-N] mov:r8d,N mov:edx,N mov:rcx,rax call:N mov:byteptr_[rbp-N],0 lea:rax,[rbp-N] sub:rax,8 mov:qwordptr_[rbp-8],rax mov:rax,qwordptr_[rbp-8] mov:rcx,rax call:N nop: add:rsp,N pop:rbp ret:",key_ins_tail36,CWE-127,2,1.0,{'CWE-127': 2},0.9869588599085776,97,,,a2aff952615181f2,,,,,,
BIN_7071511,11584,1,CWE-124,,"push:rbp mov:rbp,rsp sub:rsp,N lea:rax,[rbp-N] mov:r8d,N mov:edx,N mov:rcx,rax call:N mov:byteptr_[rbp-N],0 lea:rax,[rbp-N] sub:rax,8 mov:qwordptr_[rbp-8],rax mov:rax,qwordptr_[rbp-8] mov:rcx,rax call:N nop: add:rsp,N pop:rbp ret:",key_len_ins_calls,CWE-127,2,1.0,{'CWE-127': 2},0.9334157541504768,377,,,,,,,,,72|19|2|0
BIN_7087540,35074,1,CWE-377,,"push:rbp mov:rbp,rsp sub:rsp,N mov:ecx,0 mov:rax,qwordptr_[rip+N] call:rax mov:qwordptr_[rbp-8],rax cmp:qwordptr_[rbp-8],0 jne:N mov:ecx,1 call:N mov:rax,qwordptr_[rbp-8] mov:rcx,rax call:N mov:rax,qwordptr_[rbp-8] mov:r8d,N mov:edx,N mov:rcx,rax mov:rax,qwordptr_[rip+N] call:rax mov:dwordptr_[rbp-N],eax cmp:dwordptr_[rbp-N],-1 je:N lea:rax,[rip+N] mov:rcx,rax call:N mov:eax,dwordptr_[rbp-N] mov:ecx,eax mov:rax,qwordptr_[rip+N] call:rax nop: add:rsp,N pop:rbp ret:",key_len_ins_calls,CWE-122,3,1.0,{'CWE-122': 3},0.9334157541504768,377,,,,,,,,,127|34|6|2
BIN_7147917,34717,1,CWE-036,,"push:rbp push:rdi push:rbx sub:rsp,N lea:rbp,[rsp+N] lea:rax,[rbp+N] mov:qwordptr_[rbp+N],rax lea:rax,[rbp+N] mov:qwordptr_[rbp+N],rax lea:rdx,[rbp+N] mov:eax,0 mov:ecx,N mov:rdi,rdx rep lea:rax,[rbp+N] mov:qwordptr_[rbp+N],rax mov:rax,qwordptr_[rbp+N] mov:rax,qwordptr_[rax] mov:qwordptr_[rbp+N],rax mov:rax,qwordptr_[rbp+N] mov:rcx,rax call:N mov:qwordptr_[rbp+N],rax mov:rax,qwordptr_[rbp+N] sub:rax,N cmp:rax,1 jbe:N lea:rdx,[rip+N] lea:rax,[rip+N] mov:rcx,rax call:N mov:qwordptr_[rbp+N],rax cmp:qwordptr_[rbp+N],0 je:N mov:rax,qwordptr_[rbp+N] mov:edx,eax mov:eax,N sub:eax,edx mov:ecx,eax mov:rax,qwordptr_[rbp+N] lea:rdx,[rax+rax] mov:rax,qwordptr_[rbp+N] add:rax,rdx mov:rdx,qwordptr_[rbp+N] mov:r8,rdx mov:edx,ecx mov:rcx,rax call:N test:rax,rax sete:al test:al,al je:N lea:rax,[rip+N] mov:rcx,rax call:N mov:rax,qwordptr_[rbp+N] lea:rdx,[rax+rax] mov:rax,qwordptr_[rbp+N] add:rax,rdx mov:wordptr_[rax],0 mov:rax,qwordptr_[rbp+N] mov:rcx,rax call:N mov:rax,qwordptr_[rbp+N] mov:rdx,qwordptr_[rbp+N] mov:qwordptr_[rax],rdx mov:rax,qwordptr_[rbp+N] mov:rax,qwordptr_[rax] mov:qwordptr_[rbp+N],rax lea:rax,[rbp-N] mov:rcx,rax call:N mov:rdx,qwordptr_[rbp+N] lea:rax,[rbp-N] mov:r8d,N mov:rcx,rax call:N lea:rax,[rbp-N] mov:rcx,rax call:N lea:rax,[rbp-N] mov:rcx,rax call:N jmp:N mov:rbx,rax lea:rax,[rbp-N] mov:rcx,rax call:N mov:rax,rbx mov:rcx,rax",key_ins_tail36,CWE-023,2,1.0,{'CWE-023': 2},0.9869588599085776,97,,,d20b5ec2ae84864e,,,,,,
BIN_7188547,24404,1,CWE-191,,"push:rbp mov:rbp,rsp sub:rsp,N mov:dwordptr_[rbp-8],0 call:N test:eax,eax je:N mov:ecx,0 mov:rax,qwordptr_[rip+N] call:rax mov:rcx,rax lea:rdx,[rbp-8] lea:rax,[rip+N] mov:r8,rdx mov:rdx,rax call:N call:N test:eax,eax je:N mov:eax,dwordptr_[rbp-8] sub:eax,1 mov:dwordptr_[rbp-4],eax mov:eax,dwordptr_[rbp-4] mov:ecx,eax call:N nop: add:rsp,N pop:rbp ret:",key_callseq,CWE-190,2,1.0,{'CWE-190': 2},0.9922970071978785,61,,,,,,,,globalreturnstrue|fscanf|globalreturnstrue|printunsignedline,
BIN_7223045,52700,1,CWE-762,,"push:rbp mov:rbp,rsp sub:rsp,N mov:qwordptr_[rbp-8],0 mov:eax,dwordptr_[rip+N] cmp:eax,5 jne:N movabs:rax,N mov:qwordptr_[rbp-N],rax mov:byteptr_[rbp-9],0 lea:rax,[rbp-N] mov:rcx,rax call:N mov:qwordptr_[rbp-8],rax mov:eax,dwordptr_[rip+N] cmp:eax,5 jne:N cmp:qwordptr_[rbp-8],0 je:N mov:rax,qwordptr_[rbp-8] mov:rcx,rax call:N nop: add:rsp,N pop:rbp ret:",key_len_ins_calls,CWE-590,2,1.0,{'CWE-590': 2},0.9334157541504768,377,,,,,,,,,98|26|2|3
BIN_7314339,41012,1,CWE-464,,"push:rbp mov:rbp,rsp sub:rsp,N mov:byteptr_[rbp-1],N mov:dwordptr_[rip+N],1 movsx:eax,byteptr_[rbp-1] mov:ecx,eax call:N mov:byteptr_[rbp-1],al mov:byteptr_[rbp-5],N movzx:eax,byteptr_[rbp-1] mov:byteptr_[rbp-4],al mov:byteptr_[rbp-3],N mov:byteptr_[rbp-2],0 lea:rax,[rbp-5] mov:rcx,rax call:N nop: add:rsp,N pop:rbp ret:",key_callseq,CWE-400,6,1.0,{'CWE-400': 6},0.9922970071978785,61,,,,,,,,badsource|printline,
BIN_7316191,41285,1,CWE-476,,"push:rbp mov:rbp,rsp sub:rsp,N mov:qwordptr_[rbp-8],0 mov:rax,qwordptr_[rbp-8] mov:qwordptr_[rbp-N],rax mov:rax,qwordptr_[rbp-N] mov:qwordptr_[rbp-N],rax mov:rax,qwordptr_[rbp-N] mov:eax,dwordptr_[rax] mov:ecx,eax call:N mov:rax,qwordptr_[rbp-N] test:rax,rax je:N mov:edx,8 mov:rcx,rax call:N nop: add:rsp,N pop:rbp ret:",key_ins_tail18,CWE-590,3,1.0,{'CWE-590': 3},0.9933922671667114,74,,,,,,357e96f111f56a5b,,,
BIN_7342796,52718,1,CWE-762,,"push:rbp mov:rbp,rsp sub:rsp,N mov:qwordptr_[rbp-8],0 movabs:rax,N mov:qwordptr_[rbp-N],rax mov:byteptr_[rbp-9],0 lea:rax,[rbp-N] mov:rcx,rax call:N mov:qwordptr_[rbp-8],rax mov:rax,qwordptr_[rbp-8] mov:rcx,rax call:N nop: add:rsp,N pop:rbp ret:",key_ins_tail18,CWE-401,2,1.0,{'CWE-401': 2},0.9933922671667114,74,,,,,,3ead2283b360b92c,,,
BIN_7342796,52718,1,CWE-762,,"push:rbp mov:rbp,rsp sub:rsp,N mov:qwordptr_[rbp-8],0 movabs:rax,N mov:qwordptr_[rbp-N],rax mov:byteptr_[rbp-9],0 lea:rax,[rbp-N] mov:rcx,rax call:N mov:qwordptr_[rbp-8],rax mov:rax,qwordptr_[rbp-8] mov:rcx,rax call:N nop: add:rsp,N pop:rbp ret:",key_ins_tail24,CWE-401,2,1.0,{'CWE-401': 2},0.9919796954314721,79,,,,,3ead2283b360b92c,,,,
BIN_7342796,52718,1,CWE-762,,"push:rbp mov:rbp,rsp sub:rsp,N mov:qwordptr_[rbp-8],0 movabs:rax,N mov:qwordptr_[rbp-N],rax mov:byteptr_[rbp-9],0 lea:rax,[rbp-N] mov:rcx,rax call:N mov:qwordptr_[rbp-8],rax mov:rax,qwordptr_[rbp-8] mov:rcx,rax call:N nop: add:rsp,N pop:rbp ret:",key_ins_tail30,CWE-401,2,1.0,{'CWE-401': 2},0.9905738187816661,80,,,,3ead2283b360b92c,,,,,
BIN_7342796,52718,1,CWE-762,,"push:rbp mov:rbp,rsp sub:rsp,N mov:qwordptr_[rbp-8],0 movabs:rax,N mov:qwordptr_[rbp-N],rax mov:byteptr_[rbp-9],0 lea:rax,[rbp-N] mov:rcx,rax call:N mov:qwordptr_[rbp-8],rax mov:rax,qwordptr_[rbp-8] mov:rcx,rax call:N nop: add:rsp,N pop:rbp ret:",key_ins_full,CWE-401,2,1.0,{'CWE-401': 2},0.9870514243433223,70,3ead2283b360b92c,,,,,,,,
BIN_7342796,52718,1,CWE-762,,"push:rbp mov:rbp,rsp sub:rsp,N mov:qwordptr_[rbp-8],0 movabs:rax,N mov:qwordptr_[rbp-N],rax mov:byteptr_[rbp-9],0 lea:rax,[rbp-N] mov:rcx,rax call:N mov:qwordptr_[rbp-8],rax mov:rax,qwordptr_[rbp-8] mov:rcx,rax call:N nop: add:rsp,N pop:rbp ret:",key_ins_tail36,CWE-401,2,1.0,{'CWE-401': 2},0.9869588599085776,97,,,3ead2283b360b92c,,,,,,
BIN_7344971,32990,1,CWE-369,,"push:rbp mov:rbp,rsp sub:rsp,N lea:rax,[rbp-N] mov:qwordptr_[rbp-8],rax mov:dwordptr_[rbp-N],N mov:dwordptr_[rbp-N],0 mov:rax,qwordptr_[rbp-8] mov:eax,dwordptr_[rax] mov:dwordptr_[rbp-N],eax mov:eax,N cdq: idiv:dwordptr_[rbp-N] mov:ecx,eax call:N nop: add:rsp,N pop:rbp ret:",key_len_ins_calls,CWE-758,9,1.0,{'CWE-758': 9},0.9334157541504768,377,,,,,,,,,62|19|1|0
BIN_7345102,28527,1,CWE-197,,"push:rbp mov:rbp,rsp sub:rsp,N mov:dwordptr_[rbp-4],N call:N test:eax,eax je:N mov:dwordptr_[rbp-4],N jmp:N mov:dwordptr_[rbp-4],N mov:eax,dwordptr_[rbp-4] mov:byteptr_[rbp-5],al movsx:eax,byteptr_[rbp-5] mov:ecx,eax call:N nop: add:rsp,N pop:rbp ret:",key_len_ins_calls,CWE-253,2,1.0,{'CWE-253': 2},0.9334157541504768,377,,,,,,,,,64|19|2|2
BIN_7404830,33808,1,CWE-036,,"push:rbp push:rdi sub:rsp,N lea:rbp,[rsp+N] lea:rdx,[rbp-N] mov:eax,0 mov:ecx,N mov:rdi,rdx rep mov:rdx,rdi mov:dwordptr_[rdx],eax add:rdx,4 lea:rax,[rbp-N] mov:qwordptr_[rbp+N],rax mov:rax,qwordptr_[rbp+N] mov:rcx,rax call:N mov:qwordptr_[rbp+N],rax mov:rax,qwordptr_[rbp+N] sub:rax,N cmp:rax,1 jbe:N lea:rdx,[rip+N] lea:rax,[rip+N] mov:rcx,rax call:N mov:qwordptr_[rbp+N],rax cmp:qwordptr_[rbp+N],0 je:N mov:rax,qwordptr_[rbp+N] mov:edx,eax mov:eax,N sub:eax,edx mov:ecx,eax mov:rdx,qwordptr_[rbp+N] mov:rax,qwordptr_[rbp+N] add:rax,rdx mov:rdx,qwordptr_[rbp+N] mov:r8,rdx mov:edx,ecx mov:rcx,rax call:N test:rax,rax sete:al test:al,al je:N lea:rax,[rip+N] mov:rcx,rax call:N mov:rdx,qwordptr_[rbp+N] mov:rax,qwordptr_[rbp+N] add:rax,rdx mov:byteptr_[rax],0 mov:rax,qwordptr_[rbp+N] mov:rcx,rax call:N mov:rax,qwordptr_[rbp+N] mov:rcx,rax call:N nop: add:rsp,N pop:rdi pop:rbp ret:",key_ins_tail18,CWE-023,4,1.0,{'CWE-023': 4},0.9933922671667114,74,,,,,,f1b3e00fcbead03d,,,
BIN_7404830,33808,1,CWE-036,,"push:rbp push:rdi sub:rsp,N lea:rbp,[rsp+N] lea:rdx,[rbp-N] mov:eax,0 mov:ecx,N mov:rdi,rdx rep mov:rdx,rdi mov:dwordptr_[rdx],eax add:rdx,4 lea:rax,[rbp-N] mov:qwordptr_[rbp+N],rax mov:rax,qwordptr_[rbp+N] mov:rcx,rax call:N mov:qwordptr_[rbp+N],rax mov:rax,qwordptr_[rbp+N] sub:rax,N cmp:rax,1 jbe:N lea:rdx,[rip+N] lea:rax,[rip+N] mov:rcx,rax call:N mov:qwordptr_[rbp+N],rax cmp:qwordptr_[rbp+N],0 je:N mov:rax,qwordptr_[rbp+N] mov:edx,eax mov:eax,N sub:eax,edx mov:ecx,eax mov:rdx,qwordptr_[rbp+N] mov:rax,qwordptr_[rbp+N] add:rax,rdx mov:rdx,qwordptr_[rbp+N] mov:r8,rdx mov:edx,ecx mov:rcx,rax call:N test:rax,rax sete:al test:al,al je:N lea:rax,[rip+N] mov:rcx,rax call:N mov:rdx,qwordptr_[rbp+N] mov:rax,qwordptr_[rbp+N] add:rax,rdx mov:byteptr_[rax],0 mov:rax,qwordptr_[rbp+N] mov:rcx,rax call:N mov:rax,qwordptr_[rbp+N] mov:rcx,rax call:N nop: add:rsp,N pop:rdi pop:rbp ret:",key_ins_tail24,CWE-023,4,1.0,{'CWE-023': 4},0.9919796954314721,79,,,,,22638c1891e0b4d1,,,,
BIN_7404830,33808,1,CWE-036,,"push:rbp push:rdi sub:rsp,N lea:rbp,[rsp+N] lea:rdx,[rbp-N] mov:eax,0 mov:ecx,N mov:rdi,rdx rep mov:rdx,rdi mov:dwordptr_[rdx],eax add:rdx,4 lea:rax,[rbp-N] mov:qwordptr_[rbp+N],rax mov:rax,qwordptr_[rbp+N] mov:rcx,rax call:N mov:qwordptr_[rbp+N],rax mov:rax,qwordptr_[rbp+N] sub:rax,N cmp:rax,1 jbe:N lea:rdx,[rip+N] lea:rax,[rip+N] mov:rcx,rax call:N mov:qwordptr_[rbp+N],rax cmp:qwordptr_[rbp+N],0 je:N mov:rax,qwordptr_[rbp+N] mov:edx,eax mov:eax,N sub:eax,edx mov:ecx,eax mov:rdx,qwordptr_[rbp+N] mov:rax,qwordptr_[rbp+N] add:rax,rdx mov:rdx,qwordptr_[rbp+N] mov:r8,rdx mov:edx,ecx mov:rcx,rax call:N test:rax,rax sete:al test:al,al je:N lea:rax,[rip+N] mov:rcx,rax call:N mov:rdx,qwordptr_[rbp+N] mov:rax,qwordptr_[rbp+N] add:rax,rdx mov:byteptr_[rax],0 mov:rax,qwordptr_[rbp+N] mov:rcx,rax call:N mov:rax,qwordptr_[rbp+N] mov:rcx,rax call:N nop: add:rsp,N pop:rdi pop:rbp ret:",key_ins_tail30,CWE-023,4,1.0,{'CWE-023': 4},0.9905738187816661,80,,,,8ae80b05a939faae,,,,,
BIN_7404830,33808,1,CWE-036,,"push:rbp push:rdi sub:rsp,N lea:rbp,[rsp+N] lea:rdx,[rbp-N] mov:eax,0 mov:ecx,N mov:rdi,rdx rep mov:rdx,rdi mov:dwordptr_[rdx],eax add:rdx,4 lea:rax,[rbp-N] mov:qwordptr_[rbp+N],rax mov:rax,qwordptr_[rbp+N] mov:rcx,rax call:N mov:qwordptr_[rbp+N],rax mov:rax,qwordptr_[rbp+N] sub:rax,N cmp:rax,1 jbe:N lea:rdx,[rip+N] lea:rax,[rip+N] mov:rcx,rax call:N mov:qwordptr_[rbp+N],rax cmp:qwordptr_[rbp+N],0 je:N mov:rax,qwordptr_[rbp+N] mov:edx,eax mov:eax,N sub:eax,edx mov:ecx,eax mov:rdx,qwordptr_[rbp+N] mov:rax,qwordptr_[rbp+N] add:rax,rdx mov:rdx,qwordptr_[rbp+N] mov:r8,rdx mov:edx,ecx mov:rcx,rax call:N test:rax,rax sete:al test:al,al je:N lea:rax,[rip+N] mov:rcx,rax call:N mov:rdx,qwordptr_[rbp+N] mov:rax,qwordptr_[rbp+N] add:rax,rdx mov:byteptr_[rax],0 mov:rax,qwordptr_[rbp+N] mov:rcx,rax call:N mov:rax,qwordptr_[rbp+N] mov:rcx,rax call:N nop: add:rsp,N pop:rdi pop:rbp ret:",key_ins_tail36,CWE-023,4,1.0,{'CWE-023': 4},0.9869588599085776,97,,,f9f8c920daa6c50d,,,,,,
BIN_7440162,39226,1,CWE-416,,"push:rbp mov:rbp,rsp sub:rsp,N mov:qwordptr_[rbp-8],0 lea:rax,[rbp-8] mov:rcx,rax call:N mov:rax,qwordptr_[rbp-8] mov:rax,qwordptr_[rax] mov:rcx,rax call:N nop: add:rsp,N pop:rbp ret:",key_len_ins_calls,CWE-676,2,1.0,{'CWE-676': 2},0.9334157541504768,377,,,,,,,,,50|15|2|0
BIN_7482272,48866,1,CWE-761,,"push:rbp mov:rbp,rsp sub:rsp,N mov:ecx,N call:N mov:qwordptr_[rbp-8],rax cmp:qwordptr_[rbp-8],0 jne:N mov:ecx,N call:N mov:rax,qwordptr_[rbp-8] mov:byteptr_[rax],0 mov:rax,qwordptr_[rbp-8] mov:rcx,rax call:N mov:qwordptr_[rbp-N],rax lea:rax,[rip+N] mov:rcx,rax call:N mov:qwordptr_[rbp-N],rax cmp:qwordptr_[rbp-N],0 je:N mov:eax,N sub:rax,qwordptr_[rbp-N] mov:r8,rax mov:rdx,qwordptr_[rbp-8] mov:rax,qwordptr_[rbp-N] lea:rcx,[rdx+rax] mov:rax,qwordptr_[rbp-N] mov:rdx,rax call:N mov:rax,qwordptr_[rbp-8] mov:rcx,rax call:N nop: add:rsp,N pop:rbp ret:",key_len_ins_calls,CWE-400,3,1.0,{'CWE-400': 3},0.9334157541504768,377,,,,,,,,,143|38|6|2
BIN_7573742,33664,1,CWE-036,,"push:rbp push:rdi sub:rsp,N lea:rbp,[rsp+N] lea:rdx,[rbp-N] mov:eax,0 mov:ecx,N mov:rdi,rdx rep mov:rdx,rdi mov:dwordptr_[rdx],eax add:rdx,4 lea:rax,[rbp-N] mov:qwordptr_[rbp+N],rax mov:rax,qwordptr_[rbp+N] mov:rcx,rax call:N mov:qwordptr_[rbp+N],rax mov:rax,qwordptr_[rbp+N] sub:rax,N cmp:rax,1 jbe:N lea:rdx,[rip+N] lea:rax,[rip+N] mov:rcx,rax call:N mov:qwordptr_[rbp+N],rax cmp:qwordptr_[rbp+N],0 je:N mov:rax,qwordptr_[rbp+N] mov:edx,eax mov:eax,N sub:eax,edx mov:ecx,eax mov:rdx,qwordptr_[rbp+N] mov:rax,qwordptr_[rbp+N] add:rax,rdx mov:rdx,qwordptr_[rbp+N] mov:r8,rdx mov:edx,ecx mov:rcx,rax call:N test:rax,rax sete:al test:al,al je:N lea:rax,[rip+N] mov:rcx,rax call:N mov:rdx,qwordptr_[rbp+N] mov:rax,qwordptr_[rbp+N] add:rax,rdx mov:byteptr_[rax],0 mov:rax,qwordptr_[rbp+N] mov:rcx,rax call:N mov:rax,qwordptr_[rbp+N] mov:rcx,rax call:N nop: add:rsp,N pop:rdi pop:rbp ret:",key_ins_tail18,CWE-023,4,1.0,{'CWE-023': 4},0.9933922671667114,74,,,,,,f1b3e00fcbead03d,,,
BIN_7573742,33664,1,CWE-036,,"push:rbp push:rdi sub:rsp,N lea:rbp,[rsp+N] lea:rdx,[rbp-N] mov:eax,0 mov:ecx,N mov:rdi,rdx rep mov:rdx,rdi mov:dwordptr_[rdx],eax add:rdx,4 lea:rax,[rbp-N] mov:qwordptr_[rbp+N],rax mov:rax,qwordptr_[rbp+N] mov:rcx,rax call:N mov:qwordptr_[rbp+N],rax mov:rax,qwordptr_[rbp+N] sub:rax,N cmp:rax,1 jbe:N lea:rdx,[rip+N] lea:rax,[rip+N] mov:rcx,rax call:N mov:qwordptr_[rbp+N],rax cmp:qwordptr_[rbp+N],0 je:N mov:rax,qwordptr_[rbp+N] mov:edx,eax mov:eax,N sub:eax,edx mov:ecx,eax mov:rdx,qwordptr_[rbp+N] mov:rax,qwordptr_[rbp+N] add:rax,rdx mov:rdx,qwordptr_[rbp+N] mov:r8,rdx mov:edx,ecx mov:rcx,rax call:N test:rax,rax sete:al test:al,al je:N lea:rax,[rip+N] mov:rcx,rax call:N mov:rdx,qwordptr_[rbp+N] mov:rax,qwordptr_[rbp+N] add:rax,rdx mov:byteptr_[rax],0 mov:rax,qwordptr_[rbp+N] mov:rcx,rax call:N mov:rax,qwordptr_[rbp+N] mov:rcx,rax call:N nop: add:rsp,N pop:rdi pop:rbp ret:",key_ins_tail24,CWE-023,4,1.0,{'CWE-023': 4},0.9919796954314721,79,,,,,22638c1891e0b4d1,,,,
BIN_7573742,33664,1,CWE-036,,"push:rbp push:rdi sub:rsp,N lea:rbp,[rsp+N] lea:rdx,[rbp-N] mov:eax,0 mov:ecx,N mov:rdi,rdx rep mov:rdx,rdi mov:dwordptr_[rdx],eax add:rdx,4 lea:rax,[rbp-N] mov:qwordptr_[rbp+N],rax mov:rax,qwordptr_[rbp+N] mov:rcx,rax call:N mov:qwordptr_[rbp+N],rax mov:rax,qwordptr_[rbp+N] sub:rax,N cmp:rax,1 jbe:N lea:rdx,[rip+N] lea:rax,[rip+N] mov:rcx,rax call:N mov:qwordptr_[rbp+N],rax cmp:qwordptr_[rbp+N],0 je:N mov:rax,qwordptr_[rbp+N] mov:edx,eax mov:eax,N sub:eax,edx mov:ecx,eax mov:rdx,qwordptr_[rbp+N] mov:rax,qwordptr_[rbp+N] add:rax,rdx mov:rdx,qwordptr_[rbp+N] mov:r8,rdx mov:edx,ecx mov:rcx,rax call:N test:rax,rax sete:al test:al,al je:N lea:rax,[rip+N] mov:rcx,rax call:N mov:rdx,qwordptr_[rbp+N] mov:rax,qwordptr_[rbp+N] add:rax,rdx mov:byteptr_[rax],0 mov:rax,qwordptr_[rbp+N] mov:rcx,rax call:N mov:rax,qwordptr_[rbp+N] mov:rcx,rax call:N nop: add:rsp,N pop:rdi pop:rbp ret:",key_ins_tail30,CWE-023,4,1.0,{'CWE-023': 4},0.9905738187816661,80,,,,8ae80b05a939faae,,,,,
BIN_7573742,33664,1,CWE-036,,"push:rbp push:rdi sub:rsp,N lea:rbp,[rsp+N] lea:rdx,[rbp-N] mov:eax,0 mov:ecx,N mov:rdi,rdx rep mov:rdx,rdi mov:dwordptr_[rdx],eax add:rdx,4 lea:rax,[rbp-N] mov:qwordptr_[rbp+N],rax mov:rax,qwordptr_[rbp+N] mov:rcx,rax call:N mov:qwordptr_[rbp+N],rax mov:rax,qwordptr_[rbp+N] sub:rax,N cmp:rax,1 jbe:N lea:rdx,[rip+N] lea:rax,[rip+N] mov:rcx,rax call:N mov:qwordptr_[rbp+N],rax cmp:qwordptr_[rbp+N],0 je:N mov:rax,qwordptr_[rbp+N] mov:edx,eax mov:eax,N sub:eax,edx mov:ecx,eax mov:rdx,qwordptr_[rbp+N] mov:rax,qwordptr_[rbp+N] add:rax,rdx mov:rdx,qwordptr_[rbp+N] mov:r8,rdx mov:edx,ecx mov:rcx,rax call:N test:rax,rax sete:al test:al,al je:N lea:rax,[rip+N] mov:rcx,rax call:N mov:rdx,qwordptr_[rbp+N] mov:rax,qwordptr_[rbp+N] add:rax,rdx mov:byteptr_[rax],0 mov:rax,qwordptr_[rbp+N] mov:rcx,rax call:N mov:rax,qwordptr_[rbp+N] mov:rcx,rax call:N nop: add:rsp,N pop:rdi pop:rbp ret:",key_ins_tail36,CWE-023,4,1.0,{'CWE-023': 4},0.9869588599085776,97,,,f9f8c920daa6c50d,,,,,,
BIN_7582953,47095,1,CWE-680,,"push:rbp sub:rsp,N lea:rbp,[rsp+N] mov:dwordptr_[rbp+N],N mov:dwordptr_[rbp+N],0 mov:qwordptr_[rbp+N],N mov:qwordptr_[rbp+N],N lea:rax,[rbp-N] mov:rdx,rax mov:ecx,N mov:rax,qwordptr_[rip+N] call:rax test:eax,eax setne:al test:al,al jne:N mov:dwordptr_[rbp+N],1 mov:r8d,6 mov:edx,1 mov:ecx,2 mov:rax,qwordptr_[rip+N] call:rax mov:qwordptr_[rbp+N],rax cmp:qwordptr_[rbp+N],-1 je:N lea:rax,[rbp+N] mov:r8d,N mov:edx,0 mov:rcx,rax call:N mov:wordptr_[rbp+N],2 mov:dwordptr_[rbp+N],0 mov:ecx,N mov:rax,qwordptr_[rip+N] call:rax mov:wordptr_[rbp+N],ax lea:rdx,[rbp+N] mov:rax,qwordptr_[rbp+N] mov:r8d,N mov:rcx,rax mov:rax,qwordptr_[rip+N] call:rax cmp:eax,-1 sete:al test:al,al jne:N mov:rax,qwordptr_[rbp+N] mov:edx,5 mov:rcx,rax mov:rax,qwordptr_[rip+N] call:rax cmp:eax,-1 sete:al test:al,al jne:N mov:rax,qwordptr_[rbp+N] mov:r8d,0 mov:edx,0 mov:rcx,rax mov:rax,qwordptr_[rip+N] call:rax mov:qwordptr_[rbp+N],rax cmp:qwordptr_[rbp+N],-1 je:N lea:rdx,[rbp+N] mov:rax,qwordptr_[rbp+N] mov:r9d,0 mov:r8d,N mov:rcx,rax mov:rax,qwordptr_[rip+N] call:rax mov:dwordptr_[rbp+N],eax cmp:dwordptr_[rbp+N],-1 je:N cmp:dwordptr_[rbp+N],0 je:N mov:eax,dwordptr_[rbp+N] cdqe: mov:byteptr_[rbp+rax+N],0 lea:rax,[rbp+N] mov:rcx,rax call:N mov:dwordptr_[rbp+N],eax jmp:N nop: jmp:N nop: jmp:N nop: jmp:N",key_op_full,CWE-122,2,1.0,{'CWE-122': 2},0.9925788497217068,56,,6d0ac6726a4e1b25,,,,,,,
BIN_7599576,33404,1,CWE-036,,"push:rbp push:rdi sub:rsp,N lea:rbp,[rsp+N] lea:rdx,[rbp-N] mov:eax,0 mov:ecx,N mov:rdi,rdx rep mov:rdx,rdi mov:dwordptr_[rdx],eax add:rdx,4 lea:rax,[rbp-N] mov:qwordptr_[rbp+N],rax mov:eax,dwordptr_[rip+N] test:eax,eax je:N mov:rax,qwordptr_[rbp+N] mov:rcx,rax call:N mov:qwordptr_[rbp+N],rax mov:rax,qwordptr_[rbp+N] sub:rax,N cmp:rax,1 jbe:N mov:ecx,0 mov:rax,qwordptr_[rip+N] call:rax mov:rdx,rax mov:rax,qwordptr_[rbp+N] mov:ecx,eax mov:eax,N sub:eax,ecx mov:r9d,eax mov:rcx,qwordptr_[rbp+N] mov:rax,qwordptr_[rbp+N] add:rax,rcx mov:r8,rdx mov:edx,r9d mov:rcx,rax call:N test:rax,rax setne:al test:al,al je:N mov:rax,qwordptr_[rbp+N] mov:rcx,rax call:N mov:qwordptr_[rbp+N],rax cmp:qwordptr_[rbp+N],0 je:N mov:rax,qwordptr_[rbp+N] lea:rdx,[rax-1] mov:rax,qwordptr_[rbp+N] add:rax,rdx movzx:eax,byteptr_[rax] cmp:al,N jne:N mov:rax,qwordptr_[rbp+N] lea:rdx,[rax-1] mov:rax,qwordptr_[rbp+N] add:rax,rdx mov:byteptr_[rax],0 jmp:N lea:rax,[rip+N] mov:rcx,rax call:N mov:rdx,qwordptr_[rbp+N] mov:rax,qwordptr_[rbp+N] add:rax,rdx mov:byteptr_[rax],0 mov:rax,qwordptr_[rbp+N] mov:r8d,N mov:edx,N mov:rcx,rax mov:rax,qwordptr_[rip+N] call:rax mov:dwordptr_[rbp+N],eax cmp:dwordptr_[rbp+N],-1 je:N mov:eax,dwordptr_[rbp+N] mov:ecx,eax mov:rax,qwordptr_[rip+N] call:rax nop: add:rsp,N pop:rdi pop:rbp ret:",key_len_ins_calls,CWE-078,2,1.0,{'CWE-078': 2},0.9334157541504768,377,,,,,,,,,387|89|7|7
BIN_7632738,39002,1,CWE-416,,"push:rbp mov:rbp,rsp sub:rsp,N mov:qwordptr_[rbp-8],0 mov:ecx,N call:N mov:qwordptr_[rbp-8],rax cmp:qwordptr_[rbp-8],0 jne:N mov:ecx,N call:N mov:rax,qwordptr_[rbp-8] mov:r8d,N mov:edx,N mov:rcx,rax call:N mov:rax,qwordptr_[rbp-8] add:rax,N mov:wordptr_[rax],0 mov:rax,qwordptr_[rbp-8] mov:rcx,rax call:N nop: mov:rax,qwordptr_[rbp-8] mov:rcx,rax call:N nop: nop: add:rsp,N pop:rbp ret:",key_len_ins_calls,CWE-122,4,1.0,{'CWE-122': 4},0.9334157541504768,377,,,,,,,,,118|31|5|1
BIN_7654851,39005,1,CWE-416,,"push:rbp mov:rbp,rsp sub:rsp,N mov:qwordptr_[rbp-8],0 nop: mov:ecx,N call:N mov:qwordptr_[rbp-8],rax cmp:qwordptr_[rbp-8],0 jne:N mov:ecx,N call:N mov:rax,qwordptr_[rbp-8] mov:r8d,N mov:edx,N mov:rcx,rax call:N mov:rax,qwordptr_[rbp-8] add:rax,N mov:wordptr_[rax],0 mov:rax,qwordptr_[rbp-8] mov:rcx,rax call:N nop: mov:rax,qwordptr_[rbp-8] mov:rcx,rax call:N nop: add:rsp,N pop:rbp ret:",key_len_ins_calls,CWE-122,4,1.0,{'CWE-122': 4},0.9334157541504768,377,,,,,,,,,118|31|5|1
BIN_7663395,4950,1,CWE-126,,"push:rbp mov:rbp,rsp sub:rsp,N mov:eax,dwordptr_[rip+N] cmp:eax,5 jne:N mov:ecx,N call:N mov:qwordptr_[rbp-8],rax cmp:qwordptr_[rbp-8],0 jne:N mov:ecx,N call:N mov:rax,qwordptr_[rbp-8] lea:rdx,[rip+N] mov:qwordptr_[rax+N],rdx mov:rax,qwordptr_[rbp-8] mov:rax,qwordptr_[rax+N] mov:rcx,rax call:N mov:rax,qwordptr_[rbp-8] lea:rdx,[rip+N] mov:r8d,N mov:rcx,rax call:N mov:rax,qwordptr_[rbp-8] mov:byteptr_[rax+N],0 mov:rax,qwordptr_[rbp-8] mov:rcx,rax call:N mov:rax,qwordptr_[rbp-8] mov:rax,qwordptr_[rax+N] mov:rcx,rax call:N mov:rax,qwordptr_[rbp-8] mov:rcx,rax call:N nop: add:rsp,N pop:rbp ret:",key_ins_tail36,CWE-122,2,1.0,{'CWE-122': 2},0.9869588599085776,97,,,7e271fb9cf567b0c,,,,,,
BIN_7671787,47567,1,CWE-690,,"push:rbp mov:rbp,rsp sub:rsp,N lea:rax,[rbp-N] mov:qwordptr_[rbp-8],rax mov:qwordptr_[rbp-N],0 mov:rax,qwordptr_[rbp-N] mov:edx,8 mov:rcx,rax call:N mov:qwordptr_[rbp-N],rax mov:rax,qwordptr_[rbp-8] mov:rax,qwordptr_[rax] mov:qwordptr_[rbp-N],rax mov:rax,qwordptr_[rbp-N] mov:qwordptr_[rax],5 mov:rax,qwordptr_[rbp-N] mov:rax,qwordptr_[rax] mov:rcx,rax call:N mov:rax,qwordptr_[rbp-N] mov:rcx,rax call:N nop: add:rsp,N pop:rbp ret:",key_len_ins_calls,CWE-401,2,1.0,{'CWE-401': 2},0.9334157541504768,377,,,,,,,,,101|27|3|0
BIN_7691966,25571,1,CWE-191,,"push:rbp sub:rsp,N lea:rbp,[rsp+N] mov:dwordptr_[rbp+N],0 call:N test:eax,eax je:N mov:dwordptr_[rbp+N],0 mov:qwordptr_[rbp+N],N mov:qwordptr_[rbp+N],N lea:rax,[rbp-N] mov:rdx,rax mov:ecx,N mov:rax,qwordptr_[rip+N] call:rax test:eax,eax jne:N mov:dwordptr_[rbp+N],1 mov:r8d,6 mov:edx,1 mov:ecx,2 mov:rax,qwordptr_[rip+N] call:rax mov:qwordptr_[rbp+N],rax cmp:qwordptr_[rbp+N],-1 je:N lea:rax,[rbp+N] mov:r8d,N mov:edx,0 mov:rcx,rax call:N mov:wordptr_[rbp+N],2 mov:dwordptr_[rbp+N],0 mov:ecx,N mov:rax,qwordptr_[rip+N] call:rax mov:wordptr_[rbp+N],ax lea:rdx,[rbp+N] mov:rax,qwordptr_[rbp+N] mov:r8d,N mov:rcx,rax mov:rax,qwordptr_[rip+N] call:rax cmp:eax,-1 je:N mov:rax,qwordptr_[rbp+N] mov:edx,5 mov:rcx,rax mov:rax,qwordptr_[rip+N] call:rax cmp:eax,-1 je:N mov:rax,qwordptr_[rbp+N] mov:r8d,0 mov:edx,0 mov:rcx,rax mov:rax,qwordptr_[rip+N] call:rax mov:qwordptr_[rbp+N],rax cmp:qwordptr_[rbp+N],-1 je:N lea:rdx,[rbp+N] mov:rax,qwordptr_[rbp+N] mov:r9d,0 mov:r8d,N mov:rcx,rax mov:rax,qwordptr_[rip+N] call:rax mov:dwordptr_[rbp+N],eax cmp:dwordptr_[rbp+N],-1 je:N cmp:dwordptr_[rbp+N],0 je:N mov:eax,dwordptr_[rbp+N] cdqe: mov:byteptr_[rbp+rax+N],0 lea:rax,[rbp+N] mov:rcx,rax call:N mov:dwordptr_[rbp+N],eax jmp:N nop: jmp:N nop: jmp:N nop: jmp:N nop: jmp:N nop:",key_len_ins_calls,CWE-190,2,1.0,{'CWE-190': 2},0.9334157541504768,377,,,,,,,,,584|119|15|17
BIN_7707170,42415,1,CWE-563,,"push:rbp mov:rbp,rsp sub:rsp,N mov:eax,dwordptr_[rip+N] cmp:eax,5 jne:N mov:dwordptr_[rbp-8],0 mov:dwordptr_[rbp-4],0 mov:eax,dwordptr_[rip+N] cmp:eax,5 jne:N mov:dwordptr_[rbp-8],1 mov:dwordptr_[rbp-4],1 lea:rax,[rbp-8] mov:rcx,rax call:N nop: add:rsp,N pop:rbp ret:",key_len_ins_calls,CWE-617,2,1.0,{'CWE-617': 2},0.9334157541504768,377,,,,,,,,,77|20|1|2
BIN_7724180,39680,1,CWE-427,,"push:rbp sub:rsp,N lea:rbp,[rsp+N] movabs:rax,N mov:edx,0 mov:qwordptr_[rbp-N],rax mov:qwordptr_[rbp-N],rdx mov:qwordptr_[rbp-N],0 mov:qwordptr_[rbp-N],0 mov:qwordptr_[rbp-N],0 mov:qwordptr_[rbp-N],0 mov:qwordptr_[rbp-N],0 mov:qwordptr_[rbp-N],0 mov:qwordptr_[rbp-N],0 mov:qwordptr_[rbp-N],0 mov:qwordptr_[rbp-N],0 mov:qwordptr_[rbp-8],0 mov:qwordptr_[rbp],0 mov:qwordptr_[rbp+8],0 mov:qwordptr_[rbp+N],0 mov:qwordptr_[rbp+N],0 mov:qwordptr_[rbp+N],0 mov:qwordptr_[rbp+N],0 mov:qwordptr_[rbp+N],0 mov:qwordptr_[rbp+N],0 mov:qwordptr_[rbp+N],0 mov:qwordptr_[rbp+N],0 mov:qwordptr_[rbp+N],0 mov:qwordptr_[rbp+N],0 mov:qwordptr_[rbp+N],0 mov:qwordptr_[rbp+N],0 mov:qwordptr_[rbp+N],0 mov:qwordptr_[rbp+N],0 mov:qwordptr_[rbp+N],0 mov:qwordptr_[rbp+N],0 mov:qwordptr_[rbp+N],0 mov:qwordptr_[rbp+N],0 lea:rax,[rbp-N] mov:qwordptr_[rbp+N],rax call:N test:eax,eax je:N mov:rax,qwordptr_[rbp+N] mov:rcx,rax call:N mov:qwordptr_[rbp+N],rax mov:rax,qwordptr_[rbp+N] sub:rax,N cmp:rax,1 jbe:N lea:rdx,[rip+N] lea:rax,[rip+N] mov:rcx,rax call:N mov:qwordptr_[rbp+N],rax cmp:qwordptr_[rbp+N],0 je:N mov:rax,qwordptr_[rbp+N] mov:edx,eax mov:eax,N sub:eax,edx mov:ecx,eax mov:rdx,qwordptr_[rbp+N] mov:rax,qwordptr_[rbp+N] add:rax,rdx mov:rdx,qwordptr_[rbp+N] mov:r8,rdx mov:edx,ecx mov:rcx,rax call:N test:rax,rax jne:N lea:rax,[rip+N] mov:rcx,rax call:N mov:rdx,qwordptr_[rbp+N] mov:rax,qwordptr_[rbp+N] add:rax,rd",key_callseq,CWE-078,2,1.0,{'CWE-078': 2},0.9922970071978785,61,,,,,,,,staticreturnstrue|strlen|fopen|fgets|printline|fclose,
BIN_7728870,21756,1,CWE-190,,"push:rbp mov:rbp,rsp sub:rsp,N mov:qwordptr_[rbp-8],0 movabs:rax,N mov:qwordptr_[rbp-8],rax mov:dwordptr_[rip+N],1 mov:rax,qwordptr_[rbp-8] mov:rcx,rax call:N nop: add:rsp,N pop:rbp ret:",key_ins_tail18,CWE-191,3,1.0,{'CWE-191': 3},0.9933922671667114,74,,,,,,3d337793f6cdd9ec,,,
BIN_7728870,21756,1,CWE-190,,"push:rbp mov:rbp,rsp sub:rsp,N mov:qwordptr_[rbp-8],0 movabs:rax,N mov:qwordptr_[rbp-8],rax mov:dwordptr_[rip+N],1 mov:rax,qwordptr_[rbp-8] mov:rcx,rax call:N nop: add:rsp,N pop:rbp ret:",key_op_full,CWE-191,3,1.0,{'CWE-191': 3},0.9925788497217068,56,,c2190aa1dd117757,,,,,,,
BIN_7728870,21756,1,CWE-190,,"push:rbp mov:rbp,rsp sub:rsp,N mov:qwordptr_[rbp-8],0 movabs:rax,N mov:qwordptr_[rbp-8],rax mov:dwordptr_[rip+N],1 mov:rax,qwordptr_[rbp-8] mov:rcx,rax call:N nop: add:rsp,N pop:rbp ret:",key_ins_tail24,CWE-191,3,1.0,{'CWE-191': 3},0.9919796954314721,79,,,,,3d337793f6cdd9ec,,,,
BIN_7728870,21756,1,CWE-190,,"push:rbp mov:rbp,rsp sub:rsp,N mov:qwordptr_[rbp-8],0 movabs:rax,N mov:qwordptr_[rbp-8],rax mov:dwordptr_[rip+N],1 mov:rax,qwordptr_[rbp-8] mov:rcx,rax call:N nop: add:rsp,N pop:rbp ret:",key_ins_tail30,CWE-191,3,1.0,{'CWE-191': 3},0.9905738187816661,80,,,,3d337793f6cdd9ec,,,,,
BIN_7728870,21756,1,CWE-190,,"push:rbp mov:rbp,rsp sub:rsp,N mov:qwordptr_[rbp-8],0 movabs:rax,N mov:qwordptr_[rbp-8],rax mov:dwordptr_[rip+N],1 mov:rax,qwordptr_[rbp-8] mov:rcx,rax call:N nop: add:rsp,N pop:rbp ret:",key_ins_full,CWE-191,3,1.0,{'CWE-191': 3},0.9870514243433223,70,3d337793f6cdd9ec,,,,,,,,
BIN_7728870,21756,1,CWE-190,,"push:rbp mov:rbp,rsp sub:rsp,N mov:qwordptr_[rbp-8],0 movabs:rax,N mov:qwordptr_[rbp-8],rax mov:dwordptr_[rip+N],1 mov:rax,qwordptr_[rbp-8] mov:rcx,rax call:N nop: add:rsp,N pop:rbp ret:",key_ins_tail36,CWE-191,3,1.0,{'CWE-191': 3},0.9869588599085776,97,,,3d337793f6cdd9ec,,,,,,
BIN_7755389,28832,1,CWE-197,,"push:rbp sub:rsp,N lea:rbp,[rsp+N] mov:wordptr_[rbp+N],N mov:dwordptr_[rbp+N],0 mov:qwordptr_[rbp+N],N lea:rax,[rbp-N] mov:rdx,rax mov:ecx,N mov:rax,qwordptr_[rip+N] call:rax test:eax,eax jne:N mov:dwordptr_[rbp+N],1 mov:r8d,6 mov:edx,1 mov:ecx,2 mov:rax,qwordptr_[rip+N] call:rax mov:qwordptr_[rbp+N],rax cmp:qwordptr_[rbp+N],-1 je:N lea:rax,[rbp+N] mov:r8d,N mov:edx,0 mov:rcx,rax call:N mov:wordptr_[rbp+N],2 lea:rax,[rip+N] mov:rcx,rax mov:rax,qwordptr_[rip+N] call:rax mov:dwordptr_[rbp+N],eax mov:ecx,N mov:rax,qwordptr_[rip+N] call:rax mov:wordptr_[rbp+N],ax lea:rdx,[rbp+N] mov:rax,qwordptr_[rbp+N] mov:r8d,N mov:rcx,rax mov:rax,qwordptr_[rip+N] call:rax cmp:eax,-1 je:N lea:rdx,[rbp+N] mov:rax,qwordptr_[rbp+N] mov:r9d,0 mov:r8d,7 mov:rcx,rax mov:rax,qwordptr_[rip+N] call:rax mov:dwordptr_[rbp+N],eax cmp:dwordptr_[rbp+N],-1 je:N cmp:dwordptr_[rbp+N],0 je:N mov:eax,dwordptr_[rbp+N] cdqe: mov:byteptr_[rbp+rax+N],0 lea:rax,[rbp+N] mov:rcx,rax call:N mov:wordptr_[rbp+N],ax jmp:N nop: jmp:N nop: jmp:N nop: cmp:qwordptr_[rbp+N],-1 je:N mov:rax,qwordptr_[rbp+N] mov:rcx,rax mov:rax,qwordptr_[rip+N] call:rax cmp:dwordptr_[rbp+N],0 je:N mov:rax,qwordptr_[rip+N] call:rax movzx:eax,wordptr_[rbp+N] mov:wordptr_[rip+N],ax call:N nop: add:rsp,N pop:rbp ret:",key_ins_tail18,CWE-194,3,1.0,{'CWE-194': 3},0.9933922671667114,74,,,,,,d204bd9a8f6a0342,,,
BIN_7755389,28832,1,CWE-197,,"push:rbp sub:rsp,N lea:rbp,[rsp+N] mov:wordptr_[rbp+N],N mov:dwordptr_[rbp+N],0 mov:qwordptr_[rbp+N],N lea:rax,[rbp-N] mov:rdx,rax mov:ecx,N mov:rax,qwordptr_[rip+N] call:rax test:eax,eax jne:N mov:dwordptr_[rbp+N],1 mov:r8d,6 mov:edx,1 mov:ecx,2 mov:rax,qwordptr_[rip+N] call:rax mov:qwordptr_[rbp+N],rax cmp:qwordptr_[rbp+N],-1 je:N lea:rax,[rbp+N] mov:r8d,N mov:edx,0 mov:rcx,rax call:N mov:wordptr_[rbp+N],2 lea:rax,[rip+N] mov:rcx,rax mov:rax,qwordptr_[rip+N] call:rax mov:dwordptr_[rbp+N],eax mov:ecx,N mov:rax,qwordptr_[rip+N] call:rax mov:wordptr_[rbp+N],ax lea:rdx,[rbp+N] mov:rax,qwordptr_[rbp+N] mov:r8d,N mov:rcx,rax mov:rax,qwordptr_[rip+N] call:rax cmp:eax,-1 je:N lea:rdx,[rbp+N] mov:rax,qwordptr_[rbp+N] mov:r9d,0 mov:r8d,7 mov:rcx,rax mov:rax,qwordptr_[rip+N] call:rax mov:dwordptr_[rbp+N],eax cmp:dwordptr_[rbp+N],-1 je:N cmp:dwordptr_[rbp+N],0 je:N mov:eax,dwordptr_[rbp+N] cdqe: mov:byteptr_[rbp+rax+N],0 lea:rax,[rbp+N] mov:rcx,rax call:N mov:wordptr_[rbp+N],ax jmp:N nop: jmp:N nop: jmp:N nop: cmp:qwordptr_[rbp+N],-1 je:N mov:rax,qwordptr_[rbp+N] mov:rcx,rax mov:rax,qwordptr_[rip+N] call:rax cmp:dwordptr_[rbp+N],0 je:N mov:rax,qwordptr_[rip+N] call:rax movzx:eax,wordptr_[rbp+N] mov:wordptr_[rip+N],ax call:N nop: add:rsp,N pop:rbp ret:",key_ins_tail24,CWE-194,3,1.0,{'CWE-194': 3},0.9919796954314721,79,,,,,2c40f115aa747950,,,,
BIN_7770803,24022,1,CWE-191,,"push:rbp push:rbx sub:rsp,N lea:rbp,[rsp+N] mov:dwordptr_[rbp-4],0 mov:rax,qwordptr_[rip+N] mov:eax,dwordptr_[rax] cmp:eax,5 jne:N call:N and:eax,1 test:eax,eax je:N call:N shl:eax,N mov:ebx,eax call:N shl:eax,N xor:ebx,eax call:N xor:eax,ebx mov:dwordptr_[rbp-4],eax jmp:N call:N shl:eax,N mov:ebx,eax call:N shl:eax,N xor:ebx,eax call:N xor:eax,ebx not:eax mov:dwordptr_[rbp-4],eax mov:rax,qwordptr_[rip+N] mov:eax,dwordptr_[rax] cmp:eax,5 jne:N cmp:dwordptr_[rbp-4],0 jns:N mov:eax,dwordptr_[rbp-4] add:eax,eax mov:dwordptr_[rbp-8],eax mov:eax,dwordptr_[rbp-8] mov:ecx,eax call:N nop: add:rsp,N pop:rbx pop:rbp ret:",key_len_ins_calls,CWE-190,3,1.0,{'CWE-190': 3},0.9334157541504768,377,,,,,,,,,154|50|8|5
BIN_7776921,39003,1,CWE-416,,"push:rbp mov:rbp,rsp sub:rsp,N mov:qwordptr_[rbp-8],0 mov:ecx,N call:N mov:qwordptr_[rbp-8],rax cmp:qwordptr_[rbp-8],0 jne:N mov:ecx,N call:N mov:rax,qwordptr_[rbp-8] mov:r8d,N mov:edx,N mov:rcx,rax call:N mov:rax,qwordptr_[rbp-8] add:rax,N mov:wordptr_[rax],0 mov:rax,qwordptr_[rbp-8] mov:rcx,rax call:N nop: mov:rax,qwordptr_[rbp-8] mov:rcx,rax call:N nop: nop: add:rsp,N pop:rbp ret:",key_len_ins_calls,CWE-122,4,1.0,{'CWE-122': 4},0.9334157541504768,377,,,,,,,,,118|31|5|1
BIN_7788595,4772,1,CWE-121,,"push:rbp mov:rbp,rsp sub:rsp,N sub:rsp,N lea:rax,[rsp+N] add:rax,N shr:rax,4 shl:rax,4 mov:qwordptr_[rbp-8],rax mov:rax,qwordptr_[rbp-8] mov:qwordptr_[rbp-N],rax mov:rax,qwordptr_[rip+N] mov:eax,dwordptr_[rax] test:eax,eax je:N mov:rax,qwordptr_[rbp-N] mov:r8d,N mov:edx,N mov:rcx,rax call:N mov:rax,qwordptr_[rbp-N] add:rax,N mov:wordptr_[rax],0 mov:qwordptr_[rbp-N],0 mov:qwordptr_[rbp-N],0 mov:qwordptr_[rbp-N],0 mov:qwordptr_[rbp-N],0 mov:qwordptr_[rbp-N],0 mov:qwordptr_[rbp-N],0 mov:qwordptr_[rbp-N],0 mov:qwordptr_[rbp-N],0 mov:qwordptr_[rbp-N],0 mov:qwordptr_[rbp-N],0 mov:qwordptr_[rbp-N],0 mov:qwordptr_[rbp-N],0 mov:dwordptr_[rbp-N],0 mov:rdx,qwordptr_[rbp-N] lea:rax,[rbp-N] mov:rcx,rax call:N mov:rax,qwordptr_[rbp-N] mov:rcx,rax call:N nop: mov:rsp,rbp pop:rbp ret:",key_len_ins_calls,CWE-195,4,1.0,{'CWE-195': 4},0.9334157541504768,377,,,,,,,,,235|47|3|1
BIN_7810663,37060,1,CWE-401,,"push:rbp mov:rbp,rsp sub:rsp,N mov:qwordptr_[rbp-8],0 mov:ecx,N call:N mov:qwordptr_[rbp-8],rax lea:rdx,[rip+N] mov:rax,qwordptr_[rbp-8] mov:rcx,rax call:N mov:rax,qwordptr_[rbp-8] mov:rcx,rax call:N nop: nop: nop: add:rsp,N pop:rbp ret:",key_len_ins_calls,CWE-690,3,1.0,{'CWE-690': 3},0.9334157541504768,377,,,,,,,,,70|20|3|0
BIN_7818697,19299,1,CWE-190,,"push:rbp mov:rbp,rsp sub:rsp,N mov:byteptr_[rbp-1],N nop: call:N and:eax,1 test:eax,eax je:N call:N call:N call:N mov:byteptr_[rbp-1],al jmp:N call:N call:N call:N not:eax mov:byteptr_[rbp-1],al nop: movzx:eax,byteptr_[rbp-1] add:eax,1 mov:byteptr_[rbp-2],al movsx:eax,byteptr_[rbp-2] mov:ecx,eax call:N nop: add:rsp,N pop:rbp ret:",key_len_ins_calls,CWE-191,2,1.0,{'CWE-191': 2},0.9334157541504768,377,,,,,,,,,94|30|8|2
BIN_7860159,30697,1,CWE-023,,"push:rbp push:rdi push:rbx sub:rsp,N lea:rbp,[rsp+N] lea:rax,[rbp+N] mov:qwordptr_[rbp+N],rax lea:rax,[rbp+N] mov:qwordptr_[rbp+N],rax movabs:rax,N movabs:rdx,N mov:qwordptr_[rbp+N],rax mov:qwordptr_[rbp+N],rdx lea:rdx,[rbp+N] mov:eax,0 mov:ecx,N mov:rdi,rdx rep lea:rax,[rbp+N] mov:qwordptr_[rbp+N],rax mov:rax,qwordptr_[rbp+N] mov:rax,qwordptr_[rax] mov:qwordptr_[rbp+N],rax mov:rax,qwordptr_[rbp+N] mov:rcx,rax call:N mov:qwordptr_[rbp+N],rax mov:rax,qwordptr_[rbp+N] sub:rax,N cmp:rax,1 jbe:N lea:rdx,[rip+N] lea:rax,[rip+N] mov:rcx,rax call:N mov:qwordptr_[rbp+N],rax cmp:qwordptr_[rbp+N],0 je:N mov:rax,qwordptr_[rbp+N] mov:edx,eax mov:eax,N sub:eax,edx mov:ecx,eax mov:rax,qwordptr_[rbp+N] lea:rdx,[rax+rax] mov:rax,qwordptr_[rbp+N] add:rax,rdx mov:rdx,qwordptr_[rbp+N] mov:r8,rdx mov:edx,ecx mov:rcx,rax call:N test:rax,rax sete:al test:al,al je:N lea:rax,[rip+N] mov:rcx,rax call:N mov:rax,qwordptr_[rbp+N] lea:rdx,[rax+rax] mov:rax,qwordptr_[rbp+N] add:rax,rdx mov:wordptr_[rax],0 mov:rax,qwordptr_[rbp+N] mov:rcx,rax call:N mov:rax,qwordptr_[rbp+N] mov:rdx,qwordptr_[rbp+N] mov:qwordptr_[rax],rdx mov:rax,qwordptr_[rbp+N] mov:rax,qwordptr_[rax] mov:qwordptr_[rbp+N],rax lea:rax,[rbp-N] mov:rcx,rax call:N mov:rdx,qwordptr_[rbp+N] lea:rax,[rbp-N] mov:r8d,8 mov:rcx,rax call:N lea:rax,[rbp-N] mov:rcx,rax call:N lea:rax,[rbp-N] mov:rcx,rax call:N jmp:N mov:rbx,rax lea:rax,[rbp-N]",key_ins_tail36,CWE-036,2,1.0,{'CWE-036': 2},0.9869588599085776,97,,,7013d009adffbc8e,,,,,,
BIN_7897107,54113,1,CWE-078,,"push:rbp sub:rsp,N lea:rbp,[rsp+N] lea:rax,[rip-N] mov:qwordptr_[rbp+N],rax mov:qwordptr_[rbp+N],N mov:qwordptr_[rbp+N],0 mov:qwordptr_[rbp+N],0 mov:qwordptr_[rbp+N],0 mov:qwordptr_[rbp+N],0 mov:qwordptr_[rbp+N],0 mov:qwordptr_[rbp+N],0 mov:qwordptr_[rbp+N],0 mov:qwordptr_[rbp+N],0 mov:qwordptr_[rbp+N],0 mov:qwordptr_[rbp+N],0 mov:qwordptr_[rbp+N],0 mov:dwordptr_[rbp+N],0 lea:rax,[rbp+N] mov:qwordptr_[rbp+N],rax mov:dwordptr_[rbp+N],0 mov:qwordptr_[rbp+N],N mov:rax,qwordptr_[rbp+N] mov:rcx,rax call:N mov:qwordptr_[rbp+N],rax lea:rax,[rbp-N] mov:rdx,rax mov:ecx,N mov:rax,qwordptr_[rip+N] call:rax test:eax,eax jne:N mov:dwordptr_[rbp+N],1 mov:r8d,6 mov:edx,1 mov:ecx,2 mov:rax,qwordptr_[rip+N] call:rax mov:qwordptr_[rbp+N],rax cmp:qwordptr_[rbp+N],-1 je:N lea:rax,[rbp+N] mov:r8d,N mov:edx,0 mov:rcx,rax call:N mov:wordptr_[rbp+N],2 lea:rax,[rip+N] mov:rcx,rax mov:rax,qwordptr_[rip+N] call:rax mov:dwordptr_[rbp+N],eax mov:ecx,N mov:rax,qwordptr_[rip+N] call:rax mov:wordptr_[rbp+N],ax lea:rdx,[rbp+N] mov:rax,qwordptr_[rbp+N] mov:r8d,N mov:rcx,rax mov:rax,qwordptr_[rip+N] call:rax cmp:eax,-1 je:N mov:rax,qwordptr_[rbp+N] mov:edx,eax mov:eax,N sub:eax,edx mov:ecx,eax mov:rdx,qwordptr_[rbp+N] mov:rax,qwordptr_[rbp+N] add:rdx,rax mov:rax,qwordptr_[rbp+N] mov:r9d,0 mov:r8d,ecx mov:rcx,rax mov:rax,qwordptr_[rip+N] call:rax mov:dwordptr_[rbp+N],eax cmp:dwordptr_[rbp+N],-1 je:N cmp:dwordptr_",key_op_full,CWE-134,2,1.0,{'CWE-134': 2},0.9925788497217068,56,,c883fe3b899699a6,,,,,,,
BIN_7897107,54113,1,CWE-078,,"push:rbp sub:rsp,N lea:rbp,[rsp+N] lea:rax,[rip-N] mov:qwordptr_[rbp+N],rax mov:qwordptr_[rbp+N],N mov:qwordptr_[rbp+N],0 mov:qwordptr_[rbp+N],0 mov:qwordptr_[rbp+N],0 mov:qwordptr_[rbp+N],0 mov:qwordptr_[rbp+N],0 mov:qwordptr_[rbp+N],0 mov:qwordptr_[rbp+N],0 mov:qwordptr_[rbp+N],0 mov:qwordptr_[rbp+N],0 mov:qwordptr_[rbp+N],0 mov:qwordptr_[rbp+N],0 mov:dwordptr_[rbp+N],0 lea:rax,[rbp+N] mov:qwordptr_[rbp+N],rax mov:dwordptr_[rbp+N],0 mov:qwordptr_[rbp+N],N mov:rax,qwordptr_[rbp+N] mov:rcx,rax call:N mov:qwordptr_[rbp+N],rax lea:rax,[rbp-N] mov:rdx,rax mov:ecx,N mov:rax,qwordptr_[rip+N] call:rax test:eax,eax jne:N mov:dwordptr_[rbp+N],1 mov:r8d,6 mov:edx,1 mov:ecx,2 mov:rax,qwordptr_[rip+N] call:rax mov:qwordptr_[rbp+N],rax cmp:qwordptr_[rbp+N],-1 je:N lea:rax,[rbp+N] mov:r8d,N mov:edx,0 mov:rcx,rax call:N mov:wordptr_[rbp+N],2 lea:rax,[rip+N] mov:rcx,rax mov:rax,qwordptr_[rip+N] call:rax mov:dwordptr_[rbp+N],eax mov:ecx,N mov:rax,qwordptr_[rip+N] call:rax mov:wordptr_[rbp+N],ax lea:rdx,[rbp+N] mov:rax,qwordptr_[rbp+N] mov:r8d,N mov:rcx,rax mov:rax,qwordptr_[rip+N] call:rax cmp:eax,-1 je:N mov:rax,qwordptr_[rbp+N] mov:edx,eax mov:eax,N sub:eax,edx mov:ecx,eax mov:rdx,qwordptr_[rbp+N] mov:rax,qwordptr_[rbp+N] add:rdx,rax mov:rax,qwordptr_[rbp+N] mov:r9d,0 mov:r8d,ecx mov:rcx,rax mov:rax,qwordptr_[rip+N] call:rax mov:dwordptr_[rbp+N],eax cmp:dwordptr_[rbp+N],-1 je:N cmp:dwordptr_",key_len_ins_calls,CWE-134,2,1.0,{'CWE-134': 2},0.9334157541504768,377,,,,,,,,,742|133|13|12
BIN_7910516,2553,1,CWE-121,,"push:rbp sub:rsp,N lea:rbp,[rsp+N] sub:rsp,N lea:rax,[rsp+N] add:rax,N shr:rax,4 shl:rax,4 mov:qwordptr_[rbp+N],rax sub:rsp,N lea:rax,[rsp+N] add:rax,N shr:rax,4 shl:rax,4 mov:qwordptr_[rbp+N],rax mov:rax,qwordptr_[rbp+N] mov:qwordptr_[rbp+N],rax mov:rax,qwordptr_[rbp+N] mov:wordptr_[rax],0 mov:rax,qwordptr_[rbp+N] mov:qwordptr_[rbp+N],rax mov:rax,qwordptr_[rbp+N] mov:qwordptr_[rbp+N],rax lea:rax,[rbp-N] mov:r8d,N mov:edx,N mov:rcx,rax call:N mov:wordptr_[rbp+N],0 lea:rdx,[rbp-N] mov:rax,qwordptr_[rbp+N] mov:r8d,N mov:rcx,rax call:N mov:rax,qwordptr_[rbp+N] add:rax,N mov:wordptr_[rax],0 mov:rax,qwordptr_[rbp+N] mov:rcx,rax call:N nop: lea:rsp,[rbp+N] pop:rbp ret:",key_ins_tail24,CWE-124,4,1.0,{'CWE-124': 4},0.9919796954314721,79,,,,,50a0bd965e8d00a4,,,,
BIN_7926288,46246,1,CWE-665,,"push:rbp sub:rsp,N lea:rbp,[rsp+N] lea:rax,[rbp+N] mov:qwordptr_[rbp+N],rax lea:rax,[rbp+N] mov:qwordptr_[rbp+N],rax mov:rax,qwordptr_[rbp+N] mov:rax,qwordptr_[rax] mov:qwordptr_[rbp+N],rax lea:rax,[rbp-N] mov:r8d,N mov:edx,N mov:rcx,rax call:N mov:wordptr_[rbp+N],0 lea:rax,[rbp-N] mov:rcx,rax call:N mov:qwordptr_[rbp+N],rax mov:rcx,qwordptr_[rbp+N] lea:rdx,[rbp-N] mov:rax,qwordptr_[rbp+N] mov:r8,rcx mov:rcx,rax call:N mov:rax,qwordptr_[rbp+N] mov:rcx,rax call:N nop: add:rsp,N pop:rbp ret:",key_len_ins_calls,CWE-124,6,1.0,{'CWE-124': 6},0.9334157541504768,377,,,,,,,,,160|33|4|0
BIN_7929901,35297,1,CWE-397,,"push:rbp push:rbx sub:rsp,N lea:rbp,[rsp+N] mov:eax,dwordptr_[rip+N] cmp:eax,5 jne:N mov:ecx,8 call:N mov:rbx,rax mov:rcx,rbx call:N mov:rdx,qwordptr_[rip+N] lea:rax,[rip+N] mov:r8,rdx mov:rdx,rax mov:rcx,rbx call:N nop: add:rsp,N pop:rbx pop:rbp ret:",key_len_ins_calls,CWE-401,2,1.0,{'CWE-401': 2},0.9334157541504768,377,,,,,,,,,79|23|3|1
BIN_7943273,54326,1,CWE-078,,"push:rbp mov:rbp,rsp sub:rsp,N mov:qwordptr_[rbp-N],N mov:qwordptr_[rbp-N],0 mov:qwordptr_[rbp-N],0 mov:qwordptr_[rbp-N],0 mov:qwordptr_[rbp-N],0 mov:qwordptr_[rbp-N],0 mov:qwordptr_[rbp-N],0 mov:qwordptr_[rbp-N],0 mov:qwordptr_[rbp-N],0 mov:qwordptr_[rbp-N],0 mov:qwordptr_[rbp-N],0 mov:qwordptr_[rbp-N],0 mov:dwordptr_[rbp-N],0 lea:rax,[rbp-N] mov:qwordptr_[rbp-8],rax mov:rax,qwordptr_[rbp-8] mov:rcx,rax call:N mov:qwordptr_[rbp-N],rax mov:rax,qwordptr_[rbp-N] sub:rax,N cmp:rax,1 jbe:N mov:ecx,0 mov:rax,qwordptr_[rip+N] call:rax mov:rdx,rax mov:rax,qwordptr_[rbp-N] mov:ecx,eax mov:eax,N sub:eax,ecx mov:r9d,eax mov:rcx,qwordptr_[rbp-8] mov:rax,qwordptr_[rbp-N] add:rax,rcx mov:r8,rdx mov:edx,r9d mov:rcx,rax call:N test:rax,rax je:N mov:rax,qwordptr_[rbp-8] mov:rcx,rax call:N mov:qwordptr_[rbp-N],rax cmp:qwordptr_[rbp-N],0 je:N mov:rax,qwordptr_[rbp-N] lea:rdx,[rax-1] mov:rax,qwordptr_[rbp-8] add:rax,rdx movzx:eax,byteptr_[rax] cmp:al,N jne:N mov:rax,qwordptr_[rbp-N] lea:rdx,[rax-1] mov:rax,qwordptr_[rbp-8] add:rax,rdx mov:byteptr_[rax],0 jmp:N lea:rax,[rip+N] mov:rcx,rax call:N mov:rdx,qwordptr_[rbp-8] mov:rax,qwordptr_[rbp-N] add:rax,rdx mov:byteptr_[rax],0 lea:rdx,[rip+N] mov:rax,qwordptr_[rbp-8] mov:rcx,rax mov:rax,qwordptr_[rip+N] call:rax mov:qwordptr_[rbp-N],rax cmp:qwordptr_[rbp-N],0 je:N mov:rax,qwordptr_[rbp-N] mov:rcx,rax mov:rax,qwordptr_[rip+N] call:rax nop: add:rsp,N",key_len_ins_calls,CWE-036,2,1.0,{'CWE-036': 2},0.9334157541504768,377,,,,,,,,,373|86|7|6
BIN_7947489,6493,1,CWE-122,,"push:rbp sub:rsp,N lea:rbp,[rsp+N] mov:qwordptr_[rbp+N],0 mov:rax,qwordptr_[rbp+N] mov:rcx,rax call:N mov:qwordptr_[rbp+N],rax lea:rax,[rbp-N] mov:r8d,N mov:edx,N mov:rcx,rax call:N mov:wordptr_[rbp+N],0 mov:qwordptr_[rbp+N],0 jmp:N mov:rax,qwordptr_[rbp+N] lea:rdx,[rax+rax] mov:rax,qwordptr_[rbp+N] add:rdx,rax mov:rax,qwordptr_[rbp+N] movzx:eax,wordptr_[rbp+rax*2-N] mov:wordptr_[rdx],ax add:qwordptr_[rbp+N],1 cmp:qwordptr_[rbp+N],N jbe:N mov:rax,qwordptr_[rbp+N] add:rax,N mov:wordptr_[rax],0 mov:rax,qwordptr_[rbp+N] mov:rcx,rax call:N cmp:qwordptr_[rbp+N],0 je:N mov:rax,qwordptr_[rbp+N] mov:rcx,rax call:N nop: add:rsp,N pop:rbp ret:",key_len_ins_calls,CWE-459,2,1.0,{'CWE-459': 2},0.9334157541504768,377,,,,,,,,,174|41|4|3
BIN_7948905,21078,1,CWE-190,,"push:rbp push:rbx sub:rsp,N lea:rbp,[rsp+N] mov:wordptr_[rbp-2],0 call:N and:eax,1 test:eax,eax je:N call:N call:N shl:eax,N mov:ebx,eax call:N xor:eax,ebx mov:wordptr_[rbp-2],ax jmp:N call:N call:N shl:eax,N mov:ebx,eax call:N xor:eax,ebx not:eax mov:wordptr_[rbp-2],ax movzx:eax,wordptr_[rbp-2] mov:wordptr_[rbp-4],ax movzx:eax,wordptr_[rbp-4] mov:wordptr_[rbp-6],ax cmp:wordptr_[rbp-6],0 jle:N movzx:eax,wordptr_[rbp-6] add:eax,eax mov:wordptr_[rbp-8],ax movsx:eax,wordptr_[rbp-8] mov:ecx,eax call:N nop: add:rsp,N pop:rbx pop:rbp ret:",key_len_ins_calls,CWE-191,2,1.0,{'CWE-191': 2},0.9334157541504768,377,,,,,,,,,137|42|8|3
BIN_8005322,34238,1,CWE-036,,"push:rbp push:rdi sub:rsp,N lea:rbp,[rsp+N] lea:rax,[rbp+N] mov:qwordptr_[rbp+N],rax lea:rdx,[rbp-N] mov:eax,0 mov:ecx,N mov:rdi,rdx rep lea:rax,[rbp-N] mov:qwordptr_[rbp+N],rax mov:rax,qwordptr_[rbp+N] mov:rcx,rax call:N mov:qwordptr_[rbp+N],rax mov:rax,qwordptr_[rbp+N] sub:rax,N cmp:rax,1 jbe:N mov:ecx,0 mov:rax,qwordptr_[rip+N] call:rax mov:rdx,rax mov:rax,qwordptr_[rbp+N] mov:ecx,eax mov:eax,N sub:eax,ecx mov:r9d,eax mov:rax,qwordptr_[rbp+N] mov:rcx,qwordptr_[rbp+N] add:rcx,rcx add:rax,rcx mov:r8,rdx mov:edx,r9d mov:rcx,rax call:N test:rax,rax setne:al test:al,al je:N mov:rax,qwordptr_[rbp+N] mov:rcx,rax call:N mov:qwordptr_[rbp+N],rax cmp:qwordptr_[rbp+N],0 je:N mov:rax,qwordptr_[rbp+N] mov:rdx,qwordptr_[rbp+N] add:rdx,rdx sub:rdx,2 add:rax,rdx movzx:eax,wordptr_[rax] cmp:ax,N jne:N mov:rax,qwordptr_[rbp+N] mov:rdx,qwordptr_[rbp+N] add:rdx,rdx sub:rdx,2 add:rax,rdx mov:wordptr_[rax],0 jmp:N lea:rax,[rip+N] mov:rcx,rax call:N mov:rax,qwordptr_[rbp+N] mov:rdx,qwordptr_[rbp+N] add:rdx,rdx add:rax,rdx mov:wordptr_[rax],0 mov:rax,qwordptr_[rbp+N] mov:rax,qwordptr_[rax] mov:qwordptr_[rbp+N],rax mov:qwordptr_[rbp+N],0 lea:rdx,[rip+N] mov:rax,qwordptr_[rbp+N] mov:rcx,rax mov:rax,qwordptr_[rip+N] call:rax mov:qwordptr_[rbp+N],rax cmp:qwordptr_[rbp+N],0 je:N mov:rax,qwordptr_[rbp+N] mov:rcx,rax call:N nop: add:rsp,N pop:rdi pop:rbp",key_len_ins_calls,CWE-023,3,1.0,{'CWE-023': 3},0.9334157541504768,377,,,,,,,,,420|91|7|6
BIN_8040755,19296,1,CWE-190,,"push:rbp mov:rbp,rsp sub:rsp,N mov:byteptr_[rbp-1],N call:N and:eax,1 test:eax,eax je:N call:N call:N call:N mov:byteptr_[rbp-1],al jmp:N call:N call:N call:N not:eax mov:byteptr_[rbp-1],al nop: movzx:eax,byteptr_[rbp-1] add:eax,1 mov:byteptr_[rbp-2],al movsx:eax,byteptr_[rbp-2] mov:ecx,eax call:N nop: nop: add:rsp,N pop:rbp ret:",key_len_ins_calls,CWE-191,2,1.0,{'CWE-191': 2},0.9334157541504768,377,,,,,,,,,94|30|8|2
BIN_8050648,2673,1,CWE-121,,"push:rbp sub:rsp,N lea:rbp,[rsp+N] sub:rsp,N lea:rax,[rsp+N] add:rax,N shr:rax,4 shl:rax,4 mov:qwordptr_[rbp+N],rax sub:rsp,N lea:rax,[rsp+N] add:rax,N shr:rax,4 shl:rax,4 mov:qwordptr_[rbp+N],rax mov:rax,qwordptr_[rbp+N] mov:qwordptr_[rbp+N],rax mov:rax,qwordptr_[rbp+N] mov:wordptr_[rax],0 mov:rax,qwordptr_[rbp+N] mov:qwordptr_[rbp+N],rax mov:rax,qwordptr_[rbp+N] mov:qwordptr_[rbp+N],rax lea:rax,[rbp-N] mov:r8d,N mov:edx,N mov:rcx,rax call:N mov:wordptr_[rbp+N],0 lea:rdx,[rbp-N] mov:rax,qwordptr_[rbp+N] mov:r8d,N mov:rcx,rax call:N mov:rax,qwordptr_[rbp+N] add:rax,N mov:wordptr_[rax],0 mov:rax,qwordptr_[rbp+N] mov:rcx,rax call:N nop: lea:rsp,[rbp+N] pop:rbp ret:",key_ins_tail24,CWE-124,4,1.0,{'CWE-124': 4},0.9919796954314721,79,,,,,50a0bd965e8d00a4,,,,
BIN_8054814,23931,1,CWE-191,,"push:rbp mov:rbp,rsp sub:rsp,N mov:dwordptr_[rbp-4],0 nop: mov:dwordptr_[rbp-4],N nop: cmp:dwordptr_[rbp-4],0 jns:N mov:eax,dwordptr_[rbp-4] add:eax,eax mov:dwordptr_[rbp-8],eax mov:eax,dwordptr_[rbp-8] mov:ecx,eax call:N nop: add:rsp,N pop:rbp ret:",key_len_ins_calls,CWE-190,5,1.0,{'CWE-190': 5},0.9334157541504768,377,,,,,,,,,55|19|1|1
BIN_8059368,44642,1,CWE-590,,"push:rbp mov:rbp,rsp sub:rsp,N mov:qwordptr_[rbp-8],0 call:N test:eax,eax je:N lea:rax,[rip+N] mov:r8d,N mov:edx,N mov:rcx,rax call:N mov:byteptr_[rip+N],0 lea:rax,[rip+N] mov:qwordptr_[rbp-8],rax mov:rax,qwordptr_[rbp-8] mov:rcx,rax call:N mov:rax,qwordptr_[rbp-8] mov:rcx,rax call:N nop: add:rsp,N pop:rbp ret:",key_len_ins_calls,CWE-122,5,1.0,{'CWE-122': 5},0.9334157541504768,377,,,,,,,,,100|25|4|1
BIN_8104174,18980,1,CWE-188,,"push:rbp mov:rbp,rsp sub:rsp,N mov:eax,dwordptr_[rip+N] test:eax,eax je:N mov:dwordptr_[rbp-4],N movzx:eax,byteptr_[rbp-1] or:eax,N mov:byteptr_[rbp-1],al mov:eax,dwordptr_[rbp-4] mov:ecx,eax call:N nop: add:rsp,N pop:rbp ret:",key_len_ins_calls,CWE-398,3,1.0,{'CWE-398': 3},0.9334157541504768,377,,,,,,,,,52|17|1|1
BIN_8106040,2513,1,CWE-121,,"push:rbp sub:rsp,N lea:rbp,[rsp+N] sub:rsp,N lea:rax,[rsp+N] add:rax,N shr:rax,4 shl:rax,4 mov:qwordptr_[rbp+N],rax sub:rsp,N lea:rax,[rsp+N] add:rax,N shr:rax,4 shl:rax,4 mov:qwordptr_[rbp+N],rax mov:rax,qwordptr_[rbp+N] mov:qwordptr_[rbp+N],rax mov:rax,qwordptr_[rbp+N] mov:wordptr_[rax],0 mov:rax,qwordptr_[rbp+N] mov:qwordptr_[rbp+N],rax mov:rax,qwordptr_[rbp+N] mov:qwordptr_[rbp+N],rax lea:rax,[rbp-N] mov:r8d,N mov:edx,N mov:rcx,rax call:N mov:wordptr_[rbp+N],0 mov:qwordptr_[rbp+N],0 jmp:N mov:rax,qwordptr_[rbp+N] lea:rdx,[rax+rax] mov:rax,qwordptr_[rbp+N] add:rdx,rax mov:rax,qwordptr_[rbp+N] movzx:eax,wordptr_[rbp+rax*2-N] mov:wordptr_[rdx],ax add:qwordptr_[rbp+N],1 cmp:qwordptr_[rbp+N],N jbe:N mov:rax,qwordptr_[rbp+N] add:rax,N mov:wordptr_[rax],0 mov:rax,qwordptr_[rbp+N] mov:rcx,rax call:N nop: lea:rsp,[rbp+N] pop:rbp ret:",key_ins_tail30,CWE-124,3,1.0,{'CWE-124': 3},0.9905738187816661,80,,,,631d134f70259300,,,,,
BIN_8111191,46234,1,CWE-665,,"push:rbp sub:rsp,N lea:rbp,[rsp+N] lea:rax,[rbp+N] mov:qwordptr_[rbp+N],rax call:N lea:rax,[rbp-N] mov:r8d,N mov:edx,N mov:rcx,rax call:N mov:wordptr_[rbp+N],0 lea:rax,[rbp-N] mov:rcx,rax call:N mov:qwordptr_[rbp+N],rax mov:rcx,qwordptr_[rbp+N] lea:rdx,[rbp-N] mov:rax,qwordptr_[rbp+N] mov:r8,rcx mov:rcx,rax call:N mov:rax,qwordptr_[rbp+N] mov:rcx,rax call:N nop: add:rsp,N pop:rbp ret:",key_callseq,CWE-121,2,1.0,{'CWE-121': 2},0.9922970071978785,61,,,,,,,,globalreturnstrue|wmemset|wcslen|wcsncat|printwline,
BIN_8116345,54065,1,CWE-078,,"push:rbp sub:rsp,N lea:rbp,[rsp+N] lea:rax,[rip-N] mov:qwordptr_[rbp+N],rax mov:qwordptr_[rbp+N],N mov:qwordptr_[rbp+N],0 mov:qwordptr_[rbp+N],0 mov:qwordptr_[rbp+N],0 mov:qwordptr_[rbp+N],0 mov:qwordptr_[rbp+N],0 mov:qwordptr_[rbp+N],0 mov:qwordptr_[rbp+N],0 mov:qwordptr_[rbp+N],0 mov:qwordptr_[rbp+N],0 mov:qwordptr_[rbp+N],0 mov:qwordptr_[rbp+N],0 mov:dwordptr_[rbp+N],0 lea:rax,[rbp+N] mov:qwordptr_[rbp+N],rax mov:dwordptr_[rbp+N],0 mov:qwordptr_[rbp+N],N mov:rax,qwordptr_[rbp+N] mov:rcx,rax call:N mov:qwordptr_[rbp+N],rax lea:rax,[rbp-N] mov:rdx,rax mov:ecx,N mov:rax,qwordptr_[rip+N] call:rax test:eax,eax jne:N mov:dwordptr_[rbp+N],1 mov:r8d,6 mov:edx,1 mov:ecx,2 mov:rax,qwordptr_[rip+N] call:rax mov:qwordptr_[rbp+N],rax cmp:qwordptr_[rbp+N],-1 je:N lea:rax,[rbp+N] mov:r8d,N mov:edx,0 mov:rcx,rax call:N mov:wordptr_[rbp+N],2 lea:rax,[rip+N] mov:rcx,rax mov:rax,qwordptr_[rip+N] call:rax mov:dwordptr_[rbp+N],eax mov:ecx,N mov:rax,qwordptr_[rip+N] call:rax mov:wordptr_[rbp+N],ax lea:rdx,[rbp+N] mov:rax,qwordptr_[rbp+N] mov:r8d,N mov:rcx,rax mov:rax,qwordptr_[rip+N] call:rax cmp:eax,-1 je:N mov:rax,qwordptr_[rbp+N] mov:edx,eax mov:eax,N sub:eax,edx mov:ecx,eax mov:rdx,qwordptr_[rbp+N] mov:rax,qwordptr_[rbp+N] add:rdx,rax mov:rax,qwordptr_[rbp+N] mov:r9d,0 mov:r8d,ecx mov:rcx,rax mov:rax,qwordptr_[rip+N] call:rax mov:dwordptr_[rbp+N],eax cmp:dwordptr_[rbp+N],-1 je:N cmp:dwordptr_",key_op_full,CWE-134,2,1.0,{'CWE-134': 2},0.9925788497217068,56,,c883fe3b899699a6,,,,,,,
BIN_8116345,54065,1,CWE-078,,"push:rbp sub:rsp,N lea:rbp,[rsp+N] lea:rax,[rip-N] mov:qwordptr_[rbp+N],rax mov:qwordptr_[rbp+N],N mov:qwordptr_[rbp+N],0 mov:qwordptr_[rbp+N],0 mov:qwordptr_[rbp+N],0 mov:qwordptr_[rbp+N],0 mov:qwordptr_[rbp+N],0 mov:qwordptr_[rbp+N],0 mov:qwordptr_[rbp+N],0 mov:qwordptr_[rbp+N],0 mov:qwordptr_[rbp+N],0 mov:qwordptr_[rbp+N],0 mov:qwordptr_[rbp+N],0 mov:dwordptr_[rbp+N],0 lea:rax,[rbp+N] mov:qwordptr_[rbp+N],rax mov:dwordptr_[rbp+N],0 mov:qwordptr_[rbp+N],N mov:rax,qwordptr_[rbp+N] mov:rcx,rax call:N mov:qwordptr_[rbp+N],rax lea:rax,[rbp-N] mov:rdx,rax mov:ecx,N mov:rax,qwordptr_[rip+N] call:rax test:eax,eax jne:N mov:dwordptr_[rbp+N],1 mov:r8d,6 mov:edx,1 mov:ecx,2 mov:rax,qwordptr_[rip+N] call:rax mov:qwordptr_[rbp+N],rax cmp:qwordptr_[rbp+N],-1 je:N lea:rax,[rbp+N] mov:r8d,N mov:edx,0 mov:rcx,rax call:N mov:wordptr_[rbp+N],2 lea:rax,[rip+N] mov:rcx,rax mov:rax,qwordptr_[rip+N] call:rax mov:dwordptr_[rbp+N],eax mov:ecx,N mov:rax,qwordptr_[rip+N] call:rax mov:wordptr_[rbp+N],ax lea:rdx,[rbp+N] mov:rax,qwordptr_[rbp+N] mov:r8d,N mov:rcx,rax mov:rax,qwordptr_[rip+N] call:rax cmp:eax,-1 je:N mov:rax,qwordptr_[rbp+N] mov:edx,eax mov:eax,N sub:eax,edx mov:ecx,eax mov:rdx,qwordptr_[rbp+N] mov:rax,qwordptr_[rbp+N] add:rdx,rax mov:rax,qwordptr_[rbp+N] mov:r9d,0 mov:r8d,ecx mov:rcx,rax mov:rax,qwordptr_[rip+N] call:rax mov:dwordptr_[rbp+N],eax cmp:dwordptr_[rbp+N],-1 je:N cmp:dwordptr_",key_len_ins_calls,CWE-134,2,1.0,{'CWE-134': 2},0.9334157541504768,377,,,,,,,,,742|133|13|12
BIN_8159631,23982,1,CWE-191,,"push:rbp mov:rbp,rsp sub:rsp,N mov:dwordptr_[rbp-4],0 mov:dwordptr_[rbp-4],N mov:eax,dwordptr_[rbp-4] mov:dwordptr_[rbp-8],eax mov:eax,dwordptr_[rbp-8] mov:dwordptr_[rbp-N],eax mov:eax,dwordptr_[rbp-N] sub:eax,1 mov:dwordptr_[rbp-N],eax mov:eax,dwordptr_[rbp-N] mov:ecx,eax call:N nop: add:rsp,N pop:rbp ret:",key_marker_tail,CWE-190,2,1.0,{'CWE-190': 2},0.9945901446548278,46,,,,,,,610ddc2956fd37ed,,
BIN_8165858,11071,1,CWE-124,,"push:rbp mov:rbp,rsp sub:rsp,N mov:dwordptr_[rbp-4],N mov:rax,qwordptr_[rip+N] mov:eax,dwordptr_[rax] cmp:eax,5 jne:N mov:qwordptr_[rbp-N],0 mov:qwordptr_[rbp-N],0 mov:ecx,0 mov:rax,qwordptr_[rip+N] call:rax mov:rdx,rax lea:rax,[rbp-N] mov:r8,rdx mov:edx,N mov:rcx,rax call:N test:rax,rax je:N lea:rax,[rbp-N] mov:rcx,rax call:N mov:dwordptr_[rbp-4],eax jmp:N lea:rax,[rip+N] mov:rcx,rax call:N mov:rax,qwordptr_[rip+N] mov:eax,dwordptr_[rax] cmp:eax,5 jne:N pxor:xmm0,xmm0 movaps:xmmwordptr_[rbp-N],xmm0 movaps:xmmwordptr_[rbp-N],xmm0 movq:qwordptr_[rbp-N],xmm0 cmp:dwordptr_[rbp-4],9 jg:N mov:eax,dwordptr_[rbp-4] cdqe: mov:dwordptr_[rbp+rax*4-N],1 mov:dwordptr_[rbp-8],0 jmp:N mov:eax,dwordptr_[rbp-8] cdqe: mov:eax,dwordptr_[rbp+rax*4-N] mov:ecx,eax call:N add:dwordptr_[rbp-8],1 cmp:dwordptr_[rbp-8],9 jle:N jmp:N lea:rax,[rip+N] mov:rcx,rax call:N nop: add:rsp,N pop:rbp ret:",key_len_ins_calls,CWE-121,2,1.0,{'CWE-121': 2},0.9334157541504768,377,,,,,,,,,228|60|6|8
BIN_8168468,48077,1,CWE-690,,"push:rbp mov:rbp,rsp sub:rsp,N mov:qwordptr_[rbp-8],0 mov:ecx,N call:N mov:qwordptr_[rbp-8],rax mov:eax,dwordptr_[rip+N] test:eax,eax je:N lea:rdx,[rip+N] mov:rax,qwordptr_[rbp-8] mov:rcx,rax call:N mov:rax,qwordptr_[rbp-8] mov:rcx,rax call:N mov:rax,qwordptr_[rbp-8] mov:rcx,rax call:N nop: add:rsp,N pop:rbp ret:",key_len_ins_calls,CWE-415,4,1.0,{'CWE-415': 4},0.9334157541504768,377,,,,,,,,,90|24|4|1
BIN_8180319,37111,1,CWE-401,,"push:rbp mov:rbp,rsp sub:rsp,N mov:qwordptr_[rbp-8],0 mov:ecx,1 call:N mov:qwordptr_[rbp-8],rax mov:rax,qwordptr_[rbp-8] mov:byteptr_[rax],N mov:rax,qwordptr_[rbp-8] movzx:eax,byteptr_[rax] movsx:eax,al mov:ecx,eax call:N mov:rax,qwordptr_[rbp-8] mov:rcx,rax call:N nop: add:rsp,N pop:rbp ret:",key_len_ins_calls,CWE-690,2,1.0,{'CWE-690': 2},0.9334157541504768,377,,,,,,,,,73|21|3|0
BIN_8215823,23586,1,CWE-191,,"push:rbp sub:rsp,N lea:rbp,[rsp+N] mov:dwordptr_[rbp+N],0 mov:rax,qwordptr_[rip+N] mov:eax,dwordptr_[rax] test:eax,eax je:N mov:dwordptr_[rbp+N],0 mov:qwordptr_[rbp+N],N lea:rax,[rbp-N] mov:rdx,rax mov:ecx,N mov:rax,qwordptr_[rip+N] call:rax test:eax,eax jne:N mov:dwordptr_[rbp+N],1 mov:r8d,6 mov:edx,1 mov:ecx,2 mov:rax,qwordptr_[rip+N] call:rax mov:qwordptr_[rbp+N],rax cmp:qwordptr_[rbp+N],-1 je:N lea:rax,[rbp+N] mov:r8d,N mov:edx,0 mov:rcx,rax call:N mov:wordptr_[rbp+N],2 lea:rax,[rip+N] mov:rcx,rax mov:rax,qwordptr_[rip+N] call:rax mov:dwordptr_[rbp+N],eax mov:ecx,N mov:rax,qwordptr_[rip+N] call:rax mov:wordptr_[rbp+N],ax lea:rdx,[rbp+N] mov:rax,qwordptr_[rbp+N] mov:r8d,N mov:rcx,rax mov:rax,qwordptr_[rip+N] call:rax cmp:eax,-1 je:N lea:rdx,[rbp+N] mov:rax,qwordptr_[rbp+N] mov:r9d,0 mov:r8d,N mov:rcx,rax mov:rax,qwordptr_[rip+N] call:rax mov:dwordptr_[rbp+N],eax cmp:dwordptr_[rbp+N],-1 je:N cmp:dwordptr_[rbp+N],0 je:N mov:eax,dwordptr_[rbp+N] cdqe: mov:byteptr_[rbp+rax+N],0 lea:rax,[rbp+N] mov:rcx,rax call:N mov:dwordptr_[rbp+N],eax jmp:N nop: jmp:N nop: jmp:N nop: cmp:qwordptr_[rbp+N],-1 je:N mov:rax,qwordptr_[rbp+N] mov:rcx,rax mov:rax,qwordptr_[rip+N] call:rax cmp:dwordptr_[rbp+N],0 je:N mov:rax,qwordptr_[rip+N] call:rax mov:rax,qwordptr_[rip+N] mov:eax,dwordptr_[rax] test:eax,eax je:N mov:eax,dwordptr_[rbp+N] sub:eax,1",key_len_ins_calls,CWE-190,2,1.0,{'CWE-190': 2},0.9334157541504768,377,,,,,,,,,473|98|11|12
BIN_8217997,33276,1,CWE-036,,"push:rbp push:rdi sub:rsp,N lea:rbp,[rsp+N] lea:rdx,[rbp-N] mov:eax,0 mov:ecx,N mov:rdi,rdx rep mov:rdx,rdi mov:dwordptr_[rdx],eax add:rdx,4 lea:rax,[rbp-N] mov:qwordptr_[rbp+N],rax mov:rax,qwordptr_[rbp+N] mov:rcx,rax call:N mov:qwordptr_[rbp+N],rax mov:rax,qwordptr_[rbp+N] sub:rax,N cmp:rax,1 jbe:N mov:ecx,0 mov:rax,qwordptr_[rip+N] call:rax mov:rdx,rax mov:rax,qwordptr_[rbp+N] mov:ecx,eax mov:eax,N sub:eax,ecx mov:r9d,eax mov:rcx,qwordptr_[rbp+N] mov:rax,qwordptr_[rbp+N] add:rax,rcx mov:r8,rdx mov:edx,r9d mov:rcx,rax call:N test:rax,rax setne:al test:al,al je:N mov:rax,qwordptr_[rbp+N] mov:rcx,rax call:N mov:qwordptr_[rbp+N],rax cmp:qwordptr_[rbp+N],0 je:N mov:rax,qwordptr_[rbp+N] lea:rdx,[rax-1] mov:rax,qwordptr_[rbp+N] add:rax,rdx movzx:eax,byteptr_[rax] cmp:al,N jne:N mov:rax,qwordptr_[rbp+N] lea:rdx,[rax-1] mov:rax,qwordptr_[rbp+N] add:rax,rdx mov:byteptr_[rax],0 jmp:N lea:rax,[rip+N] mov:rcx,rax call:N mov:rdx,qwordptr_[rbp+N] mov:rax,qwordptr_[rbp+N] add:rax,rdx mov:byteptr_[rax],0 mov:rax,qwordptr_[rbp+N] mov:qwordptr_[rbp+N],rax mov:rax,qwordptr_[rbp+N] mov:qwordptr_[rbp+N],rax mov:qwordptr_[rbp+N],0 lea:rdx,[rip+N] mov:rax,qwordptr_[rbp+N] mov:rcx,rax call:N mov:qwordptr_[rbp+N],rax cmp:qwordptr_[rbp+N],0 je:N mov:rax,qwordptr_[rbp+N] mov:rcx,rax call:N nop: add:rsp,N pop:rdi pop:rbp ret:",key_ins_tail24,CWE-023,2,1.0,{'CWE-023': 2},0.9919796954314721,79,,,,,42ac7dc956780d0d,,,,
BIN_8217997,33276,1,CWE-036,,"push:rbp push:rdi sub:rsp,N lea:rbp,[rsp+N] lea:rdx,[rbp-N] mov:eax,0 mov:ecx,N mov:rdi,rdx rep mov:rdx,rdi mov:dwordptr_[rdx],eax add:rdx,4 lea:rax,[rbp-N] mov:qwordptr_[rbp+N],rax mov:rax,qwordptr_[rbp+N] mov:rcx,rax call:N mov:qwordptr_[rbp+N],rax mov:rax,qwordptr_[rbp+N] sub:rax,N cmp:rax,1 jbe:N mov:ecx,0 mov:rax,qwordptr_[rip+N] call:rax mov:rdx,rax mov:rax,qwordptr_[rbp+N] mov:ecx,eax mov:eax,N sub:eax,ecx mov:r9d,eax mov:rcx,qwordptr_[rbp+N] mov:rax,qwordptr_[rbp+N] add:rax,rcx mov:r8,rdx mov:edx,r9d mov:rcx,rax call:N test:rax,rax setne:al test:al,al je:N mov:rax,qwordptr_[rbp+N] mov:rcx,rax call:N mov:qwordptr_[rbp+N],rax cmp:qwordptr_[rbp+N],0 je:N mov:rax,qwordptr_[rbp+N] lea:rdx,[rax-1] mov:rax,qwordptr_[rbp+N] add:rax,rdx movzx:eax,byteptr_[rax] cmp:al,N jne:N mov:rax,qwordptr_[rbp+N] lea:rdx,[rax-1] mov:rax,qwordptr_[rbp+N] add:rax,rdx mov:byteptr_[rax],0 jmp:N lea:rax,[rip+N] mov:rcx,rax call:N mov:rdx,qwordptr_[rbp+N] mov:rax,qwordptr_[rbp+N] add:rax,rdx mov:byteptr_[rax],0 mov:rax,qwordptr_[rbp+N] mov:qwordptr_[rbp+N],rax mov:rax,qwordptr_[rbp+N] mov:qwordptr_[rbp+N],rax mov:qwordptr_[rbp+N],0 lea:rdx,[rip+N] mov:rax,qwordptr_[rbp+N] mov:rcx,rax call:N mov:qwordptr_[rbp+N],rax cmp:qwordptr_[rbp+N],0 je:N mov:rax,qwordptr_[rbp+N] mov:rcx,rax call:N nop: add:rsp,N pop:rdi pop:rbp ret:",key_ins_tail30,CWE-023,2,1.0,{'CWE-023': 2},0.9905738187816661,80,,,,1a318039b04a5ccd,,,,,
BIN_8217997,33276,1,CWE-036,,"push:rbp push:rdi sub:rsp,N lea:rbp,[rsp+N] lea:rdx,[rbp-N] mov:eax,0 mov:ecx,N mov:rdi,rdx rep mov:rdx,rdi mov:dwordptr_[rdx],eax add:rdx,4 lea:rax,[rbp-N] mov:qwordptr_[rbp+N],rax mov:rax,qwordptr_[rbp+N] mov:rcx,rax call:N mov:qwordptr_[rbp+N],rax mov:rax,qwordptr_[rbp+N] sub:rax,N cmp:rax,1 jbe:N mov:ecx,0 mov:rax,qwordptr_[rip+N] call:rax mov:rdx,rax mov:rax,qwordptr_[rbp+N] mov:ecx,eax mov:eax,N sub:eax,ecx mov:r9d,eax mov:rcx,qwordptr_[rbp+N] mov:rax,qwordptr_[rbp+N] add:rax,rcx mov:r8,rdx mov:edx,r9d mov:rcx,rax call:N test:rax,rax setne:al test:al,al je:N mov:rax,qwordptr_[rbp+N] mov:rcx,rax call:N mov:qwordptr_[rbp+N],rax cmp:qwordptr_[rbp+N],0 je:N mov:rax,qwordptr_[rbp+N] lea:rdx,[rax-1] mov:rax,qwordptr_[rbp+N] add:rax,rdx movzx:eax,byteptr_[rax] cmp:al,N jne:N mov:rax,qwordptr_[rbp+N] lea:rdx,[rax-1] mov:rax,qwordptr_[rbp+N] add:rax,rdx mov:byteptr_[rax],0 jmp:N lea:rax,[rip+N] mov:rcx,rax call:N mov:rdx,qwordptr_[rbp+N] mov:rax,qwordptr_[rbp+N] add:rax,rdx mov:byteptr_[rax],0 mov:rax,qwordptr_[rbp+N] mov:qwordptr_[rbp+N],rax mov:rax,qwordptr_[rbp+N] mov:qwordptr_[rbp+N],rax mov:qwordptr_[rbp+N],0 lea:rdx,[rip+N] mov:rax,qwordptr_[rbp+N] mov:rcx,rax call:N mov:qwordptr_[rbp+N],rax cmp:qwordptr_[rbp+N],0 je:N mov:rax,qwordptr_[rbp+N] mov:rcx,rax call:N nop: add:rsp,N pop:rdi pop:rbp ret:",key_ins_tail36,CWE-023,2,1.0,{'CWE-023': 2},0.9869588599085776,97,,,2ddd3dea65cd01f1,,,,,,
BIN_8224455,19203,1,CWE-190,,"push:rbp mov:rbp,rsp sub:rsp,N mov:byteptr_[rbp-1],N nop: mov:byteptr_[rbp-1],N nop: cmp:byteptr_[rbp-1],0 jle:N movzx:eax,byteptr_[rbp-1] add:eax,eax mov:byteptr_[rbp-2],al movsx:eax,byteptr_[rbp-2] mov:ecx,eax call:N nop: add:rsp,N pop:rbp ret:",key_len_ins_calls,CWE-191,2,1.0,{'CWE-191': 2},0.9334157541504768,377,,,,,,,,,51|19|1|1
BIN_8264385,41195,1,CWE-475,,"push:rbp mov:rbp,rsp sub:rsp,N mov:rax,qwordptr_[rip+N] mov:eax,dwordptr_[rax] test:eax,eax je:N mov:qwordptr_[rbp-N],0 mov:qwordptr_[rbp-N],0 mov:qwordptr_[rbp-N],0 mov:qwordptr_[rbp-N],0 mov:qwordptr_[rbp-N],0 mov:qwordptr_[rbp-N],0 mov:qwordptr_[rbp-N],0 mov:qwordptr_[rbp-N],0 mov:qwordptr_[rbp-N],0 mov:qwordptr_[rbp-N],0 mov:qwordptr_[rbp-N],0 mov:qwordptr_[rbp-N],0 mov:qwordptr_[rbp-N],0 mov:qwordptr_[rbp-N],0 mov:qwordptr_[rbp-N],0 mov:qwordptr_[rbp-N],0 mov:qwordptr_[rbp-N],0 mov:qwordptr_[rbp-N],0 mov:qwordptr_[rbp-N],0 mov:qwordptr_[rbp-N],0 mov:qwordptr_[rbp-N],0 mov:qwordptr_[rbp-N],0 mov:qwordptr_[rbp-N],0 mov:qwordptr_[rbp-N],0 mov:qwordptr_[rbp-N],0 lea:rax,[rbp-N] mov:qwordptr_[rbp-8],rax lea:rdx,[rip+N] mov:rax,qwordptr_[rbp-8] mov:rcx,rax call:N mov:rax,qwordptr_[rbp-8] lea:rdx,[rax+8] mov:rax,qwordptr_[rbp-8] add:rax,N mov:r8d,N mov:rcx,rax call:N mov:rax,qwordptr_[rbp-8] mov:rcx,rax call:N nop: add:rsp,N pop:rbp ret:",key_len_ins_calls,CWE-253,2,1.0,{'CWE-253': 2},0.9334157541504768,377,,,,,,,,,340|52|3|1
BIN_8313389,14569,1,CWE-127,,"push:rbp mov:rbp,rsp sub:rsp,N mov:dwordptr_[rbp-4],N call:N test:eax,eax je:N mov:qwordptr_[rbp-N],0 mov:qwordptr_[rbp-N],0 mov:ecx,0 mov:rax,qwordptr_[rip+N] call:rax mov:rdx,rax lea:rax,[rbp-N] mov:r8,rdx mov:edx,N mov:rcx,rax call:N test:rax,rax je:N lea:rax,[rbp-N] mov:rcx,rax call:N mov:dwordptr_[rbp-4],eax jmp:N lea:rax,[rip+N] mov:rcx,rax call:N jmp:N mov:dwordptr_[rbp-4],7 call:N test:eax,eax je:N pxor:xmm0,xmm0 movaps:xmmwordptr_[rbp-N],xmm0 movaps:xmmwordptr_[rbp-N],xmm0 movq:qwordptr_[rbp-N],xmm0 cmp:dwordptr_[rbp-4],9 jg:N mov:eax,dwordptr_[rbp-4] cdqe: mov:eax,dwordptr_[rbp+rax*4-N] mov:ecx,eax call:N jmp:N lea:rax,[rip+N] mov:rcx,rax call:N jmp:N pxor:xmm0,xmm0 movaps:xmmwordptr_[rbp-N],xmm0 movaps:xmmwordptr_[rbp-N],xmm0 movq:qwordptr_[rbp-N],xmm0 cmp:dwordptr_[rbp-4],0 js:N cmp:dwordptr_[rbp-4],9 jg:N mov:eax,dwordptr_[rbp-4] cdqe: mov:eax,dwordptr_[rbp+rax*4-N] mov:ecx,eax call:N jmp:N lea:rax,[rip+N] mov:rcx,rax call:N nop: add:rsp,N pop:rbp ret:",key_ins_tail18,CWE-126,2,1.0,{'CWE-126': 2},0.9933922671667114,74,,,,,,8b0c770e716ccbe6,,,
BIN_8313389,14569,1,CWE-127,,"push:rbp mov:rbp,rsp sub:rsp,N mov:dwordptr_[rbp-4],N call:N test:eax,eax je:N mov:qwordptr_[rbp-N],0 mov:qwordptr_[rbp-N],0 mov:ecx,0 mov:rax,qwordptr_[rip+N] call:rax mov:rdx,rax lea:rax,[rbp-N] mov:r8,rdx mov:edx,N mov:rcx,rax call:N test:rax,rax je:N lea:rax,[rbp-N] mov:rcx,rax call:N mov:dwordptr_[rbp-4],eax jmp:N lea:rax,[rip+N] mov:rcx,rax call:N jmp:N mov:dwordptr_[rbp-4],7 call:N test:eax,eax je:N pxor:xmm0,xmm0 movaps:xmmwordptr_[rbp-N],xmm0 movaps:xmmwordptr_[rbp-N],xmm0 movq:qwordptr_[rbp-N],xmm0 cmp:dwordptr_[rbp-4],9 jg:N mov:eax,dwordptr_[rbp-4] cdqe: mov:eax,dwordptr_[rbp+rax*4-N] mov:ecx,eax call:N jmp:N lea:rax,[rip+N] mov:rcx,rax call:N jmp:N pxor:xmm0,xmm0 movaps:xmmwordptr_[rbp-N],xmm0 movaps:xmmwordptr_[rbp-N],xmm0 movq:qwordptr_[rbp-N],xmm0 cmp:dwordptr_[rbp-4],0 js:N cmp:dwordptr_[rbp-4],9 jg:N mov:eax,dwordptr_[rbp-4] cdqe: mov:eax,dwordptr_[rbp+rax*4-N] mov:ecx,eax call:N jmp:N lea:rax,[rip+N] mov:rcx,rax call:N nop: add:rsp,N pop:rbp ret:",key_ins_tail24,CWE-126,2,1.0,{'CWE-126': 2},0.9919796954314721,79,,,,,0dfbf085be9fe20b,,,,
BIN_8313389,14569,1,CWE-127,,"push:rbp mov:rbp,rsp sub:rsp,N mov:dwordptr_[rbp-4],N call:N test:eax,eax je:N mov:qwordptr_[rbp-N],0 mov:qwordptr_[rbp-N],0 mov:ecx,0 mov:rax,qwordptr_[rip+N] call:rax mov:rdx,rax lea:rax,[rbp-N] mov:r8,rdx mov:edx,N mov:rcx,rax call:N test:rax,rax je:N lea:rax,[rbp-N] mov:rcx,rax call:N mov:dwordptr_[rbp-4],eax jmp:N lea:rax,[rip+N] mov:rcx,rax call:N jmp:N mov:dwordptr_[rbp-4],7 call:N test:eax,eax je:N pxor:xmm0,xmm0 movaps:xmmwordptr_[rbp-N],xmm0 movaps:xmmwordptr_[rbp-N],xmm0 movq:qwordptr_[rbp-N],xmm0 cmp:dwordptr_[rbp-4],9 jg:N mov:eax,dwordptr_[rbp-4] cdqe: mov:eax,dwordptr_[rbp+rax*4-N] mov:ecx,eax call:N jmp:N lea:rax,[rip+N] mov:rcx,rax call:N jmp:N pxor:xmm0,xmm0 movaps:xmmwordptr_[rbp-N],xmm0 movaps:xmmwordptr_[rbp-N],xmm0 movq:qwordptr_[rbp-N],xmm0 cmp:dwordptr_[rbp-4],0 js:N cmp:dwordptr_[rbp-4],9 jg:N mov:eax,dwordptr_[rbp-4] cdqe: mov:eax,dwordptr_[rbp+rax*4-N] mov:ecx,eax call:N jmp:N lea:rax,[rip+N] mov:rcx,rax call:N nop: add:rsp,N pop:rbp ret:",key_ins_tail30,CWE-126,2,1.0,{'CWE-126': 2},0.9905738187816661,80,,,,0fbbd5cb62ebc36e,,,,,
BIN_8323303,11708,1,CWE-124,,"push:rbp mov:rbp,rsp sub:rsp,N mov:qwordptr_[rbp-8],0 call:N test:eax,eax je:N mov:ecx,N call:N mov:qwordptr_[rbp-N],rax cmp:qwordptr_[rbp-N],0 jne:N mov:ecx,N call:N mov:rax,qwordptr_[rbp-N] mov:r8d,N mov:edx,N mov:rcx,rax call:N mov:rax,qwordptr_[rbp-N] add:rax,N mov:byteptr_[rax],0 mov:rax,qwordptr_[rbp-N] sub:rax,8 mov:qwordptr_[rbp-8],rax lea:rax,[rbp-N] mov:r8d,N mov:edx,N mov:rcx,rax call:N mov:byteptr_[rbp-N],0 lea:rdx,[rbp-N] mov:rax,qwordptr_[rbp-8] mov:rcx,rax call:N mov:rax,qwordptr_[rbp-8] mov:rcx,rax call:N nop: add:rsp,N pop:rbp ret:",key_len_ins_calls,CWE-122,2,1.0,{'CWE-122': 2},0.9334157541504768,377,,,,,,,,,170|42|7|2
BIN_8344503,29024,1,CWE-197,,"push:rbp sub:rsp,N lea:rbp,[rsp+N] mov:wordptr_[rbp+N],N mov:dwordptr_[rbp+N],0 mov:qwordptr_[rbp+N],N mov:qwordptr_[rbp+N],N lea:rax,[rbp-N] mov:rdx,rax mov:ecx,N mov:rax,qwordptr_[rip+N] call:rax test:eax,eax jne:N mov:dwordptr_[rbp+N],1 mov:r8d,6 mov:edx,1 mov:ecx,2 mov:rax,qwordptr_[rip+N] call:rax mov:qwordptr_[rbp+N],rax cmp:qwordptr_[rbp+N],-1 je:N lea:rax,[rbp+N] mov:r8d,N mov:edx,0 mov:rcx,rax call:N mov:wordptr_[rbp+N],2 mov:dwordptr_[rbp+N],0 mov:ecx,N mov:rax,qwordptr_[rip+N] call:rax mov:wordptr_[rbp+N],ax lea:rdx,[rbp+N] mov:rax,qwordptr_[rbp+N] mov:r8d,N mov:rcx,rax mov:rax,qwordptr_[rip+N] call:rax cmp:eax,-1 je:N mov:rax,qwordptr_[rbp+N] mov:edx,5 mov:rcx,rax mov:rax,qwordptr_[rip+N] call:rax cmp:eax,-1 je:N mov:rax,qwordptr_[rbp+N] mov:r8d,0 mov:edx,0 mov:rcx,rax mov:rax,qwordptr_[rip+N] call:rax mov:qwordptr_[rbp+N],rax cmp:qwordptr_[rbp+N],-1 je:N lea:rdx,[rbp+N] mov:rax,qwordptr_[rbp+N] mov:r9d,0 mov:r8d,7 mov:rcx,rax mov:rax,qwordptr_[rip+N] call:rax mov:dwordptr_[rbp+N],eax cmp:dwordptr_[rbp+N],-1 je:N cmp:dwordptr_[rbp+N],0 je:N mov:eax,dwordptr_[rbp+N] cdqe: mov:byteptr_[rbp+rax+N],0 lea:rax,[rbp+N] mov:rcx,rax call:N mov:wordptr_[rbp+N],ax jmp:N nop: jmp:N nop: jmp:N nop: jmp:N nop: jmp:N nop: cmp:qwordptr_[rbp+N],-1 je:N mov:rax,qwordptr_[rbp+N]",key_ins_tail18,CWE-194,2,1.0,{'CWE-194': 2},0.9933922671667114,74,,,,,,7fe6bb7d9578bf06,,,
BIN_8344503,29024,1,CWE-197,,"push:rbp sub:rsp,N lea:rbp,[rsp+N] mov:wordptr_[rbp+N],N mov:dwordptr_[rbp+N],0 mov:qwordptr_[rbp+N],N mov:qwordptr_[rbp+N],N lea:rax,[rbp-N] mov:rdx,rax mov:ecx,N mov:rax,qwordptr_[rip+N] call:rax test:eax,eax jne:N mov:dwordptr_[rbp+N],1 mov:r8d,6 mov:edx,1 mov:ecx,2 mov:rax,qwordptr_[rip+N] call:rax mov:qwordptr_[rbp+N],rax cmp:qwordptr_[rbp+N],-1 je:N lea:rax,[rbp+N] mov:r8d,N mov:edx,0 mov:rcx,rax call:N mov:wordptr_[rbp+N],2 mov:dwordptr_[rbp+N],0 mov:ecx,N mov:rax,qwordptr_[rip+N] call:rax mov:wordptr_[rbp+N],ax lea:rdx,[rbp+N] mov:rax,qwordptr_[rbp+N] mov:r8d,N mov:rcx,rax mov:rax,qwordptr_[rip+N] call:rax cmp:eax,-1 je:N mov:rax,qwordptr_[rbp+N] mov:edx,5 mov:rcx,rax mov:rax,qwordptr_[rip+N] call:rax cmp:eax,-1 je:N mov:rax,qwordptr_[rbp+N] mov:r8d,0 mov:edx,0 mov:rcx,rax mov:rax,qwordptr_[rip+N] call:rax mov:qwordptr_[rbp+N],rax cmp:qwordptr_[rbp+N],-1 je:N lea:rdx,[rbp+N] mov:rax,qwordptr_[rbp+N] mov:r9d,0 mov:r8d,7 mov:rcx,rax mov:rax,qwordptr_[rip+N] call:rax mov:dwordptr_[rbp+N],eax cmp:dwordptr_[rbp+N],-1 je:N cmp:dwordptr_[rbp+N],0 je:N mov:eax,dwordptr_[rbp+N] cdqe: mov:byteptr_[rbp+rax+N],0 lea:rax,[rbp+N] mov:rcx,rax call:N mov:wordptr_[rbp+N],ax jmp:N nop: jmp:N nop: jmp:N nop: jmp:N nop: jmp:N nop: cmp:qwordptr_[rbp+N],-1 je:N mov:rax,qwordptr_[rbp+N]",key_ins_tail24,CWE-194,2,1.0,{'CWE-194': 2},0.9919796954314721,79,,,,,ad46424af529b7fd,,,,
BIN_8344503,29024,1,CWE-197,,"push:rbp sub:rsp,N lea:rbp,[rsp+N] mov:wordptr_[rbp+N],N mov:dwordptr_[rbp+N],0 mov:qwordptr_[rbp+N],N mov:qwordptr_[rbp+N],N lea:rax,[rbp-N] mov:rdx,rax mov:ecx,N mov:rax,qwordptr_[rip+N] call:rax test:eax,eax jne:N mov:dwordptr_[rbp+N],1 mov:r8d,6 mov:edx,1 mov:ecx,2 mov:rax,qwordptr_[rip+N] call:rax mov:qwordptr_[rbp+N],rax cmp:qwordptr_[rbp+N],-1 je:N lea:rax,[rbp+N] mov:r8d,N mov:edx,0 mov:rcx,rax call:N mov:wordptr_[rbp+N],2 mov:dwordptr_[rbp+N],0 mov:ecx,N mov:rax,qwordptr_[rip+N] call:rax mov:wordptr_[rbp+N],ax lea:rdx,[rbp+N] mov:rax,qwordptr_[rbp+N] mov:r8d,N mov:rcx,rax mov:rax,qwordptr_[rip+N] call:rax cmp:eax,-1 je:N mov:rax,qwordptr_[rbp+N] mov:edx,5 mov:rcx,rax mov:rax,qwordptr_[rip+N] call:rax cmp:eax,-1 je:N mov:rax,qwordptr_[rbp+N] mov:r8d,0 mov:edx,0 mov:rcx,rax mov:rax,qwordptr_[rip+N] call:rax mov:qwordptr_[rbp+N],rax cmp:qwordptr_[rbp+N],-1 je:N lea:rdx,[rbp+N] mov:rax,qwordptr_[rbp+N] mov:r9d,0 mov:r8d,7 mov:rcx,rax mov:rax,qwordptr_[rip+N] call:rax mov:dwordptr_[rbp+N],eax cmp:dwordptr_[rbp+N],-1 je:N cmp:dwordptr_[rbp+N],0 je:N mov:eax,dwordptr_[rbp+N] cdqe: mov:byteptr_[rbp+rax+N],0 lea:rax,[rbp+N] mov:rcx,rax call:N mov:wordptr_[rbp+N],ax jmp:N nop: jmp:N nop: jmp:N nop: jmp:N nop: jmp:N nop: cmp:qwordptr_[rbp+N],-1 je:N mov:rax,qwordptr_[rbp+N]",key_ins_tail30,CWE-194,2,1.0,{'CWE-194': 2},0.9905738187816661,80,,,,be39d84d0d0084de,,,,,
BIN_8373077,32652,1,CWE-369,,"push:rbp mov:rbp,rsp sub:rsp,N mov:dwordptr_[rbp-4],N mov:qwordptr_[rbp-N],0 mov:qwordptr_[rbp-N],0 mov:ecx,0 mov:rax,qwordptr_[rip+N] call:rax mov:rdx,rax lea:rax,[rbp-N] mov:r8,rdx mov:edx,N mov:rcx,rax call:N test:rax,rax je:N lea:rax,[rbp-N] mov:rcx,rax call:N mov:dwordptr_[rbp-4],eax jmp:N lea:rax,[rip+N] mov:rcx,rax call:N mov:eax,dwordptr_[rbp-4] mov:dwordptr_[rbp-8],eax mov:eax,dwordptr_[rbp-8] mov:dwordptr_[rbp-N],eax mov:eax,N cdq: idiv:dwordptr_[rbp-N] mov:eax,edx mov:ecx,eax call:N nop: add:rsp,N pop:rbp ret:",key_len_ins_calls,CWE-194,3,1.0,{'CWE-194': 3},0.9334157541504768,377,,,,,,,,,142|39|5|2
BIN_8382309,34079,1,CWE-036,,"push:rbp push:rdi push:rbx sub:rsp,N lea:rbp,[rsp+N] lea:rdx,[rbp+N] mov:eax,0 mov:ecx,N mov:rdi,rdx rep lea:rax,[rbp+N] mov:qwordptr_[rbp+N],rax call:N test:eax,eax setne:al test:al,al je:N mov:dwordptr_[rbp+N],0 mov:qwordptr_[rbp+N],N mov:rax,qwordptr_[rbp+N] mov:rcx,rax call:N mov:qwordptr_[rbp+N],rax lea:rax,[rbp-N] mov:rdx,rax mov:ecx,N mov:rax,qwordptr_[rip+N] call:rax test:eax,eax setne:al test:al,al jne:N mov:dwordptr_[rbp+N],1 mov:r8d,6 mov:edx,1 mov:ecx,2 mov:rax,qwordptr_[rip+N] call:rax mov:qwordptr_[rbp+N],rax cmp:qwordptr_[rbp+N],-1 je:N lea:rax,[rbp+N] mov:r8d,N mov:edx,0 mov:rcx,rax call:N mov:wordptr_[rbp+N],2 lea:rax,[rip+N] mov:rcx,rax mov:rax,qwordptr_[rip+N] call:rax mov:dwordptr_[rbp+N],eax mov:ecx,N mov:rax,qwordptr_[rip+N] call:rax mov:wordptr_[rbp+N],ax lea:rdx,[rbp+N] mov:rax,qwordptr_[rbp+N] mov:r8d,N mov:rcx,rax mov:rax,qwordptr_[rip+N] call:rax cmp:eax,-1 sete:al test:al,al jne:N mov:eax,N sub:rax,qwordptr_[rbp+N] add:eax,eax mov:ecx,eax mov:rax,qwordptr_[rbp+N] lea:rdx,[rax+rax] mov:rax,qwordptr_[rbp+N] add:rdx,rax mov:rax,qwordptr_[rbp+N] mov:r9d,0 mov:r8d,ecx mov:rcx,rax mov:rax,qwordptr_[rip+N] call:rax mov:dwordptr_[rbp+N],eax cmp:dwordptr_[rbp+N],-1 je:N cmp:dwordptr_[rbp+N],0 je:N mov:eax,dwordptr_[rbp+N] cdqe: shr:rax,1 mov:rdx,rax mov:rax,qwordptr_[rbp+N]",key_callseq,CWE-023,2,1.0,{'CWE-023': 2},0.9922970071978785,61,,,,,,,,_zl17staticreturnstruev|wcslen|memset|.text$_zst6wcschrpww|_zst6wcschrpww|.text$_zst6wcschrpww|_zst6wcschrpww|_znst14basic_ifstreamicst11char_traitsiceec1ev|_znst14basic_ifstreamicst11char_traitsicee4openepkcst13_ios_openmode|_znst14basic_ifstreamicst11char_traitsicee5closeev|_znst14basic_ifstreamicst11char_traitsiceed1ev|_znst14basic_ifstreamicst11char_traitsiceed1ev|_unwind_resume,
BIN_8416577,23447,1,CWE-191,,"push:rbp push:rbx sub:rsp,N lea:rbp,[rsp+N] mov:qwordptr_[rbp-8],0 mov:rax,qwordptr_[rip+N] mov:eax,dwordptr_[rax] cmp:eax,5 jne:N call:N and:eax,1 test:eax,eax je:N call:N cdqe: shl:rax,N mov:rbx,rax call:N cdqe: shl:rax,N xor:rbx,rax call:N cdqe: shl:rax,N xor:rbx,rax call:N cdqe: shl:rax,N xor:rbx,rax call:N cdqe: xor:rax,rbx mov:qwordptr_[rbp-8],rax jmp:N call:N cdqe: shl:rax,N mov:rbx,rax call:N cdqe: shl:rax,N xor:rbx,rax call:N cdqe: shl:rax,N xor:rbx,rax call:N cdqe: shl:rax,N xor:rbx,rax call:N cdqe: xor:rax,rbx not:rax mov:qwordptr_[rbp-8],rax mov:rax,qwordptr_[rip+N] mov:eax,dwordptr_[rax] cmp:eax,5 jne:N cmp:qwordptr_[rbp-8],0 jns:N mov:rax,qwordptr_[rbp-8] add:rax,rax mov:qwordptr_[rbp-N],rax mov:rax,qwordptr_[rbp-N] mov:rcx,rax call:N nop: add:rsp,N pop:rbx pop:rbp ret:",key_len_ins_calls,CWE-190,2,1.0,{'CWE-190': 2},0.9334157541504768,377,,,,,,,,,246|72|12|5
BIN_8445417,31954,1,CWE-253,,"push:rbp push:rbx sub:rsp,N lea:rbp,[rsp+N] mov:eax,dwordptr_[rip+N] cmp:eax,5 jne:N mov:ecx,1 mov:rax,qwordptr_[rip+N] call:rax mov:rbx,rax lea:rax,[rip+N] mov:rcx,rax call:N mov:rdx,rax lea:rax,[rip+N] mov:r9,rbx mov:r8,rdx mov:edx,2 mov:rcx,rax call:N nop: add:rsp,N pop:rbx pop:rbp ret:",key_op_full,CWE-252,2,1.0,{'CWE-252': 2},0.9925788497217068,56,,309fbf75177ec8f5,,,,,,,
BIN_8490395,35475,1,CWE-398,5e4147f2d9c41c01,"push:rbp mov:rbp,rsp sub:rsp,N mov:eax,1 test:eax,eax je:N lea:rax,[rip+N] mov:rcx,rax call:N nop: add:rsp,N pop:rbp ret:",key_body_hex,CWE-546,2,1.0,{'CWE-546': 2},0.9740777666999003,26,,,,,,,,,
BIN_8550262,2416,1,CWE-121,,"push:rbp sub:rsp,N lea:rbp,[rsp+N] mov:eax,dwordptr_[rip+N] test:eax,eax je:N lea:rax,[rbp+N] mov:qwordptr_[rbp+N],rax mov:qwordptr_[rbp+N],0 jmp:N mov:rax,qwordptr_[rbp+N] mov:dwordptr_[rbp+rax*8-N],0 mov:rax,qwordptr_[rbp+N] mov:dwordptr_[rbp+rax*8-N],0 add:qwordptr_[rbp+N],1 cmp:qwordptr_[rbp+N],N jbe:N lea:rdx,[rbp-N] mov:rax,qwordptr_[rbp+N] mov:r8d,N mov:rcx,rax call:N mov:rax,qwordptr_[rbp+N] mov:rcx,rax call:N nop: add:rsp,N pop:rbp ret:",key_len_ins_calls,CWE-590,2,1.0,{'CWE-590': 2},0.9334157541504768,377,,,,,,,,,151|29|2|3
BIN_8595131,39072,1,CWE-416,,"push:rbp mov:rbp,rsp sub:rsp,N mov:qwordptr_[rbp-8],0 lea:rax,[rbp-8] mov:rcx,rax call:N mov:rax,qwordptr_[rbp-8] mov:rax,qwordptr_[rax] mov:rcx,rax call:N nop: add:rsp,N pop:rbp ret:",key_len_ins_calls,CWE-676,2,1.0,{'CWE-676': 2},0.9334157541504768,377,,,,,,,,,50|15|2|0
BIN_8633191,39841,1,CWE-427,,"push:rbp push:rdi sub:rsp,N lea:rbp,[rsp+N] movabs:rax,N mov:edx,N mov:qwordptr_[rbp-N],rax mov:qwordptr_[rbp-N],rdx lea:rdx,[rbp-N] mov:eax,0 mov:ecx,N mov:rdi,rdx rep mov:rdx,rdi mov:dwordptr_[rdx],eax add:rdx,4 lea:rax,[rbp-N] mov:qwordptr_[rbp+N],rax mov:rax,qwordptr_[rbp+N] mov:rcx,rax call:N mov:qwordptr_[rbp+N],rax mov:rax,qwordptr_[rbp+N] sub:rax,N cmp:rax,1 jbe:N mov:ecx,0 mov:rax,qwordptr_[rip+N] call:rax mov:rdx,rax mov:rax,qwordptr_[rbp+N] mov:ecx,eax mov:eax,N sub:eax,ecx mov:r9d,eax mov:rax,qwordptr_[rbp+N] lea:rcx,[rax+rax] mov:rax,qwordptr_[rbp+N] add:rax,rcx mov:r8,rdx mov:edx,r9d mov:rcx,rax call:N test:rax,rax je:N mov:rax,qwordptr_[rbp+N] mov:rcx,rax call:N mov:qwordptr_[rbp+N],rax cmp:qwordptr_[rbp+N],0 je:N mov:rax,qwordptr_[rbp+N] add:rax,rax lea:rdx,[rax-2] mov:rax,qwordptr_[rbp+N] add:rax,rdx movzx:eax,wordptr_[rax] cmp:ax,N jne:N mov:rax,qwordptr_[rbp+N] add:rax,rax lea:rdx,[rax-2] mov:rax,qwordptr_[rbp+N] add:rax,rdx mov:wordptr_[rax],0 jmp:N lea:rax,[rip+N] mov:rcx,rax call:N mov:rax,qwordptr_[rbp+N] lea:rdx,[rax+rax] mov:rax,qwordptr_[rbp+N] add:rax,rdx mov:wordptr_[rax],0 mov:rax,qwordptr_[rbp+N] mov:rcx,rax call:N nop: add:rsp,N pop:rdi pop:rbp ret:",key_len_ins_calls,CWE-134,3,1.0,{'CWE-134': 3},0.9334157541504768,377,,,,,,,,,364|82|6|5
BIN_8716102,35438,1,CWE-398,,"push:rbp mov:rbp,rsp sub:rsp,N mov:dwordptr_[rbp-4],1 mov:eax,dwordptr_[rbp-4] mov:ecx,eax call:N mov:eax,dwordptr_[rbp-4] mov:ecx,eax call:N nop: add:rsp,N pop:rbp ret:",key_op_full,CWE-482,2,1.0,{'CWE-482': 2},0.9925788497217068,56,,c7dd9c27ce90d6f0,,,,,,,
BIN_8716102,35438,1,CWE-398,,"push:rbp mov:rbp,rsp sub:rsp,N mov:dwordptr_[rbp-4],1 mov:eax,dwordptr_[rbp-4] mov:ecx,eax call:N mov:eax,dwordptr_[rbp-4] mov:ecx,eax call:N nop: add:rsp,N pop:rbp ret:",key_len_ins_calls,CWE-482,2,1.0,{'CWE-482': 2},0.9334157541504768,377,,,,,,,,,42|14|2|0
BIN_8733266,37357,1,CWE-401,,"push:rbp mov:rbp,rsp sub:rsp,N mov:qwordptr_[rbp-8],0 movabs:rax,N mov:qwordptr_[rbp-N],rax mov:byteptr_[rbp-9],0 lea:rax,[rbp-N] mov:rcx,rax call:N mov:qwordptr_[rbp-8],rax mov:rax,qwordptr_[rbp-8] mov:rcx,rax call:N mov:dwordptr_[rip+N],1 mov:rax,qwordptr_[rbp-8] mov:rcx,rax call:N nop: add:rsp,N pop:rbp ret:",key_len_ins_calls,CWE-126,4,1.0,{'CWE-126': 4},0.9334157541504768,377,,,,,,,,,91|22|3|0
BIN_8754302,45551,1,CWE-606,,"push:rbp sub:rsp,N lea:rbp,[rsp+N] mov:qwordptr_[rbp+N],0 mov:qwordptr_[rbp+N],0 mov:qwordptr_[rbp+N],0 mov:qwordptr_[rbp+N],0 mov:qwordptr_[rbp+N],0 mov:qwordptr_[rbp+N],0 mov:qwordptr_[rbp+N],0 mov:qwordptr_[rbp+N],0 mov:qwordptr_[rbp+N],0 mov:qwordptr_[rbp+N],0 mov:qwordptr_[rbp+N],0 mov:qwordptr_[rbp+N],0 mov:qwordptr_[rbp+N],0 mov:qwordptr_[rbp+N],0 mov:qwordptr_[rbp+N],0 mov:qwordptr_[rbp+N],0 mov:qwordptr_[rbp+N],0 mov:qwordptr_[rbp+N],0 mov:qwordptr_[rbp+N],0 mov:qwordptr_[rbp+N],0 mov:qwordptr_[rbp+N],0 mov:qwordptr_[rbp+N],0 mov:qwordptr_[rbp+N],0 mov:qwordptr_[rbp+N],0 mov:qwordptr_[rbp+N],0 lea:rax,[rbp+N] mov:qwordptr_[rbp+N],rax mov:dwordptr_[rbp+N],0 mov:qwordptr_[rbp+N],N mov:rax,qwordptr_[rbp+N] mov:rcx,rax call:N mov:qwordptr_[rbp+N],rax lea:rax,[rbp-N] mov:rdx,rax mov:ecx,N mov:rax,qwordptr_[rip+N] call:rax test:eax,eax jne:N mov:dwordptr_[rbp+N],1 mov:r8d,6 mov:edx,1 mov:ecx,2 mov:rax,qwordptr_[rip+N] call:rax mov:qwordptr_[rbp+N],rax cmp:qwordptr_[rbp+N],-1 je:N lea:rax,[rbp+N] mov:r8d,N mov:edx,0 mov:rcx,rax call:N mov:wordptr_[rbp+N],2 lea:rax,[rip+N] mov:rcx,rax mov:rax,qwordptr_[rip+N] call:rax mov:dwordptr_[rbp+N],eax mov:ecx,N mov:rax,qwordptr_[rip+N] call:rax mov:wordptr_[rbp+N],ax lea:rdx,[rbp+N] mov:rax,qwordptr_[rbp+N] mov:r8d,N mov:rcx,rax mov:rax,qwordptr_[rip+N] call:rax cmp:eax,-1 je:N mov:eax,N sub:rax,qwordptr_[rbp+N] add:eax,eax mov:ecx,eax",key_op_full,CWE-134,7,1.0,{'CWE-134': 7},0.9925788497217068,56,,908234c5870bf09c,,,,,,,
BIN_8754302,45551,1,CWE-606,,"push:rbp sub:rsp,N lea:rbp,[rsp+N] mov:qwordptr_[rbp+N],0 mov:qwordptr_[rbp+N],0 mov:qwordptr_[rbp+N],0 mov:qwordptr_[rbp+N],0 mov:qwordptr_[rbp+N],0 mov:qwordptr_[rbp+N],0 mov:qwordptr_[rbp+N],0 mov:qwordptr_[rbp+N],0 mov:qwordptr_[rbp+N],0 mov:qwordptr_[rbp+N],0 mov:qwordptr_[rbp+N],0 mov:qwordptr_[rbp+N],0 mov:qwordptr_[rbp+N],0 mov:qwordptr_[rbp+N],0 mov:qwordptr_[rbp+N],0 mov:qwordptr_[rbp+N],0 mov:qwordptr_[rbp+N],0 mov:qwordptr_[rbp+N],0 mov:qwordptr_[rbp+N],0 mov:qwordptr_[rbp+N],0 mov:qwordptr_[rbp+N],0 mov:qwordptr_[rbp+N],0 mov:qwordptr_[rbp+N],0 mov:qwordptr_[rbp+N],0 mov:qwordptr_[rbp+N],0 lea:rax,[rbp+N] mov:qwordptr_[rbp+N],rax mov:dwordptr_[rbp+N],0 mov:qwordptr_[rbp+N],N mov:rax,qwordptr_[rbp+N] mov:rcx,rax call:N mov:qwordptr_[rbp+N],rax lea:rax,[rbp-N] mov:rdx,rax mov:ecx,N mov:rax,qwordptr_[rip+N] call:rax test:eax,eax jne:N mov:dwordptr_[rbp+N],1 mov:r8d,6 mov:edx,1 mov:ecx,2 mov:rax,qwordptr_[rip+N] call:rax mov:qwordptr_[rbp+N],rax cmp:qwordptr_[rbp+N],-1 je:N lea:rax,[rbp+N] mov:r8d,N mov:edx,0 mov:rcx,rax call:N mov:wordptr_[rbp+N],2 lea:rax,[rip+N] mov:rcx,rax mov:rax,qwordptr_[rip+N] call:rax mov:dwordptr_[rbp+N],eax mov:ecx,N mov:rax,qwordptr_[rip+N] call:rax mov:wordptr_[rbp+N],ax lea:rdx,[rbp+N] mov:rax,qwordptr_[rbp+N] mov:r8d,N mov:rcx,rax mov:rax,qwordptr_[rip+N] call:rax cmp:eax,-1 je:N mov:eax,N sub:rax,qwordptr_[rbp+N] add:eax,eax mov:ecx,eax",key_ins_full,CWE-134,3,1.0,{'CWE-134': 3},0.9870514243433223,70,ac9b64463d7098cb,,,,,,,,
BIN_8754302,45551,1,CWE-606,,"push:rbp sub:rsp,N lea:rbp,[rsp+N] mov:qwordptr_[rbp+N],0 mov:qwordptr_[rbp+N],0 mov:qwordptr_[rbp+N],0 mov:qwordptr_[rbp+N],0 mov:qwordptr_[rbp+N],0 mov:qwordptr_[rbp+N],0 mov:qwordptr_[rbp+N],0 mov:qwordptr_[rbp+N],0 mov:qwordptr_[rbp+N],0 mov:qwordptr_[rbp+N],0 mov:qwordptr_[rbp+N],0 mov:qwordptr_[rbp+N],0 mov:qwordptr_[rbp+N],0 mov:qwordptr_[rbp+N],0 mov:qwordptr_[rbp+N],0 mov:qwordptr_[rbp+N],0 mov:qwordptr_[rbp+N],0 mov:qwordptr_[rbp+N],0 mov:qwordptr_[rbp+N],0 mov:qwordptr_[rbp+N],0 mov:qwordptr_[rbp+N],0 mov:qwordptr_[rbp+N],0 mov:qwordptr_[rbp+N],0 mov:qwordptr_[rbp+N],0 mov:qwordptr_[rbp+N],0 lea:rax,[rbp+N] mov:qwordptr_[rbp+N],rax mov:dwordptr_[rbp+N],0 mov:qwordptr_[rbp+N],N mov:rax,qwordptr_[rbp+N] mov:rcx,rax call:N mov:qwordptr_[rbp+N],rax lea:rax,[rbp-N] mov:rdx,rax mov:ecx,N mov:rax,qwordptr_[rip+N] call:rax test:eax,eax jne:N mov:dwordptr_[rbp+N],1 mov:r8d,6 mov:edx,1 mov:ecx,2 mov:rax,qwordptr_[rip+N] call:rax mov:qwordptr_[rbp+N],rax cmp:qwordptr_[rbp+N],-1 je:N lea:rax,[rbp+N] mov:r8d,N mov:edx,0 mov:rcx,rax call:N mov:wordptr_[rbp+N],2 lea:rax,[rip+N] mov:rcx,rax mov:rax,qwordptr_[rip+N] call:rax mov:dwordptr_[rbp+N],eax mov:ecx,N mov:rax,qwordptr_[rip+N] call:rax mov:wordptr_[rbp+N],ax lea:rdx,[rbp+N] mov:rax,qwordptr_[rbp+N] mov:r8d,N mov:rcx,rax mov:rax,qwordptr_[rip+N] call:rax cmp:eax,-1 je:N mov:eax,N sub:rax,qwordptr_[rbp+N] add:eax,eax mov:ecx,eax",key_len_ins_calls,CWE-134,3,1.0,{'CWE-134': 3},0.9334157541504768,377,,,,,,,,,884|146|13|12
BIN_8759788,46445,1,CWE-675,,"push:rbp mov:rbp,rsp sub:rsp,N mov:qwordptr_[rbp-N],0 mov:dwordptr_[rbp-4],0 jmp:N lea:rdx,[rip+N] lea:rax,[rip+N] mov:rcx,rax call:N mov:qwordptr_[rbp-N],rax mov:rax,qwordptr_[rbp-N] mov:rcx,rax call:N add:dwordptr_[rbp-4],1 cmp:dwordptr_[rbp-4],0 jle:N mov:dwordptr_[rbp-8],0 jmp:N mov:rax,qwordptr_[rbp-N] mov:rcx,rax call:N add:dwordptr_[rbp-8],1 cmp:dwordptr_[rbp-8],0 jle:N nop: nop: add:rsp,N pop:rbp ret:",key_marker_tail,CWE-415,2,1.0,{'CWE-415': 2},0.9945901446548278,46,,,,,,,2e8df54e4d9a2729,,
BIN_8781695,35180,1,CWE-390,,"push:rbp mov:rbp,rsp sub:rsp,N mov:dwordptr_[rbp-4],0 jmp:N mov:rax,qwordptr_[rip+N] call:rax mov:dwordptr_[rax],0 mov:rax,qwordptr_[rip+N] movq:xmm0,rax call:N movq:rax,xmm0 mov:qwordptr_[rbp-N],rax mov:rax,qwordptr_[rip+N] call:rax mov:rax,qwordptr_[rbp-N] movq:xmm0,rax call:N add:dwordptr_[rbp-4],1 cmp:dwordptr_[rbp-4],0 jle:N nop: nop: add:rsp,N pop:rbp ret:",key_len_ins_calls,CWE-401,3,1.0,{'CWE-401': 3},0.9334157541504768,377,,,,,,,,,99|26|4|2
BIN_8826313,30841,1,CWE-023,,"push:rbp push:rdi sub:rsp,N lea:rbp,[rsp+N] lea:rax,[rbp+N] mov:qwordptr_[rbp+N],rax lea:rax,[rbp+N] mov:qwordptr_[rbp+N],rax movabs:rax,N movabs:rdx,N mov:qwordptr_[rbp+N],rax mov:qwordptr_[rbp+N],rdx lea:rdx,[rbp+N] mov:eax,0 mov:ecx,N mov:rdi,rdx rep lea:rax,[rbp+N] mov:qwordptr_[rbp+N],rax mov:rax,qwordptr_[rbp+N] mov:rax,qwordptr_[rax] mov:qwordptr_[rbp+N],rax mov:dwordptr_[rbp+N],0 mov:qwordptr_[rbp+N],N mov:qwordptr_[rbp+N],N mov:rax,qwordptr_[rbp+N] mov:rcx,rax call:N mov:qwordptr_[rbp+N],rax lea:rax,[rbp-N] mov:rdx,rax mov:ecx,N mov:rax,qwordptr_[rip+N] call:rax test:eax,eax setne:al test:al,al jne:N mov:dwordptr_[rbp+N],1 mov:r8d,6 mov:edx,1 mov:ecx,2 mov:rax,qwordptr_[rip+N] call:rax mov:qwordptr_[rbp+N],rax cmp:qwordptr_[rbp+N],-1 je:N lea:rax,[rbp+N] mov:r8d,N mov:edx,0 mov:rcx,rax call:N mov:wordptr_[rbp+N],2 mov:dwordptr_[rbp+N],0 mov:ecx,N mov:rax,qwordptr_[rip+N] call:rax mov:wordptr_[rbp+N],ax lea:rdx,[rbp+N] mov:rax,qwordptr_[rbp+N] mov:r8d,N mov:rcx,rax mov:rax,qwordptr_[rip+N] call:rax cmp:eax,-1 sete:al test:al,al jne:N mov:rax,qwordptr_[rbp+N] mov:edx,5 mov:rcx,rax mov:rax,qwordptr_[rip+N] call:rax cmp:eax,-1 sete:al test:al,al jne:N mov:rax,qwordptr_[rbp+N] mov:r8d,0 mov:edx,0 mov:rcx,rax mov:rax,qwordptr_[rip+N] call:rax mov:qwordptr_[rbp+N],rax cmp:qwordptr_[rbp+N],-1 je:N mov:eax,N sub:rax,qwordptr_[rbp+N] add:eax,eax mov:ecx,eax",key_ins_tail24,CWE-036,2,1.0,{'CWE-036': 2},0.9919796954314721,79,,,,,ac61723c11a15774,,,,
BIN_8826313,30841,1,CWE-023,,"push:rbp push:rdi sub:rsp,N lea:rbp,[rsp+N] lea:rax,[rbp+N] mov:qwordptr_[rbp+N],rax lea:rax,[rbp+N] mov:qwordptr_[rbp+N],rax movabs:rax,N movabs:rdx,N mov:qwordptr_[rbp+N],rax mov:qwordptr_[rbp+N],rdx lea:rdx,[rbp+N] mov:eax,0 mov:ecx,N mov:rdi,rdx rep lea:rax,[rbp+N] mov:qwordptr_[rbp+N],rax mov:rax,qwordptr_[rbp+N] mov:rax,qwordptr_[rax] mov:qwordptr_[rbp+N],rax mov:dwordptr_[rbp+N],0 mov:qwordptr_[rbp+N],N mov:qwordptr_[rbp+N],N mov:rax,qwordptr_[rbp+N] mov:rcx,rax call:N mov:qwordptr_[rbp+N],rax lea:rax,[rbp-N] mov:rdx,rax mov:ecx,N mov:rax,qwordptr_[rip+N] call:rax test:eax,eax setne:al test:al,al jne:N mov:dwordptr_[rbp+N],1 mov:r8d,6 mov:edx,1 mov:ecx,2 mov:rax,qwordptr_[rip+N] call:rax mov:qwordptr_[rbp+N],rax cmp:qwordptr_[rbp+N],-1 je:N lea:rax,[rbp+N] mov:r8d,N mov:edx,0 mov:rcx,rax call:N mov:wordptr_[rbp+N],2 mov:dwordptr_[rbp+N],0 mov:ecx,N mov:rax,qwordptr_[rip+N] call:rax mov:wordptr_[rbp+N],ax lea:rdx,[rbp+N] mov:rax,qwordptr_[rbp+N] mov:r8d,N mov:rcx,rax mov:rax,qwordptr_[rip+N] call:rax cmp:eax,-1 sete:al test:al,al jne:N mov:rax,qwordptr_[rbp+N] mov:edx,5 mov:rcx,rax mov:rax,qwordptr_[rip+N] call:rax cmp:eax,-1 sete:al test:al,al jne:N mov:rax,qwordptr_[rbp+N] mov:r8d,0 mov:edx,0 mov:rcx,rax mov:rax,qwordptr_[rip+N] call:rax mov:qwordptr_[rbp+N],rax cmp:qwordptr_[rbp+N],-1 je:N mov:eax,N sub:rax,qwordptr_[rbp+N] add:eax,eax mov:ecx,eax",key_ins_tail30,CWE-036,2,1.0,{'CWE-036': 2},0.9905738187816661,80,,,,a71383e889e1decf,,,,,
BIN_8853163,25494,1,CWE-191,,"push:rbp mov:rbp,rsp sub:rsp,N mov:dwordptr_[rbp-4],0 mov:eax,dwordptr_[rip+N] cmp:eax,5 jne:N mov:qwordptr_[rbp-N],0 mov:qwordptr_[rbp-N],0 mov:ecx,0 mov:rax,qwordptr_[rip+N] call:rax mov:rdx,rax lea:rax,[rbp-N] mov:r8,rdx mov:edx,N mov:rcx,rax call:N test:rax,rax je:N lea:rax,[rbp-N] mov:rcx,rax call:N mov:dwordptr_[rbp-4],eax jmp:N lea:rax,[rip+N] mov:rcx,rax call:N mov:eax,dwordptr_[rip+N] cmp:eax,5 jne:N sub:dwordptr_[rbp-4],1 mov:eax,dwordptr_[rbp-4] mov:dwordptr_[rbp-8],eax mov:eax,dwordptr_[rbp-8] mov:ecx,eax call:N nop: add:rsp,N pop:rbp ret:",key_len_ins_calls,CWE-190,2,1.0,{'CWE-190': 2},0.9334157541504768,377,,,,,,,,,154|41|5|4
BIN_8856620,45605,1,CWE-606,,"push:rbp sub:rsp,N lea:rbp,[rsp+N] mov:qwordptr_[rbp-N],0 mov:qwordptr_[rbp-N],0 mov:qwordptr_[rbp-N],0 mov:qwordptr_[rbp-N],0 mov:qwordptr_[rbp-N],0 mov:qwordptr_[rbp-N],0 mov:qwordptr_[rbp-N],0 mov:qwordptr_[rbp-N],0 mov:qwordptr_[rbp-N],0 mov:qwordptr_[rbp-N],0 mov:qwordptr_[rbp-N],0 mov:qwordptr_[rbp-8],0 mov:qwordptr_[rbp],0 mov:qwordptr_[rbp+8],0 mov:qwordptr_[rbp+N],0 mov:qwordptr_[rbp+N],0 mov:qwordptr_[rbp+N],0 mov:qwordptr_[rbp+N],0 mov:qwordptr_[rbp+N],0 mov:qwordptr_[rbp+N],0 mov:qwordptr_[rbp+N],0 mov:qwordptr_[rbp+N],0 mov:qwordptr_[rbp+N],0 mov:qwordptr_[rbp+N],0 mov:qwordptr_[rbp+N],0 lea:rax,[rbp-N] mov:qwordptr_[rbp+N],rax mov:rax,qwordptr_[rbp+N] mov:rcx,rax call:N mov:qwordptr_[rbp+N],rax mov:rax,qwordptr_[rbp+N] sub:rax,N cmp:rax,1 jbe:N mov:ecx,0 mov:rax,qwordptr_[rip+N] call:rax mov:rdx,rax mov:rax,qwordptr_[rbp+N] mov:ecx,eax mov:eax,N sub:eax,ecx mov:r9d,eax mov:rax,qwordptr_[rbp+N] lea:rcx,[rax+rax] mov:rax,qwordptr_[rbp+N] add:rax,rcx mov:r8,rdx mov:edx,r9d mov:rcx,rax call:N test:rax,rax je:N mov:rax,qwordptr_[rbp+N] mov:rcx,rax call:N mov:qwordptr_[rbp+N],rax cmp:qwordptr_[rbp+N],0 je:N mov:rax,qwordptr_[rbp+N] add:rax,rax lea:rdx,[rax-2] mov:rax,qwordptr_[rbp+N] add:rax,rdx movzx:eax,wordptr_[rax] cmp:ax,N jne:N mov:rax,qwordptr_[rbp+N] add:rax,rax lea:rdx,[rax-2] mov:rax,qwordptr_[rbp+N] add:rax,rdx mov:wordptr_[rax],0 jmp:N lea:rax,[rip+N] mov:rc",key_ins_full,CWE-134,5,1.0,{'CWE-134': 5},0.9870514243433223,70,0a5d19c95a82f41d,,,,,,,,
BIN_8856620,45605,1,CWE-606,,"push:rbp sub:rsp,N lea:rbp,[rsp+N] mov:qwordptr_[rbp-N],0 mov:qwordptr_[rbp-N],0 mov:qwordptr_[rbp-N],0 mov:qwordptr_[rbp-N],0 mov:qwordptr_[rbp-N],0 mov:qwordptr_[rbp-N],0 mov:qwordptr_[rbp-N],0 mov:qwordptr_[rbp-N],0 mov:qwordptr_[rbp-N],0 mov:qwordptr_[rbp-N],0 mov:qwordptr_[rbp-N],0 mov:qwordptr_[rbp-8],0 mov:qwordptr_[rbp],0 mov:qwordptr_[rbp+8],0 mov:qwordptr_[rbp+N],0 mov:qwordptr_[rbp+N],0 mov:qwordptr_[rbp+N],0 mov:qwordptr_[rbp+N],0 mov:qwordptr_[rbp+N],0 mov:qwordptr_[rbp+N],0 mov:qwordptr_[rbp+N],0 mov:qwordptr_[rbp+N],0 mov:qwordptr_[rbp+N],0 mov:qwordptr_[rbp+N],0 mov:qwordptr_[rbp+N],0 lea:rax,[rbp-N] mov:qwordptr_[rbp+N],rax mov:rax,qwordptr_[rbp+N] mov:rcx,rax call:N mov:qwordptr_[rbp+N],rax mov:rax,qwordptr_[rbp+N] sub:rax,N cmp:rax,1 jbe:N mov:ecx,0 mov:rax,qwordptr_[rip+N] call:rax mov:rdx,rax mov:rax,qwordptr_[rbp+N] mov:ecx,eax mov:eax,N sub:eax,ecx mov:r9d,eax mov:rax,qwordptr_[rbp+N] lea:rcx,[rax+rax] mov:rax,qwordptr_[rbp+N] add:rax,rcx mov:r8,rdx mov:edx,r9d mov:rcx,rax call:N test:rax,rax je:N mov:rax,qwordptr_[rbp+N] mov:rcx,rax call:N mov:qwordptr_[rbp+N],rax cmp:qwordptr_[rbp+N],0 je:N mov:rax,qwordptr_[rbp+N] add:rax,rax lea:rdx,[rax-2] mov:rax,qwordptr_[rbp+N] add:rax,rdx movzx:eax,wordptr_[rax] cmp:ax,N jne:N mov:rax,qwordptr_[rbp+N] add:rax,rax lea:rdx,[rax-2] mov:rax,qwordptr_[rbp+N] add:rax,rdx mov:wordptr_[rax],0 jmp:N lea:rax,[rip+N] mov:rc",key_len_ins_calls,CWE-134,5,1.0,{'CWE-134': 5},0.9334157541504768,377,,,,,,,,,457|93|6|5
BIN_8858945,19199,1,CWE-190,,"push:rbp mov:rbp,rsp sub:rsp,N mov:byteptr_[rbp-1],N mov:rax,qwordptr_[rip+N] mov:eax,dwordptr_[rax] cmp:eax,5 jne:N mov:byteptr_[rbp-1],N mov:rax,qwordptr_[rip+N] mov:eax,dwordptr_[rax] cmp:eax,5 jne:N cmp:byteptr_[rbp-1],0 jle:N movzx:eax,byteptr_[rbp-1] add:eax,eax mov:byteptr_[rbp-2],al movsx:eax,byteptr_[rbp-2] mov:ecx,eax call:N nop: add:rsp,N pop:rbp ret:",key_len_ins_calls,CWE-191,2,1.0,{'CWE-191': 2},0.9334157541504768,377,,,,,,,,,77|25|1|3
BIN_8898107,38700,1,CWE-415,,"push:rbp mov:rbp,rsp sub:rsp,N mov:qwordptr_[rbp-N],0 mov:dwordptr_[rbp-4],0 jmp:N mov:ecx,4 call:N mov:qwordptr_[rbp-N],rax mov:rax,qwordptr_[rbp-N] test:rax,rax je:N mov:edx,4 mov:rcx,rax call:N add:dwordptr_[rbp-4],1 cmp:dwordptr_[rbp-4],0 jle:N mov:dwordptr_[rbp-8],0 jmp:N mov:rax,qwordptr_[rbp-N] test:rax,rax je:N mov:edx,4 mov:rcx,rax call:N add:dwordptr_[rbp-8],1 cmp:dwordptr_[rbp-8],0 jle:N nop: nop: add:rsp,N pop:rbp ret:",key_ins_tail18,CWE-762,4,1.0,{'CWE-762': 4},0.9933922671667114,74,,,,,,bb69668774c91858,,,
BIN_8907569,34431,1,CWE-036,,"push:rbp push:rdi sub:rsp,N lea:rbp,[rsp+N] lea:rdx,[rbp-N] mov:eax,0 mov:ecx,N mov:rdi,rdx rep lea:rax,[rbp-N] mov:qwordptr_[rbp+N],rax mov:rax,qwordptr_[rbp+N] mov:rcx,rax call:N mov:qwordptr_[rbp+N],rax lea:rax,[rip+N] mov:rcx,rax mov:rax,qwordptr_[rip+N] call:rax mov:qwordptr_[rbp+N],rax cmp:qwordptr_[rbp+N],0 je:N mov:eax,N sub:rax,qwordptr_[rbp+N] mov:rdx,rax mov:rax,qwordptr_[rbp+N] lea:rcx,[rax+rax] mov:rax,qwordptr_[rbp+N] add:rcx,rax mov:rax,qwordptr_[rbp+N] mov:r8,rdx mov:rdx,rax call:N mov:rax,qwordptr_[rbp+N] mov:qwordptr_[rbp+N],rax mov:rax,qwordptr_[rbp+N] mov:qwordptr_[rbp+N],rax mov:qwordptr_[rbp+N],0 lea:rdx,[rip+N] mov:rax,qwordptr_[rbp+N] mov:rcx,rax mov:rax,qwordptr_[rip+N] call:rax mov:qwordptr_[rbp+N],rax cmp:qwordptr_[rbp+N],0 je:N mov:rax,qwordptr_[rbp+N] mov:rcx,rax call:N nop: add:rsp,N pop:rdi pop:rbp ret:",key_ins_tail24,CWE-023,2,1.0,{'CWE-023': 2},0.9919796954314721,79,,,,,f30702cbc0074474,,,,
BIN_8907569,34431,1,CWE-036,,"push:rbp push:rdi sub:rsp,N lea:rbp,[rsp+N] lea:rdx,[rbp-N] mov:eax,0 mov:ecx,N mov:rdi,rdx rep lea:rax,[rbp-N] mov:qwordptr_[rbp+N],rax mov:rax,qwordptr_[rbp+N] mov:rcx,rax call:N mov:qwordptr_[rbp+N],rax lea:rax,[rip+N] mov:rcx,rax mov:rax,qwordptr_[rip+N] call:rax mov:qwordptr_[rbp+N],rax cmp:qwordptr_[rbp+N],0 je:N mov:eax,N sub:rax,qwordptr_[rbp+N] mov:rdx,rax mov:rax,qwordptr_[rbp+N] lea:rcx,[rax+rax] mov:rax,qwordptr_[rbp+N] add:rcx,rax mov:rax,qwordptr_[rbp+N] mov:r8,rdx mov:rdx,rax call:N mov:rax,qwordptr_[rbp+N] mov:qwordptr_[rbp+N],rax mov:rax,qwordptr_[rbp+N] mov:qwordptr_[rbp+N],rax mov:qwordptr_[rbp+N],0 lea:rdx,[rip+N] mov:rax,qwordptr_[rbp+N] mov:rcx,rax mov:rax,qwordptr_[rip+N] call:rax mov:qwordptr_[rbp+N],rax cmp:qwordptr_[rbp+N],0 je:N mov:rax,qwordptr_[rbp+N] mov:rcx,rax call:N nop: add:rsp,N pop:rdi pop:rbp ret:",key_ins_tail30,CWE-023,2,1.0,{'CWE-023': 2},0.9905738187816661,80,,,,b73f6394a4d2becf,,,,,
BIN_8907569,34431,1,CWE-036,,"push:rbp push:rdi sub:rsp,N lea:rbp,[rsp+N] lea:rdx,[rbp-N] mov:eax,0 mov:ecx,N mov:rdi,rdx rep lea:rax,[rbp-N] mov:qwordptr_[rbp+N],rax mov:rax,qwordptr_[rbp+N] mov:rcx,rax call:N mov:qwordptr_[rbp+N],rax lea:rax,[rip+N] mov:rcx,rax mov:rax,qwordptr_[rip+N] call:rax mov:qwordptr_[rbp+N],rax cmp:qwordptr_[rbp+N],0 je:N mov:eax,N sub:rax,qwordptr_[rbp+N] mov:rdx,rax mov:rax,qwordptr_[rbp+N] lea:rcx,[rax+rax] mov:rax,qwordptr_[rbp+N] add:rcx,rax mov:rax,qwordptr_[rbp+N] mov:r8,rdx mov:rdx,rax call:N mov:rax,qwordptr_[rbp+N] mov:qwordptr_[rbp+N],rax mov:rax,qwordptr_[rbp+N] mov:qwordptr_[rbp+N],rax mov:qwordptr_[rbp+N],0 lea:rdx,[rip+N] mov:rax,qwordptr_[rbp+N] mov:rcx,rax mov:rax,qwordptr_[rip+N] call:rax mov:qwordptr_[rbp+N],rax cmp:qwordptr_[rbp+N],0 je:N mov:rax,qwordptr_[rbp+N] mov:rcx,rax call:N nop: add:rsp,N pop:rdi pop:rbp ret:",key_ins_tail36,CWE-023,2,1.0,{'CWE-023': 2},0.9869588599085776,97,,,6a458fb06ae0f156,,,,,,
BIN_8907680,8788,1,CWE-122,,"push:rbp mov:rbp,rsp sub:rsp,N mov:qwordptr_[rbp-N],0 mov:dwordptr_[rbp-4],0 jmp:N mov:ecx,N call:N mov:qwordptr_[rbp-N],rax cmp:qwordptr_[rbp-N],0 jne:N mov:ecx,N call:N mov:rax,qwordptr_[rbp-N] mov:byteptr_[rax],0 add:dwordptr_[rbp-4],1 cmp:dwordptr_[rbp-4],0 jle:N lea:rax,[rbp-N] mov:r8d,N mov:edx,N mov:rcx,rax call:N mov:byteptr_[rbp-N],0 lea:rdx,[rbp-N] mov:rax,qwordptr_[rbp-N] mov:r8d,N mov:rcx,rax call:N mov:rax,qwordptr_[rbp-N] add:rax,N mov:byteptr_[rax],0 mov:rax,qwordptr_[rbp-N] mov:rcx,rax call:N mov:rax,qwordptr_[rbp-N] mov:rcx,rax call:N nop: add:rsp,N pop:rbp ret:",key_len_ins_calls,CWE-401,3,1.0,{'CWE-401': 3},0.9334157541504768,377,,,,,,,,,170|42|6|3
BIN_8909534,1630,1,CWE-121,,"push:rbp sub:rsp,N lea:rbp,[rsp+N] lea:rax,[rbp+N] mov:qwordptr_[rbp+N],rax mov:rax,qwordptr_[rbp+N] mov:byteptr_[rax],0 mov:rax,qwordptr_[rbp+N] mov:qwordptr_[rbp+N],rax mov:rax,qwordptr_[rbp+N] mov:qwordptr_[rbp+N],rax lea:rax,[rbp-N] mov:r8d,N mov:edx,N mov:rcx,rax call:N mov:byteptr_[rbp+3],0 lea:rdx,[rbp-N] mov:rax,qwordptr_[rbp+N] mov:r8d,N mov:rcx,rax call:N mov:rax,qwordptr_[rbp+N] add:rax,N mov:byteptr_[rax],0 mov:rax,qwordptr_[rbp+N] mov:rcx,rax call:N nop: add:rsp,N pop:rbp ret:",key_ins_tail24,CWE-124,4,1.0,{'CWE-124': 4},0.9919796954314721,79,,,,,7b57b1b969f21258,,,,
BIN_8943282,4949,1,CWE-126,,"push:rbp mov:rbp,rsp sub:rsp,N mov:eax,5 cmp:eax,5 jne:N mov:ecx,N call:N mov:qwordptr_[rbp-8],rax cmp:qwordptr_[rbp-8],0 jne:N mov:ecx,N call:N mov:rax,qwordptr_[rbp-8] lea:rdx,[rip+N] mov:qwordptr_[rax+N],rdx mov:rax,qwordptr_[rbp-8] mov:rax,qwordptr_[rax+N] mov:rcx,rax call:N mov:rax,qwordptr_[rbp-8] lea:rdx,[rip+N] mov:r8d,N mov:rcx,rax call:N mov:rax,qwordptr_[rbp-8] mov:byteptr_[rax+N],0 mov:rax,qwordptr_[rbp-8] mov:rcx,rax call:N mov:rax,qwordptr_[rbp-8] mov:rax,qwordptr_[rax+N] mov:rcx,rax call:N mov:rax,qwordptr_[rbp-8] mov:rcx,rax call:N nop: add:rsp,N pop:rbp ret:",key_ins_tail36,CWE-122,2,1.0,{'CWE-122': 2},0.9869588599085776,97,,,7e271fb9cf567b0c,,,,,,
BIN_8970634,1633,1,CWE-121,,"push:rbp sub:rsp,N lea:rbp,[rsp+N] lea:rax,[rbp+N] mov:qwordptr_[rbp+N],rax mov:rax,qwordptr_[rbp+N] mov:byteptr_[rax],0 mov:rax,qwordptr_[rbp+N] mov:qwordptr_[rbp+N],rax mov:rax,qwordptr_[rbp+N] mov:qwordptr_[rbp+N],rax lea:rax,[rbp-N] mov:r8d,N mov:edx,N mov:rcx,rax call:N mov:byteptr_[rbp+3],0 lea:rdx,[rbp-N] mov:rax,qwordptr_[rbp+N] mov:r8d,N mov:rcx,rax call:N mov:rax,qwordptr_[rbp+N] add:rax,N mov:byteptr_[rax],0 mov:rax,qwordptr_[rbp+N] mov:rcx,rax call:N nop: add:rsp,N pop:rbp ret:",key_ins_tail24,CWE-124,4,1.0,{'CWE-124': 4},0.9919796954314721,79,,,,,7b57b1b969f21258,,,,
BIN_9064564,23695,1,CWE-191,,"push:rbp mov:rbp,rsp sub:rsp,N lea:rax,[rbp-N] mov:qwordptr_[rbp-N],rax lea:rax,[rbp-N] mov:qwordptr_[rbp-N],rax mov:dwordptr_[rbp-N],0 mov:rax,qwordptr_[rbp-N] mov:eax,dwordptr_[rax] mov:dwordptr_[rbp-4],eax mov:qwordptr_[rbp-N],0 mov:qwordptr_[rbp-N],0 mov:ecx,0 mov:rax,qwordptr_[rip+N] call:rax mov:rdx,rax lea:rax,[rbp-N] mov:r8,rdx mov:edx,N mov:rcx,rax call:N test:rax,rax je:N lea:rax,[rbp-N] mov:rcx,rax call:N mov:dwordptr_[rbp-4],eax jmp:N lea:rax,[rip+N] mov:rcx,rax call:N mov:rax,qwordptr_[rbp-N] mov:edx,dwordptr_[rbp-4] mov:dwordptr_[rax],edx mov:rax,qwordptr_[rbp-N] mov:eax,dwordptr_[rax] mov:dwordptr_[rbp-N],eax mov:eax,dwordptr_[rbp-N] sub:eax,1 mov:dwordptr_[rbp-N],eax mov:eax,dwordptr_[rbp-N] mov:ecx,eax call:N nop: add:rsp,N pop:rbp ret:",key_marker_tail,CWE-190,2,1.0,{'CWE-190': 2},0.9945901446548278,46,,,,,,,5c6385cae91cff21,,
BIN_9064564,23695,1,CWE-191,,"push:rbp mov:rbp,rsp sub:rsp,N lea:rax,[rbp-N] mov:qwordptr_[rbp-N],rax lea:rax,[rbp-N] mov:qwordptr_[rbp-N],rax mov:dwordptr_[rbp-N],0 mov:rax,qwordptr_[rbp-N] mov:eax,dwordptr_[rax] mov:dwordptr_[rbp-4],eax mov:qwordptr_[rbp-N],0 mov:qwordptr_[rbp-N],0 mov:ecx,0 mov:rax,qwordptr_[rip+N] call:rax mov:rdx,rax lea:rax,[rbp-N] mov:r8,rdx mov:edx,N mov:rcx,rax call:N test:rax,rax je:N lea:rax,[rbp-N] mov:rcx,rax call:N mov:dwordptr_[rbp-4],eax jmp:N lea:rax,[rip+N] mov:rcx,rax call:N mov:rax,qwordptr_[rbp-N] mov:edx,dwordptr_[rbp-4] mov:dwordptr_[rax],edx mov:rax,qwordptr_[rbp-N] mov:eax,dwordptr_[rax] mov:dwordptr_[rbp-N],eax mov:eax,dwordptr_[rbp-N] sub:eax,1 mov:dwordptr_[rbp-N],eax mov:eax,dwordptr_[rbp-N] mov:ecx,eax call:N nop: add:rsp,N pop:rbp ret:",key_len_ins_calls,CWE-190,2,1.0,{'CWE-190': 2},0.9334157541504768,377,,,,,,,,,174|48|5|2
BIN_9131213,24202,1,CWE-191,,"push:rbp mov:rbp,rsp sub:rsp,N mov:wordptr_[rbp-2],0 mov:wordptr_[rbp-2],N cmp:wordptr_[rbp-2],0 jns:N movzx:eax,wordptr_[rbp-2] add:eax,eax mov:wordptr_[rbp-4],ax movsx:eax,wordptr_[rbp-4] mov:ecx,eax call:N nop: add:rsp,N pop:rbp ret:",key_len_ins_calls,CWE-190,2,1.0,{'CWE-190': 2},0.9334157541504768,377,,,,,,,,,55|17|1|1
BIN_9136089,28951,1,CWE-197,,"push:rbp mov:rbp,rsp sub:rsp,N mov:wordptr_[rbp-2],N mov:eax,1 test:eax,eax je:N mov:wordptr_[rbp-2],N movzx:eax,wordptr_[rbp-2] mov:byteptr_[rbp-3],al movsx:eax,byteptr_[rbp-3] mov:ecx,eax call:N nop: add:rsp,N pop:rbp ret:",key_len_ins_calls,CWE-587,2,1.0,{'CWE-587': 2},0.9334157541504768,377,,,,,,,,,54|17|1|1
BIN_9137443,47424,1,CWE-690,,"push:rbp mov:rbp,rsp sub:rsp,N mov:qwordptr_[rbp-8],0 lea:rdx,[rip+N] lea:rax,[rip+N] mov:rcx,rax call:N mov:qwordptr_[rbp-8],rax mov:rax,qwordptr_[rbp-8] mov:qwordptr_[rbp-N],rax mov:rax,qwordptr_[rbp-N] mov:qwordptr_[rbp-N],rax mov:rax,qwordptr_[rbp-N] mov:rcx,rax call:N nop: add:rsp,N pop:rbp ret:",key_marker_tail,CWE-762,26,1.0,{'CWE-762': 26},0.9945901446548278,46,,,,,,,520748dcf0a08ae5,,
BIN_9148389,15636,1,CWE-127,,"push:rbp sub:rsp,N lea:rbp,[rsp+N] mov:qwordptr_[rbp+N],0 mov:eax,dwordptr_[rip+N] cmp:eax,5 jne:N mov:ecx,N call:N mov:qwordptr_[rbp+N],rax cmp:qwordptr_[rbp+N],0 jne:N mov:ecx,N call:N mov:rax,qwordptr_[rbp+N] mov:r8d,N mov:edx,N mov:rcx,rax call:N mov:rax,qwordptr_[rbp+N] add:rax,N mov:wordptr_[rax],0 mov:rax,qwordptr_[rbp+N] sub:rax,N mov:qwordptr_[rbp+N],rax lea:rax,[rbp-N] mov:r8d,N mov:edx,N mov:rcx,rax call:N mov:wordptr_[rbp+N],0 lea:rax,[rbp-N] mov:rcx,rax call:N mov:rcx,rax mov:rdx,qwordptr_[rbp+N] lea:rax,[rbp-N] mov:r8,rcx mov:rcx,rax call:N mov:wordptr_[rbp+N],0 lea:rax,[rbp-N] mov:rcx,rax call:N nop: add:rsp,N pop:rbp ret:",key_len_ins_calls,CWE-122,3,1.0,{'CWE-122': 3},0.9334157541504768,377,,,,,,,,,207|48|7|2
BIN_9225616,16525,1,CWE-127,,"push:rbp sub:rsp,N lea:rbp,[rsp+N] lea:rax,[rbp+N] mov:r8d,N mov:edx,N mov:rcx,rax call:N mov:wordptr_[rbp+N],0 call:N test:eax,eax je:N lea:rax,[rbp+N] sub:rax,N mov:qwordptr_[rbp+N],rax lea:rax,[rbp-N] mov:r8d,N mov:edx,N mov:rcx,rax call:N mov:wordptr_[rbp+N],0 lea:rax,[rbp-N] mov:rcx,rax call:N mov:rcx,rax mov:rdx,qwordptr_[rbp+N] lea:rax,[rbp-N] mov:r8,rcx mov:rcx,rax call:N mov:wordptr_[rbp+N],0 lea:rax,[rbp-N] mov:rcx,rax call:N nop: add:rsp,N pop:rbp ret:",key_len_ins_calls,CWE-122,7,1.0,{'CWE-122': 7},0.9334157541504768,377,,,,,,,,,166|38|6|1
BIN_9235824,42303,1,CWE-563,,"push:rbp mov:rbp,rsp sub:rsp,N mov:eax,dwordptr_[rip+N] cmp:eax,5 jne:N mov:byteptr_[rbp-1],N mov:eax,dwordptr_[rip+N] cmp:eax,5 jne:N mov:byteptr_[rbp-1],N movsx:eax,byteptr_[rbp-1] mov:ecx,eax call:N nop: add:rsp,N pop:rbp ret:",key_len_ins_calls,CWE-476,6,1.0,{'CWE-476': 6},0.9334157541504768,377,,,,,,,,,56|18|1|2
BIN_9254053,47314,1,CWE-690,,"push:rbp mov:rbp,rsp sub:rsp,N mov:qwordptr_[rbp-8],0 mov:ecx,N call:N mov:qwordptr_[rbp-8],rax mov:rax,qwordptr_[rip+N] mov:eax,dwordptr_[rax] test:eax,eax je:N mov:rax,qwordptr_[rbp-8] movabs:rdx,N mov:qwordptr_[rax],rdx mov:dwordptr_[rax+7],N mov:rax,qwordptr_[rbp-8] mov:rcx,rax call:N mov:rax,qwordptr_[rbp-8] mov:rcx,rax call:N nop: add:rsp,N pop:rbp ret:",key_len_ins_calls,CWE-590,2,1.0,{'CWE-590': 2},0.9334157541504768,377,,,,,,,,,98|25|3|1
BIN_9302164,33812,1,CWE-036,,"push:rbp push:rdi sub:rsp,N lea:rbp,[rsp+N] lea:rdx,[rbp-N] mov:eax,0 mov:ecx,N mov:rdi,rdx rep mov:rdx,rdi mov:dwordptr_[rdx],eax add:rdx,4 lea:rax,[rbp-N] mov:qwordptr_[rbp+N],rax mov:rax,qwordptr_[rbp+N] mov:rcx,rax call:N mov:qwordptr_[rbp+N],rax mov:rax,qwordptr_[rbp+N] sub:rax,N cmp:rax,1 jbe:N lea:rdx,[rip+N] lea:rax,[rip+N] mov:rcx,rax call:N mov:qwordptr_[rbp+N],rax cmp:qwordptr_[rbp+N],0 je:N mov:rax,qwordptr_[rbp+N] mov:edx,eax mov:eax,N sub:eax,edx mov:ecx,eax mov:rdx,qwordptr_[rbp+N] mov:rax,qwordptr_[rbp+N] add:rax,rdx mov:rdx,qwordptr_[rbp+N] mov:r8,rdx mov:edx,ecx mov:rcx,rax call:N test:rax,rax sete:al test:al,al je:N lea:rax,[rip+N] mov:rcx,rax call:N mov:rdx,qwordptr_[rbp+N] mov:rax,qwordptr_[rbp+N] add:rax,rdx mov:byteptr_[rax],0 mov:rax,qwordptr_[rbp+N] mov:rcx,rax call:N mov:rax,qwordptr_[rbp+N] mov:qwordptr_[rip+N],rax call:N nop: add:rsp,N pop:rdi pop:rbp ret:",key_ins_tail18,CWE-023,2,1.0,{'CWE-023': 2},0.9933922671667114,74,,,,,,a52d8fdfb34b5df3,,,
BIN_9302164,33812,1,CWE-036,,"push:rbp push:rdi sub:rsp,N lea:rbp,[rsp+N] lea:rdx,[rbp-N] mov:eax,0 mov:ecx,N mov:rdi,rdx rep mov:rdx,rdi mov:dwordptr_[rdx],eax add:rdx,4 lea:rax,[rbp-N] mov:qwordptr_[rbp+N],rax mov:rax,qwordptr_[rbp+N] mov:rcx,rax call:N mov:qwordptr_[rbp+N],rax mov:rax,qwordptr_[rbp+N] sub:rax,N cmp:rax,1 jbe:N lea:rdx,[rip+N] lea:rax,[rip+N] mov:rcx,rax call:N mov:qwordptr_[rbp+N],rax cmp:qwordptr_[rbp+N],0 je:N mov:rax,qwordptr_[rbp+N] mov:edx,eax mov:eax,N sub:eax,edx mov:ecx,eax mov:rdx,qwordptr_[rbp+N] mov:rax,qwordptr_[rbp+N] add:rax,rdx mov:rdx,qwordptr_[rbp+N] mov:r8,rdx mov:edx,ecx mov:rcx,rax call:N test:rax,rax sete:al test:al,al je:N lea:rax,[rip+N] mov:rcx,rax call:N mov:rdx,qwordptr_[rbp+N] mov:rax,qwordptr_[rbp+N] add:rax,rdx mov:byteptr_[rax],0 mov:rax,qwordptr_[rbp+N] mov:rcx,rax call:N mov:rax,qwordptr_[rbp+N] mov:qwordptr_[rip+N],rax call:N nop: add:rsp,N pop:rdi pop:rbp ret:",key_ins_tail24,CWE-023,2,1.0,{'CWE-023': 2},0.9919796954314721,79,,,,,b6daa1011cae1937,,,,
BIN_9302164,33812,1,CWE-036,,"push:rbp push:rdi sub:rsp,N lea:rbp,[rsp+N] lea:rdx,[rbp-N] mov:eax,0 mov:ecx,N mov:rdi,rdx rep mov:rdx,rdi mov:dwordptr_[rdx],eax add:rdx,4 lea:rax,[rbp-N] mov:qwordptr_[rbp+N],rax mov:rax,qwordptr_[rbp+N] mov:rcx,rax call:N mov:qwordptr_[rbp+N],rax mov:rax,qwordptr_[rbp+N] sub:rax,N cmp:rax,1 jbe:N lea:rdx,[rip+N] lea:rax,[rip+N] mov:rcx,rax call:N mov:qwordptr_[rbp+N],rax cmp:qwordptr_[rbp+N],0 je:N mov:rax,qwordptr_[rbp+N] mov:edx,eax mov:eax,N sub:eax,edx mov:ecx,eax mov:rdx,qwordptr_[rbp+N] mov:rax,qwordptr_[rbp+N] add:rax,rdx mov:rdx,qwordptr_[rbp+N] mov:r8,rdx mov:edx,ecx mov:rcx,rax call:N test:rax,rax sete:al test:al,al je:N lea:rax,[rip+N] mov:rcx,rax call:N mov:rdx,qwordptr_[rbp+N] mov:rax,qwordptr_[rbp+N] add:rax,rdx mov:byteptr_[rax],0 mov:rax,qwordptr_[rbp+N] mov:rcx,rax call:N mov:rax,qwordptr_[rbp+N] mov:qwordptr_[rip+N],rax call:N nop: add:rsp,N pop:rdi pop:rbp ret:",key_ins_tail30,CWE-023,2,1.0,{'CWE-023': 2},0.9905738187816661,80,,,,25b728269a956d2e,,,,,
BIN_9302164,33812,1,CWE-036,,"push:rbp push:rdi sub:rsp,N lea:rbp,[rsp+N] lea:rdx,[rbp-N] mov:eax,0 mov:ecx,N mov:rdi,rdx rep mov:rdx,rdi mov:dwordptr_[rdx],eax add:rdx,4 lea:rax,[rbp-N] mov:qwordptr_[rbp+N],rax mov:rax,qwordptr_[rbp+N] mov:rcx,rax call:N mov:qwordptr_[rbp+N],rax mov:rax,qwordptr_[rbp+N] sub:rax,N cmp:rax,1 jbe:N lea:rdx,[rip+N] lea:rax,[rip+N] mov:rcx,rax call:N mov:qwordptr_[rbp+N],rax cmp:qwordptr_[rbp+N],0 je:N mov:rax,qwordptr_[rbp+N] mov:edx,eax mov:eax,N sub:eax,edx mov:ecx,eax mov:rdx,qwordptr_[rbp+N] mov:rax,qwordptr_[rbp+N] add:rax,rdx mov:rdx,qwordptr_[rbp+N] mov:r8,rdx mov:edx,ecx mov:rcx,rax call:N test:rax,rax sete:al test:al,al je:N lea:rax,[rip+N] mov:rcx,rax call:N mov:rdx,qwordptr_[rbp+N] mov:rax,qwordptr_[rbp+N] add:rax,rdx mov:byteptr_[rax],0 mov:rax,qwordptr_[rbp+N] mov:rcx,rax call:N mov:rax,qwordptr_[rbp+N] mov:qwordptr_[rip+N],rax call:N nop: add:rsp,N pop:rdi pop:rbp ret:",key_ins_tail36,CWE-023,2,1.0,{'CWE-023': 2},0.9869588599085776,97,,,81fe311821e37bde,,,,,,
BIN_9306811,12918,1,CWE-124,,"push:rbp sub:rsp,N lea:rbp,[rsp+N] lea:rax,[rbp+N] mov:qwordptr_[rbp+N],rax lea:rax,[rbp+N] mov:r8d,N mov:edx,N mov:rcx,rax call:N mov:wordptr_[rbp+N],0 lea:rax,[rbp+N] sub:rax,N mov:qwordptr_[rbp+N],rax mov:rax,qwordptr_[rbp+N] mov:rax,qwordptr_[rax] mov:qwordptr_[rbp+N],rax lea:rax,[rbp-N] mov:r8d,N mov:edx,N mov:rcx,rax call:N mov:wordptr_[rbp+N],0 mov:qwordptr_[rbp+N],0 jmp:N mov:rax,qwordptr_[rbp+N] lea:rdx,[rax+rax] mov:rax,qwordptr_[rbp+N] add:rdx,rax mov:rax,qwordptr_[rbp+N] movzx:eax,wordptr_[rbp+rax*2-N] mov:wordptr_[rdx],ax add:qwordptr_[rbp+N],1 cmp:qwordptr_[rbp+N],N jbe:N mov:rax,qwordptr_[rbp+N] add:rax,N mov:wordptr_[rax],0 mov:rax,qwordptr_[rbp+N] mov:rcx,rax call:N nop: add:rsp,N pop:rbp ret:",key_len_ins_calls,CWE-194,2,1.0,{'CWE-194': 2},0.9334157541504768,377,,,,,,,,,233|45|3|2
BIN_9341417,11,1,CWE-121,,"push:rbp sub:rsp,N lea:rbp,[rsp+N] mov:dwordptr_[rbp+N],N call:N test:eax,eax je:N mov:dwordptr_[rbp+N],0 mov:qwordptr_[rbp+N],N lea:rax,[rbp-N] mov:rdx,rax mov:ecx,N mov:rax,qwordptr_[rip+N] call:rax test:eax,eax jne:N mov:dwordptr_[rbp+N],1 mov:r8d,6 mov:edx,1 mov:ecx,2 mov:rax,qwordptr_[rip+N] call:rax mov:qwordptr_[rbp+N],rax cmp:qwordptr_[rbp+N],-1 je:N lea:rax,[rbp+N] mov:r8d,N mov:edx,0 mov:rcx,rax call:N mov:wordptr_[rbp+N],2 lea:rax,[rip+N] mov:rcx,rax mov:rax,qwordptr_[rip+N] call:rax mov:dwordptr_[rbp+N],eax mov:ecx,N mov:rax,qwordptr_[rip+N] call:rax mov:wordptr_[rbp+N],ax lea:rdx,[rbp+N] mov:rax,qwordptr_[rbp+N] mov:r8d,N mov:rcx,rax mov:rax,qwordptr_[rip+N] call:rax cmp:eax,-1 je:N lea:rdx,[rbp+N] mov:rax,qwordptr_[rbp+N] mov:r9d,0 mov:r8d,N mov:rcx,rax mov:rax,qwordptr_[rip+N] call:rax mov:dwordptr_[rbp+N],eax cmp:dwordptr_[rbp+N],-1 je:N cmp:dwordptr_[rbp+N],0 je:N mov:eax,dwordptr_[rbp+N] cdqe: mov:byteptr_[rbp+rax+N],0 lea:rax,[rbp+N] mov:rcx,rax call:N mov:dwordptr_[rbp+N],eax jmp:N nop: jmp:N nop: jmp:N nop: cmp:qwordptr_[rbp+N],-1 je:N mov:rax,qwordptr_[rbp+N] mov:rcx,rax mov:rax,qwordptr_[rip+N] call:rax cmp:dwordptr_[rbp+N],0 je:N mov:rax,qwordptr_[rip+N] call:rax jmp:N mov:dwordptr_[rbp+N],7 call:N test:eax,eax je:N pxor:xmm0,xmm0 movaps:xmmwordptr_[rbp-N],xmm0",key_ins_tail18,CWE-124,2,1.0,{'CWE-124': 2},0.9933922671667114,74,,,,,,4be07f6052f9208c,,,
BIN_9341417,11,1,CWE-121,,"push:rbp sub:rsp,N lea:rbp,[rsp+N] mov:dwordptr_[rbp+N],N call:N test:eax,eax je:N mov:dwordptr_[rbp+N],0 mov:qwordptr_[rbp+N],N lea:rax,[rbp-N] mov:rdx,rax mov:ecx,N mov:rax,qwordptr_[rip+N] call:rax test:eax,eax jne:N mov:dwordptr_[rbp+N],1 mov:r8d,6 mov:edx,1 mov:ecx,2 mov:rax,qwordptr_[rip+N] call:rax mov:qwordptr_[rbp+N],rax cmp:qwordptr_[rbp+N],-1 je:N lea:rax,[rbp+N] mov:r8d,N mov:edx,0 mov:rcx,rax call:N mov:wordptr_[rbp+N],2 lea:rax,[rip+N] mov:rcx,rax mov:rax,qwordptr_[rip+N] call:rax mov:dwordptr_[rbp+N],eax mov:ecx,N mov:rax,qwordptr_[rip+N] call:rax mov:wordptr_[rbp+N],ax lea:rdx,[rbp+N] mov:rax,qwordptr_[rbp+N] mov:r8d,N mov:rcx,rax mov:rax,qwordptr_[rip+N] call:rax cmp:eax,-1 je:N lea:rdx,[rbp+N] mov:rax,qwordptr_[rbp+N] mov:r9d,0 mov:r8d,N mov:rcx,rax mov:rax,qwordptr_[rip+N] call:rax mov:dwordptr_[rbp+N],eax cmp:dwordptr_[rbp+N],-1 je:N cmp:dwordptr_[rbp+N],0 je:N mov:eax,dwordptr_[rbp+N] cdqe: mov:byteptr_[rbp+rax+N],0 lea:rax,[rbp+N] mov:rcx,rax call:N mov:dwordptr_[rbp+N],eax jmp:N nop: jmp:N nop: jmp:N nop: cmp:qwordptr_[rbp+N],-1 je:N mov:rax,qwordptr_[rbp+N] mov:rcx,rax mov:rax,qwordptr_[rip+N] call:rax cmp:dwordptr_[rbp+N],0 je:N mov:rax,qwordptr_[rip+N] call:rax jmp:N mov:dwordptr_[rbp+N],7 call:N test:eax,eax je:N pxor:xmm0,xmm0 movaps:xmmwordptr_[rbp-N],xmm0",key_ins_tail24,CWE-124,2,1.0,{'CWE-124': 2},0.9919796954314721,79,,,,,9b0c3f76b1404f92,,,,
BIN_9341417,11,1,CWE-121,,"push:rbp sub:rsp,N lea:rbp,[rsp+N] mov:dwordptr_[rbp+N],N call:N test:eax,eax je:N mov:dwordptr_[rbp+N],0 mov:qwordptr_[rbp+N],N lea:rax,[rbp-N] mov:rdx,rax mov:ecx,N mov:rax,qwordptr_[rip+N] call:rax test:eax,eax jne:N mov:dwordptr_[rbp+N],1 mov:r8d,6 mov:edx,1 mov:ecx,2 mov:rax,qwordptr_[rip+N] call:rax mov:qwordptr_[rbp+N],rax cmp:qwordptr_[rbp+N],-1 je:N lea:rax,[rbp+N] mov:r8d,N mov:edx,0 mov:rcx,rax call:N mov:wordptr_[rbp+N],2 lea:rax,[rip+N] mov:rcx,rax mov:rax,qwordptr_[rip+N] call:rax mov:dwordptr_[rbp+N],eax mov:ecx,N mov:rax,qwordptr_[rip+N] call:rax mov:wordptr_[rbp+N],ax lea:rdx,[rbp+N] mov:rax,qwordptr_[rbp+N] mov:r8d,N mov:rcx,rax mov:rax,qwordptr_[rip+N] call:rax cmp:eax,-1 je:N lea:rdx,[rbp+N] mov:rax,qwordptr_[rbp+N] mov:r9d,0 mov:r8d,N mov:rcx,rax mov:rax,qwordptr_[rip+N] call:rax mov:dwordptr_[rbp+N],eax cmp:dwordptr_[rbp+N],-1 je:N cmp:dwordptr_[rbp+N],0 je:N mov:eax,dwordptr_[rbp+N] cdqe: mov:byteptr_[rbp+rax+N],0 lea:rax,[rbp+N] mov:rcx,rax call:N mov:dwordptr_[rbp+N],eax jmp:N nop: jmp:N nop: jmp:N nop: cmp:qwordptr_[rbp+N],-1 je:N mov:rax,qwordptr_[rbp+N] mov:rcx,rax mov:rax,qwordptr_[rip+N] call:rax cmp:dwordptr_[rbp+N],0 je:N mov:rax,qwordptr_[rip+N] call:rax jmp:N mov:dwordptr_[rbp+N],7 call:N test:eax,eax je:N pxor:xmm0,xmm0 movaps:xmmwordptr_[rbp-N],xmm0",key_ins_tail30,CWE-124,2,1.0,{'CWE-124': 2},0.9905738187816661,80,,,,54e0d63159970043,,,,,
BIN_9341417,11,1,CWE-121,,"push:rbp sub:rsp,N lea:rbp,[rsp+N] mov:dwordptr_[rbp+N],N call:N test:eax,eax je:N mov:dwordptr_[rbp+N],0 mov:qwordptr_[rbp+N],N lea:rax,[rbp-N] mov:rdx,rax mov:ecx,N mov:rax,qwordptr_[rip+N] call:rax test:eax,eax jne:N mov:dwordptr_[rbp+N],1 mov:r8d,6 mov:edx,1 mov:ecx,2 mov:rax,qwordptr_[rip+N] call:rax mov:qwordptr_[rbp+N],rax cmp:qwordptr_[rbp+N],-1 je:N lea:rax,[rbp+N] mov:r8d,N mov:edx,0 mov:rcx,rax call:N mov:wordptr_[rbp+N],2 lea:rax,[rip+N] mov:rcx,rax mov:rax,qwordptr_[rip+N] call:rax mov:dwordptr_[rbp+N],eax mov:ecx,N mov:rax,qwordptr_[rip+N] call:rax mov:wordptr_[rbp+N],ax lea:rdx,[rbp+N] mov:rax,qwordptr_[rbp+N] mov:r8d,N mov:rcx,rax mov:rax,qwordptr_[rip+N] call:rax cmp:eax,-1 je:N lea:rdx,[rbp+N] mov:rax,qwordptr_[rbp+N] mov:r9d,0 mov:r8d,N mov:rcx,rax mov:rax,qwordptr_[rip+N] call:rax mov:dwordptr_[rbp+N],eax cmp:dwordptr_[rbp+N],-1 je:N cmp:dwordptr_[rbp+N],0 je:N mov:eax,dwordptr_[rbp+N] cdqe: mov:byteptr_[rbp+rax+N],0 lea:rax,[rbp+N] mov:rcx,rax call:N mov:dwordptr_[rbp+N],eax jmp:N nop: jmp:N nop: jmp:N nop: cmp:qwordptr_[rbp+N],-1 je:N mov:rax,qwordptr_[rbp+N] mov:rcx,rax mov:rax,qwordptr_[rip+N] call:rax cmp:dwordptr_[rbp+N],0 je:N mov:rax,qwordptr_[rip+N] call:rax jmp:N mov:dwordptr_[rbp+N],7 call:N test:eax,eax je:N pxor:xmm0,xmm0 movaps:xmmwordptr_[rbp-N],xmm0",key_ins_tail36,CWE-124,2,1.0,{'CWE-124': 2},0.9869588599085776,97,,,a686420e36cfc4bf,,,,,,
BIN_9397953,29737,1,CWE-023,,"push:rbp push:rdi push:rbx sub:rsp,N lea:rbp,[rsp+N] lea:rax,[rbp+N] mov:qwordptr_[rbp+N],rax lea:rax,[rbp+N] mov:qwordptr_[rbp+N],rax movabs:rax,N mov:edx,0 mov:qwordptr_[rbp+N],rax mov:qwordptr_[rbp+N],rdx lea:rdx,[rbp+N] mov:eax,0 mov:ecx,N mov:rdi,rdx rep mov:rdx,rdi mov:dwordptr_[rdx],eax add:rdx,4 lea:rax,[rbp+N] mov:qwordptr_[rbp+N],rax mov:rax,qwordptr_[rbp+N] mov:rax,qwordptr_[rax] mov:qwordptr_[rbp+N],rax mov:rax,qwordptr_[rbp+N] mov:rcx,rax call:N mov:qwordptr_[rbp+N],rax mov:rax,qwordptr_[rbp+N] sub:rax,N cmp:rax,1 jbe:N lea:rdx,[rip+N] lea:rax,[rip+N] mov:rcx,rax call:N mov:qwordptr_[rbp+N],rax cmp:qwordptr_[rbp+N],0 je:N mov:rax,qwordptr_[rbp+N] mov:edx,eax mov:eax,N sub:eax,edx mov:ecx,eax mov:rdx,qwordptr_[rbp+N] mov:rax,qwordptr_[rbp+N] add:rax,rdx mov:rdx,qwordptr_[rbp+N] mov:r8,rdx mov:edx,ecx mov:rcx,rax call:N test:rax,rax sete:al test:al,al je:N lea:rax,[rip+N] mov:rcx,rax call:N mov:rdx,qwordptr_[rbp+N] mov:rax,qwordptr_[rbp+N] add:rax,rdx mov:byteptr_[rax],0 mov:rax,qwordptr_[rbp+N] mov:rcx,rax call:N mov:rax,qwordptr_[rbp+N] mov:rdx,qwordptr_[rbp+N] mov:qwordptr_[rax],rdx mov:rax,qwordptr_[rbp+N] mov:rax,qwordptr_[rax] mov:qwordptr_[rbp+N],rax lea:rax,[rbp-N] mov:rcx,rax call:N mov:rdx,qwordptr_[rbp+N] lea:rax,[rbp-N] mov:r8d,8 mov:rcx,rax call:N lea:rax,[rbp-N] mov:rcx,rax call:N lea:rax,[rbp-N] mov:rcx,rax call:N jmp:N mov:rbx,rax",key_ins_tail36,CWE-036,2,1.0,{'CWE-036': 2},0.9869588599085776,97,,,7013d009adffbc8e,,,,,,
BIN_9399547,11070,1,CWE-124,,"push:rbp mov:rbp,rsp sub:rsp,N mov:dwordptr_[rbp-4],N mov:rax,qwordptr_[rip+N] mov:eax,dwordptr_[rax] cmp:eax,5 jne:N mov:qwordptr_[rbp-N],0 mov:qwordptr_[rbp-N],0 mov:ecx,0 mov:rax,qwordptr_[rip+N] call:rax mov:rdx,rax lea:rax,[rbp-N] mov:r8,rdx mov:edx,N mov:rcx,rax call:N test:rax,rax je:N lea:rax,[rbp-N] mov:rcx,rax call:N mov:dwordptr_[rbp-4],eax jmp:N lea:rax,[rip+N] mov:rcx,rax call:N mov:rax,qwordptr_[rip+N] mov:eax,dwordptr_[rax] cmp:eax,5 jne:N pxor:xmm0,xmm0 movaps:xmmwordptr_[rbp-N],xmm0 movaps:xmmwordptr_[rbp-N],xmm0 movq:qwordptr_[rbp-N],xmm0 cmp:dwordptr_[rbp-4],9 jg:N mov:eax,dwordptr_[rbp-4] cdqe: mov:dwordptr_[rbp+rax*4-N],1 mov:dwordptr_[rbp-8],0 jmp:N mov:eax,dwordptr_[rbp-8] cdqe: mov:eax,dwordptr_[rbp+rax*4-N] mov:ecx,eax call:N add:dwordptr_[rbp-8],1 cmp:dwordptr_[rbp-8],9 jle:N jmp:N lea:rax,[rip+N] mov:rcx,rax call:N nop: add:rsp,N pop:rbp ret:",key_len_ins_calls,CWE-121,2,1.0,{'CWE-121': 2},0.9334157541504768,377,,,,,,,,,228|60|6|8
BIN_9400093,19350,1,CWE-190,,"push:rbp mov:rbp,rsp sub:rsp,N mov:byteptr_[rbp-1],N call:N and:eax,1 test:eax,eax je:N call:N call:N call:N mov:byteptr_[rbp-1],al jmp:N call:N call:N call:N not:eax mov:byteptr_[rbp-1],al movzx:eax,byteptr_[rbp-1] mov:byteptr_[rbp-2],al movzx:eax,byteptr_[rbp-2] mov:byteptr_[rbp-3],al cmp:byteptr_[rbp-3],0 jle:N movzx:eax,byteptr_[rbp-3] add:eax,eax mov:byteptr_[rbp-4],al movsx:eax,byteptr_[rbp-4] mov:ecx,eax call:N nop: add:rsp,N pop:rbp ret:",key_len_ins_calls,CWE-191,2,1.0,{'CWE-191': 2},0.9334157541504768,377,,,,,,,,,111|34|8|3
BIN_9440542,42599,1,CWE-590,,"push:rbp mov:rbp,rsp sub:rsp,N mov:qwordptr_[rbp-8],0 mov:eax,dwordptr_[rip+N] test:eax,eax je:N sub:rsp,N lea:rax,[rsp+N] add:rax,N shr:rax,4 shl:rax,4 mov:qwordptr_[rbp-N],rax mov:rax,qwordptr_[rbp-N] mov:r8d,N mov:edx,N mov:rcx,rax call:N mov:rax,qwordptr_[rbp-N] add:rax,N mov:byteptr_[rax],0 mov:rax,qwordptr_[rbp-N] mov:qwordptr_[rbp-8],rax mov:rax,qwordptr_[rbp-8] mov:rcx,rax call:N cmp:qwordptr_[rbp-8],0 je:N mov:rax,qwordptr_[rbp-8] mov:rcx,rax call:N nop: mov:rsp,rbp pop:rbp ret:",key_len_ins_calls,CWE-762,5,1.0,{'CWE-762': 5},0.9334157541504768,377,,,,,,,,,130|35|3|2
BIN_9501564,25395,1,CWE-191,,"push:rbp mov:rbp,rsp sub:rsp,N lea:rax,[rbp-N] mov:qwordptr_[rbp-8],rax lea:rax,[rbp-N] mov:qwordptr_[rbp-N],rax mov:qwordptr_[rbp-N],0 mov:rax,qwordptr_[rbp-8] mov:rax,qwordptr_[rax] mov:qwordptr_[rbp-N],rax movabs:rax,N mov:qwordptr_[rbp-N],rax mov:rax,qwordptr_[rbp-8] mov:rdx,qwordptr_[rbp-N] mov:qwordptr_[rax],rdx mov:rax,qwordptr_[rbp-N] mov:rax,qwordptr_[rax] mov:qwordptr_[rbp-N],rax sub:qwordptr_[rbp-N],1 mov:rax,qwordptr_[rbp-N] mov:qwordptr_[rbp-N],rax mov:rax,qwordptr_[rbp-N] mov:rcx,rax call:N nop: add:rsp,N pop:rbp ret:",key_len_ins_calls,CWE-190,2,1.0,{'CWE-190': 2},0.9334157541504768,377,,,,,,,,,111|29|1|0
BIN_9515682,45464,1,CWE-606,,"push:rbp mov:rbp,rsp sub:rsp,N lea:rax,[rip-N] mov:qwordptr_[rbp-8],rax mov:qwordptr_[rbp-N],0 mov:qwordptr_[rbp-N],0 mov:qwordptr_[rbp-N],0 mov:qwordptr_[rbp-N],0 mov:qwordptr_[rbp-N],0 mov:qwordptr_[rbp-N],0 mov:qwordptr_[rbp-N],0 mov:qwordptr_[rbp-N],0 mov:qwordptr_[rbp-N],0 mov:qwordptr_[rbp-N],0 mov:qwordptr_[rbp-N],0 mov:qwordptr_[rbp-N],0 mov:dwordptr_[rbp-N],0 lea:rax,[rbp-N] mov:qwordptr_[rbp-N],rax mov:rax,qwordptr_[rbp-N] mov:rcx,rax call:N mov:qwordptr_[rbp-N],rax mov:rax,qwordptr_[rbp-N] sub:rax,N cmp:rax,1 jbe:N lea:rdx,[rip+N] lea:rax,[rip+N] mov:rcx,rax call:N mov:qwordptr_[rbp-N],rax cmp:qwordptr_[rbp-N],0 je:N mov:rax,qwordptr_[rbp-N] mov:edx,eax mov:eax,N sub:eax,edx mov:ecx,eax mov:rdx,qwordptr_[rbp-N] mov:rax,qwordptr_[rbp-N] add:rax,rdx mov:rdx,qwordptr_[rbp-N] mov:r8,rdx mov:edx,ecx mov:rcx,rax call:N test:rax,rax jne:N lea:rax,[rip+N] mov:rcx,rax call:N mov:rdx,qwordptr_[rbp-N] mov:rax,qwordptr_[rbp-N] add:rax,rdx mov:byteptr_[rax],0 mov:rax,qwordptr_[rbp-N] mov:rcx,rax call:N mov:rax,qwordptr_[rbp-N] mov:rdx,qwordptr_[rbp-8] mov:rcx,rax call:rdx nop: add:rsp,N pop:rbp ret:",key_marker_tail,CWE-134,2,1.0,{'CWE-134': 2},0.9945901446548278,46,,,,,,,d0a5eb8c5010a0bd,,
BIN_9515682,45464,1,CWE-606,,"push:rbp mov:rbp,rsp sub:rsp,N lea:rax,[rip-N] mov:qwordptr_[rbp-8],rax mov:qwordptr_[rbp-N],0 mov:qwordptr_[rbp-N],0 mov:qwordptr_[rbp-N],0 mov:qwordptr_[rbp-N],0 mov:qwordptr_[rbp-N],0 mov:qwordptr_[rbp-N],0 mov:qwordptr_[rbp-N],0 mov:qwordptr_[rbp-N],0 mov:qwordptr_[rbp-N],0 mov:qwordptr_[rbp-N],0 mov:qwordptr_[rbp-N],0 mov:qwordptr_[rbp-N],0 mov:dwordptr_[rbp-N],0 lea:rax,[rbp-N] mov:qwordptr_[rbp-N],rax mov:rax,qwordptr_[rbp-N] mov:rcx,rax call:N mov:qwordptr_[rbp-N],rax mov:rax,qwordptr_[rbp-N] sub:rax,N cmp:rax,1 jbe:N lea:rdx,[rip+N] lea:rax,[rip+N] mov:rcx,rax call:N mov:qwordptr_[rbp-N],rax cmp:qwordptr_[rbp-N],0 je:N mov:rax,qwordptr_[rbp-N] mov:edx,eax mov:eax,N sub:eax,edx mov:ecx,eax mov:rdx,qwordptr_[rbp-N] mov:rax,qwordptr_[rbp-N] add:rax,rdx mov:rdx,qwordptr_[rbp-N] mov:r8,rdx mov:edx,ecx mov:rcx,rax call:N test:rax,rax jne:N lea:rax,[rip+N] mov:rcx,rax call:N mov:rdx,qwordptr_[rbp-N] mov:rax,qwordptr_[rbp-N] add:rax,rdx mov:byteptr_[rax],0 mov:rax,qwordptr_[rbp-N] mov:rcx,rax call:N mov:rax,qwordptr_[rbp-N] mov:rdx,qwordptr_[rbp-8] mov:rcx,rax call:rdx nop: add:rsp,N pop:rbp ret:",key_ins_full,CWE-134,2,1.0,{'CWE-134': 2},0.9870514243433223,70,0d5f5d8da2fcc0c8,,,,,,,,
BIN_9571609,41846,1,CWE-526,,"push:rbp mov:rbp,rsp sub:rsp,N mov:eax,dwordptr_[rip+N] cmp:eax,5 jne:N lea:rax,[rip+N] mov:rcx,rax call:N mov:rcx,rax call:N nop: add:rsp,N pop:rbp ret:",key_len_ins_calls,CWE-253,2,1.0,{'CWE-253': 2},0.9334157541504768,377,,,,,,,,,49|15|2|1
BIN_9577062,22101,1,CWE-190,,"push:rbp mov:rbp,rsp sub:rsp,N lea:rax,[rbp-N] mov:qwordptr_[rbp-8],rax lea:rax,[rbp-N] mov:qwordptr_[rbp-N],rax mov:wordptr_[rbp-N],0 mov:rax,qwordptr_[rbp-8] movzx:eax,wordptr_[rax] mov:wordptr_[rbp-N],ax mov:wordptr_[rbp-N],N mov:rax,qwordptr_[rbp-8] movzx:edx,wordptr_[rbp-N] mov:wordptr_[rax],dx mov:rax,qwordptr_[rbp-N] movzx:eax,wordptr_[rax] mov:wordptr_[rbp-N],ax movzx:eax,wordptr_[rbp-N] add:eax,1 mov:wordptr_[rbp-N],ax movzx:eax,wordptr_[rbp-N] mov:wordptr_[rbp-N],ax movsx:eax,wordptr_[rbp-N] mov:ecx,eax call:N nop: add:rsp,N pop:rbp ret:",key_marker_tail,CWE-191,2,1.0,{'CWE-191': 2},0.9945901446548278,46,,,,,,,44b8bc4ef2f2b2da,,
BIN_9577062,22101,1,CWE-190,,"push:rbp mov:rbp,rsp sub:rsp,N lea:rax,[rbp-N] mov:qwordptr_[rbp-8],rax lea:rax,[rbp-N] mov:qwordptr_[rbp-N],rax mov:wordptr_[rbp-N],0 mov:rax,qwordptr_[rbp-8] movzx:eax,wordptr_[rax] mov:wordptr_[rbp-N],ax mov:wordptr_[rbp-N],N mov:rax,qwordptr_[rbp-8] movzx:edx,wordptr_[rbp-N] mov:wordptr_[rax],dx mov:rax,qwordptr_[rbp-N] movzx:eax,wordptr_[rax] mov:wordptr_[rbp-N],ax movzx:eax,wordptr_[rbp-N] add:eax,1 mov:wordptr_[rbp-N],ax movzx:eax,wordptr_[rbp-N] mov:wordptr_[rbp-N],ax movsx:eax,wordptr_[rbp-N] mov:ecx,eax call:N nop: add:rsp,N pop:rbp ret:",key_len_ins_calls,CWE-191,2,1.0,{'CWE-191': 2},0.9334157541504768,377,,,,,,,,,106|30|1|0
BIN_9600942,29876,1,CWE-023,,"push:rbp push:rdi sub:rsp,N lea:rbp,[rsp+N] movabs:rax,N mov:edx,0 mov:qwordptr_[rbp+N],rax mov:qwordptr_[rbp+N],rdx lea:rdx,[rbp+N] mov:eax,0 mov:ecx,N mov:rdi,rdx rep mov:rdx,rdi mov:dwordptr_[rdx],eax add:rdx,4 lea:rax,[rbp+N] mov:qwordptr_[rbp+N],rax mov:dwordptr_[rbp+N],0 jmp:N mov:dwordptr_[rbp+N],0 mov:qwordptr_[rbp+N],N mov:qwordptr_[rbp+N],N mov:rax,qwordptr_[rbp+N] mov:rcx,rax call:N mov:qwordptr_[rbp+N],rax lea:rax,[rbp-N] mov:rdx,rax mov:ecx,N mov:rax,qwordptr_[rip+N] call:rax test:eax,eax setne:al test:al,al jne:N mov:dwordptr_[rbp+N],1 mov:r8d,6 mov:edx,1 mov:ecx,2 mov:rax,qwordptr_[rip+N] call:rax mov:qwordptr_[rbp+N],rax cmp:qwordptr_[rbp+N],-1 je:N lea:rax,[rbp+N] mov:r8d,N mov:edx,0 mov:rcx,rax call:N mov:wordptr_[rbp+N],2 mov:dwordptr_[rbp+N],0 mov:ecx,N mov:rax,qwordptr_[rip+N] call:rax mov:wordptr_[rbp+N],ax lea:rdx,[rbp+N] mov:rax,qwordptr_[rbp+N] mov:r8d,N mov:rcx,rax mov:rax,qwordptr_[rip+N] call:rax cmp:eax,-1 sete:al test:al,al jne:N mov:rax,qwordptr_[rbp+N] mov:edx,5 mov:rcx,rax mov:rax,qwordptr_[rip+N] call:rax cmp:eax,-1 sete:al test:al,al jne:N mov:rax,qwordptr_[rbp+N] mov:r8d,0 mov:edx,0 mov:rcx,rax mov:rax,qwordptr_[rip+N] call:rax mov:qwordptr_[rbp+N],rax cmp:qwordptr_[rbp+N],-1 je:N mov:rax,qwordptr_[rbp+N] mov:edx,eax mov:eax,N sub:eax,edx mov:ecx,eax mov:rdx,qwordptr_[rbp+N]",key_ins_tail24,CWE-036,2,1.0,{'CWE-036': 2},0.9919796954314721,79,,,,,83f5ce0344eb5a3a,,,,
BIN_9628835,41652,1,CWE-483,,"push:rbp mov:rbp,rsp sub:rsp,N call:N test:eax,eax je:N call:N mov:edx,eax movsxd:rax,edx imul:rax,rax,N shr:rax,N mov:ecx,edx sar:ecx,N sub:eax,ecx mov:dwordptr_[rbp-4],eax mov:ecx,dwordptr_[rbp-4] mov:eax,ecx add:eax,eax add:eax,ecx sub:edx,eax mov:dwordptr_[rbp-4],edx mov:dwordptr_[rbp-8],0 lea:rax,[rip+N] mov:rcx,rax call:N mov:dwordptr_[rbp-8],1 cmp:dwordptr_[rbp-8],0 je:N lea:rax,[rip+N] mov:rcx,rax call:N nop: add:rsp,N pop:rbp ret:",key_callseq,CWE-398,2,1.0,{'CWE-398': 2},0.9922970071978785,61,,,,,,,,staticreturnstrue|rand|printline|printline,
BIN_9648746,38918,1,CWE-416,,"push:rbp mov:rbp,rsp sub:rsp,N mov:qwordptr_[rbp-8],0 lea:rax,[rbp-8] mov:rcx,rax call:N mov:rax,qwordptr_[rbp-8] mov:rax,qwordptr_[rax] mov:rcx,rax call:N nop: add:rsp,N pop:rbp ret:",key_len_ins_calls,CWE-676,2,1.0,{'CWE-676': 2},0.9334157541504768,377,,,,,,,,,50|15|2|0
BIN_9648859,47421,1,CWE-690,,"push:rbp mov:rbp,rsp sub:rsp,N mov:qwordptr_[rbp-8],0 lea:rdx,[rip+N] lea:rax,[rip+N] mov:rcx,rax call:N mov:qwordptr_[rbp-8],rax mov:rax,qwordptr_[rbp-8] mov:qwordptr_[rbp-N],rax mov:rax,qwordptr_[rbp-N] mov:qwordptr_[rbp-N],rax mov:rax,qwordptr_[rbp-N] mov:rcx,rax call:N nop: add:rsp,N pop:rbp ret:",key_marker_tail,CWE-762,26,1.0,{'CWE-762': 26},0.9945901446548278,46,,,,,,,520748dcf0a08ae5,,
BIN_9649649,435,1,CWE-135,,"push:rbp mov:rbp,rsp sub:rsp,N lea:rax,[rip-N] mov:qwordptr_[rbp-8],rax mov:qwordptr_[rbp-N],0 lea:rax,[rip+N] mov:qwordptr_[rbp-N],rax mov:rax,qwordptr_[rbp-N] mov:rdx,qwordptr_[rbp-8] mov:rcx,rax call:rdx nop: add:rsp,N pop:rbp ret:",key_len_ins_calls,CWE-588,3,1.0,{'CWE-588': 3},0.9334157541504768,377,,,,,,,,,58|16|1|0
BIN_9652447,15642,1,CWE-127,,"push:rbp sub:rsp,N lea:rbp,[rsp+N] mov:qwordptr_[rbp+N],0 mov:rax,qwordptr_[rip+N] mov:eax,dwordptr_[rax] cmp:eax,5 jne:N mov:ecx,N call:N mov:qwordptr_[rbp+N],rax cmp:qwordptr_[rbp+N],0 jne:N mov:ecx,N call:N mov:rax,qwordptr_[rbp+N] mov:r8d,N mov:edx,N mov:rcx,rax call:N mov:rax,qwordptr_[rbp+N] add:rax,N mov:wordptr_[rax],0 mov:rax,qwordptr_[rbp+N] sub:rax,N mov:qwordptr_[rbp+N],rax lea:rax,[rbp-N] mov:r8d,N mov:edx,N mov:rcx,rax call:N mov:wordptr_[rbp+N],0 lea:rax,[rbp-N] mov:rcx,rax call:N mov:rcx,rax mov:rdx,qwordptr_[rbp+N] lea:rax,[rbp-N] mov:r8,rcx mov:rcx,rax call:N mov:wordptr_[rbp+N],0 lea:rax,[rbp-N] mov:rcx,rax call:N nop: add:rsp,N pop:rbp ret:",key_len_ins_calls,CWE-122,4,1.0,{'CWE-122': 4},0.9334157541504768,377,,,,,,,,,210|49|7|2
BIN_9672943,54529,1,CWE-078,,"push:rbp mov:rbp,rsp sub:rsp,N mov:qwordptr_[rbp-N],N mov:qwordptr_[rbp-N],0 mov:qwordptr_[rbp-N],0 mov:qwordptr_[rbp-N],0 mov:qwordptr_[rbp-N],0 mov:qwordptr_[rbp-N],0 mov:qwordptr_[rbp-N],0 mov:qwordptr_[rbp-N],0 mov:qwordptr_[rbp-N],0 mov:qwordptr_[rbp-N],0 mov:qwordptr_[rbp-N],0 mov:qwordptr_[rbp-N],0 mov:dwordptr_[rbp-N],0 lea:rax,[rbp-N] mov:qwordptr_[rbp-8],rax call:N test:eax,eax je:N mov:rax,qwordptr_[rbp-8] mov:rcx,rax call:N mov:qwordptr_[rbp-N],rax lea:rax,[rip+N] mov:rcx,rax call:N mov:qwordptr_[rbp-N],rax cmp:qwordptr_[rbp-N],0 je:N mov:eax,N sub:rax,qwordptr_[rbp-N] mov:r8,rax mov:rdx,qwordptr_[rbp-8] mov:rax,qwordptr_[rbp-N] lea:rcx,[rdx+rax] mov:rax,qwordptr_[rbp-N] mov:rdx,rax call:N jmp:N mov:rax,qwordptr_[rbp-8] mov:rcx,rax call:N mov:rdx,rax mov:rax,qwordptr_[rbp-8] add:rax,rdx mov:dwordptr_[rax],N lea:rdx,[rip+N] mov:rax,qwordptr_[rbp-8] mov:rcx,rax mov:rax,qwordptr_[rip+N] call:rax mov:qwordptr_[rbp-N],rax cmp:qwordptr_[rbp-N],0 je:N mov:rax,qwordptr_[rbp-N] mov:rcx,rax mov:rax,qwordptr_[rip+N] call:rax nop: add:rsp,N pop:rbp ret:",key_len_ins_calls,CWE-194,2,1.0,{'CWE-194': 2},0.9334157541504768,377,,,,,,,,,308|64|7|4
BIN_9685486,23495,1,CWE-191,,"push:rbp push:rbx sub:rsp,N lea:rbp,[rsp+N] mov:qwordptr_[rbp-8],0 mov:rax,qwordptr_[rip+N] mov:eax,dwordptr_[rax] cmp:eax,5 jne:N call:N and:eax,1 test:eax,eax je:N call:N cdqe: shl:rax,N mov:rbx,rax call:N cdqe: shl:rax,N xor:rbx,rax call:N cdqe: shl:rax,N xor:rbx,rax call:N cdqe: shl:rax,N xor:rbx,rax call:N cdqe: xor:rax,rbx mov:qwordptr_[rbp-8],rax jmp:N call:N cdqe: shl:rax,N mov:rbx,rax call:N cdqe: shl:rax,N xor:rbx,rax call:N cdqe: shl:rax,N xor:rbx,rax call:N cdqe: shl:rax,N xor:rbx,rax call:N cdqe: xor:rax,rbx not:rax mov:qwordptr_[rbp-8],rax mov:rax,qwordptr_[rip+N] mov:eax,dwordptr_[rax] cmp:eax,5 jne:N mov:rax,qwordptr_[rbp-8] sub:rax,1 mov:qwordptr_[rbp-N],rax mov:rax,qwordptr_[rbp-N] mov:rcx,rax call:N nop: add:rsp,N pop:rbx pop:rbp ret:",key_len_ins_calls,CWE-190,3,1.0,{'CWE-190': 3},0.9334157541504768,377,,,,,,,,,240|70|12|4
BIN_9685509,52842,1,CWE-762,,"push:rbp mov:rbp,rsp sub:rsp,N mov:qwordptr_[rbp-8],0 mov:eax,dwordptr_[rip+N] test:eax,eax je:N movabs:rax,N movabs:rdx,N mov:qwordptr_[rbp-N],rax mov:qwordptr_[rbp-N],rdx mov:wordptr_[rbp-N],0 lea:rax,[rbp-N] mov:rcx,rax call:N mov:qwordptr_[rbp-8],rax mov:eax,dwordptr_[rip+N] test:eax,eax je:N mov:rax,qwordptr_[rbp-8] test:rax,rax je:N mov:edx,2 mov:rcx,rax call:N nop: add:rsp,N pop:rbp ret:",key_len_ins_calls,CWE-590,3,1.0,{'CWE-590': 3},0.9334157541504768,377,,,,,,,,,115|29|2|3
BIN_9685661,37059,1,CWE-401,,"push:rbp mov:rbp,rsp sub:rsp,N mov:qwordptr_[rbp-8],0 mov:ecx,N call:N mov:qwordptr_[rbp-8],rax lea:rdx,[rip+N] mov:rax,qwordptr_[rbp-8] mov:rcx,rax call:N mov:rax,qwordptr_[rbp-8] mov:rcx,rax call:N nop: nop: nop: add:rsp,N pop:rbp ret:",key_len_ins_calls,CWE-690,3,1.0,{'CWE-690': 3},0.9334157541504768,377,,,,,,,,,70|20|3|0
BIN_9696973,16321,1,CWE-127,,"push:rbp sub:rsp,N lea:rbp,[rsp+N] sub:rsp,N lea:rax,[rsp+N] add:rax,N shr:rax,4 shl:rax,4 mov:qwordptr_[rbp+N],rax mov:rax,qwordptr_[rbp+N] mov:r8d,N mov:edx,N mov:rcx,rax call:N mov:rax,qwordptr_[rbp+N] add:rax,N mov:wordptr_[rax],0 mov:eax,1 test:eax,eax je:N mov:rax,qwordptr_[rbp+N] sub:rax,N mov:qwordptr_[rbp+N],rax lea:rax,[rbp-N] mov:r8d,N mov:edx,N mov:rcx,rax call:N mov:wordptr_[rbp+N],0 lea:rax,[rbp-N] mov:rcx,rax call:N mov:rcx,rax mov:rdx,qwordptr_[rbp+N] lea:rax,[rbp-N] mov:r8,rcx mov:rcx,rax call:N mov:wordptr_[rbp+N],0 lea:rax,[rbp-N] mov:rcx,rax call:N nop: lea:rsp,[rbp+N] pop:rbp ret:",key_len_ins_calls,CWE-121,7,1.0,{'CWE-121': 7},0.9334157541504768,377,,,,,,,,,194|46|5|1
BIN_9709133,23446,1,CWE-191,,"push:rbp push:rbx sub:rsp,N lea:rbp,[rsp+N] mov:qwordptr_[rbp-8],0 mov:rax,qwordptr_[rip+N] mov:eax,dwordptr_[rax] cmp:eax,5 jne:N call:N and:eax,1 test:eax,eax je:N call:N cdqe: shl:rax,N mov:rbx,rax call:N cdqe: shl:rax,N xor:rbx,rax call:N cdqe: shl:rax,N xor:rbx,rax call:N cdqe: shl:rax,N xor:rbx,rax call:N cdqe: xor:rax,rbx mov:qwordptr_[rbp-8],rax jmp:N call:N cdqe: shl:rax,N mov:rbx,rax call:N cdqe: shl:rax,N xor:rbx,rax call:N cdqe: shl:rax,N xor:rbx,rax call:N cdqe: shl:rax,N xor:rbx,rax call:N cdqe: xor:rax,rbx not:rax mov:qwordptr_[rbp-8],rax mov:rax,qwordptr_[rip+N] mov:eax,dwordptr_[rax] cmp:eax,5 jne:N cmp:qwordptr_[rbp-8],0 jns:N mov:rax,qwordptr_[rbp-8] add:rax,rax mov:qwordptr_[rbp-N],rax mov:rax,qwordptr_[rbp-N] mov:rcx,rax call:N nop: add:rsp,N pop:rbx pop:rbp ret:",key_len_ins_calls,CWE-190,2,1.0,{'CWE-190': 2},0.9334157541504768,377,,,,,,,,,246|72|12|5
BIN_9738306,46186,1,CWE-665,,"push:rbp sub:rsp,N lea:rbp,[rsp+N] lea:rax,[rbp+N] mov:qwordptr_[rbp+N],rax call:N lea:rax,[rbp-N] mov:r8d,N mov:edx,N mov:rcx,rax call:N mov:wordptr_[rbp+N],0 lea:rdx,[rbp-N] mov:rax,qwordptr_[rbp+N] mov:rcx,rax call:N mov:rax,qwordptr_[rbp+N] mov:rcx,rax call:N nop: add:rsp,N pop:rbp ret:",key_callseq,CWE-121,2,1.0,{'CWE-121': 2},0.9922970071978785,61,,,,,,,,globalreturnstrue|wmemset|wcscat|printwline,
BIN_9755762,48354,1,CWE-758,,"push:rbp mov:rbp,rsp sub:rsp,N mov:ecx,8 call:N mov:qwordptr_[rbp-8],rax mov:rax,qwordptr_[rbp-8] mov:rax,qwordptr_[rax] mov:qwordptr_[rbp-N],rax mov:rax,qwordptr_[rbp-8] test:rax,rax je:N mov:edx,8 mov:rcx,rax call:N mov:rax,qwordptr_[rbp-N] mov:rax,qwordptr_[rax] movq:xmm0,rax call:N nop: add:rsp,N pop:rbp ret:",key_len_ins_calls,CWE-401,2,1.0,{'CWE-401': 2},0.9334157541504768,377,,,,,,,,,79|23|3|1
BIN_9858557,203,1,CWE-121,,"push:rbp sub:rsp,N lea:rbp,[rsp+N] mov:dwordptr_[rbp+N],N call:N test:eax,eax je:N mov:dwordptr_[rbp+N],0 mov:qwordptr_[rbp+N],N mov:qwordptr_[rbp+N],N lea:rax,[rbp-N] mov:rdx,rax mov:ecx,N mov:rax,qwordptr_[rip+N] call:rax test:eax,eax jne:N mov:dwordptr_[rbp+N],1 mov:r8d,6 mov:edx,1 mov:ecx,2 mov:rax,qwordptr_[rip+N] call:rax mov:qwordptr_[rbp+N],rax cmp:qwordptr_[rbp+N],-1 je:N lea:rax,[rbp+N] mov:r8d,N mov:edx,0 mov:rcx,rax call:N mov:wordptr_[rbp+N],2 mov:dwordptr_[rbp+N],0 mov:ecx,N mov:rax,qwordptr_[rip+N] call:rax mov:wordptr_[rbp+N],ax lea:rdx,[rbp+N] mov:rax,qwordptr_[rbp+N] mov:r8d,N mov:rcx,rax mov:rax,qwordptr_[rip+N] call:rax cmp:eax,-1 je:N mov:rax,qwordptr_[rbp+N] mov:edx,5 mov:rcx,rax mov:rax,qwordptr_[rip+N] call:rax cmp:eax,-1 je:N mov:rax,qwordptr_[rbp+N] mov:r8d,0 mov:edx,0 mov:rcx,rax mov:rax,qwordptr_[rip+N] call:rax mov:qwordptr_[rbp+N],rax cmp:qwordptr_[rbp+N],-1 je:N lea:rdx,[rbp+N] mov:rax,qwordptr_[rbp+N] mov:r9d,0 mov:r8d,N mov:rcx,rax mov:rax,qwordptr_[rip+N] call:rax mov:dwordptr_[rbp+N],eax cmp:dwordptr_[rbp+N],-1 je:N cmp:dwordptr_[rbp+N],0 je:N mov:eax,dwordptr_[rbp+N] cdqe: mov:byteptr_[rbp+rax+N],0 lea:rax,[rbp+N] mov:rcx,rax call:N mov:dwordptr_[rbp+N],eax jmp:N nop: jmp:N nop: jmp:N nop: jmp:N nop: jmp:N nop:",key_ins_tail18,CWE-124,2,1.0,{'CWE-124': 2},0.9933922671667114,74,,,,,,4be07f6052f9208c,,,
BIN_9858557,203,1,CWE-121,,"push:rbp sub:rsp,N lea:rbp,[rsp+N] mov:dwordptr_[rbp+N],N call:N test:eax,eax je:N mov:dwordptr_[rbp+N],0 mov:qwordptr_[rbp+N],N mov:qwordptr_[rbp+N],N lea:rax,[rbp-N] mov:rdx,rax mov:ecx,N mov:rax,qwordptr_[rip+N] call:rax test:eax,eax jne:N mov:dwordptr_[rbp+N],1 mov:r8d,6 mov:edx,1 mov:ecx,2 mov:rax,qwordptr_[rip+N] call:rax mov:qwordptr_[rbp+N],rax cmp:qwordptr_[rbp+N],-1 je:N lea:rax,[rbp+N] mov:r8d,N mov:edx,0 mov:rcx,rax call:N mov:wordptr_[rbp+N],2 mov:dwordptr_[rbp+N],0 mov:ecx,N mov:rax,qwordptr_[rip+N] call:rax mov:wordptr_[rbp+N],ax lea:rdx,[rbp+N] mov:rax,qwordptr_[rbp+N] mov:r8d,N mov:rcx,rax mov:rax,qwordptr_[rip+N] call:rax cmp:eax,-1 je:N mov:rax,qwordptr_[rbp+N] mov:edx,5 mov:rcx,rax mov:rax,qwordptr_[rip+N] call:rax cmp:eax,-1 je:N mov:rax,qwordptr_[rbp+N] mov:r8d,0 mov:edx,0 mov:rcx,rax mov:rax,qwordptr_[rip+N] call:rax mov:qwordptr_[rbp+N],rax cmp:qwordptr_[rbp+N],-1 je:N lea:rdx,[rbp+N] mov:rax,qwordptr_[rbp+N] mov:r9d,0 mov:r8d,N mov:rcx,rax mov:rax,qwordptr_[rip+N] call:rax mov:dwordptr_[rbp+N],eax cmp:dwordptr_[rbp+N],-1 je:N cmp:dwordptr_[rbp+N],0 je:N mov:eax,dwordptr_[rbp+N] cdqe: mov:byteptr_[rbp+rax+N],0 lea:rax,[rbp+N] mov:rcx,rax call:N mov:dwordptr_[rbp+N],eax jmp:N nop: jmp:N nop: jmp:N nop: jmp:N nop: jmp:N nop:",key_ins_tail24,CWE-124,2,1.0,{'CWE-124': 2},0.9919796954314721,79,,,,,9b0c3f76b1404f92,,,,
BIN_9858557,203,1,CWE-121,,"push:rbp sub:rsp,N lea:rbp,[rsp+N] mov:dwordptr_[rbp+N],N call:N test:eax,eax je:N mov:dwordptr_[rbp+N],0 mov:qwordptr_[rbp+N],N mov:qwordptr_[rbp+N],N lea:rax,[rbp-N] mov:rdx,rax mov:ecx,N mov:rax,qwordptr_[rip+N] call:rax test:eax,eax jne:N mov:dwordptr_[rbp+N],1 mov:r8d,6 mov:edx,1 mov:ecx,2 mov:rax,qwordptr_[rip+N] call:rax mov:qwordptr_[rbp+N],rax cmp:qwordptr_[rbp+N],-1 je:N lea:rax,[rbp+N] mov:r8d,N mov:edx,0 mov:rcx,rax call:N mov:wordptr_[rbp+N],2 mov:dwordptr_[rbp+N],0 mov:ecx,N mov:rax,qwordptr_[rip+N] call:rax mov:wordptr_[rbp+N],ax lea:rdx,[rbp+N] mov:rax,qwordptr_[rbp+N] mov:r8d,N mov:rcx,rax mov:rax,qwordptr_[rip+N] call:rax cmp:eax,-1 je:N mov:rax,qwordptr_[rbp+N] mov:edx,5 mov:rcx,rax mov:rax,qwordptr_[rip+N] call:rax cmp:eax,-1 je:N mov:rax,qwordptr_[rbp+N] mov:r8d,0 mov:edx,0 mov:rcx,rax mov:rax,qwordptr_[rip+N] call:rax mov:qwordptr_[rbp+N],rax cmp:qwordptr_[rbp+N],-1 je:N lea:rdx,[rbp+N] mov:rax,qwordptr_[rbp+N] mov:r9d,0 mov:r8d,N mov:rcx,rax mov:rax,qwordptr_[rip+N] call:rax mov:dwordptr_[rbp+N],eax cmp:dwordptr_[rbp+N],-1 je:N cmp:dwordptr_[rbp+N],0 je:N mov:eax,dwordptr_[rbp+N] cdqe: mov:byteptr_[rbp+rax+N],0 lea:rax,[rbp+N] mov:rcx,rax call:N mov:dwordptr_[rbp+N],eax jmp:N nop: jmp:N nop: jmp:N nop: jmp:N nop: jmp:N nop:",key_ins_tail30,CWE-124,2,1.0,{'CWE-124': 2},0.9905738187816661,80,,,,54e0d63159970043,,,,,
BIN_9858557,203,1,CWE-121,,"push:rbp sub:rsp,N lea:rbp,[rsp+N] mov:dwordptr_[rbp+N],N call:N test:eax,eax je:N mov:dwordptr_[rbp+N],0 mov:qwordptr_[rbp+N],N mov:qwordptr_[rbp+N],N lea:rax,[rbp-N] mov:rdx,rax mov:ecx,N mov:rax,qwordptr_[rip+N] call:rax test:eax,eax jne:N mov:dwordptr_[rbp+N],1 mov:r8d,6 mov:edx,1 mov:ecx,2 mov:rax,qwordptr_[rip+N] call:rax mov:qwordptr_[rbp+N],rax cmp:qwordptr_[rbp+N],-1 je:N lea:rax,[rbp+N] mov:r8d,N mov:edx,0 mov:rcx,rax call:N mov:wordptr_[rbp+N],2 mov:dwordptr_[rbp+N],0 mov:ecx,N mov:rax,qwordptr_[rip+N] call:rax mov:wordptr_[rbp+N],ax lea:rdx,[rbp+N] mov:rax,qwordptr_[rbp+N] mov:r8d,N mov:rcx,rax mov:rax,qwordptr_[rip+N] call:rax cmp:eax,-1 je:N mov:rax,qwordptr_[rbp+N] mov:edx,5 mov:rcx,rax mov:rax,qwordptr_[rip+N] call:rax cmp:eax,-1 je:N mov:rax,qwordptr_[rbp+N] mov:r8d,0 mov:edx,0 mov:rcx,rax mov:rax,qwordptr_[rip+N] call:rax mov:qwordptr_[rbp+N],rax cmp:qwordptr_[rbp+N],-1 je:N lea:rdx,[rbp+N] mov:rax,qwordptr_[rbp+N] mov:r9d,0 mov:r8d,N mov:rcx,rax mov:rax,qwordptr_[rip+N] call:rax mov:dwordptr_[rbp+N],eax cmp:dwordptr_[rbp+N],-1 je:N cmp:dwordptr_[rbp+N],0 je:N mov:eax,dwordptr_[rbp+N] cdqe: mov:byteptr_[rbp+rax+N],0 lea:rax,[rbp+N] mov:rcx,rax call:N mov:dwordptr_[rbp+N],eax jmp:N nop: jmp:N nop: jmp:N nop: jmp:N nop: jmp:N nop:",key_ins_tail36,CWE-124,2,1.0,{'CWE-124': 2},0.9869588599085776,97,,,a686420e36cfc4bf,,,,,,
BIN_9875520,53773,1,CWE-789,,"push:rbp mov:rbp,rsp sub:rsp,N mov:qwordptr_[rbp-8],0 call:N cdqe: mov:qwordptr_[rbp-8],rax mov:rax,qwordptr_[rbp-8] mov:qwordptr_[rbp-N],rax mov:rax,qwordptr_[rbp-N] mov:qwordptr_[rbp-N],rax cmp:qwordptr_[rbp-N],5 jbe:N mov:rax,qwordptr_[rbp-N] mov:rcx,rax call:N mov:qwordptr_[rbp-N],rax mov:rax,qwordptr_[rbp-N] mov:dwordptr_[rax],N mov:wordptr_[rax+4],N mov:rax,qwordptr_[rbp-N] mov:rcx,rax call:N cmp:qwordptr_[rbp-N],0 je:N mov:rax,qwordptr_[rbp-N] mov:rcx,rax call:N jmp:N lea:rax,[rip+N] mov:rcx,rax call:N nop: add:rsp,N pop:rbp ret:",key_len_ins_calls,CWE-122,2,1.0,{'CWE-122': 2},0.9334157541504768,377,,,,,,,,,137|36|5|3
BIN_9892230,33764,1,CWE-036,,"push:rbp push:rdi sub:rsp,N lea:rbp,[rsp+N] lea:rdx,[rbp-N] mov:eax,0 mov:ecx,N mov:rdi,rdx rep mov:rdx,rdi mov:dwordptr_[rdx],eax add:rdx,4 lea:rax,[rbp-N] mov:qwordptr_[rbp+N],rax mov:rax,qwordptr_[rbp+N] mov:rcx,rax call:N mov:qwordptr_[rbp+N],rax mov:rax,qwordptr_[rbp+N] sub:rax,N cmp:rax,1 jbe:N lea:rdx,[rip+N] lea:rax,[rip+N] mov:rcx,rax call:N mov:qwordptr_[rbp+N],rax cmp:qwordptr_[rbp+N],0 je:N mov:rax,qwordptr_[rbp+N] mov:edx,eax mov:eax,N sub:eax,edx mov:ecx,eax mov:rdx,qwordptr_[rbp+N] mov:rax,qwordptr_[rbp+N] add:rax,rdx mov:rdx,qwordptr_[rbp+N] mov:r8,rdx mov:edx,ecx mov:rcx,rax call:N test:rax,rax sete:al test:al,al je:N lea:rax,[rip+N] mov:rcx,rax call:N mov:rdx,qwordptr_[rbp+N] mov:rax,qwordptr_[rbp+N] add:rax,rdx mov:byteptr_[rax],0 mov:rax,qwordptr_[rbp+N] mov:rcx,rax call:N mov:rax,qwordptr_[rbp+N] mov:qwordptr_[rip+N],rax call:N nop: add:rsp,N pop:rdi pop:rbp ret:",key_ins_tail18,CWE-023,2,1.0,{'CWE-023': 2},0.9933922671667114,74,,,,,,a52d8fdfb34b5df3,,,
BIN_9892230,33764,1,CWE-036,,"push:rbp push:rdi sub:rsp,N lea:rbp,[rsp+N] lea:rdx,[rbp-N] mov:eax,0 mov:ecx,N mov:rdi,rdx rep mov:rdx,rdi mov:dwordptr_[rdx],eax add:rdx,4 lea:rax,[rbp-N] mov:qwordptr_[rbp+N],rax mov:rax,qwordptr_[rbp+N] mov:rcx,rax call:N mov:qwordptr_[rbp+N],rax mov:rax,qwordptr_[rbp+N] sub:rax,N cmp:rax,1 jbe:N lea:rdx,[rip+N] lea:rax,[rip+N] mov:rcx,rax call:N mov:qwordptr_[rbp+N],rax cmp:qwordptr_[rbp+N],0 je:N mov:rax,qwordptr_[rbp+N] mov:edx,eax mov:eax,N sub:eax,edx mov:ecx,eax mov:rdx,qwordptr_[rbp+N] mov:rax,qwordptr_[rbp+N] add:rax,rdx mov:rdx,qwordptr_[rbp+N] mov:r8,rdx mov:edx,ecx mov:rcx,rax call:N test:rax,rax sete:al test:al,al je:N lea:rax,[rip+N] mov:rcx,rax call:N mov:rdx,qwordptr_[rbp+N] mov:rax,qwordptr_[rbp+N] add:rax,rdx mov:byteptr_[rax],0 mov:rax,qwordptr_[rbp+N] mov:rcx,rax call:N mov:rax,qwordptr_[rbp+N] mov:qwordptr_[rip+N],rax call:N nop: add:rsp,N pop:rdi pop:rbp ret:",key_ins_tail24,CWE-023,2,1.0,{'CWE-023': 2},0.9919796954314721,79,,,,,b6daa1011cae1937,,,,
BIN_9892230,33764,1,CWE-036,,"push:rbp push:rdi sub:rsp,N lea:rbp,[rsp+N] lea:rdx,[rbp-N] mov:eax,0 mov:ecx,N mov:rdi,rdx rep mov:rdx,rdi mov:dwordptr_[rdx],eax add:rdx,4 lea:rax,[rbp-N] mov:qwordptr_[rbp+N],rax mov:rax,qwordptr_[rbp+N] mov:rcx,rax call:N mov:qwordptr_[rbp+N],rax mov:rax,qwordptr_[rbp+N] sub:rax,N cmp:rax,1 jbe:N lea:rdx,[rip+N] lea:rax,[rip+N] mov:rcx,rax call:N mov:qwordptr_[rbp+N],rax cmp:qwordptr_[rbp+N],0 je:N mov:rax,qwordptr_[rbp+N] mov:edx,eax mov:eax,N sub:eax,edx mov:ecx,eax mov:rdx,qwordptr_[rbp+N] mov:rax,qwordptr_[rbp+N] add:rax,rdx mov:rdx,qwordptr_[rbp+N] mov:r8,rdx mov:edx,ecx mov:rcx,rax call:N test:rax,rax sete:al test:al,al je:N lea:rax,[rip+N] mov:rcx,rax call:N mov:rdx,qwordptr_[rbp+N] mov:rax,qwordptr_[rbp+N] add:rax,rdx mov:byteptr_[rax],0 mov:rax,qwordptr_[rbp+N] mov:rcx,rax call:N mov:rax,qwordptr_[rbp+N] mov:qwordptr_[rip+N],rax call:N nop: add:rsp,N pop:rdi pop:rbp ret:",key_ins_tail30,CWE-023,2,1.0,{'CWE-023': 2},0.9905738187816661,80,,,,25b728269a956d2e,,,,,
BIN_9892230,33764,1,CWE-036,,"push:rbp push:rdi sub:rsp,N lea:rbp,[rsp+N] lea:rdx,[rbp-N] mov:eax,0 mov:ecx,N mov:rdi,rdx rep mov:rdx,rdi mov:dwordptr_[rdx],eax add:rdx,4 lea:rax,[rbp-N] mov:qwordptr_[rbp+N],rax mov:rax,qwordptr_[rbp+N] mov:rcx,rax call:N mov:qwordptr_[rbp+N],rax mov:rax,qwordptr_[rbp+N] sub:rax,N cmp:rax,1 jbe:N lea:rdx,[rip+N] lea:rax,[rip+N] mov:rcx,rax call:N mov:qwordptr_[rbp+N],rax cmp:qwordptr_[rbp+N],0 je:N mov:rax,qwordptr_[rbp+N] mov:edx,eax mov:eax,N sub:eax,edx mov:ecx,eax mov:rdx,qwordptr_[rbp+N] mov:rax,qwordptr_[rbp+N] add:rax,rdx mov:rdx,qwordptr_[rbp+N] mov:r8,rdx mov:edx,ecx mov:rcx,rax call:N test:rax,rax sete:al test:al,al je:N lea:rax,[rip+N] mov:rcx,rax call:N mov:rdx,qwordptr_[rbp+N] mov:rax,qwordptr_[rbp+N] add:rax,rdx mov:byteptr_[rax],0 mov:rax,qwordptr_[rbp+N] mov:rcx,rax call:N mov:rax,qwordptr_[rbp+N] mov:qwordptr_[rip+N],rax call:N nop: add:rsp,N pop:rdi pop:rbp ret:",key_ins_tail36,CWE-023,2,1.0,{'CWE-023': 2},0.9869588599085776,97,,,81fe311821e37bde,,,,,,
BIN_9903346,10738,1,CWE-122,,"push:rbp mov:rbp,rsp sub:rsp,N mov:qwordptr_[rbp-8],0 mov:eax,dwordptr_[rip+N] test:eax,eax je:N mov:ecx,8 call:N mov:qwordptr_[rbp-8],rax cmp:qwordptr_[rbp-8],0 jne:N mov:ecx,N call:N mov:rax,qwordptr_[rbp-8] mov:qwordptr_[rax],N mov:rax,qwordptr_[rbp-8] mov:rax,qwordptr_[rax] mov:rcx,rax call:N mov:rax,qwordptr_[rbp-8] mov:rcx,rax call:N nop: add:rsp,N pop:rbp ret:",key_op_full,CWE-758,9,1.0,{'CWE-758': 9},0.9925788497217068,56,,36725c3489eae938,,,,,,,
BIN_9923796,35486,1,CWE-398,2f9743d311799dce,"push:rbp mov:rbp,rsp sub:rsp,N lea:rax,[rip+N] mov:rcx,rax call:N nop: nop: add:rsp,N pop:rbp ret:",key_body_hex,CWE-546,3,1.0,{'CWE-546': 3},0.9740777666999003,26,,,,,,,,,
BIN_9963906,23985,1,CWE-191,,"push:rbp mov:rbp,rsp sub:rsp,N mov:dwordptr_[rbp-4],0 mov:dwordptr_[rbp-4],N mov:eax,dwordptr_[rbp-4] mov:dwordptr_[rbp-N],eax mov:eax,dwordptr_[rbp-N] mov:dwordptr_[rbp-8],eax mov:eax,dwordptr_[rbp-8] sub:eax,1 mov:dwordptr_[rbp-N],eax mov:eax,dwordptr_[rbp-N] mov:ecx,eax call:N nop: add:rsp,N pop:rbp ret:",key_marker_tail,CWE-190,2,1.0,{'CWE-190': 2},0.9945901446548278,46,,,,,,,abaa03d9bb3e28a9,,
BIN_9990685,48764,1,CWE-761,,"push:rbp sub:rsp,N lea:rbp,[rsp+N] mov:ecx,N call:N mov:qwordptr_[rbp+N],rax cmp:qwordptr_[rbp+N],0 jne:N mov:ecx,N call:N mov:rax,qwordptr_[rbp+N] mov:byteptr_[rax],0 mov:dwordptr_[rbp+N],0 mov:qwordptr_[rbp+N],N mov:rax,qwordptr_[rbp+N] mov:rcx,rax call:N mov:qwordptr_[rbp+N],rax lea:rax,[rbp-N] mov:rdx,rax mov:ecx,N mov:rax,qwordptr_[rip+N] call:rax test:eax,eax jne:N mov:dwordptr_[rbp+N],1 mov:r8d,6 mov:edx,1 mov:ecx,2 mov:rax,qwordptr_[rip+N] call:rax mov:qwordptr_[rbp+N],rax cmp:qwordptr_[rbp+N],-1 je:N lea:rax,[rbp+N] mov:r8d,N mov:edx,0 mov:rcx,rax call:N mov:wordptr_[rbp+N],2 lea:rax,[rip+N] mov:rcx,rax mov:rax,qwordptr_[rip+N] call:rax mov:dwordptr_[rbp+N],eax mov:ecx,N mov:rax,qwordptr_[rip+N] call:rax mov:wordptr_[rbp+N],ax lea:rdx,[rbp+N] mov:rax,qwordptr_[rbp+N] mov:r8d,N mov:rcx,rax mov:rax,qwordptr_[rip+N] call:rax cmp:eax,-1 je:N mov:rax,qwordptr_[rbp+N] mov:edx,eax mov:eax,N sub:eax,edx mov:ecx,eax mov:rdx,qwordptr_[rbp+N] mov:rax,qwordptr_[rbp+N] add:rdx,rax mov:rax,qwordptr_[rbp+N] mov:r9d,0 mov:r8d,ecx mov:rcx,rax mov:rax,qwordptr_[rip+N] call:rax mov:dwordptr_[rbp+N],eax cmp:dwordptr_[rbp+N],-1 je:N cmp:dwordptr_[rbp+N],0 je:N mov:eax,dwordptr_[rbp+N] movsxd:rdx,eax mov:rax,qwordptr_[rbp+N] add:rdx,rax mov:rax,qwordptr_[rbp+N] add:rax,rdx mov:byteptr_[rax],0 mov:rax,qwordptr_[rbp+N] mov:edx,N mov:rcx,rax call:N mov:qwordptr_[rbp+N],rax cmp:qwordptr_[rbp+N]",key_ins_tail30,CWE-134,2,1.0,{'CWE-134': 2},0.9905738187816661,80,,,,7a9cda128b5ddc45,,,,,
BIN_9990685,48764,1,CWE-761,,"push:rbp sub:rsp,N lea:rbp,[rsp+N] mov:ecx,N call:N mov:qwordptr_[rbp+N],rax cmp:qwordptr_[rbp+N],0 jne:N mov:ecx,N call:N mov:rax,qwordptr_[rbp+N] mov:byteptr_[rax],0 mov:dwordptr_[rbp+N],0 mov:qwordptr_[rbp+N],N mov:rax,qwordptr_[rbp+N] mov:rcx,rax call:N mov:qwordptr_[rbp+N],rax lea:rax,[rbp-N] mov:rdx,rax mov:ecx,N mov:rax,qwordptr_[rip+N] call:rax test:eax,eax jne:N mov:dwordptr_[rbp+N],1 mov:r8d,6 mov:edx,1 mov:ecx,2 mov:rax,qwordptr_[rip+N] call:rax mov:qwordptr_[rbp+N],rax cmp:qwordptr_[rbp+N],-1 je:N lea:rax,[rbp+N] mov:r8d,N mov:edx,0 mov:rcx,rax call:N mov:wordptr_[rbp+N],2 lea:rax,[rip+N] mov:rcx,rax mov:rax,qwordptr_[rip+N] call:rax mov:dwordptr_[rbp+N],eax mov:ecx,N mov:rax,qwordptr_[rip+N] call:rax mov:wordptr_[rbp+N],ax lea:rdx,[rbp+N] mov:rax,qwordptr_[rbp+N] mov:r8d,N mov:rcx,rax mov:rax,qwordptr_[rip+N] call:rax cmp:eax,-1 je:N mov:rax,qwordptr_[rbp+N] mov:edx,eax mov:eax,N sub:eax,edx mov:ecx,eax mov:rdx,qwordptr_[rbp+N] mov:rax,qwordptr_[rbp+N] add:rdx,rax mov:rax,qwordptr_[rbp+N] mov:r9d,0 mov:r8d,ecx mov:rcx,rax mov:rax,qwordptr_[rip+N] call:rax mov:dwordptr_[rbp+N],eax cmp:dwordptr_[rbp+N],-1 je:N cmp:dwordptr_[rbp+N],0 je:N mov:eax,dwordptr_[rbp+N] movsxd:rdx,eax mov:rax,qwordptr_[rbp+N] add:rdx,rax mov:rax,qwordptr_[rbp+N] add:rax,rdx mov:byteptr_[rax],0 mov:rax,qwordptr_[rbp+N] mov:edx,N mov:rcx,rax call:N mov:qwordptr_[rbp+N],rax cmp:qwordptr_[rbp+N]",key_ins_tail36,CWE-134,2,1.0,{'CWE-134': 2},0.9869588599085776,97,,,9de01ba1322521cc,,,,,,
