binary_id,sid,cwe,class_count,nearest_cwe,nearest_dist,near_same,exact_same_strict,exact_same_loose,exact_same_marker,other_strict,other_loose,has_token,calls,ptr_sig,body_len,insn_count
BIN_1000102,7887,CWE-135,24,CWE-135,1,8,0,0,0,,,False,malloc|exit|wmemset,data:1|funcPtr:1|dataBadBuffer:1,122,31
BIN_1006630,53038,CWE-775,26,CWE-775,1,10,1,3,3,,,False,,data:0,55,15
BIN_1027931,39157,CWE-416,186,CWE-416,1,9,1,1,1,,,True,_znay|wmemset|_zdapv|printwline,,108,29
BIN_1028789,46457,CWE-675,31,CWE-675,2,4,0,0,0,,,True,fopen|fclose|badsink,data:1,77,19
BIN_1031472,46744,CWE-680,142,CWE-680,1,15,1,1,1,,,False,fscanf|malloc|exit|printintline|free,data:0|i:0|intPointer:1,188,50
BIN_1035625,7876,CWE-135,24,CWE-135,1,11,0,0,0,,,False,malloc|exit|wmemset|strlen|calloc|exit|wcscpy|printline|free,i:0|j:0|data:1|dataBadBuffer:1|dataLen:0|dest:1,235,60
BIN_1036896,42532,CWE-588,22,CWE-588,2,9,1,1,1,,,True,printintline,,59,17
BIN_1057451,39125,CWE-416,186,CWE-416,1,10,4,4,4,,,True,_znay|_zdapv|printstructline,,141,34
BIN_1094598,41914,CWE-546,35,CWE-546,2,11,1,1,1,,,False,printline,,30,10
BIN_1098561,35561,CWE-400,193,CWE-400,1,9,0,0,1,,,True,memset|atoi|fopen|exit|fwrite|exit|fclose,count:0|myUnion:0|wsaData:0|wsaDataInit:0|recvResult:0|service:0|connectSocket:0|inputBuffer:0|count:0|i:0|pFile:1|filename:1,639,124
BIN_1105650,46578,CWE-676,9,CWE-676,3,9,2,2,2,,,True,.text$_zstrsicst11char_traitsiceerst13basic_istreamit_t0_es6_ps3_|_zstrsicst11char_traitsiceerst13basic_istreamit_t0_es6_ps3_|printline,,50,15
BIN_1108480,41988,CWE-563,159,CWE-563,1,10,1,6,6,,,False,,data:0,23,8
BIN_1127912,42526,CWE-588,22,CWE-588,1,11,0,0,0,,,True,globalreturnstrueorfalse|printintline,,82,24
BIN_1128568,39277,CWE-416,186,CWE-416,1,9,1,1,1,,,True,_znwy|_zdlpvy|printstructline,,92,24
BIN_1133138,42128,CWE-563,159,CWE-563,1,14,0,0,0,,,False,printline,,30,10
BIN_1144167,39071,CWE-416,186,CWE-416,2,11,2,2,2,,,True,_znay|_zdapv|printlonglongline,,121,32
BIN_1146999,34997,CWE-377,54,CWE-377,1,11,0,0,0,,,False,mktemp|exit|printline|printline,filename:1|tmpl:0|fileDesc:0,161,41
BIN_1171041,41900,CWE-546,35,CWE-546,1,14,0,0,0,,,False,printline,,41,13
BIN_1176535,48898,CWE-761,150,CWE-761,1,11,0,0,0,,,False,malloc|exit|strlen|fopen|fgets|printline|fclose|printline|free,data:1|dataLen:0|pFile:1,276,77
BIN_1177863,35192,CWE-391,25,CWE-391,1,13,0,0,1,,,False,globalreturnstrue|sqrt|printdoubleline,doubleNumber:0,64,18
BIN_1178590,35848,CWE-400,193,CWE-400,1,9,0,0,0,,,True,fscanf|fopen|exit|fwrite|exit|fclose,,244,60
BIN_1180782,48797,CWE-761,150,CWE-761,1,8,0,0,1,,,False,malloc|exit|strlen|fgets|strlen|printline|printline|free,data:1|dataLen:0,311,88
BIN_1187259,47078,CWE-680,142,CWE-680,1,11,1,1,1,,,True,_zl17staticreturnstruev|memset|atoi|_znay|printintline|_zdapv,,714,147
BIN_1187537,35927,CWE-400,193,CWE-400,1,15,0,1,1,,,False,memset|atoi|printline,count:0|wsaData:0|wsaDataInit:0|recvResult:0|service:0|listenSocket:0|acceptSocket:0|inputBuffer:0|i:0,618,124
BIN_1199177,46643,CWE-680,142,CWE-680,1,9,0,1,1,,,False,fgets|atoi|printline|malloc|exit|printintline|free,data:0|inputBuffer:0|i:0|intPointer:1,236,61
BIN_1224248,41483,CWE-476,98,CWE-476,1,14,1,1,1,,,False,printintline,data:1,38,14
BIN_1232595,38960,CWE-416,186,CWE-416,1,11,0,0,0,,,False,malloc|exit|free|printlongline,i:0|j:0|data:1|i:0,165,43
BIN_1235146,36089,CWE-400,193,CWE-400,1,10,0,0,0,,,True,rand|rand|rand|rand|rand|rand|rand|printline,count:0|myUnion:0|count:0|i:0,164,50
BIN_1254794,35415,CWE-398,84,CWE-398,2,14,0,0,0,,,False,rand|printline|printline,x:0,97,31
BIN_1260062,45540,CWE-606,118,CWE-606,1,8,0,0,0,,,False,staticreturnstrue|wcslen|memset|wcschr|wcschr|staticreturnstrue|swscanf|printintline,data:1|dataBuffer:0|wsaData:0|wsaDataInit:0|recvResult:0|service:0|replace:1|connectSocket:0|dataLen:0|i:0|n:0|intVariable:0,981,167
BIN_1267373,35155,CWE-390,34,CWE-390,1,17,1,1,1,,,False,fopen|fclose,fileDesc:1,74,20
BIN_1278321,35186,CWE-391,25,CWE-391,1,8,0,1,1,,,False,sqrt|printdoubleline,doubleNumber:0,65,18
BIN_1282514,18993,CWE-188,21,CWE-188,1,7,1,1,1,,,False,printintline,unionStructLong:0,43,15
BIN_1285780,39208,CWE-416,186,CWE-416,3,7,2,2,2,,,True,_znwy|_zdlpvy|printlonglongline,,85,23
BIN_1287386,53045,CWE-775,26,CWE-775,1,14,2,2,2,,,False,,data:0,56,16
BIN_1288419,41659,CWE-483,9,CWE-483,1,7,0,1,1,,,False,rand|printline|printline,x:0|y:0,111,33
BIN_1289129,35014,CWE-377,54,CWE-377,1,11,1,1,1,,,False,tempnam|exit|printline|printline|free,filename:1|fileDesc:0,154,41
BIN_1292274,45601,CWE-606,118,CWE-606,2,11,0,0,0,,,False,wcslen|fgetws|wcslen|printline|swscanf|printintline,data:1|dataBuffer:0|dataLen:0|dataCopy:1|data:1|i:0|n:0|intVariable:0,609,113
BIN_1298507,41173,CWE-475,18,CWE-475,1,11,0,1,1,,,False,memcpy|printline,dataBuffer:0|data:1,247,44
BIN_1340195,35782,CWE-400,193,CWE-400,1,10,0,1,1,,,False,fscanf|printline,count:0|i:0,130,34
BIN_1341951,42355,CWE-563,159,CWE-563,1,9,1,1,1,,,False,printintline,data:0,39,12
BIN_1344429,18962,CWE-188,21,CWE-188,1,6,0,1,1,,,False,printintline|printintline,structCharInt:0|charPtr:1,75,23
BIN_1344642,35414,CWE-398,84,CWE-398,1,14,0,0,0,,,False,rand|printline|printline,x:0,97,31
BIN_1363458,49206,CWE-761,150,CWE-761,2,6,0,0,0,,,True,malloc|exit|wcslen|fopen|fgetws|printline|fclose|badsink,data:1|dataLen:0|pFile:1,237,61
BIN_1372809,42442,CWE-563,159,CWE-563,1,12,0,0,0,,,False,printf,data:0,65,19
BIN_1379507,42339,CWE-563,159,CWE-563,2,10,1,1,1,,,False,printlonglongline,data:0,45,14
BIN_1391775,41219,CWE-476,98,CWE-476,1,13,0,2,2,,,False,printline,twoIntsStructPointer:1,65,21
BIN_1394325,39509,CWE-426,45,CWE-426,1,7,0,0,0,,,True,wcscpy|badsink,data:1|dataBuffer:0,297,41
BIN_1395757,49294,CWE-761,150,CWE-761,1,10,0,0,0,,,False,malloc|exit|wcslen|memset|wcschr|wcschr|printline|free,data:1|wsaData:0|wsaDataInit:0|recvResult:0|service:0|replace:1|listenSocket:0|acceptSocket:0|dataLen:0|dataCopy:1|data:1,835,168
BIN_1405014,41472,CWE-476,98,CWE-476,1,15,0,0,2,,,False,printintline,data:1,54,18
BIN_1406433,39839,CWE-427,131,CWE-427,1,8,0,0,0,,,True,wcslen|fgetws|wcslen|printline,,402,90
BIN_1413218,35587,CWE-400,193,CWE-400,1,5,1,2,2,,,False,memset|atoi|printline,count:0|wsaData:0|wsaDataInit:0|recvResult:0|service:0|connectSocket:0|inputBuffer:0,447,91
BIN_1415946,39697,CWE-427,131,CWE-427,1,5,0,0,0,,,True,strlen|fopen|fgets|printline|fclose|cwe427_uncontrolled_search_path_element__char_file_41_badsink,data:1|dataBuffer:0|dataLen:0|pFile:1,521,86
BIN_1419662,35132,CWE-390,34,CWE-390,1,16,0,0,0,,,False,printwline|fgetws|printwline,dataBuffer:0|data:1,340,52
BIN_1426123,39219,CWE-416,186,CWE-416,2,7,0,0,0,,,True,globalreturnstrueorfalse|_znwy|_zdlpvy|_znwy|globalreturnstrueorfalse|printlonglongline,,140,39
BIN_1440075,52951,CWE-773,20,CWE-773,1,12,0,0,0,,,False,,data:0,109,29
BIN_1447241,39396,CWE-426,45,CWE-426,1,13,0,0,0,,,False,globalreturnstrueorfalse|system|printline|exit,data:1|dataBuffer:0,281,51
BIN_1454105,35552,CWE-400,193,CWE-400,1,13,0,1,1,,,False,memset|atoi|fopen|exit|fwrite|exit|fclose,count:0|wsaData:0|wsaDataInit:0|recvResult:0|service:0|connectSocket:0|inputBuffer:0|i:0|pFile:1|filename:1,617,122
BIN_1467530,39387,CWE-426,45,CWE-426,1,6,1,1,1,,,False,system|printline|exit,data:1|dataBuffer:0,204,37
BIN_1467776,47234,CWE-685,8,CWE-685,1,9,0,0,0,,,False,sprintf|printline,dest:0,76,20
BIN_1485513,35889,CWE-400,193,CWE-400,1,13,1,1,1,,,False,fscanf|printline,count:0,92,26
BIN_1485586,45498,CWE-606,118,CWE-606,1,16,1,1,1,,,False,strlen|memset|strchr|strchr|sscanf|printintline,data:1|dataBuffer:0|wsaData:0|wsaDataInit:0|recvResult:0|service:0|replace:1|listenSocket:0|acceptSocket:0|dataLen:0|i:0|n:0|intVariable:0,956,177
BIN_1493520,39739,CWE-427,131,CWE-427,1,12,0,0,0,,,False,badsource,data:1|dataBuffer:0,363,52
BIN_1502371,413,CWE-135,24,CWE-135,1,11,0,1,1,,,False,strlen|___chkstk_ms|wcscpy|printline,data:1|dataLen:0|dest:1,149,40
BIN_1512730,18977,CWE-188,21,CWE-188,1,9,0,1,1,,,False,printintline,unionStructLong:0,42,14
BIN_1528226,42531,CWE-588,22,CWE-588,2,9,0,0,0,,,True,printintline,,77,21
BIN_1528467,35593,CWE-400,193,CWE-400,4,8,0,0,1,,,False,staticreturnstrue|memset|atoi|staticreturnstrue|printline,count:0|wsaData:0|wsaDataInit:0|recvResult:0|service:0|connectSocket:0|inputBuffer:0,469,97
BIN_1543925,39747,CWE-427,131,CWE-427,1,9,0,0,0,,,True,_zn62cwe427_uncontrolled_search_path_element__char_listen_socket_43l9badsourceerpc,,346,50
BIN_1545363,47075,CWE-680,142,CWE-680,1,10,0,0,0,,,True,memset|atoi|_znay|printintline|_zdapv,,710,145
BIN_1549854,35386,CWE-398,84,CWE-398,1,11,0,0,0,,,False,printline,i:0,59,18
BIN_1553949,10930,CWE-123,43,CWE-123,2,11,0,0,0,,,False,fgets|printline|exit,i:0|data:0|head:0,206,50
BIN_1557835,10972,CWE-123,43,CWE-123,1,11,1,2,2,,,False,globalreturnstrue|memset,data:0|head:0|wsaData:0|wsaDataInit:0|recvResult:0|service:0|listenSocket:0|acceptSocket:0,621,120
BIN_1559628,35750,CWE-400,193,CWE-400,2,12,0,0,0,,,False,fgets|atoi|printline|printline,count:0|inputBuffer:0|countCopy:0|count:0,153,40
BIN_1568092,46543,CWE-675,31,CWE-675,2,15,0,0,0,,,False,badsink,data:0,89,23
BIN_1592688,45453,CWE-606,118,CWE-606,1,17,0,0,0,,,False,strlen|fopen|fgets|printline|fclose|sscanf|printintline,i:0|j:0|data:1|dataBuffer:0|dataLen:0|pFile:1|i:0|n:0|intVariable:0,418,92
BIN_1593911,41022,CWE-464,10,CWE-464,1,6,0,0,0,,,True,getc|atoi|badsink,data:0|charArraySource:0,78,22
BIN_1596625,42330,CWE-563,159,CWE-563,1,9,0,1,1,,,False,printlonglongline,data:0,63,18
BIN_1599122,52984,CWE-775,26,CWE-775,2,8,3,6,6,,,False,fopen,data:1,49,13
BIN_1599779,41847,CWE-526,9,CWE-526,2,9,0,0,1,,,False,staticreturnstrue|getenv|printline,,47,15
BIN_1602140,46746,CWE-680,142,CWE-680,1,17,0,0,0,,,False,globalreturnstrueorfalse|fscanf|malloc|exit|printintline|free,data:0|i:0|intPointer:1,193,51
BIN_1611878,39885,CWE-427,131,CWE-427,1,12,0,0,0,,,False,wcslen|wcsncat,data:1|dataBuffer:0|dataLen:0|environment:1|dataCopy:1|data:1,250,53
BIN_1655785,41744,CWE-510,17,CWE-510,1,10,0,1,2,,,False,globalreturnstrue|memset|strcmp|printline,wsaData:0|wsaDataInit:0|service:0|acceptService:0|acceptServiceLen:0|listenSocket:0|acceptSocket:0,636,133
BIN_1663347,42520,CWE-588,22,CWE-588,2,8,3,3,3,,,True,printintline,,58,16
BIN_1668988,41796,CWE-511,27,CWE-511,1,13,0,0,1,,,False,globalreturnstrue,count:0,65,19
BIN_1670545,39454,CWE-426,45,CWE-426,3,8,0,0,0,,,False,wcscpy,data:1|dataPtr1:1|dataPtr2:1|dataBuffer:0|data:1|data:1|pipe:1,382,63
BIN_1672138,41431,CWE-476,98,CWE-476,1,10,0,0,0,,,True,printlongline,,55,17
BIN_1678289,41320,CWE-476,98,CWE-476,1,15,1,1,1,,,False,printintline,intPointer:1,57,18
BIN_1678676,34987,CWE-377,54,CWE-377,2,6,0,0,1,,,False,mktemp|exit|printline|printline,filename:1|tmpl:0|fileDesc:0,156,40
BIN_1683189,46803,CWE-680,142,CWE-680,1,9,0,0,0,,,False,memset|atoi|malloc|exit|printintline|free,data:0|wsaData:0|wsaDataInit:0|recvResult:0|service:0|listenSocket:0|acceptSocket:0|inputBuffer:0|dataCopy:0|data:0|i:0|intPointer:1,701,140
BIN_1687186,46020,CWE-617,93,CWE-617,1,7,0,0,0,,,False,staticreturnstrue|rand|rand|rand|rand|rand|rand|rand,data:0,149,45
BIN_1697843,42271,CWE-563,159,CWE-563,1,11,3,5,5,,,False,,data:0,7,5
BIN_1706260,46041,CWE-617,93,CWE-617,1,4,0,0,0,,,True,rand|rand|rand|rand|rand|rand|rand|badsink,data:0,116,37
BIN_1708390,35174,CWE-390,34,CWE-390,2,11,0,1,2,,,False,globalreturnstrue|sqrt|printdoubleline,doubleNumber:0,88,23
BIN_1709610,34989,CWE-377,54,CWE-377,2,8,0,0,0,,,False,mktemp|exit|printline|printline,filename:1|tmpl:0|fileDesc:0,157,40
BIN_1710438,42410,CWE-563,159,CWE-563,3,7,0,0,0,,,False,printstructline,data:0,55,14
BIN_1710461,46881,CWE-680,142,CWE-680,1,8,3,3,3,,,True,memset|atoi|_znay|printintline|_zdapv,,576,117
BIN_1716735,48911,CWE-761,150,CWE-761,1,9,0,0,0,,,False,malloc|exit|strlen|fopen|fgets|printline|fclose|printline|free,data:1|dataPtr1:1|dataPtr2:1|data:1|dataLen:0|pFile:1|data:1,314,87
BIN_1721111,42447,CWE-563,159,CWE-563,1,14,0,1,2,,,False,globalreturnstrue|globalreturnstrue|printf,data:0,63,19
BIN_1727266,41956,CWE-563,159,CWE-563,1,6,0,0,0,,,True,printline,,30,10
BIN_1728524,42382,CWE-563,159,CWE-563,1,12,2,2,2,,,False,printlongline,data:0,39,12
BIN_1735861,42048,CWE-563,159,CWE-563,1,8,0,1,1,,,False,staticreturnstrue,data:0,27,9
BIN_1738348,35986,CWE-400,193,CWE-400,1,8,0,0,0,,,False,memset|atoi|fopen|exit|fwrite|exit|fclose,i:0|j:0|count:0|wsaData:0|wsaDataInit:0|recvResult:0|service:0|listenSocket:0|acceptSocket:0|inputBuffer:0|i:0|pFile:1|filename:1,801,154
BIN_1738868,42340,CWE-563,159,CWE-563,1,9,0,0,0,,,False,printlonglongline,i:0|j:0|data:0,82,23
BIN_1745934,49037,CWE-761,150,CWE-761,1,10,0,0,1,,,False,malloc|exit|wcslen|memset|wcschr|wcschr|printline|free,data:1|wsaData:0|wsaDataInit:0|recvResult:0|service:0|replace:1|connectSocket:0|dataLen:0,701,144
BIN_1747034,49133,CWE-761,150,CWE-761,2,7,0,0,2,,,False,malloc|exit|wcslen|wcsncat|printline|free,data:1|dataLen:0|environment:1,213,58
BIN_1755530,49251,CWE-761,150,CWE-761,1,10,0,0,0,,,False,malloc|exit|badsource|printline|free,data:1,132,37
BIN_1785166,45308,CWE-606,118,CWE-606,1,14,0,1,1,,,False,strlen|memset|strchr|strchr|sscanf|printintline,data:1|dataBuffer:0|wsaData:0|wsaDataInit:0|recvResult:0|service:0|replace:1|connectSocket:0|dataLen:0|i:0|n:0|intVariable:0,811,148
BIN_1791831,39988,CWE-427,131,CWE-427,1,6,0,0,0,,,False,wcslen|memset|wcschr|wcschr,data:1|funcPtr:1|dataBuffer:0|wsaData:0|wsaDataInit:0|recvResult:0|service:0|replace:1|listenSocket:0|acceptSocket:0|dataLen:0,795,160
BIN_1792787,42485,CWE-571,8,CWE-571,1,8,0,1,1,,CWE-570@42476,False,globalreturnstrue|printline,,39,13
BIN_1794411,42363,CWE-563,159,CWE-563,1,12,0,1,2,,,False,globalreturnstrue|globalreturnstrue|printintline,data:0,57,18
BIN_1829591,46613,CWE-680,142,CWE-680,1,7,0,0,0,,,True,memset|atoi|malloc|exit|printintline|free,,601,122
BIN_1851561,45414,CWE-606,118,CWE-606,2,8,0,0,0,,,False,badsource|sscanf|printintline,data:1|dataBuffer:0|i:0|n:0|intVariable:0,227,45
BIN_1858414,45653,CWE-606,118,CWE-606,2,8,0,0,0,,,False,wcslen|wcsncat|badsink,data:1|dataBuffer:0|dataLen:0|environment:1,334,59
BIN_1862701,42233,CWE-563,159,CWE-563,3,8,0,0,0,,,True,_zn54cwe563_unused_variable__unused_uninit_variable_long_43l9badsourceerl,,27,10
BIN_1865568,42412,CWE-563,159,CWE-563,1,8,0,0,1,,,False,printstructline,data:0,73,20
BIN_1874258,35706,CWE-400,193,CWE-400,1,11,0,0,0,,,False,fgets|atoi|printline|badsink,count:0|inputBuffer:0,122,32
BIN_1896060,41648,CWE-483,9,CWE-483,1,11,0,0,0,,,False,rand|printline|printline,x:0|y:0,119,35
BIN_1903940,35851,CWE-400,193,CWE-400,1,8,0,0,0,,,False,badsource|fopen|exit|fwrite|exit|fclose,count:0|i:0|pFile:1|filename:1,196,48
BIN_1913775,48794,CWE-761,150,CWE-761,1,7,1,1,1,,,False,malloc|exit|strlen|fgets|strlen|printline|printline|free,data:1|dataLen:0,302,85
BIN_1914743,46129,CWE-665,52,CWE-665,1,9,3,6,6,,,False,memset|strlen|strncat|printline,data:1|dataBuffer:0|sourceLen:0|source:0,127,28
BIN_1915534,45977,CWE-617,93,CWE-617,1,13,0,0,0,,,False,memset|atoi,data:0|wsaData:0|wsaDataInit:0|recvResult:0|service:0|listenSocket:0|acceptSocket:0|inputBuffer:0,589,119
BIN_1925712,10873,CWE-123,43,CWE-123,1,14,0,2,2,,,False,staticreturnstrue|memset,data:0|head:0|wsaData:0|wsaDataInit:0|recvResult:0|service:0|connectSocket:0,510,97
BIN_1927329,47034,CWE-680,142,CWE-680,1,16,0,0,0,,,True,globalreturnstrueorfalse|fscanf|_znay|printintline|_zdapv,,196,53
BIN_1934432,45937,CWE-617,93,CWE-617,2,10,0,0,0,,,False,fscanf,data:0|dataCopy:0|data:0,111,29
BIN_1957041,39019,CWE-416,186,CWE-416,1,11,0,0,0,,,True,_znay|memset|_zdapv|printline,,128,35
BIN_1964676,39111,CWE-416,186,CWE-416,1,14,1,1,1,,,True,_znay|_zdapv|printlongline,,144,38
BIN_1967080,47051,CWE-680,142,CWE-680,1,7,0,0,0,,,True,fscanf|_zn57cwe680_integer_overflow_to_buffer_overflow__new_fscanf_45l7badsinkev,,75,20
BIN_1972380,41085,CWE-467,20,CWE-467,2,13,0,0,0,,,False,staticreturnstrue|malloc|exit|printshortline|free,badShort:1,99,28
BIN_1975687,56003,CWE-843,23,CWE-843,1,12,0,0,0,,,True,printintline,data:1|myUnion:0|charBuffer:0|data:1,64,19
BIN_1980408,48990,CWE-761,150,CWE-761,2,10,0,0,0,,,False,malloc|exit|strlen|memset|strchr|strchr|printline|free,data:1|wsaData:0|wsaDataInit:0|recvResult:0|service:0|replace:1|listenSocket:0|acceptSocket:0|dataLen:0,795,164
BIN_1993210,41286,CWE-476,98,CWE-476,1,8,0,0,0,,,True,printintline|_zdlpvy,,107,31
BIN_1993794,41896,CWE-546,35,CWE-546,1,16,1,1,1,,,False,printline,,30,10
BIN_2000339,41477,CWE-476,98,CWE-476,1,15,1,1,1,,,False,printintline,data:1,62,20
BIN_2003503,10983,CWE-123,43,CWE-123,5,6,0,0,0,,,False,memset,data:0|dataPtr1:1|dataPtr2:1|head:0|data:0|wsaData:0|wsaDataInit:0|recvResult:0|service:0|listenSocket:0|acceptSocket:0|data:0,720,136
BIN_2013496,41166,CWE-469,19,CWE-469,1,9,1,1,1,,,False,wcschr|exit|printunsignedline,string1:0|string2:0|slashInString1:1|indexOfSlashInString1:0,140,35
BIN_2016151,48899,CWE-761,150,CWE-761,2,11,0,0,0,,,False,malloc|exit|strlen|fopen|fgets|printline|fclose|printline|free,data:1|dataLen:0|pFile:1,276,77
BIN_2021761,35730,CWE-400,193,CWE-400,1,7,0,2,2,,,False,fgets|atoi|printline|printline,count:0|inputBuffer:0,141,36
BIN_2025147,39435,CWE-426,45,CWE-426,1,9,1,2,2,,,False,wcscpy,data:1|dataBuffer:0|pipe:1,303,50
BIN_2044359,45691,CWE-606,118,CWE-606,1,12,0,1,1,,,False,wcslen|fopen|fgetws|printline|fclose|swscanf|printintline,data:1|dataBuffer:0|dataLen:0|pFile:1|i:0|n:0|intVariable:0,535,97
BIN_2050995,35385,CWE-398,84,CWE-398,2,11,0,0,0,,,False,printline,i:0,59,18
BIN_2055913,31024,CWE-242,8,CWE-242,2,10,0,0,0,,,False,gets|printline|exit|printline,dest:0|result:1,93,26
BIN_2065268,35404,CWE-398,84,CWE-398,1,15,0,1,1,,,False,rand|printline|printline,x:0,106,33
BIN_2066009,42160,CWE-563,159,CWE-563,1,11,1,7,7,,,False,,data:0,7,5
BIN_2069110,46931,CWE-680,142,CWE-680,3,7,0,0,0,,,True,fgets|atoi|printline|_znay|printintline|_zdapv,,239,63
BIN_2073301,32173,CWE-367,18,CWE-367,2,11,0,0,0,,,False,fgets|printline|strlen|exit|exit|exit,filename:0|fileDesc:0,379,84
BIN_2083628,46847,CWE-680,142,CWE-680,1,14,0,0,0,,,False,rand|rand|rand|rand|rand|rand|rand|malloc|exit|printintline|free,i:0|data:0|i:0|intPointer:1,235,68
BIN_2100882,47122,CWE-680,142,CWE-680,1,11,3,3,3,,,True,rand|rand|rand|rand|rand|rand|rand|_znay|printintline|_zdapv,,214,63
BIN_2104750,39443,CWE-426,45,CWE-426,1,11,0,1,2,,,False,globalreturnstrue|wcscpy,data:1|dataBuffer:0|pipe:1,312,53
BIN_2106997,41087,CWE-467,20,CWE-467,2,12,0,0,0,,,False,malloc|exit|printshortline|free,badShort:1,103,29
BIN_2107747,35895,CWE-400,193,CWE-400,1,10,0,0,0,,,False,fscanf|printline,count:0|countPtr1:1|countPtr2:1|count:0|count:0,133,37
BIN_2112774,31028,CWE-242,8,CWE-242,1,8,0,0,0,,,False,gets|printline|exit|printline,j:0|dest:0|result:1,99,28
BIN_2112996,42195,CWE-563,159,CWE-563,2,11,0,1,1,,,False,globalreturnstrue,data:0,20,8
BIN_2126504,35333,CWE-398,84,CWE-398,2,14,0,0,0,,,False,printline,,41,13
BIN_2135868,31018,CWE-242,8,CWE-242,1,10,0,0,0,,,False,gets|printline|exit|printline,dest:0|result:1,90,25
BIN_2140491,38905,CWE-416,186,CWE-416,1,11,0,0,0,,,False,malloc|exit|free|printlonglongline,data:1|i:0,149,38
BIN_2144946,38972,CWE-416,186,CWE-416,2,14,0,0,0,,,False,malloc|exit|free|printstructline,data:1|i:0,173,42
BIN_2148271,39101,CWE-416,186,CWE-416,2,14,1,1,1,,,True,_znay|_zdapv|printlongline,,116,30
BIN_2156270,49244,CWE-761,150,CWE-761,2,16,0,0,0,,,False,malloc|exit|wcscpy|badsink,data:1,96,24
BIN_2157379,42000,CWE-563,159,CWE-563,1,10,0,0,0,,,False,,j:0|data:0,43,14
BIN_2157440,45555,CWE-606,118,CWE-606,2,8,0,0,0,,,True,wcslen|memset|wcschr|wcschr|swscanf|printintline,,1004,172
BIN_2173405,45502,CWE-606,118,CWE-606,1,14,0,1,1,,,False,strlen|memset|strchr|strchr|sscanf|printintline,data:1|dataBuffer:0|wsaData:0|wsaDataInit:0|recvResult:0|service:0|replace:1|listenSocket:0|acceptSocket:0|dataLen:0|i:0|n:0|intVariable:0,926,171
BIN_2173704,39543,CWE-427,131,CWE-427,1,16,0,2,2,,,False,strlen|memset|strchr|strchr,data:1|dataBuffer:0|wsaData:0|wsaDataInit:0|recvResult:0|service:0|replace:1|connectSocket:0|dataLen:0,946,153
BIN_2180896,47229,CWE-685,8,CWE-685,1,10,0,0,0,,,False,sprintf|printline,dest:0,75,20
BIN_2185151,56002,CWE-843,23,CWE-843,1,13,0,0,0,,,True,printintline,,67,20
BIN_2203214,46439,CWE-675,31,CWE-675,1,13,0,1,2,,,False,globalreturnstrue|fopen|fclose|globalreturnstrue|fclose,data:1,91,25
BIN_2211287,32114,CWE-364,7,CWE-364,1,10,0,0,0,,,True,signal|free|malloc|exit|signal|free,gStructSigAtomic:1,203,43
BIN_2214308,47047,CWE-680,142,CWE-680,1,10,0,0,0,,,True,fscanf|_zn57cwe680_integer_overflow_to_buffer_overflow__new_fscanf_417badsinkei,,71,20
BIN_2218166,36173,CWE-400,193,CWE-400,1,9,0,0,0,,,False,globalreturnstrueorfalse|rand|rand|rand|rand|rand|rand|rand|globalreturnstrueorfalse|printline|printline|printline,count:0,221,65
BIN_2223041,41576,CWE-479,10,CWE-479,1,8,0,1,1,,,False,signal,,45,14
BIN_2231571,49196,CWE-761,150,CWE-761,1,12,0,0,0,,,False,malloc|exit|wcslen|fopen|fgetws|printline|fclose|badsink,data:1|dataLen:0|pFile:1,243,62
BIN_2235815,41417,CWE-476,98,CWE-476,2,12,0,0,0,,,False,printlongline,data:1,62,20
BIN_2242914,46785,CWE-680,142,CWE-680,1,6,0,0,0,,,False,memset|atoi|malloc|exit|printintline|free,data:0|wsaData:0|wsaDataInit:0|recvResult:0|service:0|listenSocket:0|acceptSocket:0|inputBuffer:0|i:0|intPointer:1,677,136
BIN_2266130,56046,CWE-843,23,CWE-843,2,6,0,0,0,,,True,badsink,data:1|shortBuffer:0,53,14
BIN_2268672,35348,CWE-398,84,CWE-398,1,15,0,0,1,,,False,rand|printline,x:0,88,29
BIN_2272470,42214,CWE-563,159,CWE-563,1,10,4,8,8,,,False,,data:0,7,5
BIN_2276754,35434,CWE-398,84,CWE-398,1,13,0,0,0,,,False,printline,j:0|i:0,72,23
BIN_2276936,39453,CWE-426,45,CWE-426,2,8,0,0,0,,,False,wcscpy,data:1|dataBuffer:0|dataCopy:1|data:1|pipe:1,334,54
BIN_2280047,35269,CWE-396,25,CWE-396,1,15,2,2,2,,,True,rand|__cxa_allocate_exception|_znst12out_of_rangec1epkc|__cxa_throw|rand|__cxa_allocate_exception|_znst12domain_errorc1epkc|__cxa_throw|printline|__cxa_free_exception|__cxa_free_exception|_unwind_resume|__cxa_begin_catch|printline|__cxa_end_catch|__cxa_end_catch|_unwind_resume,,306,87
BIN_2280331,46576,CWE-676,9,CWE-676,1,8,2,2,2,,,True,.text$_zstrsicst11char_traitsiceerst13basic_istreamit_t0_es6_ps3_|_zstrsicst11char_traitsiceerst13basic_istreamit_t0_es6_ps3_|printline,,50,15
BIN_2298632,41054,CWE-467,20,CWE-467,1,18,1,1,1,,,False,malloc|exit|printhexcharline|free,badChar:1,104,29
BIN_2302511,28218,CWE-196,11,CWE-196,1,7,1,1,1,,,False,rand|rand|printintline,intUnsigned:0|intSigned:0,67,23
BIN_2313385,39504,CWE-426,45,CWE-426,1,12,0,0,1,,,True,wcscpy|printline|exit,data:1|myUnion:0|dataBuffer:0|data:1,314,53
BIN_2321425,46026,CWE-617,93,CWE-617,1,7,1,1,1,,,False,rand|rand|rand|rand|rand|rand|rand,data:0,154,46
BIN_2324328,41193,CWE-475,18,CWE-475,2,9,0,0,0,,,False,wcscpy|memcpy|printwline,dataBuffer:0|data:1,338,51
BIN_2329886,46135,CWE-665,52,CWE-665,1,11,3,6,6,,,False,memset|strlen|strncat|printline,data:1|dataBuffer:0|sourceLen:0|source:0,127,28
BIN_2338043,52962,CWE-773,20,CWE-773,3,5,0,0,0,,,True,badsink,data:0,69,18
BIN_2370365,42301,CWE-563,159,CWE-563,1,8,0,0,0,,,False,printhexcharline,data:0,54,18
BIN_2372958,45311,CWE-606,118,CWE-606,2,11,0,0,0,,,False,strlen|memset|strchr|strchr|badsink,data:1|dataBuffer:0|wsaData:0|wsaDataInit:0|recvResult:0|service:0|replace:1|connectSocket:0|dataLen:0,734,131
BIN_2389925,39635,CWE-427,131,CWE-427,1,11,0,1,2,,,False,globalreturnstrue|strlen|getenv|strncat,data:1|dataBuffer:0|dataLen:0|environment:1,442,69
BIN_2392399,39300,CWE-416,186,CWE-416,1,14,0,0,0,,,True,_znwy|_zdlpvy|printwcharline,,105,30
BIN_2401128,46276,CWE-666,34,CWE-666,1,9,0,0,0,,,False,strlen|memset|strchr|strchr|printline,data:0|wsaData:0|wsaDataInit:0|recvResult:0|service:0|replace:1|listenSocket:0|acceptSocket:0|dataLen:0,758,150
BIN_2406751,39257,CWE-416,186,CWE-416,1,9,0,0,0,,,True,_znwy|_zdlpvy|printlongline,,82,23
BIN_2407650,47193,CWE-681,19,CWE-681,1,20,1,1,1,,,False,fgets|atof|printline|printintline,inputBuffer:0|doubleNumber:0,153,37
BIN_2416020,39043,CWE-416,186,CWE-416,1,12,0,0,0,,,True,globalreturnstrueorfalse|_znay|_zdapv|_znay|globalreturnstrueorfalse|printintline,,259,64
BIN_2416178,36086,CWE-400,193,CWE-400,1,11,0,0,0,,,False,rand|rand|rand|rand|rand|rand|rand|printline,count:0|countCopy:0|count:0|i:0,164,50
BIN_2419319,35800,CWE-400,193,CWE-400,1,6,0,0,0,,,True,fscanf|printline,,128,34
BIN_2421516,34990,CWE-377,54,CWE-377,1,8,0,0,0,,,False,mktemp|exit|printline|printline,filename:1|tmpl:0|fileDesc:0,158,40
BIN_2435860,46227,CWE-665,52,CWE-665,1,9,1,7,7,,,False,wmemset|wcslen|wcsncat|printwline,data:1|dataBuffer:0|sourceLen:0|source:0,129,28
BIN_2444058,42033,CWE-563,159,CWE-563,1,11,0,0,0,,,True,_zn51cwe563_unused_variable__unused_init_variable_int_43l9badsourceeri,,27,10
BIN_2452001,46993,CWE-680,142,CWE-680,2,12,0,0,0,,,True,_zn56cwe680_integer_overflow_to_buffer_overflow__new_fixed_21l9badsourceei|_znay|printintline|_zdapv,,157,42
BIN_2472193,35990,CWE-400,193,CWE-400,3,7,0,0,0,,,False,memset|atoi|fopen|exit|fwrite|exit|fclose,count:0|wsaData:0|wsaDataInit:0|recvResult:0|service:0|listenSocket:0|acceptSocket:0|inputBuffer:0|countCopy:0|count:0|i:0|pFile:1|filename:1,754,147
BIN_2474148,42313,CWE-563,159,CWE-563,1,5,2,2,2,,,False,printhexcharline,data:0,36,14
BIN_2478365,45598,CWE-606,118,CWE-606,1,14,0,2,2,,,False,wcslen|fgetws|wcslen|printline|swscanf|printintline,data:1|dataBuffer:0|dataLen:0|i:0|n:0|intVariable:0,562,111
BIN_2478669,34986,CWE-377,54,CWE-377,1,5,1,2,2,,,False,mktemp|exit|printline|printline,filename:1|tmpl:0|fileDesc:0,143,37
BIN_2487254,46500,CWE-675,31,CWE-675,1,10,0,0,1,,,True,freopen|fclose|fclose,data:1|myUnion:0|data:1,109,28
BIN_2501973,35538,CWE-400,193,CWE-400,1,7,0,1,1,,,False,memset|atoi|fopen|exit|fwrite|exit|fclose,count:0|wsaData:0|wsaDataInit:0|recvResult:0|service:0|connectSocket:0|inputBuffer:0|i:0|pFile:1|filename:1,615,120
BIN_2502058,35639,CWE-400,193,CWE-400,1,8,0,1,1,,,False,fgets|atoi|printline|printline,count:0|inputBuffer:0|i:0,181,46
BIN_2520371,35221,CWE-391,25,CWE-391,2,11,0,0,1,,,False,wcstombs|printunsignedline|printline,bytesTranslated:0|charString:0,94,24
BIN_2529269,32112,CWE-364,7,CWE-364,1,9,1,2,2,,,True,signal|free|malloc|exit|signal|free,gStructSigAtomic:1,189,40
BIN_2538293,41485,CWE-476,98,CWE-476,1,13,0,0,0,,,False,printintline,i:0|j:0|data:1,75,23
BIN_2539750,35553,CWE-400,193,CWE-400,1,14,0,1,1,,,False,memset|atoi|fopen|exit|fwrite|exit|fclose,count:0|wsaData:0|wsaDataInit:0|recvResult:0|service:0|connectSocket:0|inputBuffer:0|i:0|pFile:1|filename:1,617,122
BIN_2540954,41730,CWE-510,17,CWE-510,1,12,0,1,1,,,False,memset|strcmp|printline,wsaData:0|wsaDataInit:0|service:0|acceptService:0|acceptServiceLen:0|listenSocket:0|acceptSocket:0|hostname:0|servInfo:0,687,143
BIN_2549887,39865,CWE-427,131,CWE-427,1,8,0,1,1,,,False,wcslen|wcsncat,data:1|dataBuffer:0|dataLen:0|environment:1,222,49
BIN_2561363,49299,CWE-761,150,CWE-761,1,6,0,0,0,,,False,malloc|exit|badsource|printline|free,data:1,132,37
BIN_2570234,45838,CWE-617,93,CWE-617,1,11,1,1,1,,,False,fgets|atoi|printline,data:0|inputBuffer:0,151,38
BIN_2570932,18981,CWE-188,21,CWE-188,1,11,0,0,0,,,False,printintline,unionStructLong:0,52,17
BIN_2581906,46381,CWE-672,8,CWE-672,1,12,4,4,4,,,True,.text$_znst7__cxx114listiisaiieec1ev|_znst7__cxx114listiisaiieec1ev|.text$_znst7__cxx114listiisaiiee9push_backeoi|_znst7__cxx114listiisaiiee9push_backeoi|.text$_znst7__cxx114listiisaiiee9push_backeoi|_znst7__cxx114listiisaiiee9push_backeoi|.text$_znst14_list_iteratoriiec1ev|_znst14_list_iteratoriiec1ev|_zstlsist11char_traitsiceerst13basic_ostreamict_es5_pkc|.text$_znst7__cxx114listiisaiiee5beginev|_znst7__cxx114listiisaiiee5beginev|.text$_znkst14_list_iteratoriiedeev|_znkst14_list_iteratoriiedeev|.text$_znst7__cxx114listiisaiiee5clearev|_znst7__cxx114listiisaiiee5clearev|_zstlsist11char_traitsiceerst13basic_ostreamict_es5_pkc|.text$_znkst14_list_iteratoriiedeev|_znkst14_list_iteratoriiedeev|_znsolsei|.text$_znst14_list_iteratoriieppei|_znst14_list_iteratoriieppei|.text$_znst7__cxx114listiisaiiee3endev|_znst7__cxx114listiisaiiee3endev|.text$_zstnerkst14_list_iteratoriies2_|_zstnerkst14_list_iteratoriies2_|_znsolsepfrsos_e|.text$_znst7__cxx114listiisaiieed1ev|_znst7__cxx114listiisaiieed1ev|.text$_znst7__cxx114listiisaiieed1ev|_znst7__cxx114listiisaiieed1ev|_unwind_resume,,332,86
BIN_2584501,45365,CWE-606,118,CWE-606,1,12,0,0,0,,,False,strlen|fgets|strlen|printline|badsink,data:1|dataBuffer:0|dataLen:0,335,77
BIN_2611178,35753,CWE-400,193,CWE-400,2,11,0,0,0,,,True,fgets|atoi|printline|printline,count:0|myUnion:0|inputBuffer:0|count:0,153,40
BIN_2614146,35355,CWE-398,84,CWE-398,2,15,0,1,1,,,False,globalreturnstrue|rand|printline,x:0,88,29
BIN_2624467,41897,CWE-546,35,CWE-546,1,15,0,0,3,,,False,printline,,39,13
BIN_2626528,35100,CWE-390,34,CWE-390,1,14,1,1,1,,,True,.text$_znst7__cxx1112basic_stringicst11char_traitsicesaiceec1is3_eepkcrks3_|_znst7__cxx1112basic_stringicst11char_traitsicesaiceec1is3_eepkcrks3_|.text$_znst15__new_allocatoriced2ev|_znst15__new_allocatoriced2ev|rand|rand|.text$_znkst7__cxx1112basic_stringicst11char_traitsicesaicee6substreyy|_znkst7__cxx1112basic_stringicst11char_traitsicesaicee6substreyy|.text$_znkst7__cxx1112basic_stringicst11char_traitsicesaicee5c_strev|_znkst7__cxx1112basic_stringicst11char_traitsicesaicee5c_strev|printline|.text$_znst7__cxx1112basic_stringicst11char_traitsicesaiceed1ev|_znst7__cxx1112basic_stringicst11char_traitsicesaiceed1ev|.text$_znst7__cxx1112basic_stringicst11char_traitsicesaiceed1ev|_znst7__cxx1112basic_stringicst11char_traitsicesaiceed1ev|.text$_znst15__new_allocatoriced2ev|_znst15__new_allocatoriced2ev|.text$_znst7__cxx1112basic_stringicst11char_traitsicesaiceed1ev|_znst7__cxx1112basic_stringicst11char_traitsicesaiceed1ev|.text$_znst7__cxx1112basic_stringicst11char_traitsicesaiceed1ev|_znst7__cxx1112basic_stringicst11char_traitsicesaiceed1ev|_unwind_resume|__cxa_begin_catch|__cxa_end_catch,,276,81
BIN_2647417,41235,CWE-476,98,CWE-476,1,13,1,1,1,,,False,printhexcharline,data:1,68,21
BIN_2655868,35464,CWE-398,84,CWE-398,1,13,0,1,1,,,False,globalreturnstrue|printline,,39,13
BIN_2659439,49142,CWE-761,150,CWE-761,1,12,1,1,1,,,False,malloc|exit|wcslen|wcsncat|printline|free,data:1|dataLen:0|environment:1,218,59
BIN_2663784,45320,CWE-606,118,CWE-606,3,6,0,0,0,,,False,strlen|memset|strchr|strchr,data:1|funcPtr:1|dataBuffer:0|wsaData:0|wsaDataInit:0|recvResult:0|service:0|replace:1|connectSocket:0|dataLen:0,742,133
BIN_2667894,35072,CWE-377,54,CWE-377,1,12,0,0,0,,,False,exit|printwline|printline|free,j:0|filename:1|fileDesc:0,171,44
BIN_2673825,46340,CWE-666,34,CWE-666,1,15,0,2,2,,,False,strlen|memset|strchr|strchr|printline,data:0|wsaData:0|wsaDataInit:0|recvResult:0|service:0|replace:1|listenSocket:0|acceptSocket:0|dataLen:0,745,148
BIN_2674259,39918,CWE-427,131,CWE-427,1,10,0,1,1,,,False,wcslen|fopen|fgetws|printline|fclose,data:1|dataBuffer:0|dataLen:0|pFile:1,328,72
BIN_2679859,48918,CWE-761,150,CWE-761,1,8,0,0,0,,,True,malloc|exit|strlen|fopen|fgets|printline|fclose|badsink,data:1|dataLen:0|pFile:1,221,59
BIN_2682369,39829,CWE-427,131,CWE-427,1,11,1,1,1,,,False,wcslen|fgetws|wcslen|printline,data:1|dataBuffer:0|dataLen:0,386,87
BIN_2693713,42494,CWE-571,8,CWE-571,1,7,0,0,0,,,False,strcmp|printline,charString:0,67,18
BIN_2694373,47131,CWE-680,142,CWE-680,1,16,1,1,1,,,True,rand|rand|rand|rand|rand|rand|rand|_znay|printintline|_zdapv,,228,67
BIN_2696868,42474,CWE-570,6,CWE-570,1,10,0,0,0,,,False,printline,,40,13
BIN_2710647,46035,CWE-617,93,CWE-617,4,6,0,0,0,,,True,rand|rand|rand|rand|rand|rand|rand,,154,46
BIN_2710881,41799,CWE-511,27,CWE-511,1,14,1,1,1,,,False,,count:0,70,20
BIN_2725947,36171,CWE-400,193,CWE-400,1,9,1,1,1,,,False,rand|rand|rand|rand|rand|rand|rand|printline,count:0,157,49
BIN_2728071,41184,CWE-475,18,CWE-475,1,12,0,0,0,,,False,memcpy|printline,dataBuffer:0|data:1,234,42
BIN_2738155,35805,CWE-400,193,CWE-400,6,3,0,0,0,,,False,fscanf,count:0|funcPtr:1,83,23
BIN_2763462,41993,CWE-563,159,CWE-563,1,12,3,6,6,,,False,,data:0,23,8
BIN_2767711,48842,CWE-761,150,CWE-761,1,7,2,2,2,,,False,malloc|exit|strlen|getenv|strncat|printline|free,data:1|dataLen:0|environment:1,189,52
BIN_2786027,36115,CWE-400,193,CWE-400,1,7,1,1,1,,,False,rand|rand|rand|rand|rand|rand|rand|fopen|exit|fwrite|exit|fclose,count:0|i:0|pFile:1|filename:1,263,70
BIN_2786065,35088,CWE-377,54,CWE-377,1,9,0,1,1,,,False,exit|printwline|printline,filename:1|fileDesc:0,128,35
BIN_2798054,39482,CWE-426,45,CWE-426,1,9,2,2,2,,,False,wcscpy|printline|exit,data:1|dataBuffer:0,326,49
BIN_2804695,10940,CWE-123,43,CWE-123,2,5,0,0,0,,,True,_zn43cwe123_write_what_where_condition__fgets_43l9badsourceer10_badstruct,,132,32
BIN_2820468,35057,CWE-377,54,CWE-377,1,13,1,1,1,,,False,exit|printwline|printline|free,filename:1|fileDesc:0,144,38
BIN_2831479,35039,CWE-377,54,CWE-377,1,14,0,1,1,,,False,exit|printwline|printline,filename:1|tmpl:0|fileDesc:0,163,40
BIN_2836782,35176,CWE-390,34,CWE-390,1,9,1,1,1,,,False,sqrt|printdoubleline,doubleNumber:0,93,24
BIN_2850049,39533,CWE-427,131,CWE-427,1,12,0,1,1,,,False,strlen|memset|strchr|strchr,data:1|dataBuffer:0|wsaData:0|wsaDataInit:0|recvResult:0|service:0|replace:1|connectSocket:0|dataLen:0,959,155
BIN_2857873,45788,CWE-617,93,CWE-617,2,15,1,1,1,,,False,memset|atoi,data:0|wsaData:0|wsaDataInit:0|recvResult:0|service:0|connectSocket:0|inputBuffer:0,457,93
BIN_2861522,46573,CWE-676,9,CWE-676,1,6,2,2,2,,,True,.text$_zstrsicst11char_traitsiceerst13basic_istreamit_t0_es6_ps3_|_zstrsicst11char_traitsiceerst13basic_istreamit_t0_es6_ps3_|printline,,50,15
BIN_2868605,49054,CWE-761,150,CWE-761,2,13,0,0,1,,,False,malloc|exit|wcslen|memset|wcschr|wcschr|printline|free,data:1|wsaData:0|wsaDataInit:0|recvResult:0|service:0|replace:1|connectSocket:0|dataLen:0|dataCopy:1|data:1,720,145
BIN_2879242,41581,CWE-479,10,CWE-479,1,8,0,0,0,,,False,globalreturnstrue|signal,,44,14
BIN_2897245,35219,CWE-391,25,CWE-391,1,12,0,1,1,,,False,wcstombs|printunsignedline|printline,bytesTranslated:0|charString:0,85,21
BIN_2910543,41868,CWE-546,35,CWE-546,1,15,0,0,1,,,False,globalreturnstrue|printline,,39,13
BIN_2917886,42308,CWE-563,159,CWE-563,1,8,1,1,1,,,False,printhexcharline,data:0,62,20
BIN_2918376,41326,CWE-476,98,CWE-476,1,16,2,2,2,,,False,printlonglongline,data:1,38,12
BIN_2944726,41853,CWE-526,9,CWE-526,1,9,0,0,0,,,False,getenv|printline,,52,16
BIN_2949404,41734,CWE-510,17,CWE-510,3,14,0,0,0,,,False,memset|strcmp|printline,wsaData:0|wsaDataInit:0|service:0|acceptService:0|acceptServiceLen:0|listenSocket:0|acceptSocket:0,623,130
BIN_2956141,41381,CWE-476,98,CWE-476,1,17,1,1,1,,,False,printintline,data:1,38,14
BIN_2969463,45828,CWE-617,93,CWE-617,1,10,0,1,1,,,False,staticreturnstrue|fgets|atoi|printline,data:0|inputBuffer:0,159,40
BIN_2976060,41560,CWE-478,6,CWE-478,1,12,0,1,2,,,False,staticreturnstrue|rand|printline,charString:1|x:0,131,41
BIN_2989198,35469,CWE-398,84,CWE-398,1,12,0,0,0,,,False,printline,,31,11
BIN_2989244,10939,CWE-123,43,CWE-123,2,6,0,0,0,,,False,badsource,data:0|head:0,168,41
BIN_2997265,46181,CWE-665,52,CWE-665,1,8,0,5,5,,,False,wmemset|wcscat|printwline,data:1|dataBuffer:0|source:0,100,22
BIN_2997373,41464,CWE-476,98,CWE-476,1,12,1,1,1,,,False,malloc|printintline|printintline,intPointer:1,104,29
BIN_3016161,46954,CWE-680,142,CWE-680,1,8,0,0,0,,,True,fgets|atoi|printline,,139,37
BIN_3025687,39278,CWE-416,186,CWE-416,2,9,0,0,0,,,True,_znwy|_zdlpvy|printstructline,,112,30
BIN_3033593,41819,CWE-511,27,CWE-511,1,12,0,0,0,,,False,_time64|srand|rand,,64,19
BIN_3036796,41596,CWE-480,9,CWE-480,1,9,0,1,1,,,False,staticreturnstrue,,20,8
BIN_3040065,35016,CWE-377,54,CWE-377,1,12,0,0,0,,,False,tempnam|exit|printline|printline|free,filename:1|fileDesc:0,141,38
BIN_3065313,42029,CWE-563,159,CWE-563,1,13,1,1,1,,,False,,data:0,23,9
BIN_3066914,41019,CWE-464,10,CWE-464,1,8,0,0,0,,,False,badsource|printline,data:0|charArraySink:0,64,20
BIN_3074281,41907,CWE-546,35,CWE-546,1,11,1,1,1,,,False,printline,,44,14
BIN_3092626,42270,CWE-563,159,CWE-563,2,10,3,5,5,,,False,,data:0,7,5
BIN_3093902,39923,CWE-427,131,CWE-427,1,13,0,0,1,,,False,globalreturnstrue|wcslen|fopen|fgetws|printline|fclose,data:1|dataBuffer:0|dataLen:0|pFile:1,327,72
BIN_3115795,35272,CWE-396,25,CWE-396,1,17,3,3,3,,,True,rand|__cxa_allocate_exception|_znst12out_of_rangec1epkc|__cxa_throw|rand|__cxa_allocate_exception|_znst12domain_errorc1epkc|__cxa_throw|printline|__cxa_free_exception|__cxa_free_exception|_unwind_resume|__cxa_begin_catch|printline|__cxa_end_catch|__cxa_begin_catch|printline|__cxa_end_catch|__cxa_end_catch|_unwind_resume|__cxa_end_catch|_unwind_resume,,368,102
BIN_3124360,28227,CWE-196,11,CWE-197,1,5,0,0,0,,,False,rand|rand|printintline,intUnsigned:0|intSigned:0,55,20
BIN_3137572,42053,CWE-563,159,CWE-563,2,8,2,4,4,,,False,,data:0,22,8
BIN_3137965,41965,CWE-563,159,CWE-563,1,10,4,4,4,,,False,,data:0,19,8
BIN_3143774,18984,CWE-188,21,CWE-188,1,10,0,0,0,,,False,printintline,unionStructLong:0,55,18
BIN_3152218,35378,CWE-398,84,CWE-398,1,11,0,0,0,,,False,rand|printline|printline,x:0,97,31
BIN_3152461,52900,CWE-773,20,CWE-773,1,18,2,2,2,,,False,fopen|fopen|fclose,data:1,95,24
BIN_3174285,42223,CWE-563,159,CWE-563,1,12,0,1,1,,,False,globalreturnstrue,data:0,20,8
BIN_3177570,39137,CWE-416,186,CWE-416,2,8,1,1,1,,,True,_znay|_zdapv|printstructline,,143,36
BIN_3180210,41577,CWE-479,10,CWE-479,2,8,0,0,0,,,False,signal,,46,14
BIN_3188888,39252,CWE-416,186,CWE-416,4,10,0,0,0,,,True,_znwy|_zdlpvy|printlongline,,82,23
BIN_3189861,36188,CWE-400,193,CWE-400,1,6,0,0,0,,,True,_zn41cwe400_resource_exhaustion__rand_sleep_43l9badsourceeri|printline,,63,18
BIN_3196769,46856,CWE-680,142,CWE-680,1,9,0,0,0,,,False,badsource|malloc|exit|printintline|free,data:0|i:0|intPointer:1,149,41
BIN_3198988,52936,CWE-773,20,CWE-773,1,10,2,2,2,,,False,,data:0,108,28
BIN_3207593,41726,CWE-510,17,CWE-510,1,10,0,1,1,,,False,globalreturnstrue|memset|strcmp|printline,wsaData:0|wsaDataInit:0|service:0|acceptService:0|acceptServiceLen:0|listenSocket:0|acceptSocket:0|hostname:0|servInfo:0,699,145
BIN_3211215,35261,CWE-396,25,CWE-396,1,13,1,1,1,,,True,_zl17staticreturnstruev|rand|__cxa_allocate_exception|_znst12out_of_rangec1epkc|__cxa_throw|rand|__cxa_allocate_exception|_znst12domain_errorc1epkc|__cxa_throw|printline|__cxa_free_exception|__cxa_free_exception|_unwind_resume|__cxa_begin_catch|printline|__cxa_end_catch|__cxa_end_catch|_unwind_resume,,323,91
BIN_3211813,35611,CWE-400,193,CWE-400,1,10,0,0,0,,,False,badsource|printline,count:0,64,19
BIN_3216317,41531,CWE-476,98,CWE-476,1,12,0,0,1,,,False,printwcharline,data:1|dataCopy:1|data:1,56,17
BIN_3216919,46489,CWE-675,31,CWE-675,1,15,1,1,1,,,False,freopen|fclose|fclose,data:1,121,32
BIN_3244177,39363,CWE-426,45,CWE-426,1,8,0,0,0,,,True,_zn43cwe426_untrusted_search_path__char_popen_43l9badsourceerpc,,194,37
BIN_3254972,41283,CWE-476,98,CWE-476,2,11,0,0,0,,,True,_zn41cwe476_null_pointer_dereference__class_21l7badsinkep12twointsclass,,45,12
BIN_3261597,39890,CWE-427,131,CWE-427,1,8,0,0,0,,,False,badsource,data:1|dataBuffer:0,132,31
BIN_3266978,56037,CWE-843,23,CWE-843,1,10,0,1,1,,,False,printintline,data:1|shortBuffer:0,51,16
BIN_3276772,48912,CWE-761,150,CWE-761,1,9,0,0,0,,,True,malloc|exit|strlen|fopen|fgets|printline|fclose|printline|free,,289,81
BIN_3278777,35175,CWE-390,34,CWE-390,2,10,0,0,0,,,False,globalreturnstrueorfalse|sqrt|printdoubleline|sqrt|printline|exit|printdoubleline,doubleNumber:0|doubleNumber:0,186,45
BIN_3278993,41960,CWE-563,159,CWE-563,1,7,0,4,4,,,False,,data:0,19,8
BIN_3281817,42196,CWE-563,159,CWE-563,2,11,4,7,7,,,False,,data:0,7,5
BIN_3293713,35803,CWE-400,193,CWE-400,4,4,0,0,0,,,False,badsource|printline,count:0|i:0,85,24
BIN_3324614,41461,CWE-476,98,CWE-476,1,10,0,0,0,,,False,globalreturnstrue|malloc|printintline|printintline,intPointer:1,99,28
BIN_3324812,41078,CWE-467,20,CWE-467,1,13,0,2,4,,,False,malloc|exit|printshortline|free,badShort:1,90,25
BIN_3334206,45945,CWE-617,93,CWE-617,1,4,0,0,0,,,True,fscanf|badsink,data:0,75,20
BIN_3346904,35255,CWE-396,25,CWE-396,2,12,0,0,0,,,True,rand|__cxa_allocate_exception|_znst12out_of_rangec1epkc|__cxa_throw|rand|__cxa_allocate_exception|_znst12domain_errorc1epkc|__cxa_throw|printline|__cxa_free_exception|__cxa_free_exception|_unwind_resume|__cxa_begin_catch|printline|__cxa_end_catch|__cxa_end_catch|_unwind_resume,,305,86
BIN_3355307,41639,CWE-482,8,CWE-482,1,9,0,1,1,,,False,printintline|printintline,intBadSink:0,43,15
BIN_3372307,35489,CWE-398,84,CWE-398,1,6,1,1,1,,,False,printline,,31,11
BIN_3377759,45639,CWE-606,118,CWE-606,1,11,0,0,1,,,False,globalreturnstrue|wcslen|wcsncat|globalreturnstrue|swscanf|printintline,data:1|dataBuffer:0|dataLen:0|environment:1|i:0|n:0|intVariable:0,461,81
BIN_3390787,38908,CWE-416,186,CWE-416,2,9,0,0,0,,,False,malloc|exit|free|printlonglongline,data:1|i:0,155,40
BIN_3391997,36183,CWE-400,193,CWE-400,3,7,0,0,0,,,False,rand|rand|rand|rand|rand|rand|rand|printline,count:0|countPtr1:1|countPtr2:1|count:0|count:0,174,54
BIN_3401214,46552,CWE-675,31,CWE-675,1,9,0,0,0,,,False,,data:0|funcPtr:1,91,25
BIN_3403534,39172,CWE-416,186,CWE-416,1,13,1,1,1,,,True,_znwy|_zdlpvy|printhexcharline,,109,32
BIN_3404947,39287,CWE-416,186,CWE-416,1,13,1,1,1,,,True,_znwy|_zdlpvy|printstructline,,120,32
BIN_3419848,52954,CWE-773,20,CWE-773,2,10,0,0,0,,,False,,data:0|dataCopy:0|data:0,120,32
BIN_3428402,38929,CWE-416,186,CWE-416,1,10,0,0,0,,,False,staticreturnstrue|malloc|exit|free|staticreturnstrue|printintline,data:1|i:0,144,38
BIN_3435103,41322,CWE-476,98,CWE-476,1,15,1,2,2,,,False,printintline,intPointer:1,44,15
BIN_3437331,48758,CWE-761,150,CWE-761,1,11,1,1,1,,,False,malloc|exit|strlen|memset|strchr|strchr|printline|free,data:1|wsaData:0|wsaDataInit:0|recvResult:0|service:0|replace:1|connectSocket:0|dataLen:0,684,142
BIN_3451873,35075,CWE-377,54,CWE-377,2,12,0,0,0,,,False,exit|printwline|printline,filename:1|fileDesc:0,127,34
BIN_3458024,49010,CWE-761,150,CWE-761,2,8,0,0,0,,,False,malloc|exit|strlen|memset|strchr|strchr|badsink,data:1|wsaData:0|wsaDataInit:0|recvResult:0|service:0|replace:1|listenSocket:0|acceptSocket:0|dataLen:0,730,147
BIN_3465828,41064,CWE-467,20,CWE-467,1,13,0,1,1,,,False,malloc|exit|printintline|free,badInt:1,99,27
BIN_3470695,39187,CWE-416,186,CWE-416,2,13,2,2,2,,,True,_znwy|_zdlpvy|printintline,,93,25
BIN_3475625,39989,CWE-427,131,CWE-427,2,5,0,0,0,,,True,wcslen|memset|wcschr|wcschr|badsink,data:1|dataBuffer:0|wsaData:0|wsaDataInit:0|recvResult:0|service:0|replace:1|listenSocket:0|acceptSocket:0|dataLen:0,781,157
BIN_3476453,46177,CWE-665,52,CWE-665,1,6,4,5,5,,,False,wmemset|wcscat|printwline,data:1|dataBuffer:0|source:0,100,22
BIN_3486809,18979,CWE-188,21,CWE-188,3,10,0,0,2,,,False,printintline,unionStructLong:0,51,17
BIN_3496648,42197,CWE-563,159,CWE-563,1,11,4,7,7,,,False,,data:0,7,5
BIN_3508204,46274,CWE-666,34,CWE-666,1,9,1,2,2,,,False,strlen|memset|strchr|strchr|printline,data:0|wsaData:0|wsaDataInit:0|recvResult:0|service:0|replace:1|listenSocket:0|acceptSocket:0|dataLen:0,744,147
BIN_3511055,45728,CWE-606,118,CWE-606,1,9,0,0,1,,,False,wcslen|memset|wcschr|wcschr|swscanf|printintline,data:1|dataBuffer:0|wsaData:0|wsaDataInit:0|recvResult:0|service:0|replace:1|listenSocket:0|acceptSocket:0|dataLen:0|i:0|n:0|intVariable:0,1096,190
BIN_3531202,41086,CWE-467,20,CWE-467,3,13,0,0,0,,,False,malloc|exit|printshortline|free,badShort:1,103,29
BIN_3543693,41244,CWE-476,98,CWE-476,1,11,0,0,0,,,False,printhexcharline,data:1|dataPtr1:1|dataPtr2:1|data:1|data:1,89,26
BIN_3556732,39772,CWE-427,131,CWE-427,1,7,0,0,1,,,False,wcslen|memset|wcschr|wcschr,data:1|dataBuffer:0|wsaData:0|wsaDataInit:0|recvResult:0|service:0|replace:1|connectSocket:0|dataLen:0,679,138
BIN_3557198,45413,CWE-606,118,CWE-606,1,9,0,0,0,,,False,strlen|getenv|strncat|badsink,data:1|dataBuffer:0|dataLen:0|environment:1,222,44
BIN_3569987,45832,CWE-617,93,CWE-617,1,11,0,0,0,,,False,globalreturnstrueorfalse|fgets|atoi|printline,data:0|inputBuffer:0,168,42
BIN_3570087,41905,CWE-546,35,CWE-546,1,11,0,0,0,,,False,globalreturnstrueorfalse|printline|printline,,56,17
BIN_3576782,41735,CWE-510,17,CWE-510,2,14,0,0,0,,,False,memset|strcmp|printline,wsaData:0|wsaDataInit:0|service:0|acceptService:0|acceptServiceLen:0|listenSocket:0|acceptSocket:0,623,130
BIN_3577406,36074,CWE-400,193,CWE-400,1,11,1,1,1,,,False,rand|rand|rand|rand|rand|rand|rand|printline,count:0|i:0,177,53
BIN_3580603,42538,CWE-588,22,CWE-588,1,7,0,0,0,,,True,,,68,18
BIN_3584999,39689,CWE-427,131,CWE-427,4,9,0,0,0,,,False,strlen|fopen|fgets|printline|fclose,i:0|data:1|dataBuffer:0|dataLen:0|pFile:1,560,92
BIN_3589194,39642,CWE-427,131,CWE-427,1,10,1,1,1,,,False,strlen|getenv|strncat,data:1|dataBuffer:0|dataLen:0|environment:1,434,67
BIN_3594222,41124,CWE-468,13,CWE-468,1,14,1,1,1,,,False,printintline,intArray:0|intPointer:1|toPrint:0,126,29
BIN_3599846,10917,CWE-123,43,CWE-123,1,8,0,0,2,,,False,fgets|printline|exit,data:0|head:0,196,48
BIN_3604985,10989,CWE-123,43,CWE-123,1,3,0,0,0,,,False,memset,data:0|funcPtr:1|head:0|wsaData:0|wsaDataInit:0|recvResult:0|service:0|listenSocket:0|acceptSocket:0,597,117
BIN_3608213,45967,CWE-617,93,CWE-617,1,7,0,1,1,,,False,memset|atoi,data:0|wsaData:0|wsaDataInit:0|recvResult:0|service:0|listenSocket:0|acceptSocket:0|inputBuffer:0,571,115
BIN_3612771,35437,CWE-398,84,CWE-398,2,13,0,0,0,,,False,printintline|printintline,intOne:0,42,14
BIN_3629516,35359,CWE-398,84,CWE-398,1,14,0,2,2,,,False,rand|printline,x:0,80,27
BIN_3673951,10920,CWE-123,43,CWE-123,1,9,0,0,0,,,False,fgets|printline|exit,data:0|head:0,198,48
BIN_3682599,46069,CWE-617,93,CWE-617,1,8,0,0,0,,,False,,,60,17
BIN_3682967,53043,CWE-775,26,CWE-775,1,12,1,3,3,,,False,,data:0,55,15
BIN_3687463,10916,CWE-123,43,CWE-123,1,8,1,1,1,,,False,fgets|printline|exit,data:0|head:0,187,45
BIN_3690944,41412,CWE-476,98,CWE-476,1,9,0,0,1,,,False,printlongline,data:1,54,18
BIN_3712009,39887,CWE-427,131,CWE-427,1,11,0,0,0,,,True,wcslen|wcsncat,,250,53
BIN_3715791,42564,CWE-588,22,CWE-588,1,13,0,0,0,,,False,printstructline,data:1|dataGoodBuffer:0|dataBadBuffer:0,69,19
BIN_3731377,46202,CWE-665,52,CWE-665,1,9,0,0,0,,,True,_zn46cwe665_improper_initialization__wchar_t_cat_43l9badsourceerpw|wmemset|wcscat|printwline,,115,25
BIN_3739802,42252,CWE-563,159,CWE-563,1,11,4,6,6,,,False,,data:0,15,7
BIN_3740701,41486,CWE-476,98,CWE-476,1,12,1,1,1,,,False,printintline,data:1,38,14
BIN_3752396,41987,CWE-563,159,CWE-563,1,10,3,6,6,,,False,,data:0,23,8
BIN_3752440,39723,CWE-427,131,CWE-427,1,5,1,1,1,,,False,strlen|memset|strchr|strchr,data:1|dataBuffer:0|wsaData:0|wsaDataInit:0|recvResult:0|service:0|replace:1|listenSocket:0|acceptSocket:0|dataLen:0,1060,175
BIN_3753533,53036,CWE-775,26,CWE-775,1,9,1,3,3,,,False,,data:0,55,15
BIN_3754374,41008,CWE-464,10,CWE-464,1,17,0,2,2,,,False,getc|atoi|printline,data:0|charArraySource:0|charArraySink:0,95,28
BIN_3782157,46639,CWE-680,142,CWE-680,2,5,0,1,1,,,False,fgets|atoi|printline|malloc|exit|printintline|free,data:0|inputBuffer:0|i:0|intPointer:1,226,58
BIN_3791144,46976,CWE-680,142,CWE-680,1,9,2,2,2,,,True,_znay|printintline|_zdapv,,141,38
BIN_3792975,46478,CWE-675,31,CWE-675,1,8,1,1,1,,,False,freopen|fclose|fclose,data:1,93,24
BIN_3801923,45989,CWE-617,93,CWE-617,1,8,0,0,0,,,True,memset|atoi|cwe617_reachable_assertion__listen_socket_41_badsink,data:0|wsaData:0|wsaDataInit:0|recvResult:0|service:0|listenSocket:0|acceptSocket:0|inputBuffer:0,543,110
BIN_3804468,39131,CWE-416,186,CWE-416,2,9,0,0,0,,,True,globalreturnstrueorfalse|_znay|_zdapv|_znay|globalreturnstrueorfalse|printstructline,,258,63
BIN_3808056,39210,CWE-416,186,CWE-416,1,9,2,2,2,,,True,_znwy|_zdlpvy|printlonglongline,,85,23
BIN_3816313,56000,CWE-843,23,CWE-843,1,13,0,0,0,,,False,printintline,data:1|charBuffer:0|dataCopy:1|data:1,64,19
BIN_3822574,42249,CWE-563,159,CWE-563,1,11,4,6,6,,,False,,data:0,15,7
BIN_3825261,46101,CWE-665,52,CWE-665,1,9,0,0,0,,,True,memset|strcat|printline,,123,27
BIN_3830367,45344,CWE-606,118,CWE-606,1,8,0,0,1,,,False,strlen|fgets|strlen|printline|sscanf|printintline,data:1|dataBuffer:0|dataLen:0|i:0|n:0|intVariable:0,424,99
BIN_3851375,35901,CWE-400,193,CWE-400,1,7,0,0,0,,,False,fscanf,count:0|funcPtr:1,83,23
BIN_3853434,39086,CWE-416,186,CWE-416,1,13,1,1,1,,,True,globalreturnstrue|_znay|_zdapv|globalreturnstrue|printintline,,144,40
BIN_3857117,35028,CWE-377,54,CWE-377,1,13,0,0,0,,,False,tmpnam|exit|printline|printline,filename:1|fileDesc:0,136,37
BIN_3868604,52948,CWE-773,20,CWE-773,1,13,0,0,0,,,False,,data:0,109,29
BIN_3869259,39275,CWE-416,186,CWE-416,1,9,1,1,1,,,True,_znwy|_zdlpvy|printstructline,,92,24
BIN_3874872,46797,CWE-680,142,CWE-680,1,13,0,1,1,,,False,memset|atoi|malloc|exit|printintline|free,data:0|wsaData:0|wsaDataInit:0|recvResult:0|service:0|listenSocket:0|acceptSocket:0|inputBuffer:0|i:0|intPointer:1,678,137
BIN_3877789,39601,CWE-427,131,CWE-427,1,8,0,0,0,,,True,strlen|fgets|strlen|printline|cwe427_uncontrolled_search_path_element__char_console_41_badsink,data:1|dataBuffer:0|dataLen:0,565,98
BIN_3881568,45939,CWE-617,93,CWE-617,1,9,0,0,0,,,True,fscanf,,116,30
BIN_3881675,56027,CWE-843,23,CWE-843,2,7,0,0,0,,,False,printintline,data:1|shortBuffer:0,60,18
BIN_3882035,39779,CWE-427,131,CWE-427,3,9,0,1,1,,,False,globalreturnstrue|wcslen|memset|wcschr|wcschr,data:1|dataBuffer:0|wsaData:0|wsaDataInit:0|recvResult:0|service:0|replace:1|connectSocket:0|dataLen:0,679,138
BIN_3905824,35465,CWE-398,84,CWE-398,1,12,0,0,0,,,False,globalreturnstrueorfalse|printline|printline,,56,17
BIN_3910976,46296,CWE-666,34,CWE-666,1,16,0,0,0,,,False,strlen|memset|strchr|strchr|printline,data:0|wsaData:0|wsaDataInit:0|recvResult:0|service:0|replace:1|listenSocket:0|acceptSocket:0|dataLen:0,759,150
BIN_3915137,35826,CWE-400,193,CWE-400,2,7,0,1,1,,,False,fscanf|fopen|exit|fwrite|exit|fclose,count:0|i:0|pFile:1|filename:1,222,53
BIN_3916255,42397,CWE-563,159,CWE-563,1,8,0,0,0,,,False,printlongline,data:0,41,14
BIN_3918710,18958,CWE-188,21,CWE-188,1,4,0,2,2,,,False,printintline|printintline,structCharInt:0|charPtr:1,65,20
BIN_3924542,39046,CWE-416,186,CWE-416,1,12,1,1,1,,,True,_znay|_zdapv|printintline,,144,37
BIN_3932168,46144,CWE-665,52,CWE-665,1,12,0,1,1,,,False,memset|strlen|strncat|printline,data:1|dataBuffer:0|sourceLen:0|source:0,128,29
BIN_3932975,38881,CWE-416,186,CWE-416,1,11,0,0,2,,,False,malloc|exit|memset|free|printline,data:1,130,35
BIN_3936549,41742,CWE-510,17,CWE-510,1,11,1,1,1,,,False,memset|strcmp|printline,wsaData:0|wsaDataInit:0|service:0|acceptService:0|acceptServiceLen:0|listenSocket:0|acceptSocket:0,640,134
BIN_3937612,41631,CWE-482,8,CWE-482,1,10,0,0,0,,,False,printintline|printintline,intBadSink:0,53,17
BIN_3940409,41138,CWE-469,19,CWE-469,4,6,0,0,0,,,False,strchr|exit|printunsignedline,string1:0|string2:0|slashInString1:1|indexOfSlashInString1:0,121,31
BIN_3945282,39412,CWE-426,45,CWE-426,1,10,0,0,0,,,False,,data:1|funcPtr:1|dataBuffer:0,187,33
BIN_3958325,41616,CWE-481,8,CWE-481,2,10,0,0,0,,,False,rand|printline,intRand:0,58,17
BIN_3962012,45848,CWE-617,93,CWE-617,1,6,0,0,0,,,False,fgets|atoi|printline,data:0|funcPtr:1|inputBuffer:0,134,35
BIN_3973989,41961,CWE-563,159,CWE-563,2,8,0,4,4,,,False,,data:0,19,8
BIN_3975838,46249,CWE-665,52,CWE-665,1,7,0,0,0,,,False,badsource|wmemset|wcslen|wcsncat|printwline,data:1|dataBuffer:0|sourceLen:0|source:0,151,32
BIN_3988528,39488,CWE-426,45,CWE-426,1,13,0,1,1,,,False,staticreturnstrue|wcscpy|printline|exit,data:1|dataBuffer:0,335,52
BIN_4015189,36119,CWE-400,193,CWE-400,1,10,0,0,0,,,False,rand|rand|rand|rand|rand|rand|rand|fopen|exit|fwrite|exit|fclose,count:0|i:0|pFile:1|filename:1,287,76
BIN_4023229,35296,CWE-397,10,CWE-397,2,8,3,3,3,,,True,__cxa_allocate_exception|.text$_znst9exceptionc1ev|_znst9exceptionc1ev|__cxa_throw,,61,16
BIN_4033359,41122,CWE-468,13,CWE-468,1,14,0,1,2,,,False,staticreturnstrue|printintline,intArray:0|intPointer:1|toPrint:0,122,28
BIN_4036525,41116,CWE-468,13,CWE-468,1,15,1,2,2,,,False,printintline,intArray:0|intPointer:1|toPrint:0,113,25
BIN_4054895,39589,CWE-427,131,CWE-427,2,14,0,0,0,,,False,strlen|fgets|strlen|printline,data:1|dataBuffer:0|dataLen:0,587,103
BIN_4060314,39696,CWE-427,131,CWE-427,2,6,0,0,1,,,True,strlen|fopen|fgets|printline|fclose,data:1|myUnion:0|dataBuffer:0|dataLen:0|pFile:1|data:1,553,91
BIN_4071275,47207,CWE-681,19,CWE-681,1,17,0,1,1,,,False,fgets|atof|printline|sqrt|printintline,inputBuffer:0|doubleNumber:0,159,38
BIN_4076802,41071,CWE-467,20,CWE-467,2,14,0,0,0,,,False,globalreturnstrueorfalse|malloc|exit|printintline|free|malloc|exit|printintline|free,badInt:1|goodInt:1,174,45
BIN_4088035,41802,CWE-511,27,CWE-511,2,11,0,0,0,,,False,,j:0|count:0,71,21
BIN_4089218,41147,CWE-469,19,CWE-469,1,11,0,2,2,,,False,strchr|exit|printunsignedline,string1:0|string2:0|slashInString1:1|indexOfSlashInString1:0,112,29
BIN_4093276,35477,CWE-398,84,CWE-398,1,12,0,1,1,,,False,printline,,40,13
BIN_4111026,41667,CWE-484,7,CWE-484,1,11,0,1,1,,,False,rand|printline|printline|printline|printline,x:0,165,49
BIN_4116927,45489,CWE-606,118,CWE-606,1,13,0,1,1,,,False,strlen|memset|strchr|strchr|sscanf|printintline,data:1|dataBuffer:0|wsaData:0|wsaDataInit:0|recvResult:0|service:0|replace:1|listenSocket:0|acceptSocket:0|dataLen:0|i:0|n:0|intVariable:0,948,175
BIN_4135362,40995,CWE-464,10,CWE-464,1,11,1,1,1,,,False,getc|atoi|printline,data:0|charArraySource:0|charArraySink:0,94,27
BIN_4143451,45291,CWE-605,8,CWE-605,1,8,0,0,0,,,False,strlen|memset|strchr|strchr|printline,j:0|data:0|wsaData:0|wsaDataInit:0|recvResult:0|service:0|replace:1|listenSocket:0|acceptSocket:0|dataLen:0|bOptVal:0|bOptLen:0,865,169
BIN_4144018,52904,CWE-773,20,CWE-773,1,19,0,0,0,,,False,fopen|badsink,data:1,71,17
BIN_4144886,45726,CWE-606,118,CWE-606,1,7,1,1,1,,,False,wcslen|memset|wcschr|wcschr|swscanf|printintline,data:1|dataBuffer:0|wsaData:0|wsaDataInit:0|recvResult:0|service:0|replace:1|listenSocket:0|acceptSocket:0|dataLen:0|i:0|n:0|intVariable:0,1074,184
BIN_4162124,46690,CWE-680,142,CWE-680,1,11,0,0,2,,,False,malloc|exit|printintline|free,data:0|i:0|intPointer:1,152,41
BIN_4167070,46944,CWE-680,142,CWE-680,1,12,2,2,2,,,True,fgets|atoi|printline|_znay|printintline|_zdapv,,230,61
BIN_4177183,39000,CWE-416,186,CWE-416,1,15,1,1,1,,,False,malloc|exit|wmemset|free|printwline,data:1,144,37
BIN_4184059,40994,CWE-464,10,CWE-459,1,10,0,1,1,,,False,getc|atoi|printline,data:0|charArraySource:0|charArraySink:0,94,27
BIN_4199403,32199,CWE-367,18,CWE-369,2,7,1,2,2,,,False,fgets|printline|strlen|exit|exit|exit,filename:0|statBuffer:0|fileDesc:0,365,81
BIN_4200245,41923,CWE-546,35,CWE-546,1,14,0,0,0,,,False,globalreturnstrueorfalse|printline|printline,,56,17
BIN_4200529,41493,CWE-476,98,CWE-476,1,7,0,0,0,,,False,badsink,data:1,35,11
BIN_4205198,36189,CWE-400,193,CWE-400,1,6,0,0,0,,,False,rand|rand|rand|rand|rand|rand|rand,count:0|funcPtr:1,124,40
BIN_4208008,41748,CWE-510,17,CWE-510,1,10,0,2,2,,,False,memset|strcmp|printline,wsaData:0|wsaDataInit:0|service:0|acceptService:0|acceptServiceLen:0|listenSocket:0|acceptSocket:0,624,131
BIN_4219298,46024,CWE-617,93,CWE-617,1,7,0,0,0,,,False,globalreturnstrueorfalse|rand|rand|rand|rand|rand|rand|rand,data:0,158,47
BIN_4228320,48991,CWE-761,150,CWE-761,1,10,0,0,0,,,False,malloc|exit|strlen|memset|strchr|strchr|printline|free,data:1|wsaData:0|wsaDataInit:0|recvResult:0|service:0|replace:1|listenSocket:0|acceptSocket:0|dataLen:0,795,164
BIN_4229523,42482,CWE-571,8,CWE-571,1,6,1,1,1,,,False,printline,,43,14
BIN_4239006,46840,CWE-680,142,CWE-680,1,12,1,1,1,,,False,rand|rand|rand|rand|rand|rand|rand|malloc|exit|printintline|free,data:0|i:0|intPointer:1,229,67
BIN_4248136,35518,CWE-400,193,CWE-400,2,6,0,0,0,,,True,memset|atoi|badsink,count:0|wsaData:0|wsaDataInit:0|recvResult:0|service:0|connectSocket:0|inputBuffer:0,432,87
BIN_4269764,48915,CWE-761,150,CWE-761,1,8,0,0,0,,,False,malloc|exit|badsource|printline|free,data:1,127,37
BIN_4274431,38950,CWE-416,186,CWE-416,1,10,0,0,0,,,False,malloc|exit|free|printlongline,data:1|i:0,148,38
BIN_4277331,46990,CWE-680,142,CWE-680,1,13,1,1,1,,,True,_znay|printintline|_zdapv,,142,39
BIN_4291409,45398,CWE-606,118,CWE-606,1,15,1,1,1,,,False,strlen|getenv|strncat|sscanf|printintline,data:1|dataBuffer:0|dataLen:0|environment:1|i:0|n:0|intVariable:0,324,68
BIN_4293267,56043,CWE-843,23,CWE-843,1,7,0,0,1,,,True,printintline,data:1|myUnion:0|shortBuffer:0|data:1,66,19
BIN_4298974,46650,CWE-680,142,CWE-680,2,12,0,0,0,,,False,globalreturnstrueorfalse|fgets|atoi|printline|malloc|exit|printintline|free,data:0|inputBuffer:0|i:0|intPointer:1,244,63
BIN_4301901,10874,CWE-123,43,CWE-123,1,15,1,1,1,,,False,memset,data:0|head:0|wsaData:0|wsaDataInit:0|recvResult:0|service:0|connectSocket:0,514,98
BIN_4301964,41232,CWE-476,98,CWE-476,1,14,1,1,1,,,False,printhexcharline,data:1,66,21
BIN_4306918,39240,CWE-416,186,CWE-416,1,11,1,1,1,,,True,globalreturnstrue|_znwy|_zdlpvy|globalreturnstrue|printintline,,110,33
BIN_4316722,39159,CWE-416,186,CWE-416,1,9,1,1,1,,,True,_znay|wmemset|_zdapv|printwline,,108,29
BIN_4318401,39065,CWE-416,186,CWE-416,1,10,0,0,0,,,True,globalreturnstrueorfalse|_znay|_zdapv|_znay|globalreturnstrueorfalse|printlonglongline,,211,54
BIN_4334181,36069,CWE-400,193,CWE-400,1,9,0,0,0,,,False,rand|rand|rand|rand|rand|rand|rand|printline,count:0|i:0,169,51
BIN_4341168,49104,CWE-761,150,CWE-761,1,14,0,0,0,,,True,malloc|exit|wcslen|fgetws|wcslen|printline|printline|free,,351,97
BIN_4349386,39746,CWE-427,131,CWE-427,2,10,0,0,0,,,False,badsource,data:1|dataBuffer:0,353,51
BIN_4349807,45993,CWE-617,93,CWE-617,3,7,0,0,0,,,True,memset|atoi|badsink,data:0|wsaData:0|wsaDataInit:0|recvResult:0|service:0|listenSocket:0|acceptSocket:0|inputBuffer:0,547,110
BIN_4357808,39834,CWE-427,131,CWE-427,1,11,0,0,0,,,False,wcslen|fgetws|wcslen|printline,data:1|dataBuffer:0|dataLen:0,369,84
BIN_4360361,39394,CWE-426,45,CWE-426,2,11,0,0,0,,,False,system|printline|exit,data:1|dataBuffer:0,217,41
BIN_4360396,41586,CWE-479,10,CWE-479,1,6,1,1,1,,,False,signal,,36,12
BIN_4361787,39264,CWE-416,186,CWE-416,1,8,0,0,0,,,True,_znwy|_zdlpvy|printlongline,,110,31
BIN_4362500,48986,CWE-761,150,CWE-761,2,7,1,1,1,,,False,malloc|exit|strlen|memset|strchr|strchr|printline|free,data:1|wsaData:0|wsaDataInit:0|recvResult:0|service:0|replace:1|listenSocket:0|acceptSocket:0|dataLen:0,785,161
BIN_4379813,39129,CWE-416,186,CWE-416,2,9,0,0,0,,,True,_znay|_zdapv|printstructline,,167,42
BIN_4381807,49059,CWE-761,150,CWE-761,1,9,0,0,0,,,False,malloc|exit|badsource|printline|free,data:1,132,37
BIN_4385373,39342,CWE-426,45,CWE-426,1,13,0,1,1,,,False,,data:1|dataBuffer:0|pipe:1,223,42
BIN_4387095,48766,CWE-761,150,CWE-761,1,8,0,0,0,,,False,malloc|exit|strlen|memset|strchr|strchr|printline|free,data:1|wsaData:0|wsaDataInit:0|recvResult:0|service:0|replace:1|connectSocket:0|dataLen:0|dataCopy:1|data:1,698,142
BIN_4390572,41662,CWE-483,9,CWE-484,1,5,1,1,1,,,False,rand|printline|printline,x:0|y:0,111,33
BIN_4394182,47173,CWE-681,19,CWE-681,2,11,0,0,0,,,False,fgets|atof|printline|printfloatline,inputBuffer:0|doubleNumber:0,157,37
BIN_4399069,35436,CWE-398,84,CWE-398,1,12,0,0,0,,,False,printintline|printintline,intOne:0,42,14
BIN_4400464,39966,CWE-427,131,CWE-427,1,12,0,0,0,,,False,wcslen|memset|wcschr|wcschr,data:1|dataBuffer:0|wsaData:0|wsaDataInit:0|recvResult:0|service:0|replace:1|listenSocket:0|acceptSocket:0|dataLen:0,795,161
BIN_4411536,42280,CWE-563,159,CWE-563,1,12,3,5,5,,,False,,data:0,7,5
BIN_4420399,49285,CWE-761,150,CWE-761,1,12,0,0,0,,,False,malloc|exit|wcslen|memset|wcschr|wcschr|globalreturnstrueorfalse|printline|free|printline|wcslen|free,data:1|wsaData:0|wsaDataInit:0|recvResult:0|service:0|replace:1|listenSocket:0|acceptSocket:0|dataLen:0|i:0,925,190
BIN_4422325,41329,CWE-476,98,CWE-476,2,14,0,0,0,,,False,printlonglongline,data:1,58,18
BIN_4432906,39196,CWE-416,186,CWE-416,1,8,1,1,1,,,True,globalreturnstrue|_znwy|_zdlpvy|globalreturnstrue|printintline,,121,35
BIN_4453643,35045,CWE-377,54,CWE-377,1,15,0,1,1,,,False,staticreturnstrue|exit|printwline|printline,filename:1|tmpl:0|fileDesc:0,176,43
BIN_4466932,45702,CWE-606,118,CWE-606,1,9,0,0,0,,,False,badsource|swscanf|printintline,data:1|dataBuffer:0|i:0|n:0|intVariable:0,353,57
BIN_4469647,46645,CWE-680,142,CWE-680,1,10,0,0,0,,,False,fgets|atoi|printline|malloc|exit|printintline|free,data:0|inputBuffer:0|i:0|intPointer:1,237,61
BIN_4470128,35839,CWE-400,193,CWE-400,1,13,0,0,0,,,False,fscanf|fopen|exit|fwrite|exit|fclose,count:0|i:0|pFile:1|filename:1,254,61
BIN_4472678,41621,CWE-481,8,CWE-481,1,8,0,2,2,,,False,rand|printline,intRand:0,46,14
BIN_4479648,53008,CWE-775,26,CWE-775,1,8,0,0,0,,,True,_zn70cwe775_missing_release_of_file_descriptor_or_handle__fopen_no_close_43l9badsourceerp6_iobuf,,35,11
BIN_4489787,35426,CWE-398,84,CWE-398,1,12,1,1,1,,,False,printline,i:0,65,21
BIN_4496252,42061,CWE-563,159,CWE-563,1,8,0,0,0,,,True,_zn52cwe563_unused_variable__unused_init_variable_long_43l9badsourceerl,,27,10
BIN_4497974,32183,CWE-367,18,CWE-367,1,11,1,2,2,,,False,fgets|printline|strlen|exit|exit|exit,filename:0|statBuffer:0|fileDesc:0,364,80
BIN_4499615,41676,CWE-484,7,CWE-484,1,10,1,1,1,,,False,rand|printline|printline|printline|printline,x:0,169,50
BIN_4505214,41061,CWE-467,20,CWE-467,1,14,1,1,1,,,False,malloc|exit|printintline|free,badInt:1,89,24
BIN_4509596,38968,CWE-416,186,CWE-416,1,13,1,2,2,,,False,malloc|exit|free|printstructline,data:1|i:0,151,36
BIN_4513762,45701,CWE-606,118,CWE-606,1,9,0,0,0,,,False,wcslen|fopen|fgetws|printline|fclose|badsink,data:1|dataBuffer:0|dataLen:0|pFile:1,412,79
BIN_4535325,41533,CWE-476,98,CWE-476,1,12,0,0,0,,,True,printwcharline,,59,18
BIN_4550753,49302,CWE-761,150,CWE-761,1,5,0,0,0,,,True,malloc|exit|wcslen|memset|wcschr|wcschr|badsink,data:1|wsaData:0|wsaDataInit:0|recvResult:0|service:0|replace:1|listenSocket:0|acceptSocket:0|dataLen:0,753,150
BIN_4560044,41839,CWE-511,27,CWE-511,1,6,0,0,0,,,False,_time64,currentTime:0,59,18
BIN_4564039,36178,CWE-400,193,CWE-400,1,9,0,0,0,,,False,rand|rand|rand|rand|rand|rand|rand|printline,i:0|j:0|count:0,170,52
BIN_4569852,42258,CWE-563,159,CWE-563,1,9,0,0,0,,,False,badsink,data:0,37,11
BIN_4572328,39868,CWE-427,131,CWE-427,2,10,0,0,2,,,False,wcslen|wcsncat,data:1|dataBuffer:0|dataLen:0|environment:1,231,52
BIN_4573926,49132,CWE-761,150,CWE-761,3,6,0,0,0,,,False,malloc|exit|wcslen|wcsncat|printline|free,data:1|dataLen:0|environment:1,204,55
BIN_4574822,36035,CWE-400,193,CWE-400,1,12,1,2,2,,,False,memset|atoi|printline,count:0|wsaData:0|wsaDataInit:0|recvResult:0|service:0|listenSocket:0|acceptSocket:0|inputBuffer:0,564,116
BIN_4579817,36168,CWE-400,193,CWE-400,1,9,0,0,0,,,False,rand|rand|rand|rand|rand|rand|rand|printline,count:0,153,47
BIN_4593159,18990,CWE-188,21,CWE-188,1,7,0,1,1,,,False,printintline,unionStructLong:0,43,15
BIN_4622976,38951,CWE-416,186,CWE-416,2,9,0,0,0,,,False,staticreturnstrue|malloc|exit|free|staticreturnstrue|printlongline,data:1|i:0,144,38
BIN_4632613,35279,CWE-396,25,CWE-396,1,14,1,1,1,,,True,_zl17staticreturnstruev|rand|__cxa_allocate_exception|_znst12out_of_rangec1epkc|__cxa_throw|rand|__cxa_allocate_exception|_znst12domain_errorc1epkc|__cxa_throw|printline|__cxa_free_exception|__cxa_free_exception|_unwind_resume|__cxa_begin_catch|printline|__cxa_end_catch|__cxa_begin_catch|printline|__cxa_end_catch|__cxa_end_catch|_unwind_resume|__cxa_end_catch|_unwind_resume,,385,106
BIN_4653141,28213,CWE-196,11,CWE-196,1,6,0,0,2,,,False,rand|rand|printintline,intUnsigned:0|intSigned:0,63,22
BIN_4674667,41844,CWE-526,9,CWE-526,1,9,0,1,1,,,False,getenv|printline,,48,15
BIN_4705576,35288,CWE-396,25,CWE-396,2,7,0,0,0,,,True,rand|__cxa_allocate_exception|_znst12out_of_rangec1epkc|__cxa_throw|rand|__cxa_allocate_exception|_znst12domain_errorc1epkc|__cxa_throw|printline|__cxa_free_exception|__cxa_free_exception|_unwind_resume|__cxa_begin_catch|printline|__cxa_end_catch|__cxa_begin_catch|printline|__cxa_end_catch|__cxa_end_catch|_unwind_resume|__cxa_end_catch|_unwind_resume,,397,107
BIN_4714862,35594,CWE-400,193,CWE-400,3,9,0,0,0,,,False,memset|atoi|printline,count:0|wsaData:0|wsaDataInit:0|recvResult:0|service:0|connectSocket:0|inputBuffer:0,477,99
BIN_4718937,45496,CWE-606,118,CWE-606,1,17,0,0,0,,,False,globalreturnstrueorfalse|strlen|memset|strchr|strchr|globalreturnstrueorfalse|sscanf|printintline|sscanf|printintline,data:1|dataBuffer:0|wsaData:0|wsaDataInit:0|recvResult:0|service:0|replace:1|listenSocket:0|acceptSocket:0|dataLen:0|i:0|n:0|intVariable:0|i:0|n:0|intVariable:0,1083,202
BIN_4731905,35318,CWE-398,84,CWE-398,1,12,1,1,1,,,False,printintline|printintline,intOne:0|intTwo:0|intSum:0,69,20
BIN_4740810,46235,CWE-665,52,CWE-665,1,13,0,0,0,,,False,globalreturnstrueorfalse|wmemset|wcslen|wcsncat|printwline,data:1|dataBuffer:0|sourceLen:0|source:0,150,33
BIN_4741499,45733,CWE-606,118,CWE-606,1,12,1,1,1,,,False,wcslen|memset|wcschr|wcschr|swscanf|printintline,data:1|dataBuffer:0|wsaData:0|wsaDataInit:0|recvResult:0|service:0|replace:1|listenSocket:0|acceptSocket:0|dataLen:0|i:0|n:0|intVariable:0,1104,192
BIN_4747855,35508,CWE-400,193,CWE-400,2,14,0,0,0,,,False,memset|atoi|badsink,count:0|wsaData:0|wsaDataInit:0|recvResult:0|service:0|connectSocket:0|inputBuffer:0,438,88
BIN_4752494,41801,CWE-511,27,CWE-511,1,12,0,1,1,,,False,,count:0,49,12
BIN_4756610,49180,CWE-761,150,CWE-761,1,8,1,1,1,,,False,malloc|exit|wcslen|fopen|fgetws|printline|fclose|printline|free,data:1|dataLen:0|pFile:1,286,75
BIN_4759257,41926,CWE-546,35,CWE-546,1,16,2,2,2,,,False,printline,,31,11
BIN_4765696,46711,CWE-680,142,CWE-680,1,9,0,0,0,,,True,cwe680_integer_overflow_to_buffer_overflow__malloc_fixed_41_badsink,data:0,39,12
BIN_4769100,10985,CWE-123,43,CWE-123,3,5,0,0,0,,,True,memset,data:0|myUnion:0|head:0|wsaData:0|wsaDataInit:0|recvResult:0|service:0|listenSocket:0|acceptSocket:0|data:0,664,125
BIN_4769984,42254,CWE-563,159,CWE-563,1,11,1,1,1,,,False,,data:0,16,8
BIN_4779799,47214,CWE-681,19,CWE-681,1,11,0,0,0,,,False,globalreturnstrueorfalse|fgets|atof|printline|sqrt|printintline|fgets|atof|printline|printline|sqrt|printintline,inputBuffer:0|doubleNumber:0|inputBuffer:0|doubleNumber:0,321,74
BIN_4810627,47098,CWE-680,142,CWE-680,1,6,0,0,0,,,True,memset|atoi,,576,119
BIN_4817466,32191,CWE-367,18,CWE-367,1,9,1,1,1,,,False,fgets|printline|strlen|exit|exit|exit,filename:0|statBuffer:0|fileDesc:0,381,84
BIN_4817522,41084,CWE-467,20,CWE-467,1,13,0,0,0,,,False,malloc|exit|printshortline|free,badShort:1,101,28
BIN_4824014,39354,CWE-426,45,CWE-426,1,14,0,1,1,,,False,,data:1|dataBuffer:0|pipe:1,214,40
BIN_4826815,39831,CWE-427,131,CWE-427,1,12,0,0,0,,,False,wcslen|fgetws|wcslen|printline,data:1|dataBuffer:0|dataLen:0,369,84
BIN_4833643,35789,CWE-400,193,CWE-400,1,12,0,0,0,,,False,globalreturnstrueorfalse|fscanf|globalreturnstrueorfalse|printline|printline,count:0|i:0|i:0,203,54
BIN_4846863,46796,CWE-680,142,CWE-680,2,13,0,0,0,,,False,memset|atoi|malloc|exit|printintline|free,data:0|wsaData:0|wsaDataInit:0|recvResult:0|service:0|listenSocket:0|acceptSocket:0|inputBuffer:0|i:0|intPointer:1,695,140
BIN_4849316,36076,CWE-400,193,CWE-400,1,13,0,0,0,,,False,globalreturnstrue|rand|rand|rand|rand|rand|rand|rand|globalreturnstrue|printline,count:0|i:0,169,51
BIN_4850188,45969,CWE-617,93,CWE-617,1,8,0,0,0,,,False,memset|atoi,data:0|wsaData:0|wsaDataInit:0|recvResult:0|service:0|listenSocket:0|acceptSocket:0|inputBuffer:0,585,118
BIN_4860348,35700,CWE-400,193,CWE-400,1,14,0,0,0,,,False,fgets|atoi|printline|badsink,count:0|inputBuffer:0,132,33
BIN_4865561,42497,CWE-587,7,CWE-571,1,7,0,1,1,,,False,printhexcharline,charPointer:1,40,13
BIN_4873053,35064,CWE-377,54,CWE-377,2,12,0,0,0,,,False,exit|printwline|printline|free,filename:1|fileDesc:0,161,42
BIN_4905440,36140,CWE-400,193,CWE-400,1,10,0,0,0,,,True,_zn42cwe400_resource_exhaustion__rand_fwrite_43l9badsourceeri|fopen|exit|fwrite|exit|fclose,,200,49
BIN_4920398,46179,CWE-665,52,CWE-665,1,7,0,5,5,,,False,wmemset|wcscat|printwline,data:1|dataBuffer:0|source:0,100,22
BIN_4921411,39035,CWE-416,186,CWE-416,1,13,3,3,3,,,True,_znay|_zdapv|printintline,,142,35
BIN_4922393,49178,CWE-761,150,CWE-761,1,7,1,1,1,,,False,malloc|exit|wcslen|fopen|fgetws|printline|fclose|printline|free,data:1|dataLen:0|pFile:1,286,75
BIN_4935927,46708,CWE-680,142,CWE-680,1,11,0,0,0,,,False,malloc|exit|printintline|free,data:0|dataPtr1:1|dataPtr2:1|data:0|data:0|i:0|intPointer:1,186,51
BIN_4960660,42306,CWE-563,159,CWE-563,2,8,0,0,0,,,False,printhexcharline,data:0,60,20
BIN_4967291,47139,CWE-680,142,CWE-680,1,10,1,1,1,,,True,rand|rand|rand|rand|rand|rand|rand|_znay|printintline|_zdapv,,226,67
BIN_4967366,35281,CWE-396,25,CWE-396,1,12,0,0,0,,,True,rand|__cxa_allocate_exception|_znst12out_of_rangec1epkc|__cxa_throw|rand|__cxa_allocate_exception|_znst12domain_errorc1epkc|__cxa_throw|printline|__cxa_free_exception|__cxa_free_exception|_unwind_resume|__cxa_begin_catch|printline|__cxa_end_catch|__cxa_begin_catch|printline|__cxa_end_catch|__cxa_end_catch|_unwind_resume|__cxa_end_catch|_unwind_resume,,384,105
BIN_4975298,41817,CWE-511,27,CWE-511,1,12,1,1,1,,,False,_time64|srand|rand,,77,22
BIN_4982187,35590,CWE-400,193,CWE-400,1,7,0,0,0,,,False,memset|atoi|printline,count:0|wsaData:0|wsaDataInit:0|recvResult:0|service:0|connectSocket:0|inputBuffer:0,471,97
BIN_4983490,45934,CWE-617,93,CWE-617,1,11,2,2,2,,,False,fscanf,data:0,102,27
BIN_5000298,41058,CWE-467,20,CWE-467,1,17,0,0,0,,,False,malloc|exit|printhexcharline|free,j:0|badChar:1,110,31
BIN_5003296,45975,CWE-617,93,CWE-617,1,12,0,1,2,,,False,globalreturnstrue|memset|atoi,data:0|wsaData:0|wsaDataInit:0|recvResult:0|service:0|listenSocket:0|acceptSocket:0|inputBuffer:0,584,118
BIN_5012922,34992,CWE-377,54,CWE-377,1,8,0,0,0,,,False,mktemp|exit|printline|printline,filename:1|tmpl:0|fileDesc:0,160,41
BIN_5014255,45798,CWE-617,93,CWE-617,1,8,0,0,0,,,False,badsource,data:0,73,20
BIN_5017338,56026,CWE-843,23,CWE-843,1,7,0,0,0,,,False,printintline,data:1|shortBuffer:0,60,18
BIN_5031260,45536,CWE-606,118,CWE-606,1,6,0,0,0,,,False,wcslen|memset|wcschr|wcschr|swscanf|printintline,data:1|dataBuffer:0|wsaData:0|wsaDataInit:0|recvResult:0|service:0|replace:1|connectSocket:0|dataLen:0|i:0|n:0|intVariable:0,981,167
BIN_5033789,39099,CWE-416,186,CWE-416,4,14,1,1,1,,,True,_znay|_zdapv|printlongline,,116,30
BIN_5040479,42188,CWE-563,159,CWE-563,1,10,1,7,7,,,False,,data:0,7,5
BIN_5051042,42074,CWE-563,159,CWE-563,2,7,0,5,5,,,False,,data:0,29,9
BIN_5052286,40967,CWE-459,10,CWE-459,1,15,1,1,1,,,False,_mkstemp|fdopen|fwrite|fclose,filename:0|pFile:1|fileDesc:0,142,37
BIN_5059532,39729,CWE-427,131,CWE-427,2,9,0,0,0,,,False,strlen|memset|strchr|strchr,data:1|dataBuffer:0|wsaData:0|wsaDataInit:0|recvResult:0|service:0|replace:1|listenSocket:0|acceptSocket:0|dataLen:0,1077,179
BIN_5080695,45417,CWE-606,118,CWE-606,5,6,0,0,0,,,True,strlen|getenv|strncat|badsink,data:1|dataBuffer:0|dataLen:0|environment:1,226,44
BIN_5091731,41570,CWE-478,6,CWE-478,1,7,0,1,1,,,False,rand|printline,charString:1|x:0,123,39
BIN_5100514,41903,CWE-546,35,CWE-546,1,12,1,1,1,,,False,printline,,43,14
BIN_5114537,42472,CWE-570,6,CWE-570,1,10,0,0,0,,,False,printline,,40,13
BIN_5119565,42285,CWE-563,159,CWE-563,1,12,2,2,2,,,False,,data:0,8,6
BIN_5129388,48953,CWE-761,150,CWE-761,1,12,1,1,1,,,False,malloc|exit|printline|free,data:1,143,39
BIN_5133303,39675,CWE-427,131,CWE-427,1,6,1,1,1,,,False,strlen|fopen|fgets|printline|fclose,data:1|dataBuffer:0|dataLen:0|pFile:1,525,87
BIN_5138346,49093,CWE-761,150,CWE-761,1,16,0,0,0,,,False,malloc|exit|wcslen|fgetws|wcslen|printline|globalreturnstrueorfalse|printline|free|printline|wcslen|free,data:1|dataLen:0|i:0,424,115
BIN_5149547,39015,CWE-416,186,CWE-416,1,13,3,3,3,,,True,_znay|memset|_zdapv|printline,,102,27
BIN_5161978,47215,CWE-681,19,CWE-681,2,11,0,0,0,,,False,fgets|atof|printline|sqrt|printintline,inputBuffer:0|doubleNumber:0,163,39
BIN_5169060,35540,CWE-400,193,CWE-400,1,8,1,1,1,,,False,memset|atoi|fopen|exit|fwrite|exit|fclose,count:0|wsaData:0|wsaDataInit:0|recvResult:0|service:0|connectSocket:0|inputBuffer:0|i:0|pFile:1|filename:1,615,120
BIN_5179557,41490,CWE-476,98,CWE-476,1,10,0,0,0,,,False,printintline,data:1|dataPtr1:1|dataPtr2:1|data:1|data:1,85,25
BIN_5183939,53030,CWE-775,26,CWE-775,4,6,1,3,3,,,False,,data:0,55,15
BIN_5187109,39778,CWE-427,131,CWE-427,2,9,0,0,0,,,False,wcslen|memset|wcschr|wcschr,data:1|dataBuffer:0|wsaData:0|wsaDataInit:0|recvResult:0|service:0|replace:1|connectSocket:0|dataLen:0,683,139
BIN_5191567,41451,CWE-476,98,CWE-476,2,4,0,1,1,,,False,malloc|printintline|printintline,intPointer:1,90,25
BIN_5196477,46313,CWE-666,34,CWE-666,1,16,0,1,1,,,False,strlen|memset|strchr|strchr|printline,data:0|wsaData:0|wsaDataInit:0|recvResult:0|service:0|replace:1|listenSocket:0|acceptSocket:0|dataLen:0,758,150
BIN_5197467,39785,CWE-427,131,CWE-427,2,10,0,0,0,,,False,wcslen|memset|wcschr|wcschr,i:0|data:1|dataBuffer:0|wsaData:0|wsaDataInit:0|recvResult:0|service:0|replace:1|connectSocket:0|dataLen:0,701,140
BIN_5203990,45650,CWE-606,118,CWE-606,1,9,0,0,0,,,False,wcslen|wcsncat|swscanf|printintline,data:1|dataPtr1:1|dataPtr2:1|dataBuffer:0|data:1|dataLen:0|environment:1|data:1|i:0|n:0|intVariable:0,522,88
BIN_5214548,38934,CWE-416,186,CWE-416,1,9,0,0,0,,,False,malloc|exit|free|printintline,data:1|i:0,154,40
BIN_5214549,35210,CWE-391,25,CWE-391,1,14,0,1,2,,,False,globalreturnstrue|strtol|printf,longNumber:0,70,20
BIN_5232032,37882,CWE-404,10,CWE-404,1,18,1,1,1,,,False,fclose,data:0,75,22
BIN_5250390,35517,CWE-400,193,CWE-400,1,7,0,0,0,,,False,memset|atoi,count:0|funcPtr:1|wsaData:0|wsaDataInit:0|recvResult:0|service:0|connectSocket:0|inputBuffer:0,446,90
BIN_5250906,39888,CWE-427,131,CWE-427,1,10,0,0,0,,,True,wcslen|wcsncat,data:1|myUnion:0|dataBuffer:0|dataLen:0|environment:1|data:1,250,53
BIN_5252429,41389,CWE-476,98,CWE-476,1,12,0,0,0,,,True,printintline,,55,17
BIN_5280955,45879,CWE-617,93,CWE-617,1,14,0,1,1,,,False,globalreturnstrue,data:0,76,20
BIN_5291319,46027,CWE-617,93,CWE-617,1,7,2,2,2,,,False,rand|rand|rand|rand|rand|rand|rand,data:0,141,43
BIN_5299376,35641,CWE-400,193,CWE-400,1,9,0,0,0,,,False,staticreturnstrue|fgets|atoi|printline|staticreturnstrue|printline,count:0|inputBuffer:0|i:0,179,46
BIN_5309987,41519,CWE-476,98,CWE-476,3,12,0,0,0,,,False,printwcharline,data:1,66,21
BIN_5310258,53000,CWE-775,26,CWE-775,1,12,0,0,0,,,False,fopen|badsink,data:1,71,17
BIN_5312955,46599,CWE-680,142,CWE-680,1,13,1,1,1,,,False,memset|atoi|malloc|exit|printintline|free,data:0|wsaData:0|wsaDataInit:0|recvResult:0|service:0|connectSocket:0|inputBuffer:0|i:0|intPointer:1,579,117
BIN_5316233,39920,CWE-427,131,CWE-427,1,11,0,0,1,,,False,staticreturnstrue|wcslen|fopen|fgetws|printline|fclose,data:1|dataBuffer:0|dataLen:0|pFile:1,327,72
BIN_5320768,42288,CWE-563,159,CWE-563,1,13,0,0,0,,,True,,,34,12
BIN_5320871,41881,CWE-546,35,CWE-546,3,15,0,0,0,,,False,printline,,40,13
BIN_5325990,42117,CWE-563,159,CWE-563,1,10,0,0,0,,,True,_zn55cwe563_unused_variable__unused_init_variable_wchar_t_43l9badsourceerw,,27,10
BIN_5331766,45787,CWE-617,93,CWE-617,2,15,0,1,1,,,False,memset|atoi,data:0|wsaData:0|wsaDataInit:0|recvResult:0|service:0|connectSocket:0|inputBuffer:0,457,93
BIN_5344640,38903,CWE-416,186,CWE-416,1,10,0,0,1,,,False,malloc|exit|free|printlonglongline,data:1|i:0,147,38
BIN_5349239,35277,CWE-396,25,CWE-396,1,16,4,4,4,,,True,rand|__cxa_allocate_exception|_znst12out_of_rangec1epkc|__cxa_throw|rand|__cxa_allocate_exception|_znst12domain_errorc1epkc|__cxa_throw|printline|__cxa_free_exception|__cxa_free_exception|_unwind_resume|__cxa_begin_catch|printline|__cxa_end_catch|__cxa_begin_catch|printline|__cxa_end_catch|__cxa_end_catch|_unwind_resume|__cxa_end_catch|_unwind_resume,,368,102
BIN_5352991,36131,CWE-400,193,CWE-400,1,16,0,2,2,,,False,rand|rand|rand|rand|rand|rand|rand|fopen|exit|fwrite|exit|fclose,count:0|i:0|pFile:1|filename:1,265,72
BIN_5366309,42395,CWE-563,159,CWE-563,1,10,0,0,0,,,False,printlongline,data:0,41,14
BIN_5369416,46155,CWE-665,52,CWE-665,1,7,0,0,0,,,True,badsink,data:1|dataBuffer:0,45,12
BIN_5372327,41620,CWE-481,8,CWE-481,1,9,1,1,1,,,False,rand|printline,intRand:0,59,17
BIN_5375993,10976,CWE-123,43,CWE-123,1,10,0,1,1,,,False,memset,data:0|head:0|wsaData:0|wsaDataInit:0|recvResult:0|service:0|listenSocket:0|acceptSocket:0,609,118
BIN_5389962,35649,CWE-400,193,CWE-400,1,15,0,0,0,,,False,fgets|atoi|printline|printline,count:0|inputBuffer:0|i:0,163,42
BIN_5408272,42173,CWE-563,159,CWE-563,1,11,1,1,1,,,False,,data:0,8,6
BIN_5410773,35541,CWE-400,193,CWE-400,2,8,0,0,2,,,False,memset|atoi|fopen|exit|fwrite|exit|fclose,count:0|wsaData:0|wsaDataInit:0|recvResult:0|service:0|connectSocket:0|inputBuffer:0|i:0|pFile:1|filename:1,641,126
BIN_5421492,41797,CWE-511,27,CWE-511,1,13,0,0,0,,,False,globalreturnstrueorfalse|printline,count:0|count:0,95,23
BIN_5431200,46288,CWE-666,34,CWE-666,1,14,0,0,0,,,False,strlen|memset|strchr|strchr|printline,j:0|data:0|wsaData:0|wsaDataInit:0|recvResult:0|service:0|replace:1|listenSocket:0|acceptSocket:0|dataLen:0,780,153
BIN_5441722,35375,CWE-398,84,CWE-398,1,12,0,0,0,,,False,rand|printline|printline,x:0,110,34
BIN_5448787,39631,CWE-427,131,CWE-427,1,8,0,0,0,,,False,strlen|getenv|strncat,data:1|dataBuffer:0|dataLen:0|environment:1,444,69
BIN_5472113,47238,CWE-685,8,CWE-688,2,6,1,2,2,,,False,sprintf|printline,dest:0,63,17
BIN_5474899,41589,CWE-480,9,CWE-479,1,6,4,5,5,,,False,,,7,5
BIN_5480953,32186,CWE-367,18,CWE-367,1,13,0,1,1,,,False,fgets|printline|strlen|exit|exit|exit,filename:0|statBuffer:0|fileDesc:0,378,83
BIN_5488514,35065,CWE-377,54,CWE-377,1,12,0,0,0,,,False,exit|printwline|printline|free,filename:1|fileDesc:0,161,42
BIN_5502228,46344,CWE-666,34,CWE-666,1,16,0,1,1,,,False,strlen|memset|strchr|strchr|printline,data:0|wsaData:0|wsaDataInit:0|recvResult:0|service:0|replace:1|listenSocket:0|acceptSocket:0|dataLen:0,744,147
BIN_5502682,41571,CWE-479,10,CWE-479,1,6,2,2,2,,,False,signal,,35,11
BIN_5509931,42142,CWE-563,159,CWE-563,1,13,0,0,0,,,False,,data:0,8,6
BIN_5530230,35416,CWE-398,84,CWE-398,2,14,0,0,0,,,False,rand|printline|printline,j:0|x:0,116,36
BIN_5542340,39282,CWE-416,186,CWE-416,1,9,1,1,1,,,True,_znwy|_zdlpvy|printstructline,,118,32
BIN_5559926,39447,CWE-426,45,CWE-426,2,11,0,0,0,,,False,wcscpy,data:1|dataBuffer:0|pipe:1,304,51
BIN_5572418,10929,CWE-123,43,CWE-123,1,10,1,1,1,,,False,fgets|printline|exit,data:0|head:0,188,46
BIN_5574920,45925,CWE-617,93,CWE-617,1,10,1,1,1,,,False,fscanf,data:0,114,30
BIN_5579562,42050,CWE-563,159,CWE-563,1,8,2,4,4,,,False,,data:0,22,8
BIN_5594208,34994,CWE-377,54,CWE-377,1,9,0,1,1,,,False,globalreturnstrue|mktemp|exit|printline|printline,filename:1|tmpl:0|fileDesc:0,156,40
BIN_5603159,46015,CWE-617,93,CWE-617,1,4,1,1,1,,,False,rand|rand|rand|rand|rand|rand|rand,data:0,140,42
BIN_5605584,39963,CWE-427,131,CWE-427,1,10,1,2,2,,,False,wcslen|memset|wcschr|wcschr,data:1|dataBuffer:0|wsaData:0|wsaDataInit:0|recvResult:0|service:0|replace:1|listenSocket:0|acceptSocket:0|dataLen:0,781,158
BIN_5610163,39869,CWE-427,131,CWE-427,1,10,0,1,1,,,False,wcslen|wcsncat,data:1|dataBuffer:0|dataLen:0|environment:1,232,52
BIN_5613711,42505,CWE-587,7,CWE-587,1,11,1,1,1,,,False,printhexcharline,charPointer:1,53,17
BIN_5615864,52992,CWE-775,26,CWE-775,1,12,0,0,0,,,False,fopen|globalreturnstrue,data:1,54,14
BIN_5622018,39255,CWE-416,186,CWE-416,1,9,0,0,0,,,True,_znwy|_zdlpvy|printlongline,,82,23
BIN_5625012,39727,CWE-427,131,CWE-427,4,8,0,0,0,,,False,strlen|memset|strchr|strchr,data:1|dataBuffer:0|wsaData:0|wsaDataInit:0|recvResult:0|service:0|replace:1|listenSocket:0|acceptSocket:0|dataLen:0,1075,178
BIN_5647913,38995,CWE-416,186,CWE-416,1,14,0,1,1,,,False,staticreturnstrue|malloc|exit|wmemset|free|staticreturnstrue|printwline,data:1,134,35
BIN_5657771,35785,CWE-400,193,CWE-400,1,11,0,1,2,,,False,staticreturnstrue|fscanf|staticreturnstrue|printline,count:0|i:0,128,34
BIN_5663032,410,CWE-135,24,CWE-135,1,9,1,1,1,,,False,strlen|___chkstk_ms|wcscpy|printline,data:1|dataLen:0|dest:1,129,34
BIN_5669932,35383,CWE-398,84,CWE-398,2,11,0,1,1,,,False,printline,i:0,49,15
BIN_5670795,56039,CWE-843,23,CWE-843,1,9,0,1,1,,,False,printintline,data:1|shortBuffer:0,51,16
BIN_5679367,35950,CWE-400,193,CWE-400,1,6,0,0,0,,,True,memset|atoi|badsink,count:0|wsaData:0|wsaDataInit:0|recvResult:0|service:0|listenSocket:0|acceptSocket:0|inputBuffer:0,547,110
BIN_5684090,48863,CWE-761,150,CWE-761,1,7,0,0,0,,,False,malloc|exit|strlen|getenv|strncat|printline|free,data:1|dataPtr1:1|dataPtr2:1|data:1|dataLen:0|environment:1|data:1,240,66
BIN_5690778,41678,CWE-484,7,CWE-484,1,9,0,1,1,,,False,rand|printline|printline|printline|printline,x:0,152,47
BIN_5695779,41513,CWE-476,98,CWE-476,1,9,2,2,2,,,False,printwcharline,data:1,40,13
BIN_5703121,31023,CWE-242,8,CWE-242,2,10,0,0,0,,,False,globalreturnstrueorfalse|gets|printline|exit|printline|fgets|printline|exit|printline,dest:0|result:1|dest:0|result:1,179,47
BIN_5708166,39094,CWE-416,186,CWE-416,1,13,0,0,0,,,True,_zn46cwe416_use_after_free__new_delete_array_int_439badsourceerpi|printintline,,48,15
BIN_5714677,38937,CWE-416,186,CWE-416,1,9,1,2,2,,,False,malloc|exit|free|printintline,data:1|i:0,128,34
BIN_5715212,36081,CWE-400,193,CWE-400,1,13,0,1,1,,,False,rand|rand|rand|rand|rand|rand|rand|printline,count:0|i:0,153,47
BIN_5723710,35160,CWE-390,34,CWE-390,1,17,0,2,2,,,False,fopen|fclose,fileDesc:1,62,17
BIN_5734450,39536,CWE-427,131,CWE-427,1,14,0,1,2,,,False,staticreturnstrue|strlen|memset|strchr|strchr,data:1|dataBuffer:0|wsaData:0|wsaDataInit:0|recvResult:0|service:0|replace:1|connectSocket:0|dataLen:0,958,155
BIN_5740258,39502,CWE-426,45,CWE-426,1,14,0,0,0,,,False,wcscpy|printline|exit,data:1|dataPtr1:1|dataPtr2:1|dataBuffer:0|data:1|data:1,362,62
BIN_5748889,46036,CWE-617,93,CWE-617,3,6,0,0,0,,,True,rand|rand|rand|rand|rand|rand|rand,data:0|myUnion:0|data:0,152,46
BIN_5756594,42411,CWE-563,159,CWE-563,2,8,0,0,0,,,False,printstructline,data:0,55,14
BIN_5759038,35195,CWE-391,25,CWE-391,1,15,1,1,1,,,False,sqrt|printdoubleline,doubleNumber:0,69,19
BIN_5760657,39388,CWE-426,45,CWE-426,1,7,0,0,1,,,False,system|printline|exit,data:1|dataBuffer:0,213,40
BIN_5767185,39197,CWE-416,186,CWE-416,2,8,0,0,0,,,True,globalreturnstrueorfalse|_znwy|_zdlpvy|_znwy|globalreturnstrueorfalse|printintline,,158,43
BIN_5771390,35591,CWE-400,193,CWE-400,2,7,0,0,0,,,False,memset|atoi|printline,count:0|wsaData:0|wsaDataInit:0|recvResult:0|service:0|connectSocket:0|inputBuffer:0,471,97
BIN_5775140,35614,CWE-400,193,CWE-400,1,8,0,0,0,,,True,memset|atoi|badsink,count:0|wsaData:0|wsaDataInit:0|recvResult:0|service:0|connectSocket:0|inputBuffer:0,432,87
BIN_5789600,47043,CWE-680,142,CWE-680,1,12,1,1,1,,,True,fscanf|_znay|printintline|_zdapv,,185,50
BIN_5802846,56031,CWE-843,23,CWE-843,1,9,1,1,1,,,False,printintline,data:1|shortBuffer:0,63,19
BIN_5803095,48807,CWE-761,150,CWE-761,1,11,1,1,1,,,False,malloc|exit|strlen|fgets|strlen|printline|printline|free,data:1|dataLen:0,316,89
BIN_5805672,35596,CWE-400,193,CWE-400,1,11,0,0,1,,,False,globalreturnstrue|memset|atoi|globalreturnstrue|printline,count:0|wsaData:0|wsaDataInit:0|recvResult:0|service:0|connectSocket:0|inputBuffer:0,469,97
BIN_5811252,39681,CWE-427,131,CWE-427,2,7,0,0,0,,,False,strlen|fopen|fgets|printline|fclose,data:1|dataBuffer:0|dataLen:0|pFile:1,542,91
BIN_5812351,47239,CWE-688,5,CWE-688,1,10,0,2,2,,,False,sprintf|printline,dest:0|intFive:0,65,17
BIN_5819534,45416,CWE-606,118,CWE-606,4,6,0,0,0,,,False,strlen|getenv|strncat,data:1|funcPtr:1|dataBuffer:0|dataLen:0|environment:1,243,47
BIN_5825662,46537,CWE-675,31,CWE-675,1,19,1,1,1,,,False,,data:0,111,31
BIN_5829263,41520,CWE-476,98,CWE-476,2,13,0,0,0,,,False,printwcharline,data:1,66,21
BIN_5829626,52961,CWE-773,20,CWE-773,2,5,0,0,0,,,False,,data:0|funcPtr:1,77,21
BIN_5831111,41121,CWE-468,13,CWE-468,1,15,0,0,0,,,False,printintline,intArray:0|intPointer:1|toPrint:0,124,28
BIN_5839522,45294,CWE-606,118,CWE-606,1,9,1,2,2,,,False,strlen|memset|strchr|strchr|sscanf|printintline,data:1|dataBuffer:0|wsaData:0|wsaDataInit:0|recvResult:0|service:0|replace:1|connectSocket:0|dataLen:0|i:0|n:0|intVariable:0,809,146
BIN_5868128,53031,CWE-775,26,CWE-775,3,6,1,3,3,,,False,,data:0,55,15
BIN_5877486,42441,CWE-563,159,CWE-563,1,12,0,0,0,,,False,printf,data:0,65,19
BIN_5885052,39650,CWE-427,131,CWE-427,1,7,0,0,0,,,False,badsource,data:1|dataBuffer:0,353,51
BIN_5904787,42054,CWE-563,159,CWE-563,1,8,2,2,2,,,False,,data:0,23,9
BIN_5917887,36117,CWE-400,193,CWE-400,1,9,0,0,2,,,False,rand|rand|rand|rand|rand|rand|rand|fopen|exit|fwrite|exit|fclose,count:0|i:0|pFile:1|filename:1,285,76
BIN_5918531,46553,CWE-675,31,CWE-675,2,8,0,0,0,,,True,badsink,data:0,83,22
BIN_5923506,41998,CWE-563,159,CWE-563,1,11,2,2,2,,,False,,data:0,24,9
BIN_5924176,39082,CWE-416,186,CWE-416,1,13,0,0,0,,,True,_znay|_zdapv|printintline,,138,36
BIN_5950282,7868,CWE-135,24,CWE-135,1,8,0,0,0,,,False,malloc|exit|wmemset|strlen|calloc|exit|wcscpy|printline|free,data:1|dataBadBuffer:1|dataLen:0|dest:1,222,57
BIN_5954588,45636,CWE-606,118,CWE-606,1,10,0,0,1,,,False,staticreturnstrue|wcslen|wcsncat|staticreturnstrue|swscanf|printintline,data:1|dataBuffer:0|dataLen:0|environment:1|i:0|n:0|intVariable:0,461,81
BIN_5957223,35459,CWE-398,84,CWE-398,1,10,0,0,0,,,False,printline,,40,13
BIN_5976244,39456,CWE-426,45,CWE-426,2,7,0,0,0,,,True,wcscpy,data:1|myUnion:0|dataBuffer:0|data:1|pipe:1,334,54
BIN_5980485,55986,CWE-843,23,CWE-843,1,12,0,1,1,,,False,printintline,data:1|charBuffer:0,58,18
BIN_5995496,35213,CWE-391,25,CWE-391,1,14,1,1,1,,,False,strtol|printf,longNumber:0,75,21
BIN_5995634,10982,CWE-123,43,CWE-123,4,7,0,0,0,,,False,memset,data:0|head:0|wsaData:0|wsaDataInit:0|recvResult:0|service:0|listenSocket:0|acceptSocket:0|dataCopy:0|data:0,664,125
BIN_6001815,41336,CWE-476,98,CWE-476,1,14,0,0,0,,,False,globalreturnstrueorfalse|globalreturnstrueorfalse|printlonglongline|printlonglongline|printline,data:1|tmpData:0,115,33
BIN_6009266,42398,CWE-563,159,CWE-563,2,7,0,0,0,,,False,badsink,data:0,42,12
BIN_6011529,47226,CWE-685,8,CWE-685,1,10,0,1,1,,,False,sprintf|printline,dest:0,72,19
BIN_6017739,52983,CWE-775,26,CWE-775,1,7,3,6,6,,,False,fopen,data:1,49,13
BIN_6051354,39940,CWE-427,131,CWE-427,1,8,0,0,0,,,False,wcslen|fopen|fgetws|printline|fclose,data:1|funcPtr:1|dataBuffer:0|dataLen:0|pFile:1,328,71
BIN_6053336,46883,CWE-680,142,CWE-680,1,9,0,0,0,,,True,memset|atoi|_znay|printintline|_zdapv,,590,120
BIN_6055509,35382,CWE-398,84,CWE-398,1,11,0,1,1,,,False,printline,i:0,49,15
BIN_6055588,39348,CWE-426,45,CWE-426,1,16,0,0,0,,,False,globalreturnstrueorfalse,data:1|dataBuffer:0|pipe:1,290,53
BIN_6056711,38971,CWE-416,186,CWE-416,1,14,0,1,1,,,False,malloc|exit|free|printstructline,data:1|i:0,171,42
BIN_6072477,39044,CWE-416,186,CWE-416,1,13,1,1,1,,,True,_znay|_zdapv|printintline,,170,43
BIN_6074899,52952,CWE-773,20,CWE-773,2,11,0,0,0,,,False,badsink,data:0,75,19
BIN_6081753,10980,CWE-123,43,CWE-123,2,8,0,0,0,,,False,badsource,data:0|head:0,178,42
BIN_6097906,48858,CWE-761,150,CWE-761,2,11,0,0,0,,,False,malloc|exit|strlen|getenv|strncat|printline|free,j:0|data:1|dataLen:0|environment:1,207,57
BIN_6107576,7870,CWE-135,24,CWE-135,1,10,0,1,2,,,False,globalreturnstrue|malloc|exit|wmemset|globalreturnstrue|strlen|calloc|exit|wcscpy|printline|free,data:1|dataBadBuffer:1|dataLen:0|dest:1,214,55
BIN_6109394,36166,CWE-400,193,CWE-400,1,7,0,1,1,,,False,rand|rand|rand|rand|rand|rand|rand|printline,count:0,151,47
BIN_6116057,41223,CWE-476,98,CWE-476,1,12,1,1,1,,,False,printhexcharline,data:1,40,13
BIN_6120011,37884,CWE-404,10,CWE-404,1,16,0,0,0,,,False,fclose,j:0|data:0,94,27
BIN_6127228,35314,CWE-398,84,CWE-398,1,10,0,1,1,,,False,printintline|printintline,intOne:0|intTwo:0|intSum:0,66,19
BIN_6128700,36023,CWE-400,193,CWE-400,1,11,0,1,1,,,False,memset|atoi|printline,count:0|wsaData:0|wsaDataInit:0|recvResult:0|service:0|listenSocket:0|acceptSocket:0|inputBuffer:0,586,120
BIN_6151857,41154,CWE-469,19,CWE-469,1,14,0,0,1,,,False,wcschr|exit|printunsignedline,string1:0|string2:0|slashInString1:1|indexOfSlashInString1:0,148,37
BIN_6153661,39022,CWE-416,186,CWE-416,1,13,1,1,1,,,True,_znay|memset|_zdapv|printline,,130,35
BIN_6155849,40970,CWE-459,10,CWE-459,1,17,1,1,1,,,False,_mkstemp|fdopen|fwrite|fclose,filename:0|pFile:1|fileDesc:0,143,37
BIN_6159944,32171,CWE-367,18,CWE-367,1,10,0,0,1,,,False,staticreturnstrue|fgets|printline|strlen|exit|exit|exit,filename:0|fileDesc:0,375,83
BIN_6167988,35012,CWE-377,54,CWE-377,2,11,0,1,1,,,False,globalreturnstrue|tempnam|exit|printline|printline|free,filename:1|fileDesc:0,149,40
BIN_6196004,42450,CWE-563,159,CWE-563,1,13,2,2,2,,,False,printf,data:0,47,15
BIN_6196621,48945,CWE-761,150,CWE-761,1,11,0,0,1,,,False,malloc|exit|staticreturnstrue|printline|free,data:1,151,41
BIN_6214598,39721,CWE-427,131,CWE-427,1,3,0,1,1,,,False,strlen|memset|strchr|strchr,data:1|dataBuffer:0|wsaData:0|wsaDataInit:0|recvResult:0|service:0|replace:1|listenSocket:0|acceptSocket:0|dataLen:0,1060,175
BIN_6230597,41494,CWE-476,98,CWE-476,1,7,0,0,0,,,False,,data:1|funcPtr:1,47,14
BIN_6237134,35302,CWE-397,10,CWE-397,1,8,0,0,0,,,True,globalreturnstrueorfalse|__cxa_allocate_exception|.text$_znst9exceptionc1ev|_znst9exceptionc1ev|__cxa_throw|__cxa_allocate_exception|_znst11range_errorc1epkc|__cxa_throw|__cxa_free_exception|_unwind_resume,,157,41
BIN_6240089,41736,CWE-510,17,CWE-510,1,13,0,0,0,,,False,memset|strcmp|printline,wsaData:0|wsaDataInit:0|service:0|acceptService:0|acceptServiceLen:0|listenSocket:0|acceptSocket:0,623,130
BIN_6245240,45878,CWE-617,93,CWE-617,1,14,1,1,1,,,False,,data:0,80,21
BIN_6265544,39021,CWE-416,186,CWE-416,1,12,0,0,0,,,True,globalreturnstrueorfalse|_znay|memset|_zdapv|_znay|memset|globalreturnstrueorfalse|printline,,180,49
BIN_6277662,41635,CWE-482,8,CWE-482,1,10,0,0,1,,,False,globalreturnstrue|printintline|printintline,intBadSink:0,51,17
BIN_6283783,35798,CWE-400,193,CWE-400,1,8,0,0,0,,,False,fscanf|printline,count:0|countCopy:0|count:0|i:0,123,33
BIN_6284259,35013,CWE-377,54,CWE-377,2,11,0,0,0,,,False,globalreturnstrueorfalse|tempnam|exit|printline|printline|free|tempnam|exit|printline|printline|free,filename:1|fileDesc:0|filename:1|fileDesc:0,276,71
BIN_6286400,35458,CWE-398,84,CWE-398,2,11,0,0,0,,,False,printline,,40,13
BIN_6289020,39186,CWE-416,186,CWE-416,3,12,2,2,2,,,True,_znwy|_zdlpvy|printintline,,93,25
BIN_6290681,35994,CWE-400,193,CWE-400,1,6,0,0,0,,,False,memset|atoi|badsink,count:0|wsaData:0|wsaDataInit:0|recvResult:0|service:0|listenSocket:0|acceptSocket:0|inputBuffer:0,543,110
BIN_6291190,46894,CWE-680,142,CWE-680,1,15,1,1,1,,,True,memset|atoi|_znay|printintline|_zdapv,,577,118
BIN_6293441,39603,CWE-427,131,CWE-427,1,8,0,0,0,,,True,_zn56cwe427_uncontrolled_search_path_element__char_console_43l9badsourceerpc,,346,50
BIN_6310256,46403,CWE-672,8,CWE-672,2,9,0,0,0,,,True,.text$_znst7__cxx114listiisaiieec1ev|_znst7__cxx114listiisaiieec1ev|.text$_znst7__cxx114listiisaiiee9push_backeoi|_znst7__cxx114listiisaiiee9push_backeoi|.text$_znst7__cxx114listiisaiiee9push_backeoi|_znst7__cxx114listiisaiiee9push_backeoi|.text$_znst7__cxx114listiisaiieec1erks2_|_znst7__cxx114listiisaiieec1erks2_|_zn69cwe672_operation_on_resource_after_expiration_or_release__list_int_41l7badsinkenst7__cxx114listiisaiieee|.text$_znst7__cxx114listiisaiieed1ev|_znst7__cxx114listiisaiieed1ev|.text$_znst7__cxx114listiisaiieed1ev|_znst7__cxx114listiisaiieed1ev|.text$_znst7__cxx114listiisaiieed1ev|_znst7__cxx114listiisaiieed1ev|.text$_znst7__cxx114listiisaiieed1ev|_znst7__cxx114listiisaiieed1ev|_unwind_resume,,174,48
BIN_6318986,39450,CWE-426,45,CWE-426,1,11,0,0,0,,,False,wcscpy,data:1|dataBuffer:0|pipe:1,304,51
BIN_6330192,52890,CWE-773,20,CWE-773,1,11,0,1,1,,,False,fopen|fopen|fclose,data:1,104,26
BIN_6330522,39013,CWE-416,186,CWE-416,1,12,3,3,3,,,True,_znay|memset|_zdapv|printline,,102,27
BIN_6331521,47233,CWE-685,8,CWE-685,1,10,0,0,0,,,False,sprintf|printline,dest:0,76,20
BIN_6335652,39058,CWE-416,186,CWE-416,2,11,0,0,0,,,True,_znay|_zdapv|printlonglongline,,139,36
BIN_6335767,35945,CWE-400,193,CWE-400,1,10,0,0,1,,,True,memset|atoi|printline,count:0|myUnion:0|wsaData:0|wsaDataInit:0|recvResult:0|service:0|listenSocket:0|acceptSocket:0|inputBuffer:0|count:0|i:0,619,123
BIN_6345303,46203,CWE-665,52,CWE-665,1,8,0,0,0,,,False,,data:1|funcPtr:1|dataBuffer:0,58,15
BIN_6367377,41161,CWE-469,19,CWE-469,1,13,0,1,1,,,False,globalreturnstrue|wcschr|exit|printunsignedline,string1:0|string2:0|slashInString1:1|indexOfSlashInString1:0,148,37
BIN_6378825,49154,CWE-761,150,CWE-761,1,12,0,0,0,,,False,malloc|exit|wcslen|wcsncat|badsink,data:1|dataLen:0|environment:1,155,41
BIN_6382679,45897,CWE-617,93,CWE-617,1,6,0,0,0,,,True,badsink,data:0,43,12
BIN_6399922,46888,CWE-680,142,CWE-680,1,13,1,1,1,,,True,memset|atoi|_znay|printintline|_zdapv,,593,121
BIN_6400710,45919,CWE-617,93,CWE-617,1,8,0,0,0,,,False,fscanf,data:0,101,26
BIN_6405095,42013,CWE-563,159,CWE-563,1,15,6,10,10,,,False,,data:0,22,8
BIN_6422957,35011,CWE-377,54,CWE-377,1,12,1,1,1,,,False,tempnam|exit|printline|printline|free,filename:1|fileDesc:0,153,41
BIN_6425030,45349,CWE-606,118,CWE-606,1,12,1,1,1,,,False,strlen|fgets|strlen|printline|sscanf|printintline,data:1|dataBuffer:0|dataLen:0|i:0|n:0|intVariable:0,432,101
BIN_6426216,48796,CWE-761,150,CWE-761,1,7,1,1,1,,,False,malloc|exit|strlen|fgets|strlen|printline|printline|free,data:1|dataLen:0,302,85
BIN_6431872,39724,CWE-427,131,CWE-427,2,6,0,0,1,,,False,strlen|memset|strchr|strchr,data:1|dataBuffer:0|wsaData:0|wsaDataInit:0|recvResult:0|service:0|replace:1|listenSocket:0|acceptSocket:0|dataLen:0,1073,178
BIN_6436285,46579,CWE-676,9,CWE-676,2,9,0,0,0,,,True,.text$_zstrsicst11char_traitsiceerst13basic_istreamit_t0_es6_ps3_|_zstrsicst11char_traitsiceerst13basic_istreamit_t0_es6_ps3_|printline,,61,18
BIN_6440832,48951,CWE-761,150,CWE-761,1,13,1,1,1,,,False,malloc|exit|printline|free,data:1,156,42
BIN_6443770,49253,CWE-761,150,CWE-761,1,9,0,0,0,,,False,malloc|exit|wcscpy,data:1|funcPtr:1,98,26
BIN_6452604,35883,CWE-400,193,CWE-400,2,12,0,0,0,,,False,fscanf|printline,count:0,116,32
BIN_6454878,42425,CWE-563,159,CWE-563,1,11,2,2,2,,,False,printstructline,data:0,57,16
BIN_6455415,41585,CWE-479,10,CWE-479,2,7,1,1,1,,,False,signal,,36,12
BIN_6465243,41919,CWE-546,35,CWE-546,1,12,0,1,1,,,False,staticreturnstrue|printline,,39,13
BIN_6486092,38954,CWE-416,186,CWE-416,1,8,0,0,0,,,False,globalreturnstrue|malloc|exit|free|globalreturnstrue|printlongline,data:1|i:0,144,38
BIN_6487253,49106,CWE-761,150,CWE-761,1,13,0,0,0,,,False,malloc|exit|wcslen|fgetws|wcslen|printline|badsink,data:1|dataLen:0,278,75
BIN_6492160,35111,CWE-390,34,CWE-390,1,19,1,2,2,,,False,printline|fgets|printline,dataBuffer:0|data:1,196,37
BIN_6492345,35068,CWE-377,54,CWE-377,1,11,1,1,1,,,False,exit|printwline|printline|free,filename:1|fileDesc:0,162,42
BIN_6493978,35240,CWE-396,25,CWE-396,1,8,0,0,0,,,True,rand|__cxa_allocate_exception|_znst12out_of_rangec1epkc|__cxa_throw|rand|__cxa_allocate_exception|_znst12domain_errorc1epkc|__cxa_throw|printline|__cxa_free_exception|__cxa_free_exception|__cxa_begin_catch|printline|__cxa_end_catch|__cxa_end_catch|_unwind_resume,,287,78
BIN_6494305,41725,CWE-510,17,CWE-510,1,10,1,1,1,,,False,memset|strcmp|printline,wsaData:0|wsaDataInit:0|service:0|acceptService:0|acceptServiceLen:0|listenSocket:0|acceptSocket:0|hostname:0|servInfo:0,703,146
BIN_6508768,41308,CWE-476,98,CWE-476,1,10,1,2,2,,,False,printintline,intPointer:1,43,14
BIN_6510059,41196,CWE-475,18,CWE-475,1,8,0,0,0,,,False,wcscpy|memcpy|printwline,dataBuffer:0|data:1,340,52
BIN_6544637,35709,CWE-400,193,CWE-400,1,8,0,0,0,,,False,fgets|atoi|printline,count:0|funcPtr:1|inputBuffer:0,134,35
BIN_6555667,41962,CWE-563,159,CWE-563,2,9,0,4,4,,,False,,data:0,19,8
BIN_6555998,34996,CWE-377,54,CWE-377,1,11,0,0,0,,,False,mktemp|exit|printline|printline,filename:1|tmpl:0|fileDesc:0,161,41
BIN_6559027,41278,CWE-476,98,CWE-476,1,13,1,1,1,,,True,printintline|_zdlpvy,,86,26
BIN_6559975,46580,CWE-676,9,CWE-676,1,9,0,0,0,,,True,_zl17staticreturnstruev|.text$_zstrsicst11char_traitsiceerst13basic_istreamit_t0_es6_ps3_|_zstrsicst11char_traitsiceerst13basic_istreamit_t0_es6_ps3_|printline,,64,20
BIN_6568408,41894,CWE-546,35,CWE-546,1,15,1,1,1,,,False,printline,,30,10
BIN_6576545,45748,CWE-606,118,CWE-606,1,12,0,0,1,,,True,wcslen|memset|wcschr|wcschr|swscanf|printintline,data:1|myUnion:0|dataBuffer:0|wsaData:0|wsaDataInit:0|recvResult:0|service:0|replace:1|listenSocket:0|acceptSocket:0|dataLen:0|data:1|i:0|n:0|intVariable:0,1102,188
BIN_6583066,41371,CWE-476,98,CWE-476,1,10,0,1,1,,,False,printintline,data:1,56,18
BIN_6586854,36090,CWE-400,193,CWE-400,1,9,0,0,0,,,False,rand|rand|rand|rand|rand|rand|rand|badsink,count:0,112,37
BIN_6588373,38948,CWE-416,186,CWE-416,1,9,0,1,1,,,False,malloc|exit|free|printlongline,data:1|i:0,146,38
BIN_6607818,45278,CWE-605,8,CWE-605,1,9,0,0,2,,,False,strlen|memset|strchr|strchr|printline,data:0|wsaData:0|wsaDataInit:0|recvResult:0|service:0|replace:1|listenSocket:0|acceptSocket:0|dataLen:0|bOptVal:0|bOptLen:0,842,166
BIN_6626473,45351,CWE-606,118,CWE-606,1,14,0,1,1,,,False,globalreturnstrue|strlen|fgets|strlen|printline|globalreturnstrue|sscanf|printintline,data:1|dataBuffer:0|dataLen:0|i:0|n:0|intVariable:0,424,99
BIN_6638373,49231,CWE-761,150,CWE-761,1,12,0,0,0,,,False,malloc|exit|wcscpy|printline|free,data:1,145,40
BIN_6648674,42533,CWE-588,22,CWE-588,1,9,0,0,0,,,True,printintline,,74,20
BIN_6656860,36118,CWE-400,193,CWE-400,2,10,0,0,0,,,False,rand|rand|rand|rand|rand|rand|rand|fopen|exit|fwrite|exit|fclose,count:0|i:0|pFile:1|filename:1,287,76
BIN_6659672,39637,CWE-427,131,CWE-427,1,11,0,0,0,,,False,strlen|getenv|strncat,data:1|dataBuffer:0|dataLen:0|environment:1,447,70
BIN_6661316,7875,CWE-135,24,CWE-135,2,11,0,1,1,,,False,malloc|exit|wmemset|strlen|calloc|exit|wcscpy|printline|free,data:1|dataBadBuffer:1|dataLen:0|dest:1,198,51
BIN_6675117,41332,CWE-476,98,CWE-476,1,12,0,1,1,,,False,staticreturnstrue|staticreturnstrue|printlonglongline,data:1,56,18
BIN_6697235,39633,CWE-427,131,CWE-427,1,9,0,0,0,,,False,strlen|getenv|strncat,data:1|dataBuffer:0|dataLen:0|environment:1,446,70
BIN_6699070,10941,CWE-123,43,CWE-123,1,4,0,0,0,,,False,fgets|printline|exit,data:0|funcPtr:1|head:0,170,45
BIN_6703706,41139,CWE-469,19,CWE-469,4,7,0,0,0,,,False,strchr|exit|printunsignedline,string1:0|string2:0|slashInString1:1|indexOfSlashInString1:0,122,31
BIN_6704195,35346,CWE-398,84,CWE-398,1,15,1,2,2,,,False,rand|printline,x:0,79,26
BIN_6706203,46929,CWE-680,142,CWE-680,1,5,1,1,1,,,True,fgets|atoi|printline|_znay|printintline|_zdapv,,229,60
BIN_6707381,35231,CWE-391,25,CWE-391,1,7,1,1,1,,,False,wcstombs|printunsignedline|printline,bytesTranslated:0|charString:0,99,25
BIN_6709121,41882,CWE-546,35,CWE-546,2,14,0,0,0,,,False,printline,,41,13
BIN_6711718,36038,CWE-400,193,CWE-400,3,12,0,0,1,,,False,memset|atoi|printline,count:0|wsaData:0|wsaDataInit:0|recvResult:0|service:0|listenSocket:0|acceptSocket:0|inputBuffer:0|countCopy:0|count:0,586,118
BIN_6716052,41593,CWE-480,9,CWE-480,1,9,0,5,5,,,False,,,7,5
BIN_6720675,42519,CWE-588,22,CWE-588,1,8,0,0,0,,,True,printintline,,68,19
BIN_6733429,48749,CWE-761,150,CWE-761,1,7,0,0,0,,,False,malloc|exit|strlen|memset|strchr|strchr|printline|free,data:1|wsaData:0|wsaDataInit:0|recvResult:0|service:0|replace:1|connectSocket:0|dataLen:0,679,141
BIN_6734182,39986,CWE-427,131,CWE-427,1,8,0,0,0,,,False,badsource,data:1|dataBuffer:0,132,31
BIN_6751311,52994,CWE-775,26,CWE-775,1,13,3,6,6,,,False,fopen,data:1,49,13
BIN_6767017,39874,CWE-427,131,CWE-427,1,13,1,1,1,,,False,wcslen|wcsncat,data:1|dataBuffer:0|dataLen:0|environment:1,235,53
BIN_6767463,46955,CWE-680,142,CWE-680,2,7,0,0,0,,,True,fgets|atoi|printline|_zn56cwe680_integer_overflow_to_buffer_overflow__new_fgets_45l7badsinkev,,131,34
BIN_6777704,46250,CWE-665,52,CWE-665,2,6,0,0,0,,,True,_zn47cwe665_improper_initialization__wchar_t_ncat_43l9badsourceerpw|wmemset|wcslen|wcsncat|printwline,,144,31
BIN_6779298,45553,CWE-606,118,CWE-606,3,10,0,0,0,,,False,wcslen|memset|wcschr|wcschr|swscanf|printintline,data:1|dataBuffer:0|wsaData:0|wsaDataInit:0|recvResult:0|service:0|replace:1|connectSocket:0|dataLen:0|dataCopy:1|data:1|i:0|n:0|intVariable:0,987,165
BIN_6782463,35643,CWE-400,193,CWE-400,1,11,1,1,1,,,False,fgets|atoi|printline|printline,count:0|inputBuffer:0|i:0,187,48
BIN_6801523,35510,CWE-400,193,CWE-400,1,12,0,0,0,,,False,memset|atoi|printline,count:0|wsaData:0|wsaDataInit:0|recvResult:0|service:0|connectSocket:0|inputBuffer:0|countCopy:0|count:0|i:0,504,100
BIN_6817709,35205,CWE-391,25,CWE-391,1,17,0,1,1,,,False,strtol|printf,longNumber:0,71,20
BIN_6828081,32172,CWE-367,18,CWE-367,2,11,0,0,0,,,False,fgets|printline|strlen|exit|exit|exit,filename:0|fileDesc:0,379,84
BIN_6835970,35324,CWE-398,84,CWE-398,1,13,0,0,0,,,False,printintline|printintline,intOne:0|intTwo:0|intSum:0,57,17
BIN_6837127,39289,CWE-416,186,CWE-416,1,12,2,2,2,,,True,_znwy|_zdlpvy|printstructline,,94,26
BIN_6846618,46395,CWE-672,8,CWE-672,1,17,2,2,2,,,True,.text$_znst7__cxx114listiisaiieec1ev|_znst7__cxx114listiisaiieec1ev|.text$_znst7__cxx114listiisaiiee9push_backeoi|_znst7__cxx114listiisaiiee9push_backeoi|.text$_znst7__cxx114listiisaiiee9push_backeoi|_znst7__cxx114listiisaiiee9push_backeoi|.text$_znst14_list_iteratoriiec1ev|_znst14_list_iteratoriiec1ev|_zstlsist11char_traitsiceerst13basic_ostreamict_es5_pkc|.text$_znst7__cxx114listiisaiiee5beginev|_znst7__cxx114listiisaiiee5beginev|.text$_znkst14_list_iteratoriiedeev|_znkst14_list_iteratoriiedeev|.text$_znst7__cxx114listiisaiiee5clearev|_znst7__cxx114listiisaiiee5clearev|_zstlsist11char_traitsiceerst13basic_ostreamict_es5_pkc|.text$_znkst14_list_iteratoriiedeev|_znkst14_list_iteratoriiedeev|_znsolsei|.text$_znst14_list_iteratoriieppei|_znst14_list_iteratoriieppei|.text$_znst7__cxx114listiisaiiee3endev|_znst7__cxx114listiisaiiee3endev|.text$_zstnerkst14_list_iteratoriies2_|_zstnerkst14_list_iteratoriies2_|_znsolsepfrsos_e|.text$_znst7__cxx114listiisaiieed1ev|_znst7__cxx114listiisaiieed1ev|.text$_znst7__cxx114listiisaiieed1ev|_znst7__cxx114listiisaiieed1ev|_unwind_resume,,334,88
BIN_6847601,46503,CWE-675,31,CWE-675,1,9,0,0,0,,,True,_zn51cwe675_duplicate_operations_on_resource__freopen_43l9badsourceerp6_iobuf|fclose,,47,14
BIN_6863441,35804,CWE-400,193,CWE-400,5,4,0,0,0,,,True,_zn46cwe400_resource_exhaustion__fscanf_for_loop_43l9badsourceeri|printline,,84,23
BIN_6867674,45543,CWE-606,118,CWE-606,1,8,0,0,0,,,False,globalreturnstrue|wcslen|memset|wcschr|wcschr|globalreturnstrue|swscanf|printintline,data:1|dataBuffer:0|wsaData:0|wsaDataInit:0|recvResult:0|service:0|replace:1|connectSocket:0|dataLen:0|i:0|n:0|intVariable:0,981,167
BIN_6874685,40974,CWE-459,10,CWE-459,1,16,0,0,0,,,False,_mkstemp|fdopen|fwrite|fclose,j:0|filename:0|pFile:1|fileDesc:0,149,39
BIN_6875870,42058,CWE-563,159,CWE-563,1,8,0,0,0,,,False,badsink,data:0,42,12
BIN_6876978,39259,CWE-416,186,CWE-416,1,8,0,0,0,,,True,_zl17staticreturnstruev|_znwy|_zdlpvy|_zl17staticreturnstruev|printlongline,,110,33
BIN_6883673,46091,CWE-665,52,CWE-665,2,12,1,5,5,,,False,memset|strcat|printline,data:1|dataBuffer:0|source:0,89,22
BIN_6897615,41130,CWE-468,13,CWE-468,1,10,1,2,2,,,False,printintline,intArray:0|intPointer:1|toPrint:0,114,26
BIN_6915145,46992,CWE-680,142,CWE-680,1,12,1,1,1,,,True,_znay|printintline|_zdapv,,142,39
BIN_6917016,46939,CWE-680,142,CWE-680,1,12,0,0,0,,,True,fgets|atoi|printline|_znay|printintline|_zdapv,,243,64
BIN_6929275,39092,CWE-416,186,CWE-416,1,13,0,0,0,,,True,_znay|_zdapv|printintline,,155,41
BIN_6932021,46100,CWE-665,52,CWE-665,2,9,0,0,0,,,False,memset|strcat|printline,data:1|dataPtr1:1|dataPtr2:1|dataBuffer:0|data:1|data:1|source:0,168,35
BIN_6950482,39446,CWE-426,45,CWE-426,1,11,1,1,1,,,False,wcscpy,data:1|dataBuffer:0|pipe:1,317,54
BIN_6968371,41637,CWE-482,8,CWE-482,1,10,1,1,1,,,False,printintline|printintline,intBadSink:0,56,18
BIN_6970866,35254,CWE-396,25,CWE-396,1,12,0,0,0,,,True,rand|__cxa_allocate_exception|_znst12out_of_rangec1epkc|__cxa_throw|rand|__cxa_allocate_exception|_znst12domain_errorc1epkc|__cxa_throw|printline|__cxa_free_exception|__cxa_free_exception|_unwind_resume|__cxa_begin_catch|printline|__cxa_end_catch|__cxa_end_catch|_unwind_resume,,305,86
BIN_6999956,35946,CWE-400,193,CWE-400,2,9,0,0,0,,,False,memset|atoi|badsink,count:0|wsaData:0|wsaDataInit:0|recvResult:0|service:0|listenSocket:0|acceptSocket:0|inputBuffer:0,543,110
BIN_7001218,35164,CWE-390,34,CWE-390,1,13,0,2,2,,,False,sqrt|printdoubleline,doubleNumber:0,79,20
BIN_7010441,45732,CWE-606,118,CWE-606,1,11,0,1,1,,,False,staticreturnstrue|wcslen|memset|wcschr|wcschr|staticreturnstrue|swscanf|printintline,data:1|dataBuffer:0|wsaData:0|wsaDataInit:0|recvResult:0|service:0|replace:1|listenSocket:0|acceptSocket:0|dataLen:0|i:0|n:0|intVariable:0,1096,190
BIN_7014239,41793,CWE-511,27,CWE-511,2,11,0,0,1,,,False,staticreturnstrue,count:0,65,19
BIN_7020961,39057,CWE-416,186,CWE-416,1,12,3,3,3,,,True,_znay|_zdapv|printlonglongline,,119,30
BIN_7027234,41457,CWE-476,98,CWE-476,2,8,0,0,0,,,False,malloc|printintline|printintline,intPointer:1,101,28
BIN_7037043,35366,CWE-398,84,CWE-398,1,12,0,0,2,,,False,rand|printline|printline,x:0,105,33
BIN_7044378,46937,CWE-680,142,CWE-680,1,10,1,1,1,,,True,globalreturnstrue|fgets|atoi|printline|_znay|printintline|_zdapv,,243,65
BIN_7056545,47028,CWE-680,142,CWE-680,1,12,3,3,3,,,True,fscanf|_znay|printintline|_zdapv,,173,46
BIN_7062341,35892,CWE-400,193,CWE-400,1,11,0,0,0,,,False,fscanf|badsink,count:0,81,21
BIN_7099962,46983,CWE-680,142,CWE-680,1,12,1,1,1,,,True,_znay|printintline|_zdapv,,154,42
BIN_7106418,419,CWE-135,24,CWE-135,1,15,0,0,0,,,False,globalreturnstrueorfalse|globalreturnstrueorfalse|strlen|___chkstk_ms|wcscpy|printline|wcslen|___chkstk_ms|wcscpy|printwline,data:1|dataLen:0|dest:1|dataLen:0|dest:1,258,68
BIN_7123340,35410,CWE-398,84,CWE-398,1,17,0,1,1,,,False,globalreturnstrue|rand|printline|printline,x:0,105,33
BIN_7130955,18968,CWE-188,21,CWE-188,3,8,0,0,0,,,False,globalreturnstrue|printintline|printintline,structCharInt:0|charPtr:1,74,23
BIN_7134117,48895,CWE-761,150,CWE-761,1,9,0,1,1,,,False,malloc|exit|strlen|fopen|fgets|printline|fclose|printline|free,data:1|dataLen:0|pFile:1,273,76
BIN_7137537,41719,CWE-510,17,CWE-510,2,9,0,0,1,,,False,memset|strcmp|printline,wsaData:0|wsaDataInit:0|service:0|acceptService:0|acceptServiceLen:0|listenSocket:0|acceptSocket:0|hostname:0|servInfo:0,699,145
BIN_7151175,39733,CWE-427,131,CWE-427,1,11,1,1,1,,,False,strlen|memset|strchr|strchr,data:1|dataBuffer:0|wsaData:0|wsaDataInit:0|recvResult:0|service:0|replace:1|listenSocket:0|acceptSocket:0|dataLen:0,1078,179
BIN_7172062,39933,CWE-427,131,CWE-427,1,12,0,0,1,,,False,wcslen|fopen|fgetws|printline|fclose,data:1|dataBuffer:0|dataLen:0|pFile:1|dataCopy:1|data:1,342,73
BIN_7177328,46542,CWE-675,31,CWE-675,1,16,1,1,1,,,False,,data:0,85,25
BIN_7178913,35637,CWE-400,193,CWE-400,1,7,0,0,0,,,False,fgets|atoi|printline|printline,count:0|inputBuffer:0|i:0,179,46
BIN_7182611,38924,CWE-416,186,CWE-416,2,11,0,1,1,,,False,malloc|exit|free|printintline,data:1|i:0,126,32
BIN_7198213,32192,CWE-367,18,CWE-367,1,9,0,0,0,,,False,globalreturnstrue|fgets|printline|strlen|exit|exit|exit,filename:0|statBuffer:0|fileDesc:0,377,83
BIN_7228574,41850,CWE-526,9,CWE-526,1,9,0,0,1,,,False,globalreturnstrue|getenv|printline,,47,15
BIN_7232128,41465,CWE-476,98,CWE-476,1,12,0,2,2,,,False,malloc|printintline|printintline,intPointer:1,91,26
BIN_7233054,41282,CWE-476,98,CWE-476,1,12,1,1,1,,,True,printintline|_zdlpvy,,60,20
BIN_7242902,39303,CWE-416,186,CWE-416,1,15,1,1,1,,,True,_zl17staticreturnstruev|_znwy|_zdlpvy|_zl17staticreturnstruev|printwcharline,,113,34
BIN_7253518,46396,CWE-672,8,CWE-672,1,16,0,0,0,,,True,.text$_znst7__cxx114listiisaiieec1ev|_znst7__cxx114listiisaiieec1ev|.text$_znst7__cxx114listiisaiiee9push_backeoi|_znst7__cxx114listiisaiiee9push_backeoi|.text$_znst7__cxx114listiisaiiee9push_backeoi|_znst7__cxx114listiisaiiee9push_backeoi|.text$_znst14_list_iteratoriiec1ev|_znst14_list_iteratoriiec1ev|_zstlsist11char_traitsiceerst13basic_ostreamict_es5_pkc|.text$_znst7__cxx114listiisaiiee5beginev|_znst7__cxx114listiisaiiee5beginev|.text$_znkst14_list_iteratoriiedeev|_znkst14_list_iteratoriiedeev|.text$_znst7__cxx114listiisaiiee5clearev|_znst7__cxx114listiisaiiee5clearev|_zstlsist11char_traitsiceerst13basic_ostreamict_es5_pkc|.text$_znkst14_list_iteratoriiedeev|_znkst14_list_iteratoriiedeev|_znsolsei|.text$_znst14_list_iteratoriieppei|_znst14_list_iteratoriieppei|.text$_znst7__cxx114listiisaiiee3endev|_znst7__cxx114listiisaiiee3endev|.text$_zstnerkst14_list_iteratoriies2_|_zstnerkst14_list_iteratoriies2_|_znsolsepfrsos_e|.text$_znst7__cxx114listiisaiieed1ev|_znst7__cxx114listiisaiieed1ev|.text$_znst7__cxx114listiisaiieed1ev|_znst7__cxx114listiisaiieed1ev|_unwind_resume,,377,96
BIN_7254815,35974,CWE-400,193,CWE-400,2,4,0,0,0,,,False,memset|atoi|fopen|exit|fwrite|exit|fclose,count:0|wsaData:0|wsaDataInit:0|recvResult:0|service:0|listenSocket:0|acceptSocket:0|inputBuffer:0|i:0|pFile:1|filename:1,758,149
BIN_7267802,53054,CWE-775,26,CWE-775,1,9,0,0,0,,,False,badsink,data:0,65,18
BIN_7271132,18967,CWE-188,21,CWE-188,3,8,0,0,0,,,False,printintline|printintline,structCharInt:0|charPtr:1,78,24
BIN_7275848,35874,CWE-400,193,CWE-400,1,8,2,2,2,,,False,fscanf|printline,count:0,90,24
BIN_7277257,49183,CWE-761,150,CWE-761,2,9,0,0,0,,,False,malloc|exit|wcslen|fopen|fgetws|printline|fclose|printline|free,data:1|dataLen:0|pFile:1,292,78
BIN_7287191,39742,CWE-427,131,CWE-427,1,12,0,0,0,,,False,strlen|memset|strchr|strchr,data:1|dataPtr1:1|dataPtr2:1|dataBuffer:0|data:1|wsaData:0|wsaDataInit:0|recvResult:0|service:0|replace:1|listenSocket:0|acceptSocket:0|dataLen:0|data:1,1139,188
BIN_7297277,52899,CWE-773,20,CWE-773,1,18,1,1,1,,,False,fopen|fopen|fclose,data:1,108,27
BIN_7302882,42125,CWE-563,159,CWE-563,1,13,0,1,1,,,False,helperbad,,25,9
BIN_7339794,46013,CWE-617,93,CWE-617,1,4,1,1,1,,,False,rand|rand|rand|rand|rand|rand|rand,data:0,140,42
BIN_7339914,39142,CWE-416,186,CWE-416,2,7,3,3,3,,,True,_znay|wmemset|_zdapv|printwline,,106,27
BIN_7350076,46359,CWE-666,34,CWE-666,1,11,1,2,2,,,False,strlen|memset|strchr|strchr|printline,data:0|wsaData:0|wsaDataInit:0|recvResult:0|service:0|replace:1|listenSocket:0|acceptSocket:0|dataLen:0,745,148
BIN_7350085,41194,CWE-475,18,CWE-475,3,8,0,1,2,,,False,staticreturnstrue|wcscpy|memcpy|printwline,dataBuffer:0|data:1,336,51
BIN_7354099,36024,CWE-400,193,CWE-400,2,11,0,0,0,,,False,memset|atoi|printline,count:0|wsaData:0|wsaDataInit:0|recvResult:0|service:0|listenSocket:0|acceptSocket:0|inputBuffer:0,588,120
BIN_7362973,46810,CWE-680,142,CWE-680,2,7,0,0,0,,,False,memset|atoi,data:0|funcPtr:1|wsaData:0|wsaDataInit:0|recvResult:0|service:0|listenSocket:0|acceptSocket:0|inputBuffer:0,561,113
BIN_7366760,47218,CWE-681,19,CWE-681,1,8,0,1,1,,,False,fgets|atof|printline|sqrt|printintline,inputBuffer:0|doubleNumber:0,150,36
BIN_7367365,49041,CWE-761,150,CWE-761,1,12,0,1,1,,,False,malloc|exit|wcslen|memset|wcschr|wcschr|staticreturnstrue|printline|free,data:1|wsaData:0|wsaDataInit:0|recvResult:0|service:0|replace:1|connectSocket:0|dataLen:0,701,144
BIN_7398585,41602,CWE-480,9,CWE-480,1,9,4,5,5,,,False,,,7,5
BIN_7402061,35294,CWE-397,10,CWE-397,1,6,3,3,3,,,True,__cxa_allocate_exception|.text$_znst9exceptionc1ev|_znst9exceptionc1ev|__cxa_throw,,61,16
BIN_7414715,46651,CWE-680,142,CWE-680,1,13,1,1,1,,,False,fgets|atoi|printline|malloc|exit|printintline|free,data:0|inputBuffer:0|i:0|intPointer:1,240,62
BIN_7415308,41101,CWE-468,13,CWE-468,1,11,0,1,1,,,False,printintline,intArray:0|charPointer:1|toPrint:0,95,25
BIN_7425946,45978,CWE-617,93,CWE-617,1,13,0,0,0,,,False,memset|atoi,data:0|wsaData:0|wsaDataInit:0|recvResult:0|service:0|listenSocket:0|acceptSocket:0|inputBuffer:0,589,119
BIN_7428622,45631,CWE-606,118,CWE-606,1,8,0,1,1,,,False,wcslen|wcsncat|swscanf|printintline,data:1|dataBuffer:0|dataLen:0|environment:1|i:0|n:0|intVariable:0,443,75
BIN_7434751,42486,CWE-571,8,CWE-571,1,8,0,0,0,,,False,printline,intRand1:0|intRand2:0,55,16
BIN_7437182,35338,CWE-398,84,CWE-398,1,15,0,0,0,,,False,globalreturnstrueorfalse|printline|printline|printline,,71,20
BIN_7451051,46615,CWE-680,142,CWE-680,1,6,0,0,0,,,True,memset|atoi|cwe680_integer_overflow_to_buffer_overflow__malloc_connect_socket_41_badsink,data:0|wsaData:0|wsaDataInit:0|recvResult:0|service:0|connectSocket:0|inputBuffer:0,428,87
BIN_7452767,46431,CWE-675,31,CWE-675,1,10,2,2,2,,,False,fopen|fclose|fclose,data:1,73,19
BIN_7453729,39247,CWE-416,186,CWE-416,1,11,1,1,1,,,True,_znwy|_zdlpvy|printintline,,84,25
BIN_7459755,46183,CWE-665,52,CWE-665,1,9,0,0,0,,,False,staticreturnstrue|wmemset|wcscat|printwline,data:1|dataBuffer:0|source:0,105,23
BIN_7479617,35179,CWE-390,34,CWE-390,1,7,0,1,1,,,False,sqrt|printdoubleline,doubleNumber:0,80,21
BIN_7482272,48866,CWE-761,150,CWE-761,1,6,0,0,0,,,False,malloc|exit|strlen|getenv|strncat|badsink,data:1|dataLen:0|environment:1,143,38
BIN_7507352,46502,CWE-675,31,CWE-675,1,10,0,0,0,,,False,badsource|fclose,data:1,51,15
BIN_7510856,35082,CWE-377,54,CWE-377,1,11,0,0,0,,,False,exit|printwline|printline,filename:1|fileDesc:0,140,38
BIN_7518085,36092,CWE-400,193,CWE-400,1,7,0,0,0,,,True,_zn44cwe400_resource_exhaustion__rand_for_loop_43l9badsourceeri|printline,,84,23
BIN_7530369,35682,CWE-400,193,CWE-400,2,8,0,1,1,,,False,fgets|atoi|printline|fopen|exit|fwrite|exit|fclose,count:0|inputBuffer:0|i:0|pFile:1|filename:1,273,65
BIN_7549770,45737,CWE-606,118,CWE-606,1,15,1,1,1,,,False,wcslen|memset|wcschr|wcschr|swscanf|printintline,data:1|dataBuffer:0|wsaData:0|wsaDataInit:0|recvResult:0|service:0|replace:1|listenSocket:0|acceptSocket:0|dataLen:0|i:0|n:0|intVariable:0,1106,192
BIN_7554558,47183,CWE-681,19,CWE-681,1,15,0,0,0,,,False,fgets|atof|printline|printfloatline,j:0|inputBuffer:0|doubleNumber:0,179,40
BIN_7556545,35542,CWE-400,193,CWE-400,1,9,0,1,1,,,False,memset|atoi|fopen|exit|fwrite|exit|fclose,count:0|wsaData:0|wsaDataInit:0|recvResult:0|service:0|connectSocket:0|inputBuffer:0|i:0|pFile:1|filename:1,643,126
BIN_7568259,35443,CWE-398,84,CWE-398,1,13,0,1,1,,,False,staticreturnstrue|printintline|printintline,intOne:0,51,17
BIN_7575716,46657,CWE-680,142,CWE-680,1,15,0,0,0,,,False,badsource|malloc|exit|printintline|free,data:0|i:0|intPointer:1,159,42
BIN_7582953,47095,CWE-680,142,CWE-680,1,9,0,0,0,,,True,memset|atoi|_zn64cwe680_integer_overflow_to_buffer_overflow__new_listen_socket_417badsinkei,,558,116
BIN_7586859,38946,CWE-416,186,CWE-416,3,8,0,0,0,,,False,malloc|exit|free|printlongline,data:1|i:0,126,32
BIN_7595409,46932,CWE-680,142,CWE-680,2,7,1,1,1,,,True,fgets|atoi|printline|_znay|printintline|_zdapv,,229,60
BIN_7596489,48768,CWE-761,150,CWE-761,1,8,0,0,0,,,True,malloc|exit|strlen|memset|strchr|strchr|printline|free,,713,148
BIN_7604518,46700,CWE-680,142,CWE-680,1,14,1,1,1,,,False,malloc|exit|printintline|free,data:0|i:0|intPointer:1,157,42
BIN_7622946,49045,CWE-761,150,CWE-761,1,14,0,0,0,,,False,malloc|exit|wcslen|memset|wcschr|wcschr|globalreturnstrueorfalse|printline|free|printline|wcslen|free,data:1|wsaData:0|wsaDataInit:0|recvResult:0|service:0|replace:1|connectSocket:0|dataLen:0|i:0,810,167
BIN_7624488,39067,CWE-416,186,CWE-416,1,10,1,1,1,,,True,_znay|_zdapv|printlonglongline,,147,38
BIN_7629467,49083,CWE-761,150,CWE-761,1,9,2,2,2,,,False,malloc|exit|wcslen|fgetws|wcslen|printline|printline|free,data:1|dataLen:0,327,89
BIN_7632076,35563,CWE-400,193,CWE-400,1,8,0,0,0,,,False,badsource|fopen|exit|fwrite|exit|fclose,count:0|i:0|pFile:1|filename:1,196,48
BIN_7636820,39700,CWE-427,131,CWE-427,1,5,0,0,0,,,False,strlen|fopen|fgets|printline|fclose,data:1|funcPtr:1|dataBuffer:0|dataLen:0|pFile:1,539,89
BIN_7640099,45942,CWE-617,93,CWE-617,1,7,0,0,0,,,False,badsource,data:0,73,20
BIN_7641068,39324,CWE-416,186,CWE-416,1,16,0,1,1,,,False,helperbad|printline,reversedString:1,56,17
BIN_7652397,35247,CWE-396,25,CWE-396,1,10,0,0,0,,,True,globalreturnstrueorfalse|rand|__cxa_allocate_exception|_znst12out_of_rangec1epkc|__cxa_throw|rand|__cxa_allocate_exception|_znst12domain_errorc1epkc|__cxa_throw|printline|rand|__cxa_allocate_exception|_znst12out_of_rangec1epkc|__cxa_throw|rand|__cxa_allocate_exception|_znst12domain_errorc1epkc|__cxa_throw|printline|__cxa_free_exception|__cxa_free_exception|__cxa_begin_catch|printline|__cxa_end_catch|__cxa_end_catch|_unwind_resume|__cxa_free_exception|__cxa_free_exception|_unwind_resume|__cxa_begin_catch|printline|__cxa_end_catch|__cxa_begin_catch|printline|__cxa_end_catch|__cxa_end_catch|_unwind_resume|__cxa_end_catch|_unwind_resume,,646,170
BIN_7654851,39005,CWE-416,186,CWE-416,1,14,0,0,0,,,False,malloc|exit|wmemset|free|printwline,data:1,118,31
BIN_7660826,46345,CWE-666,34,CWE-666,1,16,1,1,1,,,False,strlen|memset|strchr|strchr|printline,data:0|wsaData:0|wsaDataInit:0|recvResult:0|service:0|replace:1|listenSocket:0|acceptSocket:0|dataLen:0,744,147
BIN_7672352,41176,CWE-475,18,CWE-475,1,11,0,1,2,,,False,staticreturnstrue|memcpy|printline,dataBuffer:0|data:1,246,44
BIN_7684471,49088,CWE-761,150,CWE-761,2,14,0,0,0,,,False,malloc|exit|wcslen|fgetws|wcslen|printline|printline|free,data:1|dataLen:0,338,92
BIN_7686559,41188,CWE-475,18,CWE-475,1,11,1,1,1,,,False,wcscpy|memcpy|printwline,dataBuffer:0|data:1,323,48
BIN_7688948,36040,CWE-400,193,CWE-400,1,11,0,0,0,,,True,memset|atoi|printline,,606,125
BIN_7695148,42562,CWE-588,22,CWE-588,1,12,0,1,2,,,False,staticreturnstrue|printstructline,data:1|dataGoodBuffer:0|dataBadBuffer:0,65,18
BIN_7710696,42194,CWE-563,159,CWE-563,1,11,4,7,7,,,False,,data:0,7,5
BIN_7715438,47178,CWE-681,19,CWE-681,1,15,0,0,0,,,False,globalreturnstrueorfalse|fgets|atof|printline|printfloatline|fgets|atof|printline|printline|printfloatline,inputBuffer:0|doubleNumber:0|inputBuffer:0|doubleNumber:0,333,75
BIN_7717631,39581,CWE-427,131,CWE-427,1,9,0,1,1,,,False,strlen|fgets|strlen|printline,data:1|dataBuffer:0|dataLen:0,583,102
BIN_7730372,46336,CWE-666,34,CWE-666,1,14,0,0,1,,,False,globalreturnstrue|strlen|memset|strchr|strchr|printline,data:0|wsaData:0|wsaDataInit:0|recvResult:0|service:0|replace:1|listenSocket:0|acceptSocket:0|dataLen:0,757,150
BIN_7731218,45927,CWE-617,93,CWE-617,1,10,0,1,2,,,False,globalreturnstrue|fscanf,data:0,110,29
BIN_7746098,35299,CWE-397,10,CWE-397,1,8,1,1,1,,,True,__cxa_allocate_exception|.text$_znst9exceptionc1ev|_znst9exceptionc1ev|__cxa_throw,,81,24
BIN_7752211,35896,CWE-400,193,CWE-400,1,10,0,0,0,,,True,fscanf|printline,,107,29
BIN_7753338,39941,CWE-427,131,CWE-427,2,8,0,0,0,,,True,wcslen|fopen|fgetws|printline|fclose|badsink,data:1|dataBuffer:0|dataLen:0|pFile:1,314,68
BIN_7759797,35980,CWE-400,193,CWE-400,1,5,0,0,0,,,False,globalreturnstrue|memset|atoi|globalreturnstrue|fopen|exit|fwrite|exit|fclose,count:0|wsaData:0|wsaDataInit:0|recvResult:0|service:0|listenSocket:0|acceptSocket:0|inputBuffer:0|i:0|pFile:1|filename:1,756,149
BIN_7763657,41141,CWE-469,19,CWE-469,2,8,0,0,0,,,False,strchr|exit|printunsignedline,string1:0|string2:0|slashInString1:1|indexOfSlashInString1:0,124,32
BIN_7764839,55977,CWE-835,2,CWE-835,1,4,1,1,1,,,False,printintline,i:0,31,9
BIN_7789488,36134,CWE-400,193,CWE-400,1,14,0,0,1,,,False,rand|rand|rand|rand|rand|rand|rand|fopen|exit|fwrite|exit|fclose,count:0|countCopy:0|count:0|i:0|pFile:1|filename:1,275,74
BIN_7811043,48904,CWE-761,150,CWE-761,2,13,0,0,0,,,False,malloc|exit|strlen|fopen|fgets|printline|fclose|printline|free,data:1|dataLen:0|pFile:1,268,74
BIN_7813116,10967,CWE-123,43,CWE-123,1,11,0,1,1,,,False,memset,data:0|head:0|wsaData:0|wsaDataInit:0|recvResult:0|service:0|listenSocket:0|acceptSocket:0,622,120
BIN_7825318,53042,CWE-775,26,CWE-775,1,12,1,3,3,,,False,,data:0,55,15
BIN_7827710,10990,CWE-123,43,CWE-123,2,2,0,0,0,,,True,memset|badsink,data:0|head:0|wsaData:0|wsaDataInit:0|recvResult:0|service:0|listenSocket:0|acceptSocket:0,578,112
BIN_7833306,49013,CWE-761,150,CWE-761,1,6,0,0,0,,,False,malloc|exit|strlen|memset|strchr|strchr,data:1|funcPtr:1|wsaData:0|wsaDataInit:0|recvResult:0|service:0|replace:1|listenSocket:0|acceptSocket:0|dataLen:0,748,150
BIN_7838323,36067,CWE-400,193,CWE-400,1,8,1,2,2,,,False,rand|rand|rand|rand|rand|rand|rand|printline,count:0|i:0,152,46
BIN_7867459,49233,CWE-761,150,CWE-761,1,12,0,1,2,,,False,malloc|exit|wcscpy|staticreturnstrue|printline|free,data:1,144,40
BIN_7867878,35046,CWE-377,54,CWE-377,1,15,1,1,1,,,False,exit|printwline|printline,filename:1|tmpl:0|fileDesc:0,180,44
BIN_7873797,46292,CWE-666,34,CWE-666,1,16,1,2,2,,,False,strlen|memset|strchr|strchr|printline,data:0|wsaData:0|wsaDataInit:0|recvResult:0|service:0|replace:1|listenSocket:0|acceptSocket:0|dataLen:0,744,147
BIN_7877700,42504,CWE-587,7,CWE-587,2,11,0,1,2,,,False,staticreturnstrue|printhexcharline,charPointer:1,49,16
BIN_7882909,49134,CWE-761,150,CWE-761,1,7,0,1,1,,,False,malloc|exit|wcslen|wcsncat|printline|free,data:1|dataLen:0|environment:1,214,58
BIN_7882984,45645,CWE-606,118,CWE-606,1,12,0,0,0,,,False,wcslen|wcsncat|swscanf|printintline,i:0|j:0|data:1|dataBuffer:0|dataLen:0|environment:1|i:0|n:0|intVariable:0,491,86
BIN_7902731,35041,CWE-377,54,CWE-377,1,15,0,0,1,,,False,exit|printwline|printline,filename:1|tmpl:0|fileDesc:0,176,43
BIN_7903849,41661,CWE-483,9,CWE-483,1,6,0,0,0,,,False,rand|printline|printline,j:0|x:0|y:0,130,38
BIN_7908939,46480,CWE-675,31,CWE-675,1,10,0,0,2,,,False,freopen|fclose|fclose,data:1,111,30
BIN_7913523,39148,CWE-416,186,CWE-416,1,8,0,0,0,,,True,_znay|wmemset|_zdapv|printwline,,128,33
BIN_7926288,46246,CWE-665,52,CWE-665,1,8,0,0,0,,,True,wmemset|wcslen|wcsncat|printwline,,160,33
BIN_7927259,39214,CWE-416,186,CWE-416,1,8,0,0,0,,,True,_znwy|_zdlpvy|printlonglongline,,107,29
BIN_7930821,45985,CWE-617,93,CWE-617,1,10,0,0,1,,,False,memset|atoi,data:0|wsaData:0|wsaDataInit:0|recvResult:0|service:0|listenSocket:0|acceptSocket:0|inputBuffer:0|dataCopy:0|data:0,595,119
BIN_7944611,45683,CWE-606,118,CWE-606,2,9,0,0,0,,,False,wcslen|fopen|fgetws|printline|fclose|swscanf|printintline,data:1|dataBuffer:0|dataLen:0|pFile:1|i:0|n:0|intVariable:0,559,101
BIN_7957025,46316,CWE-666,34,CWE-666,2,15,0,0,0,,,False,strlen|memset|strchr|strchr|printline,data:0|wsaData:0|wsaDataInit:0|recvResult:0|service:0|replace:1|listenSocket:0|acceptSocket:0|dataLen:0,761,151
BIN_7959478,39838,CWE-427,131,CWE-427,2,9,0,0,0,,,False,wcslen|fgetws|wcslen|printline,data:1|dataPtr1:1|dataPtr2:1|dataBuffer:0|data:1|dataLen:0|data:1,447,96
BIN_7967466,35971,CWE-400,193,CWE-400,5,3,0,0,0,,,False,memset|atoi|fopen|exit|fwrite|exit|fclose,count:0|wsaData:0|wsaDataInit:0|recvResult:0|service:0|listenSocket:0|acceptSocket:0|inputBuffer:0|i:0|pFile:1|filename:1,730,143
BIN_7969293,47175,CWE-681,19,CWE-681,1,12,1,1,1,,,False,fgets|atof|printline|printfloatline,inputBuffer:0|doubleNumber:0,159,38
BIN_7982230,46073,CWE-617,93,CWE-617,1,8,1,1,1,,,False,,,61,17
BIN_7996456,32165,CWE-367,18,CWE-367,1,8,1,2,2,,,False,fgets|printline|strlen|exit|exit|exit,filename:0|fileDesc:0,362,80
BIN_8004122,35135,CWE-390,34,CWE-390,1,15,0,0,1,,,False,staticreturnstrue|printwline|fgetws|printwline,dataBuffer:0|data:1,339,52
BIN_8020251,28222,CWE-196,11,CWE-196,2,7,0,0,0,,,False,rand|rand|printintline,intUnsigned:0|intSigned:0,68,23
BIN_8020924,45396,CWE-606,118,CWE-606,1,14,0,1,2,,,False,staticreturnstrue|strlen|getenv|strncat|staticreturnstrue|sscanf|printintline,data:1|dataBuffer:0|dataLen:0|environment:1|i:0|n:0|intVariable:0,316,66
BIN_8051725,35017,CWE-377,54,CWE-377,2,12,0,0,0,,,False,tempnam|exit|printline|printline|free,filename:1|fileDesc:0,141,38
BIN_8074549,35985,CWE-400,193,CWE-400,1,7,0,2,2,,,False,memset|atoi|fopen|exit|fwrite|exit|fclose,count:0|wsaData:0|wsaDataInit:0|recvResult:0|service:0|listenSocket:0|acceptSocket:0|inputBuffer:0|i:0|pFile:1|filename:1,732,145
BIN_8082638,45539,CWE-606,118,CWE-606,2,8,0,0,0,,,False,wcslen|memset|wcschr|wcschr|swscanf|printintline,data:1|dataBuffer:0|wsaData:0|wsaDataInit:0|recvResult:0|service:0|replace:1|connectSocket:0|dataLen:0|i:0|n:0|intVariable:0,985,167
BIN_8101561,39591,CWE-427,131,CWE-427,1,14,0,2,2,,,False,strlen|fgets|strlen|printline,data:1|dataBuffer:0|dataLen:0,570,100
BIN_8124146,45602,CWE-606,118,CWE-606,3,10,0,0,0,,,False,wcslen|fgetws|wcslen|printline|swscanf|printintline,data:1|dataPtr1:1|dataPtr2:1|dataBuffer:0|data:1|dataLen:0|data:1|i:0|n:0|intVariable:0,657,122
BIN_8134743,38935,CWE-416,186,CWE-416,1,8,0,0,0,,,False,malloc|exit|free|printintline,data:1|i:0,154,40
BIN_8136012,48815,CWE-761,150,CWE-761,1,10,0,0,0,,,False,malloc|exit|strlen|fgets|strlen|printline|printline|free,data:1|dataPtr1:1|dataPtr2:1|data:1|dataLen:0|data:1,353,99
BIN_8139526,46642,CWE-680,142,CWE-680,1,8,0,0,1,,,False,fgets|atoi|printline|malloc|exit|printintline|free,data:0|inputBuffer:0|i:0|intPointer:1,235,61
BIN_8144395,34988,CWE-377,54,CWE-377,3,7,0,0,0,,,False,mktemp|exit|printline|printline,filename:1|tmpl:0|fileDesc:0,157,40
BIN_8144807,41142,CWE-469,19,CWE-469,1,8,0,0,0,,,False,strchr|exit|printunsignedline,string1:0|string2:0|slashInString1:1|indexOfSlashInString1:0,124,32
BIN_8209505,35354,CWE-398,84,CWE-398,1,15,1,1,1,,,False,rand|printline,x:0,92,30
BIN_8212182,46088,CWE-665,52,CWE-665,1,10,1,5,5,,,False,memset|strcat|printline,data:1|dataBuffer:0|source:0,89,22
BIN_8222889,35997,CWE-400,193,CWE-400,1,4,0,0,0,,,False,memset|atoi,count:0|funcPtr:1|wsaData:0|wsaDataInit:0|recvResult:0|service:0|listenSocket:0|acceptSocket:0|inputBuffer:0,561,113
BIN_8235473,41568,CWE-478,6,CWE-478,1,9,0,1,1,,,False,rand|printline,charString:1|x:0,123,39
BIN_8242207,42492,CWE-571,8,CWE-571,1,8,0,0,0,,,False,printline,,41,13
BIN_8254001,46848,CWE-680,142,CWE-680,1,14,0,2,2,,,False,rand|rand|rand|rand|rand|rand|rand|malloc|exit|printintline|free,data:0|i:0|intPointer:1,217,64
BIN_8262055,35189,CWE-391,25,CWE-391,1,10,0,0,1,,,False,staticreturnstrue|sqrt|printdoubleline,doubleNumber:0,64,18
BIN_8265901,42573,CWE-588,22,CWE-588,1,11,0,0,1,,,False,printstructline,data:1|dataGoodBuffer:0|dataBadBuffer:0|dataCopy:1|data:1,72,19
BIN_8267816,42149,CWE-563,159,CWE-563,1,10,0,0,0,,,True,_zn54cwe563_unused_variable__unused_uninit_variable_char_43l9badsourceerc,,27,10
BIN_8284694,35634,CWE-400,193,CWE-400,2,6,0,1,1,,,False,fgets|atoi|printline|printline,count:0|inputBuffer:0|i:0,162,41
BIN_8298167,39244,CWE-416,186,CWE-416,1,12,1,1,1,,,True,_znwy|_zdlpvy|printintline,,84,25
BIN_8309456,35237,CWE-396,25,CWE-396,1,8,3,3,3,,,True,rand|__cxa_allocate_exception|_znst12out_of_rangec1epkc|__cxa_throw|rand|__cxa_allocate_exception|_znst12domain_errorc1epkc|__cxa_throw|printline|__cxa_free_exception|__cxa_free_exception|__cxa_begin_catch|printline|__cxa_end_catch|__cxa_end_catch|_unwind_resume,,273,75
BIN_8315976,35361,CWE-398,84,CWE-398,1,15,0,0,0,,,False,rand|printline,j:0|x:0,99,32
BIN_8317956,28221,CWE-196,11,CWE-196,1,7,0,0,0,,,False,globalreturnstrueorfalse|rand|rand|printintline|rand|rand|exit|printintline,intUnsigned:0|intSigned:0|intUnsigned:0|intSigned:0,121,40
BIN_8345317,18969,CWE-188,21,CWE-188,2,8,0,0,0,,,False,globalreturnstrueorfalse|printintline|printintline|printintline|printintline,structCharInt:0|charPtr:1|structCharInt:0,111,33
BIN_8345706,10984,CWE-123,43,CWE-123,4,5,0,0,0,,,True,memset,,665,130
BIN_8364355,46150,CWE-665,52,CWE-665,1,9,0,0,0,,,True,memset|strlen|strncat|printline,data:1|myUnion:0|dataBuffer:0|data:1|sourceLen:0|source:0,155,32
BIN_8378972,35899,CWE-400,193,CWE-400,1,8,0,0,0,,,False,badsource|printline,count:0,64,19
BIN_8383733,48816,CWE-761,150,CWE-761,1,10,0,0,0,,,True,malloc|exit|strlen|fgets|strlen|printline|printline|free,,328,93
BIN_8390916,45826,CWE-617,93,CWE-617,1,10,0,1,1,,,False,fgets|atoi|printline,data:0|inputBuffer:0,160,40
BIN_8398792,41720,CWE-510,17,CWE-510,1,9,0,1,1,,,False,memset|strcmp|printline,wsaData:0|wsaDataInit:0|service:0|acceptService:0|acceptServiceLen:0|listenSocket:0|acceptSocket:0|hostname:0|servInfo:0,700,145
BIN_8403210,47254,CWE-688,5,CWE-688,1,11,1,2,2,,,False,sprintf|printline,dest:0|intFive:0,66,18
BIN_8404934,41750,CWE-510,17,CWE-510,1,9,0,0,0,,,False,memset|strcmp|printline,j:0|wsaData:0|wsaDataInit:0|service:0|acceptService:0|acceptServiceLen:0|listenSocket:0|acceptSocket:0,659,136
BIN_8412277,46305,CWE-666,34,CWE-666,1,14,1,2,2,,,False,strlen|memset|strchr|strchr|printline,data:0|wsaData:0|wsaDataInit:0|recvResult:0|service:0|replace:1|listenSocket:0|acceptSocket:0|dataLen:0,745,148
BIN_8413287,45438,CWE-606,118,CWE-606,1,10,1,1,1,,,False,strlen|fopen|fgets|printline|fclose|sscanf|printintline,data:1|dataBuffer:0|dataLen:0|pFile:1|i:0|n:0|intVariable:0,372,81
BIN_8413615,46070,CWE-617,93,CWE-617,1,8,0,0,0,,,False,,,60,17
BIN_8419112,42570,CWE-588,22,CWE-588,2,14,1,1,1,,,False,printstructline,data:1|dataGoodBuffer:0|dataBadBuffer:0,57,16
BIN_8433623,35948,CWE-400,193,CWE-400,1,8,0,0,0,,,True,_zn53cwe400_resource_exhaustion__listen_socket_for_loop_43l9badsourceeri|printline,,84,23
BIN_8455138,42072,CWE-563,159,CWE-563,1,7,0,5,5,,,False,,data:0,29,9
BIN_8463709,46286,CWE-666,34,CWE-666,2,14,0,1,1,,,False,strlen|memset|strchr|strchr|printline,data:0|wsaData:0|wsaDataInit:0|recvResult:0|service:0|replace:1|listenSocket:0|acceptSocket:0|dataLen:0,745,148
BIN_8471568,35467,CWE-398,84,CWE-398,1,11,1,1,1,,,False,printline,,44,14
BIN_8487081,39780,CWE-427,131,CWE-427,2,9,0,0,0,,,False,globalreturnstrueorfalse|wcslen|memset|wcschr|wcschr|wcscat,data:1|dataBuffer:0|wsaData:0|wsaDataInit:0|recvResult:0|service:0|replace:1|connectSocket:0|dataLen:0,703,143
BIN_8489598,35754,CWE-400,193,CWE-400,1,10,0,0,0,,,False,fgets|atoi|printline|badsink,count:0|inputBuffer:0,122,32
BIN_8490395,35475,CWE-398,84,CWE-398,1,12,0,0,0,,,False,printline,,39,13
BIN_8491391,35063,CWE-377,54,CWE-377,1,12,0,1,1,,,False,staticreturnstrue|exit|printwline|printline|free,filename:1|fileDesc:0,157,41
BIN_8495008,37892,CWE-404,10,CWE-404,1,9,0,0,0,,,False,badsink,data:0,65,18
BIN_8496735,46784,CWE-680,142,CWE-680,2,6,0,0,0,,,False,memset|atoi|malloc|exit|printintline|free,data:0|wsaData:0|wsaDataInit:0|recvResult:0|service:0|listenSocket:0|acceptSocket:0|inputBuffer:0|i:0|intPointer:1,677,136
BIN_8496894,40985,CWE-459,10,CWE-459,1,15,1,1,1,,,False,fwrite|fclose,filename:1|tmpl:0|pFile:1,173,41
BIN_8502074,42521,CWE-588,22,CWE-588,2,8,0,0,0,,,True,printintline,,69,19
BIN_8521885,42081,CWE-563,159,CWE-563,3,8,5,5,5,,,False,,data:0,29,9
BIN_8531707,48857,CWE-761,150,CWE-761,1,11,1,1,1,,,False,malloc|exit|strlen|getenv|strncat|printline|free,data:1|dataLen:0|environment:1,190,53
BIN_8540004,45918,CWE-617,93,CWE-617,2,7,0,0,0,,,False,fscanf,data:0,101,26
BIN_8544255,39395,CWE-426,45,CWE-426,2,12,0,1,1,,,False,globalreturnstrue|system|printline|exit,data:1|dataBuffer:0,213,40
BIN_8556379,46751,CWE-680,142,CWE-680,1,17,0,0,0,,,False,fscanf|malloc|exit|printintline|free,i:0|data:0|i:0|intPointer:1,194,51
BIN_8556812,41857,CWE-526,9,CWE-526,1,6,2,2,2,,,False,getenv|printline,,39,13
BIN_8561093,39143,CWE-416,186,CWE-416,1,8,3,3,3,,,True,_znay|wmemset|_zdapv|printwline,,106,27
BIN_8564342,41890,CWE-546,35,CWE-546,1,14,2,2,2,,,False,printline,,31,11
BIN_8567343,35394,CWE-398,84,CWE-398,1,14,1,1,1,,,False,printline,i:0,63,19
BIN_8569542,40964,CWE-459,10,CWE-459,1,13,0,0,0,,,False,_mkstemp|fdopen|fwrite|fclose,filename:0|pFile:1|fileDesc:0,140,36
BIN_8571127,35323,CWE-398,84,CWE-398,1,12,0,0,0,,,False,printintline|printintline,intOne:0|intTwo:0|intSum:0,57,17
BIN_8573802,46064,CWE-617,93,CWE-617,1,7,0,0,2,,,False,,,56,16
BIN_8577449,41414,CWE-476,98,CWE-476,1,11,0,1,1,,,False,printlongline,data:1,56,18
BIN_8595131,39072,CWE-416,186,CWE-416,3,12,0,0,0,,,True,_zn50cwe416_use_after_free__new_delete_array_int64_t_439badsourceerpx|printlonglongline,,50,15
BIN_8596009,42515,CWE-588,22,CWE-588,1,6,3,3,3,,,True,printintline,,58,16
BIN_8597191,41916,CWE-546,35,CWE-546,2,11,0,0,0,,,False,printline,,40,13
BIN_8599168,42132,CWE-563,159,CWE-563,1,14,1,10,10,,,False,,data:0,7,5
BIN_8599567,32126,CWE-364,7,CWE-364,1,8,0,0,0,,,True,signal|free|malloc|exit|signal|free,j:0|gStructSigAtomic:1,216,46
BIN_8601665,39062,CWE-416,186,CWE-416,1,9,1,1,1,,,True,_znay|_zdapv|printlonglongline,,145,38
BIN_8602543,10922,CWE-123,43,CWE-123,1,9,1,1,1,,,False,fgets|printline|exit,data:0|head:0,200,49
BIN_8607905,32115,CWE-364,7,CWE-364,1,11,0,0,0,,,True,signal|free|malloc|exit|signal|free,gStructSigAtomic:1,203,43
BIN_8609269,45446,CWE-606,118,CWE-606,1,14,1,1,1,,,False,strlen|fopen|fgets|printline|fclose|sscanf|printintline,data:1|dataBuffer:0|dataLen:0|pFile:1|i:0|n:0|intVariable:0,402,89
BIN_8616116,46016,CWE-617,93,CWE-617,2,5,0,0,0,,,False,rand|rand|rand|rand|rand|rand|rand,data:0,149,45
BIN_8628562,49297,CWE-761,150,CWE-761,1,7,0,0,0,,,True,malloc|exit|wcslen|memset|wcschr|wcschr|printline|free,data:1|myUnion:0|wsaData:0|wsaDataInit:0|recvResult:0|service:0|replace:1|listenSocket:0|acceptSocket:0|dataLen:0|data:1,835,168
BIN_8628679,52886,CWE-773,20,CWE-773,1,9,1,1,1,,,False,fopen|fopen|fclose,data:1,94,23
BIN_8633191,39841,CWE-427,131,CWE-427,1,8,0,0,0,,,True,wcslen|fgetws|wcslen|printline|cwe427_uncontrolled_search_path_element__wchar_t_console_41_badsink,data:1|dataBuffer:0|dataLen:0,364,82
BIN_8633367,53003,CWE-775,26,CWE-775,1,10,0,0,0,,,False,fopen,data:1|dataPtr1:1|dataPtr2:1|data:1|data:1,98,26
BIN_8650693,41837,CWE-511,27,CWE-511,1,8,0,0,0,,,False,_time64,currentTime:0,59,18
BIN_8657406,41558,CWE-478,6,CWE-478,1,12,0,1,1,,,False,rand|printline,charString:1|x:0,132,41
BIN_8664360,46029,CWE-617,93,CWE-617,1,8,0,0,0,,,False,rand|rand|rand|rand|rand|rand|rand,i:0|data:0,159,47
BIN_8669734,39077,CWE-416,186,CWE-416,1,13,3,3,3,,,True,_znay|_zdapv|printintline,,116,30
BIN_8677975,35114,CWE-390,34,CWE-390,1,19,0,1,1,,,False,printline|fgets|printline,dataBuffer:0|data:1,210,40
BIN_8685262,42143,CWE-563,159,CWE-563,2,12,0,0,0,,,False,,data:0,8,6
BIN_8690219,42162,CWE-563,159,CWE-563,1,11,1,7,7,,,False,,data:0,7,5
BIN_8714272,38909,CWE-416,186,CWE-416,1,9,0,0,0,,,False,malloc|exit|free|printlonglongline,data:1|i:0,155,40
BIN_8716102,35438,CWE-398,84,CWE-398,2,12,0,0,0,,,False,printintline|printintline,intOne:0,42,14
BIN_8740252,38979,CWE-416,186,CWE-416,1,14,1,1,1,,,False,malloc|exit|free|printstructline,data:1|i:0,179,44
BIN_8749417,46604,CWE-680,142,CWE-680,2,14,0,0,0,,,False,memset|atoi|malloc|exit|printintline|free,data:0|wsaData:0|wsaDataInit:0|recvResult:0|service:0|connectSocket:0|inputBuffer:0|i:0|intPointer:1,580,117
BIN_8754302,45551,CWE-606,118,CWE-606,1,10,0,0,0,,,False,wcslen|memset|wcschr|wcschr|badsink,data:1|dataBuffer:0|wsaData:0|wsaDataInit:0|recvResult:0|service:0|replace:1|connectSocket:0|dataLen:0,884,146
BIN_8764066,38889,CWE-416,186,CWE-416,1,12,0,0,0,,,False,globalreturnstrueorfalse|malloc|exit|memset|free|malloc|exit|memset|globalreturnstrueorfalse|printline,data:1,197,51
BIN_8764770,39781,CWE-427,131,CWE-427,1,9,1,1,1,,,False,wcslen|memset|wcschr|wcschr,data:1|dataBuffer:0|wsaData:0|wsaDataInit:0|recvResult:0|service:0|replace:1|connectSocket:0|dataLen:0,684,139
BIN_8768712,46238,CWE-665,52,CWE-665,1,13,0,2,2,,,False,wmemset|wcslen|wcsncat|printwline,data:1|dataBuffer:0|sourceLen:0|source:0,130,29
BIN_8780985,31025,CWE-242,8,CWE-242,1,10,0,0,0,,,False,gets|printline|exit|printline,dest:0|result:1,93,26
BIN_8781695,35180,CWE-390,34,CWE-390,2,6,0,0,0,,,False,sqrt|printdoubleline,j:0|doubleNumber:0,99,26
BIN_8788811,42171,CWE-563,159,CWE-563,1,11,1,1,1,,,False,,data:0,8,6
BIN_8789531,45318,CWE-606,118,CWE-606,1,7,0,0,0,,,False,badsource|sscanf|printintline,data:1|dataBuffer:0|i:0|n:0|intVariable:0,227,45
BIN_8790424,45319,CWE-606,118,CWE-606,2,7,0,0,0,,,True,_zn55cwe606_unchecked_loop_condition__char_connect_socket_43l9badsourceerpc|sscanf|printintline,,228,46
BIN_8791052,42409,CWE-563,159,CWE-563,4,6,0,0,0,,,False,printstructline,data:0,55,14
BIN_8811522,39232,CWE-416,186,CWE-416,1,12,2,2,2,,,True,_znwy|_zdlpvy|printintline,,82,23
BIN_8832271,37868,CWE-404,10,CWE-404,2,10,1,1,1,,,False,fclose,data:0,74,21
BIN_8850363,39393,CWE-426,45,CWE-426,1,10,0,0,0,,,False,system|printline|exit,data:1|dataBuffer:0,217,41
BIN_8880495,35479,CWE-398,84,CWE-398,1,11,0,0,0,,,False,staticreturnstrue|printline,,39,13
BIN_8881656,46712,CWE-680,142,CWE-680,1,8,0,0,0,,,False,badsource|malloc|exit|printintline|free,data:0|i:0|intPointer:1,149,41
BIN_8904318,48900,CWE-761,150,CWE-761,2,11,0,1,2,,,False,malloc|exit|strlen|fopen|fgets|printline|fclose|globalreturnstrue|printline|free,data:1|dataLen:0|pFile:1,272,76
BIN_8906749,39629,CWE-427,131,CWE-427,1,7,0,1,1,,,False,strlen|getenv|strncat,data:1|dataBuffer:0|dataLen:0|environment:1,443,69
BIN_8909907,39018,CWE-416,186,CWE-416,1,12,0,0,0,,,True,_znay|memset|_zdapv|printline,,128,35
BIN_8919293,41274,CWE-476,98,CWE-476,1,11,1,1,1,,,True,printintline|_zdlpvy,,84,26
BIN_8921984,35490,CWE-400,193,CWE-400,1,10,0,2,2,,,False,memset|atoi|printline,count:0|wsaData:0|wsaDataInit:0|recvResult:0|service:0|connectSocket:0|inputBuffer:0|i:0,480,96
BIN_8923945,49205,CWE-761,150,CWE-761,1,6,0,0,0,,,False,malloc|exit|wcslen|fopen|fgetws|printline|fclose,data:1|funcPtr:1|dataLen:0|pFile:1,245,64
BIN_8925534,45462,CWE-606,118,CWE-606,1,10,0,0,0,,,False,badsource|sscanf|printintline,data:1|dataBuffer:0|i:0|n:0|intVariable:0,227,45
BIN_8941988,39832,CWE-427,131,CWE-427,1,12,0,0,0,,,False,wcslen|fgetws|wcslen|printline,data:1|dataBuffer:0|dataLen:0,369,84
BIN_8946286,49138,CWE-761,150,CWE-761,1,10,1,1,1,,,False,malloc|exit|wcslen|wcsncat|printline|free,data:1|dataLen:0|environment:1,217,59
BIN_8950290,408,CWE-135,24,CWE-135,1,7,0,1,1,,,False,strlen|___chkstk_ms|wcscpy|printline,data:1|dataLen:0|dest:1,129,34
BIN_8952561,46811,CWE-680,142,CWE-680,3,6,0,0,0,,,True,memset|atoi|badsink,data:0|wsaData:0|wsaDataInit:0|recvResult:0|service:0|listenSocket:0|acceptSocket:0|inputBuffer:0,547,110
BIN_8974889,46750,CWE-680,142,CWE-680,2,17,0,1,1,,,False,fscanf|malloc|exit|printintline|free,data:0|i:0|intPointer:1,176,47
BIN_8975115,39164,CWE-416,186,CWE-416,2,10,2,2,2,,,True,_znwy|_zdlpvy|printhexcharline,,83,24
BIN_8990608,41481,CWE-476,98,CWE-476,1,14,1,1,1,,,False,printintline,data:1,64,20
BIN_8993648,46360,CWE-666,34,CWE-666,1,11,0,0,0,,,False,strlen|memset|strchr|strchr|printline,j:0|data:0|wsaData:0|wsaDataInit:0|recvResult:0|service:0|replace:1|listenSocket:0|acceptSocket:0|dataLen:0,780,153
BIN_9011383,46065,CWE-617,93,CWE-617,2,7,0,0,0,,,False,,,57,16
BIN_9018748,41145,CWE-469,19,CWE-469,1,10,0,0,0,,,False,strchr|exit|printunsignedline,string1:0|string2:0|slashInString1:1|indexOfSlashInString1:0,125,32
BIN_9021240,45638,CWE-606,118,CWE-606,1,10,1,1,1,,,False,wcslen|wcsncat|swscanf|printintline,data:1|dataBuffer:0|dataLen:0|environment:1|i:0|n:0|intVariable:0,469,83
BIN_9031669,35152,CWE-390,34,CWE-390,1,17,0,0,0,,,False,fopen|fclose,fileDesc:1,72,19
BIN_9033358,41972,CWE-563,159,CWE-563,1,7,0,0,0,,,False,,j:0|data:0,39,14
BIN_9034551,36165,CWE-400,193,CWE-400,1,7,0,0,1,,,False,rand|rand|rand|rand|rand|rand|rand|printline,count:0,149,47
BIN_9043940,49228,CWE-761,150,CWE-761,1,10,2,2,2,,,False,malloc|exit|wcscpy|printline|free,data:1,135,37
BIN_9052413,41369,CWE-476,98,CWE-476,1,9,1,1,1,,,False,printintline,data:1,36,12
BIN_9089105,35287,CWE-396,25,CWE-396,1,8,2,2,2,,,True,rand|__cxa_allocate_exception|_znst12out_of_rangec1epkc|__cxa_throw|rand|__cxa_allocate_exception|_znst12domain_errorc1epkc|__cxa_throw|printline|__cxa_free_exception|__cxa_free_exception|_unwind_resume|__cxa_begin_catch|printline|__cxa_end_catch|__cxa_begin_catch|printline|__cxa_end_catch|__cxa_end_catch|_unwind_resume|__cxa_end_catch|_unwind_resume,,368,102
BIN_9116391,39134,CWE-416,186,CWE-416,1,10,1,1,1,,,True,_znay|_zdapv|printstructline,,143,36
BIN_9118746,28225,CWE-196,11,CWE-196,1,6,0,0,0,,,False,rand|rand|printintline,intUnsigned:0|intSigned:0,55,20
BIN_9143620,39549,CWE-427,131,CWE-427,1,14,0,0,1,,,False,strlen|memset|strchr|strchr,data:1|dataBuffer:0|wsaData:0|wsaDataInit:0|recvResult:0|service:0|replace:1|connectSocket:0|dataLen:0|dataCopy:1|data:1,973,156
BIN_9148839,48901,CWE-761,150,CWE-761,1,12,0,0,0,,,False,malloc|exit|strlen|fopen|fgets|printline|fclose|globalreturnstrueorfalse|printline|free|printline|strlen|free,data:1|dataLen:0|pFile:1|i:0,354,98
BIN_9160296,41969,CWE-563,159,CWE-563,1,10,4,4,4,,,False,,data:0,19,8
BIN_9162518,39398,CWE-426,45,CWE-426,1,15,1,1,1,,,False,system|printline|exit,data:1|dataBuffer:0,218,41
BIN_9163470,42169,CWE-563,159,CWE-563,1,12,5,7,7,,,False,,data:0,7,5
BIN_9183635,42338,CWE-563,159,CWE-563,1,10,1,1,1,,,False,printlonglongline,data:0,45,14
BIN_9200848,39284,CWE-416,186,CWE-416,1,10,1,1,1,,,True,globalreturnstrue|_znwy|_zdlpvy|globalreturnstrue|printstructline,,120,34
BIN_9217309,39236,CWE-416,186,CWE-416,1,11,0,0,0,,,True,_znwy|_zdlpvy|printintline,,104,29
BIN_9228566,42213,CWE-563,159,CWE-563,2,11,4,8,8,,,False,,data:0,7,5
BIN_9229187,35029,CWE-377,54,CWE-377,2,13,0,0,0,,,False,tmpnam|exit|printline|printline,filename:1|fileDesc:0,136,37
BIN_9229376,45682,CWE-606,118,CWE-606,3,9,0,0,0,,,False,wcslen|fopen|fgetws|printline|fclose|swscanf|printintline,data:1|dataBuffer:0|dataLen:0|pFile:1|i:0|n:0|intVariable:0,557,101
BIN_9235824,42303,CWE-563,159,CWE-563,1,8,0,0,0,,,False,printhexcharline,data:0,56,18
BIN_9237243,35199,CWE-391,25,CWE-391,1,16,1,2,2,,,False,sqrt|printdoubleline,doubleNumber:0,56,16
BIN_9250606,48989,CWE-761,150,CWE-761,1,9,0,0,2,,,False,malloc|exit|strlen|memset|strchr|strchr|printline|free,data:1|wsaData:0|wsaDataInit:0|recvResult:0|service:0|replace:1|listenSocket:0|acceptSocket:0|dataLen:0,794,164
BIN_9253537,47172,CWE-681,19,CWE-681,1,10,0,1,1,,,False,fgets|atof|printline|printfloatline,inputBuffer:0|doubleNumber:0,156,37
BIN_9259915,35116,CWE-390,34,CWE-390,1,18,0,0,0,,,False,printline|fgets|printline,dataBuffer:0|data:1,211,40
BIN_9261071,46402,CWE-672,8,CWE-672,2,10,0,0,0,,,True,.text$_znst7__cxx114listiisaiieec1ev|_znst7__cxx114listiisaiieec1ev|.text$_znst7__cxx114listiisaiiee9push_backeoi|_znst7__cxx114listiisaiiee9push_backeoi|.text$_znst7__cxx114listiisaiiee9push_backeoi|_znst7__cxx114listiisaiiee9push_backeoi|.text$_znst7__cxx114listiisaiieec1erks2_|_znst7__cxx114listiisaiieec1erks2_|.text$_znst14_list_iteratoriiec1ev|_znst14_list_iteratoriiec1ev|_zstlsist11char_traitsiceerst13basic_ostreamict_es5_pkc|.text$_znst7__cxx114listiisaiiee5beginev|_znst7__cxx114listiisaiiee5beginev|.text$_znkst14_list_iteratoriiedeev|_znkst14_list_iteratoriiedeev|.text$_znst7__cxx114listiisaiiee5clearev|_znst7__cxx114listiisaiiee5clearev|_zstlsist11char_traitsiceerst13basic_ostreamict_es5_pkc|.text$_znkst14_list_iteratoriiedeev|_znkst14_list_iteratoriiedeev|_znsolsei|.text$_znst14_list_iteratoriieppei|_znst14_list_iteratoriieppei|.text$_znst7__cxx114listiisaiiee3endev|_znst7__cxx114listiisaiiee3endev|.text$_zstnerkst14_list_iteratoriies2_|_zstnerkst14_list_iteratoriies2_|_znsolsepfrsos_e|.text$_znst7__cxx114listiisaiieed1ev|_znst7__cxx114listiisaiieed1ev|.text$_znst7__cxx114listiisaiieed1ev|_znst7__cxx114listiisaiieed1ev|.text$_znst7__cxx114listiisaiieed1ev|_znst7__cxx114listiisaiieed1ev|.text$_znst7__cxx114listiisaiieed1ev|_znst7__cxx114listiisaiieed1ev|_unwind_resume,,394,100
BIN_9261609,39777,CWE-427,131,CWE-427,1,9,0,0,0,,,False,wcslen|memset|wcschr|wcschr,data:1|dataBuffer:0|wsaData:0|wsaDataInit:0|recvResult:0|service:0|replace:1|connectSocket:0|dataLen:0,683,139
BIN_9273189,41162,CWE-469,19,CWE-469,1,12,0,0,0,,,False,globalreturnstrueorfalse|wcschr|exit|printunsignedline|wcschr|exit|printunsignedline,string1:0|string2:0|slashInString1:1|indexOfSlashInString1:0|string1:0|slashInString1:1|indexOfSlashInString1:0,268,62
BIN_9273197,35092,CWE-390,34,CWE-390,1,8,2,2,2,,,True,.text$_znst7__cxx1112basic_stringicst11char_traitsicesaiceec1is3_eepkcrks3_|_znst7__cxx1112basic_stringicst11char_traitsicesaiceec1is3_eepkcrks3_|.text$_znst15__new_allocatoriced2ev|_znst15__new_allocatoriced2ev|rand|rand|.text$_znkst7__cxx1112basic_stringicst11char_traitsicesaicee6substreyy|_znkst7__cxx1112basic_stringicst11char_traitsicesaicee6substreyy|.text$_znkst7__cxx1112basic_stringicst11char_traitsicesaicee5c_strev|_znkst7__cxx1112basic_stringicst11char_traitsicesaicee5c_strev|printline|.text$_znst7__cxx1112basic_stringicst11char_traitsicesaiceed1ev|_znst7__cxx1112basic_stringicst11char_traitsicesaiceed1ev|.text$_znst7__cxx1112basic_stringicst11char_traitsicesaiceed1ev|_znst7__cxx1112basic_stringicst11char_traitsicesaiceed1ev|.text$_znst15__new_allocatoriced2ev|_znst15__new_allocatoriced2ev|.text$_znst7__cxx1112basic_stringicst11char_traitsicesaiceed1ev|_znst7__cxx1112basic_stringicst11char_traitsicesaiceed1ev|.text$_znst7__cxx1112basic_stringicst11char_traitsicesaiceed1ev|_znst7__cxx1112basic_stringicst11char_traitsicesaiceed1ev|_unwind_resume|__cxa_begin_catch|__cxa_end_catch,,259,77
BIN_9274248,45391,CWE-606,118,CWE-606,1,11,1,1,1,,,False,strlen|getenv|strncat|sscanf|printintline,data:1|dataBuffer:0|dataLen:0|environment:1|i:0|n:0|intVariable:0,298,60
BIN_9277280,45841,CWE-617,93,CWE-617,2,10,0,0,0,,,False,fgets|atoi|printline,data:0|inputBuffer:0|dataCopy:0|data:0,162,41
BIN_9290828,47080,CWE-680,142,CWE-680,1,13,1,1,1,,,True,memset|atoi|_znay|printintline|_zdapv,,713,146
BIN_9300459,46033,CWE-617,93,CWE-617,2,7,0,0,0,,,False,rand|rand|rand|rand|rand|rand|rand,data:0|dataCopy:0|data:0,152,46
BIN_9311336,28216,CWE-196,11,CWE-196,1,7,0,0,0,,,False,rand|rand|printintline,intUnsigned:0|intSigned:0,65,22
BIN_9316497,45310,CWE-606,118,CWE-606,1,12,0,1,1,,,False,strlen|memset|strchr|strchr|sscanf|printintline,data:1|dataBuffer:0|wsaData:0|wsaDataInit:0|recvResult:0|service:0|replace:1|connectSocket:0|dataLen:0|i:0|n:0|intVariable:0,811,148
BIN_9317734,41835,CWE-511,27,CWE-511,2,8,0,0,0,,,False,_time64,currentTime:0,72,21
BIN_9320689,41475,CWE-476,98,CWE-476,1,15,0,0,0,,,False,printintline,data:1,58,18
BIN_9323314,41732,CWE-510,17,CWE-510,1,13,0,0,0,,,False,memset|strcmp|printline,j:0|wsaData:0|wsaDataInit:0|service:0|acceptService:0|acceptServiceLen:0|listenSocket:0|acceptSocket:0|hostname:0|servInfo:0,722,148
BIN_9327798,46297,CWE-666,34,CWE-666,1,15,0,1,2,,,False,staticreturnstrue|strlen|memset|strchr|strchr|printline,data:0|wsaData:0|wsaDataInit:0|recvResult:0|service:0|replace:1|listenSocket:0|acceptSocket:0|dataLen:0,757,150
BIN_9339287,10888,CWE-123,43,CWE-123,2,10,0,0,0,,,True,memset,,549,105
BIN_9355687,41333,CWE-476,98,CWE-476,1,13,1,1,1,,,False,printlonglongline,data:1,64,20
BIN_9362646,47146,CWE-680,142,CWE-680,3,6,0,0,0,,,True,rand|rand|rand|rand|rand|rand|rand,,124,40
BIN_9371510,10987,CWE-123,43,CWE-123,1,3,0,0,0,,,False,badsource,data:0|head:0,168,41
BIN_9373660,47087,CWE-680,142,CWE-680,1,13,0,0,0,,,True,memset|atoi|_znay|printintline|_zdapv,,731,147
BIN_9401241,36176,CWE-400,193,CWE-400,1,9,2,2,2,,,False,rand|rand|rand|rand|rand|rand|rand|printline,count:0,133,43
BIN_9405846,48761,CWE-761,150,CWE-761,1,9,1,1,1,,,False,malloc|exit|strlen|memset|strchr|strchr|printline|free,data:1|wsaData:0|wsaDataInit:0|recvResult:0|service:0|replace:1|connectSocket:0|dataLen:0,671,139
BIN_9428082,41955,CWE-563,159,CWE-563,2,5,0,0,0,,,True,printintline,,38,11
BIN_9431716,49089,CWE-761,150,CWE-761,1,14,0,1,2,,,False,malloc|exit|wcslen|fgetws|wcslen|printline|staticreturnstrue|printline|free,data:1|dataLen:0,336,92
BIN_9440151,46092,CWE-665,52,CWE-665,2,11,1,4,4,,,False,memset|strcat|printline,data:1|dataBuffer:0|source:0,89,22
BIN_9442686,36182,CWE-400,193,CWE-400,2,8,0,0,0,,,False,rand|rand|rand|rand|rand|rand|rand|printline,count:0|countCopy:0|count:0,143,45
BIN_9470230,39102,CWE-416,186,CWE-416,1,13,0,0,0,,,True,_znay|_zdapv|printlongline,,136,36
BIN_9481229,36021,CWE-400,193,CWE-400,1,10,0,0,1,,,False,memset|atoi|printline,count:0|wsaData:0|wsaDataInit:0|recvResult:0|service:0|listenSocket:0|acceptSocket:0|inputBuffer:0,584,120
BIN_9515978,41183,CWE-475,18,CWE-475,2,13,0,0,0,,,False,memcpy|printline,dataBuffer:0|data:1,234,42
BIN_9516649,46392,CWE-672,8,CWE-672,1,16,1,1,1,,,True,.text$_znst7__cxx114listiisaiieec1ev|_znst7__cxx114listiisaiieec1ev|.text$_znst7__cxx114listiisaiiee9push_backeoi|_znst7__cxx114listiisaiiee9push_backeoi|.text$_znst7__cxx114listiisaiiee9push_backeoi|_znst7__cxx114listiisaiiee9push_backeoi|.text$_znst14_list_iteratoriiec1ev|_znst14_list_iteratoriiec1ev|_zstlsist11char_traitsiceerst13basic_ostreamict_es5_pkc|.text$_znst7__cxx114listiisaiiee5beginev|_znst7__cxx114listiisaiiee5beginev|.text$_znkst14_list_iteratoriiedeev|_znkst14_list_iteratoriiedeev|.text$_znst7__cxx114listiisaiiee5clearev|_znst7__cxx114listiisaiiee5clearev|_zstlsist11char_traitsiceerst13basic_ostreamict_es5_pkc|.text$_znkst14_list_iteratoriiedeev|_znkst14_list_iteratoriiedeev|_znsolsei|.text$_znst14_list_iteratoriieppei|_znst14_list_iteratoriieppei|.text$_znst7__cxx114listiisaiiee3endev|_znst7__cxx114listiisaiiee3endev|.text$_zstnerkst14_list_iteratoriies2_|_zstnerkst14_list_iteratoriies2_|_znsolsepfrsos_e|.text$_znst7__cxx114listiisaiieed1ev|_znst7__cxx114listiisaiieed1ev|.text$_znst7__cxx114listiisaiieed1ev|_znst7__cxx114listiisaiieed1ev|_unwind_resume,,364,94
BIN_9516766,35292,CWE-397,10,CWE-397,1,5,2,2,2,,,True,__cxa_allocate_exception|.text$_znst9exceptionc1ev|_znst9exceptionc1ev|__cxa_throw,,61,16
BIN_9537982,35705,CWE-400,193,CWE-400,1,12,0,0,1,,,True,fgets|atoi|printline|fopen|exit|fwrite|exit|fclose,count:0|myUnion:0|inputBuffer:0|count:0|i:0|pFile:1|filename:1,285,69
BIN_9540869,10979,CWE-123,43,CWE-123,1,8,1,1,1,,,False,memset,data:0|head:0|wsaData:0|wsaDataInit:0|recvResult:0|service:0|listenSocket:0|acceptSocket:0,609,118
BIN_9547372,47246,CWE-688,5,CWE-688,1,13,0,1,1,,,False,staticreturnstrue|sprintf|printline,dest:0|intFive:0,74,20
BIN_9553892,35448,CWE-398,84,CWE-398,1,11,1,1,1,,,False,printintline|printintline,intOne:0,56,18
BIN_9560154,38928,CWE-416,186,CWE-416,1,11,0,0,0,,,False,malloc|exit|free|printintline,data:1|i:0,148,38
BIN_9562037,46196,CWE-665,52,CWE-665,1,13,0,0,1,,,False,wmemset|wcscat|printwline,data:1|dataBuffer:0|dataCopy:1|data:1|source:0,128,26
BIN_9566186,35328,CWE-398,84,CWE-398,1,13,1,1,1,,,False,printline,,30,10
BIN_9572358,32181,CWE-367,18,CWE-367,1,12,0,1,1,,,False,fgets|printline|strlen|exit|exit|exit,filename:0|fileDesc:0,363,81
BIN_9573980,46147,CWE-665,52,CWE-665,1,11,0,0,0,,,False,memset|strlen|strncat|printline,data:1|dataBuffer:0|dataCopy:1|data:1|sourceLen:0|source:0,155,32
BIN_9582955,42073,CWE-563,159,CWE-563,2,7,0,5,5,,,False,,data:0,29,9
BIN_9586372,41433,CWE-476,98,CWE-476,1,8,0,0,0,,,False,badsink,data:1,35,11
BIN_9598174,41075,CWE-467,20,CWE-467,1,12,1,2,4,,,False,malloc|exit|printintline|free,badInt:1,90,25
BIN_9602110,46142,CWE-665,52,CWE-665,1,14,0,1,1,,,False,memset|strlen|strncat|printline,data:1|dataBuffer:0|sourceLen:0|source:0,128,29
BIN_9608802,39879,CWE-427,131,CWE-427,1,13,0,2,2,,,False,wcslen|wcsncat,data:1|dataBuffer:0|dataLen:0|environment:1,223,50
BIN_9609762,41427,CWE-476,98,CWE-476,1,10,0,0,0,,,False,badsink,data:1,45,12
BIN_9627748,7873,CWE-135,24,CWE-135,2,11,0,0,0,,,False,malloc|exit|wmemset|strlen|calloc|exit|wcscpy|printline|free,data:1|dataBadBuffer:1|dataLen:0|dest:1,224,57
BIN_9648746,38918,CWE-416,186,CWE-416,1,11,0,0,0,,,True,_zn45cwe416_use_after_free__malloc_free_int64_t_43l9badsourceerpx|printlonglongline,,50,15
BIN_9649649,435,CWE-135,24,CWE-135,1,10,0,0,0,,,False,,data:1|funcPtr:1,58,16
BIN_9654084,38882,CWE-416,186,CWE-416,1,11,0,1,1,,,False,malloc|exit|memset|free|printline,data:1,132,35
BIN_9670819,35838,CWE-400,193,CWE-400,2,13,0,0,0,,,False,fscanf|fopen|exit|fwrite|exit|fclose,count:0|i:0|pFile:1|filename:1,254,61
BIN_9696742,48810,CWE-761,150,CWE-761,1,13,0,0,0,,,False,malloc|exit|strlen|fgets|strlen|printline|printline|free,j:0|data:1|dataLen:0,320,90
BIN_9698941,37869,CWE-404,10,CWE-404,1,11,1,1,1,,,False,fclose,data:0,74,21
BIN_9720555,35779,CWE-400,193,CWE-400,1,8,1,2,2,,,False,fscanf|printline,count:0|i:0,111,29
BIN_9735301,42056,CWE-563,159,CWE-563,1,7,0,0,0,,,False,,j:0|data:0,42,14
BIN_9736034,46311,CWE-666,34,CWE-666,1,16,0,0,2,,,False,strlen|memset|strchr|strchr|printline,data:0|wsaData:0|wsaDataInit:0|recvResult:0|service:0|replace:1|listenSocket:0|acceptSocket:0|dataLen:0,757,150
BIN_9739985,41658,CWE-483,9,CWE-483,2,8,0,0,0,,,False,rand|printline|printline,x:0|y:0,124,36
BIN_9785969,45980,CWE-617,93,CWE-617,1,13,1,2,2,,,False,memset|atoi,data:0|wsaData:0|wsaDataInit:0|recvResult:0|service:0|listenSocket:0|acceptSocket:0|inputBuffer:0,572,116
BIN_9798849,53010,CWE-775,26,CWE-775,1,6,0,0,0,,,True,fopen|badsink,data:1,65,16
BIN_9811625,42080,CWE-563,159,CWE-563,2,8,5,5,5,,,False,,data:0,29,9
BIN_9820578,35925,CWE-400,193,CWE-400,1,13,0,0,2,,,False,memset|atoi|printline,count:0|wsaData:0|wsaDataInit:0|recvResult:0|service:0|listenSocket:0|acceptSocket:0|inputBuffer:0|i:0,616,124
BIN_9837468,41971,CWE-563,159,CWE-563,1,8,2,2,2,,,False,,data:0,20,9
BIN_9871463,46790,CWE-680,142,CWE-680,1,9,0,0,1,,,False,staticreturnstrue|memset|atoi|malloc|exit|printintline|free,data:0|wsaData:0|wsaDataInit:0|recvResult:0|service:0|listenSocket:0|acceptSocket:0|inputBuffer:0|i:0|intPointer:1,690,139
BIN_9871720,52943,CWE-773,20,CWE-773,1,11,1,1,1,,,False,,data:0,121,32
BIN_9875650,42325,CWE-563,159,CWE-563,2,8,1,1,1,,,False,printlonglongline,data:0,43,12
BIN_9877479,42362,CWE-563,159,CWE-563,1,12,1,1,1,,,False,printintline,data:0,65,20
BIN_9882718,38952,CWE-416,186,CWE-416,1,8,1,1,1,,,False,malloc|exit|free|printlongline,data:1|i:0,152,40
BIN_9884603,48755,CWE-761,150,CWE-761,2,10,0,0,0,,,False,malloc|exit|strlen|memset|strchr|strchr|printline|free,data:1|wsaData:0|wsaDataInit:0|recvResult:0|service:0|replace:1|connectSocket:0|dataLen:0,683,142
BIN_9887340,39253,CWE-416,186,CWE-416,3,10,0,0,0,,,True,_znwy|_zdlpvy|printlongline,,82,23
BIN_9896843,45302,CWE-606,118,CWE-606,1,13,1,1,1,,,False,strlen|memset|strchr|strchr|sscanf|printintline,data:1|dataBuffer:0|wsaData:0|wsaDataInit:0|recvResult:0|service:0|replace:1|connectSocket:0|dataLen:0|i:0|n:0|intVariable:0,839,154
BIN_9902339,41601,CWE-480,9,CWE-480,2,9,4,5,5,,,False,,,7,5
BIN_9902450,46977,CWE-680,142,CWE-680,1,10,2,2,2,,,True,_znay|printintline|_zdapv,,141,38
BIN_9903000,49009,CWE-761,150,CWE-761,1,9,0,0,0,,,True,malloc|exit|strlen|memset|strchr|strchr|printline|free,data:1|myUnion:0|wsaData:0|wsaDataInit:0|recvResult:0|service:0|replace:1|listenSocket:0|acceptSocket:0|dataLen:0|data:1,813,165
BIN_9918364,41812,CWE-511,27,CWE-511,1,11,0,0,0,,,False,_time64|srand|rand,,76,22
BIN_9923796,35486,CWE-398,84,CWE-398,1,8,1,1,1,,,False,printline,,31,11
BIN_9933907,35173,CWE-390,34,CWE-390,1,12,1,1,1,,,False,sqrt|printdoubleline,doubleNumber:0,92,24
BIN_9934464,36036,CWE-400,193,CWE-400,2,12,0,0,0,,,False,memset|atoi|badsink,count:0|wsaData:0|wsaDataInit:0|recvResult:0|service:0|listenSocket:0|acceptSocket:0|inputBuffer:0,553,111
BIN_9948771,32117,CWE-364,7,CWE-364,1,11,0,0,1,,,True,staticreturnstrue|signal|free|malloc|exit|signal|free,gStructSigAtomic:1,202,43
BIN_9965993,37895,CWE-404,10,CWE-404,1,7,0,0,0,,,False,,data:0|funcPtr:1,77,21
BIN_9967701,35843,CWE-400,193,CWE-400,1,13,0,2,2,,,False,fscanf|fopen|exit|fwrite|exit|fclose,count:0|i:0|pFile:1|filename:1,224,55
BIN_9980384,45547,CWE-606,118,CWE-606,1,10,0,2,2,,,False,wcslen|memset|wcschr|wcschr|swscanf|printintline,data:1|dataBuffer:0|wsaData:0|wsaDataInit:0|recvResult:0|service:0|replace:1|connectSocket:0|dataLen:0|i:0|n:0|intVariable:0,961,163
BIN_1008780,46640,CWE-680,142,CWE-680,1,6,1,1,1,,,False,fgets|atoi|printline|malloc|exit|printintline|free,data:0|inputBuffer:0|i:0|intPointer:1,226,58
BIN_1012870,46401,CWE-672,8,CWE-672,1,11,0,0,0,,,True,.text$_znst7__cxx114listiisaiieec1ev|_znst7__cxx114listiisaiieec1ev|.text$_znst7__cxx114listiisaiieec1erks2_|_znst7__cxx114listiisaiieec1erks2_|.text$_znst7__cxx114listiisaiiee9push_backeoi|_znst7__cxx114listiisaiiee9push_backeoi|.text$_znst7__cxx114listiisaiiee9push_backeoi|_znst7__cxx114listiisaiiee9push_backeoi|.text$_znst7__cxx114listiisaiieeaserks2_|_znst7__cxx114listiisaiieeaserks2_|.text$_znst7__cxx114listiisaiieed1ev|_znst7__cxx114listiisaiieed1ev|.text$_znst7__cxx114listiisaiieec1erks2_|_znst7__cxx114listiisaiieec1erks2_|.text$_znst14_list_iteratoriiec1ev|_znst14_list_iteratoriiec1ev|_zstlsist11char_traitsiceerst13basic_ostreamict_es5_pkc|.text$_znst7__cxx114listiisaiiee5beginev|_znst7__cxx114listiisaiiee5beginev|.text$_znkst14_list_iteratoriiedeev|_znkst14_list_iteratoriiedeev|.text$_znst7__cxx114listiisaiiee5clearev|_znst7__cxx114listiisaiiee5clearev|_zstlsist11char_traitsiceerst13basic_ostreamict_es5_pkc|.text$_znkst14_list_iteratoriiedeev|_znkst14_list_iteratoriiedeev|_znsolsei|.text$_znst14_list_iteratoriieppei|_znst14_list_iteratoriieppei|.text$_znst7__cxx114listiisaiiee3endev|_znst7__cxx114listiisaiiee3endev|.text$_zstnerkst14_list_iteratoriies2_|_zstnerkst14_list_iteratoriies2_|_znsolsepfrsos_e|.text$_znst7__cxx114listiisaiieed1ev|_znst7__cxx114listiisaiieed1ev|.text$_znst7__cxx114listiisaiieed1ev|_znst7__cxx114listiisaiieed1ev|.text$_znst7__cxx114listiisaiieed1ev|_znst7__cxx114listiisaiieed1ev|.text$_znst7__cxx114listiisaiieed1ev|_znst7__cxx114listiisaiieed1ev|.text$_znst7__cxx114listiisaiieed1ev|_znst7__cxx114listiisaiieed1ev|_unwind_resume,,481,118
BIN_1014223,41655,CWE-483,9,CWE-483,1,11,0,0,0,,,False,globalreturnstrue|rand|printline|printline,x:0|y:0,119,35
BIN_1034739,39115,CWE-416,186,CWE-416,2,17,2,2,2,,,True,_znay|_zdapv|printlongline,,118,32
BIN_1038093,35566,CWE-400,193,CWE-400,1,7,0,0,0,,,True,memset|atoi|badsink,count:0|wsaData:0|wsaDataInit:0|recvResult:0|service:0|connectSocket:0|inputBuffer:0,432,87
BIN_1041300,39725,CWE-427,131,CWE-427,3,7,0,0,0,,,False,strlen|memset|strchr|strchr,data:1|dataBuffer:0|wsaData:0|wsaDataInit:0|recvResult:0|service:0|replace:1|listenSocket:0|acceptSocket:0|dataLen:0,1074,178
BIN_1043902,39158,CWE-416,186,CWE-416,2,9,0,0,0,,,True,_znay|wmemset|_zdapv|printwline,,145,38
BIN_1043999,39100,CWE-416,186,CWE-416,3,14,1,1,1,,,True,_znay|_zdapv|printlongline,,116,30
BIN_1057461,48848,CWE-761,150,CWE-761,1,9,0,0,0,,,False,malloc|exit|strlen|getenv|strncat|printline|free,data:1|dataLen:0|environment:1,200,55
BIN_1058624,46314,CWE-666,34,CWE-666,2,16,0,0,0,,,False,strlen|memset|strchr|strchr|printline,data:0|wsaData:0|wsaDataInit:0|recvResult:0|service:0|replace:1|listenSocket:0|acceptSocket:0|dataLen:0,759,150
BIN_1061651,35251,CWE-396,25,CWE-396,2,11,1,1,1,,,True,rand|__cxa_allocate_exception|_znst12out_of_rangec1epkc|__cxa_throw|rand|__cxa_allocate_exception|_znst12domain_errorc1epkc|__cxa_throw|printline|__cxa_free_exception|__cxa_free_exception|__cxa_begin_catch|printline|__cxa_end_catch|__cxa_end_catch|_unwind_resume,,274,76
BIN_1075454,42302,CWE-563,159,CWE-563,2,8,0,0,0,,,False,printhexcharline,data:0,54,18
BIN_1078222,42299,CWE-563,159,CWE-563,1,8,2,2,2,,,False,printhexcharline,data:0,34,12
BIN_1081392,47174,CWE-681,19,CWE-681,2,11,0,0,1,,,False,staticreturnstrue|fgets|atof|printline|printfloatline,inputBuffer:0|doubleNumber:0,155,37
BIN_1093551,39626,CWE-427,131,CWE-427,1,6,1,2,2,,,False,strlen|getenv|strncat,data:1|dataBuffer:0|dataLen:0|environment:1,433,66
BIN_1108965,47094,CWE-680,142,CWE-680,1,10,1,1,1,,,True,memset|atoi|_znay|printintline|_zdapv,,720,146
BIN_1114212,41112,CWE-468,13,CWE-468,1,15,0,0,0,,,False,printintline,j:0|intArray:0|charPointer:1|toPrint:0,105,28
BIN_1118190,41828,CWE-511,27,CWE-511,1,11,0,0,0,,,False,_time64,currentTime:0,69,20
BIN_1119769,46619,CWE-680,142,CWE-680,1,5,0,0,0,,,True,memset|atoi|badsink,data:0|wsaData:0|wsaDataInit:0|recvResult:0|service:0|connectSocket:0|inputBuffer:0,432,87
BIN_1136148,35975,CWE-400,193,CWE-400,1,5,0,0,0,,,False,memset|atoi|fopen|exit|fwrite|exit|fclose,count:0|wsaData:0|wsaDataInit:0|recvResult:0|service:0|listenSocket:0|acceptSocket:0|inputBuffer:0|i:0|pFile:1|filename:1,758,149
BIN_1142167,47136,CWE-680,142,CWE-680,1,12,2,2,2,,,True,rand|rand|rand|rand|rand|rand|rand|_znay|printintline|_zdapv,,215,64
BIN_1149573,45752,CWE-606,118,CWE-606,1,9,0,0,0,,,False,wcslen|memset|wcschr|wcschr,data:1|funcPtr:1|dataBuffer:0|wsaData:0|wsaDataInit:0|recvResult:0|service:0|replace:1|listenSocket:0|acceptSocket:0|dataLen:0,1007,171
BIN_1160035,39977,CWE-427,131,CWE-427,1,13,0,0,0,,,False,wcslen|memset|wcschr|wcschr,i:0|data:1|dataBuffer:0|wsaData:0|wsaDataInit:0|recvResult:0|service:0|replace:1|listenSocket:0|acceptSocket:0|dataLen:0,816,163
BIN_1174436,35598,CWE-400,193,CWE-400,1,12,1,1,1,,,False,memset|atoi|printline,count:0|wsaData:0|wsaDataInit:0|recvResult:0|service:0|connectSocket:0|inputBuffer:0,479,99
BIN_1179308,39301,CWE-416,186,CWE-416,1,14,4,4,4,,,True,_znwy|_zdlpvy|printwcharline,,85,24
BIN_1180157,10881,CWE-123,43,CWE-123,1,13,1,2,2,,,False,memset,data:0|head:0|wsaData:0|wsaDataInit:0|recvResult:0|service:0|connectSocket:0,498,95
BIN_1182651,45415,CWE-606,118,CWE-606,3,7,0,0,0,,,True,_zn52cwe606_unchecked_loop_condition__char_environment_43l9badsourceerpc|sscanf|printintline,,228,46
BIN_1182987,46245,CWE-665,52,CWE-665,2,8,0,0,0,,,False,wmemset|wcslen|wcsncat|printwline,data:1|dataPtr1:1|dataPtr2:1|dataBuffer:0|data:1|data:1|sourceLen:0|source:0,208,41
BIN_1187030,42111,CWE-563,159,CWE-563,2,12,1,1,1,,,False,,data:0,22,9
BIN_1198384,42392,CWE-563,159,CWE-563,1,11,1,1,1,,,False,printlongline,data:0,67,20
BIN_1224408,46603,CWE-680,142,CWE-680,2,14,0,0,0,,,False,memset|atoi|malloc|exit|printintline|free,data:0|wsaData:0|wsaDataInit:0|recvResult:0|service:0|connectSocket:0|inputBuffer:0|i:0|intPointer:1,580,117
BIN_1224620,48994,CWE-761,150,CWE-761,1,11,1,1,1,,,False,malloc|exit|strlen|memset|strchr|strchr|printline|free,data:1|wsaData:0|wsaDataInit:0|recvResult:0|service:0|replace:1|listenSocket:0|acceptSocket:0|dataLen:0,798,165
BIN_1227205,45991,CWE-617,93,CWE-617,1,8,0,0,0,,,True,_zn44cwe617_reachable_assertion__listen_socket_43l9badsourceeri,,74,20
BIN_1239816,45824,CWE-617,93,CWE-617,1,9,0,0,1,,,False,fgets|atoi|printline,data:0|inputBuffer:0,159,40
BIN_1245531,35050,CWE-377,54,CWE-377,1,15,0,0,0,,,False,exit|printwline|printline,filename:1|tmpl:0|fileDesc:0,181,44
BIN_1262908,45791,CWE-617,93,CWE-617,1,12,0,0,0,,,False,badsource,data:0,83,21
BIN_1275683,7874,CWE-135,24,CWE-135,3,12,0,1,1,,,False,malloc|exit|wmemset|strlen|calloc|exit|wcscpy|printline|free,data:1|dataBadBuffer:1|dataLen:0|dest:1,198,51
BIN_1279926,49194,CWE-761,150,CWE-761,1,12,0,0,0,,,False,malloc|exit|wcslen|fopen|fgetws|printline|fclose|printline|free,j:0|data:1|dataLen:0|pFile:1,300,80
BIN_1280594,39352,CWE-426,45,CWE-426,1,15,0,1,1,,,False,,data:1|dataBuffer:0|pipe:1,214,40
BIN_1280987,41792,CWE-511,27,CWE-511,1,10,0,0,0,,,False,,count:0,67,19
BIN_1286094,35485,CWE-398,84,CWE-398,1,9,1,1,1,,,False,printline,,44,14
BIN_1297018,38976,CWE-416,186,CWE-416,1,13,0,0,1,,,False,globalreturnstrue|malloc|exit|free|globalreturnstrue|printstructline,data:1|i:0,169,42
BIN_1306446,46191,CWE-665,52,CWE-665,1,13,0,2,2,,,False,wmemset|wcscat|printwline,data:1|dataBuffer:0|source:0,101,23
BIN_1318032,49007,CWE-761,150,CWE-761,1,11,0,0,0,,,False,malloc|exit|strlen|memset|strchr|strchr|printline|free,data:1|dataPtr1:1|dataPtr2:1|data:1|wsaData:0|wsaDataInit:0|recvResult:0|service:0|replace:1|listenSocket:0|acceptSocket:0|dataLen:0|data:1,866,175
BIN_1343172,31022,CWE-242,8,CWE-242,1,10,0,1,2,,,False,globalreturnstrue|gets|printline|exit|printline,dest:0|result:1,88,25
BIN_1345675,39455,CWE-426,45,CWE-426,3,7,0,0,0,,,True,wcscpy,,334,55
BIN_1346053,39279,CWE-416,186,CWE-416,1,10,1,1,1,,,True,_znwy|_zdlpvy|printstructline,,92,24
BIN_1359772,46077,CWE-617,93,CWE-617,1,5,0,0,0,,,False,,j:0,62,18
BIN_1362201,42524,CWE-588,22,CWE-588,1,10,1,1,1,,,True,printintline,,71,20
BIN_1369517,39461,CWE-426,45,CWE-426,1,5,0,0,0,,,True,wcscpy|badsink,data:1|dataBuffer:0,297,41
BIN_1385906,41617,CWE-481,8,CWE-481,1,10,0,0,1,,,False,globalreturnstrue|rand|printline,intRand:0,54,16
BIN_1401778,46577,CWE-676,9,CWE-676,2,8,0,0,0,,,True,.text$_zstrsicst11char_traitsiceerst13basic_istreamit_t0_es6_ps3_|_zstrsicst11char_traitsiceerst13basic_istreamit_t0_es6_ps3_|printline,,60,18
BIN_1429221,41633,CWE-482,8,CWE-482,1,10,1,1,1,,,False,printintline|printintline,intBadSink:0,55,18
BIN_1430751,10891,CWE-123,43,CWE-123,1,7,0,0,0,,,False,badsource,data:0|head:0,168,41
BIN_1433961,42357,CWE-563,159,CWE-563,1,10,0,1,1,,,False,printintline,data:0,59,18
BIN_1435223,36083,CWE-400,193,CWE-400,1,12,0,0,0,,,False,rand|rand|rand|rand|rand|rand|rand|printline,count:0|i:0,154,48
BIN_1442792,46609,CWE-680,142,CWE-680,2,10,0,0,0,,,False,badsource|malloc|exit|printintline|free,data:0|i:0|intPointer:1,159,42
BIN_1448086,35408,CWE-398,84,CWE-398,1,16,1,1,1,,,False,rand|printline|printline,x:0,109,34
BIN_1455949,41852,CWE-526,9,CWE-526,1,9,0,0,0,,,False,getenv|printline,,52,16
BIN_1463953,39028,CWE-416,186,CWE-416,1,13,0,0,0,,,True,_zn47cwe416_use_after_free__new_delete_array_char_439badsourceerpc|printline,,47,14
BIN_1466363,39695,CWE-427,131,CWE-427,1,6,0,0,0,,,True,strlen|fopen|fgets|printline|fclose,,561,94
BIN_1474416,18961,CWE-188,21,CWE-188,1,6,0,0,0,,,False,printintline|printintline,structCharInt:0|charPtr:1,74,23
BIN_1480851,41409,CWE-476,98,CWE-476,1,6,2,2,2,,,False,printlongline,data:1,36,12
BIN_1486233,39254,CWE-416,186,CWE-416,2,9,0,0,0,,,True,_znwy|_zdlpvy|printlongline,,82,23
BIN_1487310,48859,CWE-761,150,CWE-761,3,10,1,1,1,,,False,malloc|exit|strlen|getenv|strncat|printline|free,data:1|dataLen:0|environment:1,190,53
BIN_1488166,42229,CWE-563,159,CWE-563,1,10,1,1,1,,,False,,data:0,8,6
BIN_1501184,35257,CWE-396,25,CWE-396,1,12,0,0,0,,,True,rand|__cxa_allocate_exception|_znst12out_of_rangec1epkc|__cxa_throw|rand|__cxa_allocate_exception|_znst12domain_errorc1epkc|__cxa_throw|printline|__cxa_free_exception|__cxa_free_exception|_unwind_resume|__cxa_begin_catch|printline|__cxa_end_catch|__cxa_end_catch|_unwind_resume,,305,86
BIN_1507965,41946,CWE-546,35,CWE-546,1,11,0,0,0,,,False,printline,j:0,50,16
BIN_1512908,41738,CWE-510,17,CWE-510,1,13,0,1,1,,,False,memset|strcmp|printline,wsaData:0|wsaDataInit:0|service:0|acceptService:0|acceptServiceLen:0|listenSocket:0|acceptSocket:0,637,133
BIN_1517215,35982,CWE-400,193,CWE-400,1,5,1,1,1,,,False,memset|atoi|fopen|exit|fwrite|exit|fclose,count:0|wsaData:0|wsaDataInit:0|recvResult:0|service:0|listenSocket:0|acceptSocket:0|inputBuffer:0|i:0|pFile:1|filename:1,766,151
BIN_1534787,46287,CWE-666,34,CWE-666,2,14,1,1,1,,,False,strlen|memset|strchr|strchr|printline,data:0|wsaData:0|wsaDataInit:0|recvResult:0|service:0|replace:1|listenSocket:0|acceptSocket:0|dataLen:0,745,148
BIN_1556927,35156,CWE-390,34,CWE-390,2,17,0,0,1,,,False,globalreturnstrue|fopen|fclose,fileDesc:1,70,19
BIN_1570678,35495,CWE-400,193,CWE-400,1,13,0,1,1,,,False,memset|atoi|printline,count:0|wsaData:0|wsaDataInit:0|recvResult:0|service:0|connectSocket:0|inputBuffer:0|i:0,503,101
BIN_1574217,41949,CWE-561,1,CWE-561,1,1,0,0,0,,,False,printline,,30,10
BIN_1575623,39837,CWE-427,131,CWE-427,2,9,0,0,1,,,False,wcslen|fgetws|wcslen|printline,data:1|dataBuffer:0|dataLen:0|dataCopy:1|data:1,396,87
BIN_1579890,46452,CWE-675,31,CWE-675,1,8,0,0,1,,,True,fopen|fclose|fclose,data:1|myUnion:0|data:1,89,23
BIN_1589064,46315,CWE-666,34,CWE-666,3,15,0,1,1,,,False,staticreturnstrue|strlen|memset|strchr|strchr|printline,data:0|wsaData:0|wsaDataInit:0|recvResult:0|service:0|replace:1|listenSocket:0|acceptSocket:0|dataLen:0,757,150
BIN_1599598,41060,CWE-467,20,CWE-467,1,15,0,1,1,,,False,malloc|exit|printintline|free,badInt:1,89,24
BIN_1612094,46493,CWE-675,31,CWE-675,1,16,0,0,0,,,False,freopen|fclose|fclose,i:0|j:0|data:1,132,35
BIN_1612659,42367,CWE-563,159,CWE-563,1,11,1,1,1,,,False,printintline,data:0,41,14
BIN_1615317,49193,CWE-761,150,CWE-761,2,13,0,0,0,,,False,malloc|exit|wcslen|fopen|fgetws|printline|fclose|printline|free,data:1|dataLen:0|pFile:1,287,76
BIN_1618147,39578,CWE-427,131,CWE-427,1,8,1,2,2,,,False,strlen|fgets|strlen|printline,data:1|dataBuffer:0|dataLen:0,569,99
BIN_1623303,48961,CWE-761,150,CWE-761,1,9,0,0,1,,,True,malloc|exit|printline|free,data:1|myUnion:0|data:1,158,42
BIN_1633121,47099,CWE-680,142,CWE-680,2,6,0,0,0,,,True,memset|atoi|_zn64cwe680_integer_overflow_to_buffer_overflow__new_listen_socket_45l7badsinkev,,562,116
BIN_1644366,52888,CWE-773,20,CWE-773,1,9,1,1,1,,,False,fopen|fopen|fclose,data:1,94,23
BIN_1669116,41977,CWE-563,159,CWE-563,1,9,0,0,0,,,True,_zn52cwe563_unused_variable__unused_init_variable_char_43l9badsourceerc,,27,10
BIN_1673812,39039,CWE-416,186,CWE-416,1,11,1,1,1,,,True,_zl17staticreturnstruev|_znay|_zdapv|_zl17staticreturnstruev|printintline,,170,45
BIN_1682590,35304,CWE-397,10,CWE-397,1,7,0,0,0,,,True,__cxa_allocate_exception|.text$_znst9exceptionc1ev|_znst9exceptionc1ev|__cxa_throw,,82,24
BIN_1683647,52938,CWE-773,20,CWE-773,1,11,0,1,1,,,False,,data:0,118,31
BIN_1690720,49192,CWE-761,150,CWE-761,1,13,0,0,0,,,False,malloc|exit|wcslen|fopen|fgetws|printline|fclose|printline|free,data:1|dataLen:0|pFile:1,287,76
BIN_1718372,37890,CWE-404,10,CWE-404,1,11,0,0,0,,,True,fclose,,91,26
BIN_1720078,35739,CWE-400,193,CWE-400,1,13,0,0,0,,,False,fgets|atoi|printline|printline,count:0|inputBuffer:0,167,44
BIN_1724077,35424,CWE-398,84,CWE-398,1,14,0,0,0,,,False,printline,i:0,63,20
BIN_1724516,42082,CWE-563,159,CWE-563,3,7,1,1,1,,,False,,data:0,30,10
BIN_1727612,39683,CWE-427,131,CWE-427,1,8,0,0,1,,,False,globalreturnstrue|strlen|fopen|fgets|printline|fclose,data:1|dataBuffer:0|dataLen:0|pFile:1,538,90
BIN_1734621,39588,CWE-427,131,CWE-427,1,14,0,0,0,,,False,globalreturnstrueorfalse|strlen|fgets|strlen|printline|strlen,data:1|dataBuffer:0|dataLen:0,661,115
BIN_1737146,41063,CWE-467,20,CWE-467,1,13,0,0,1,,,False,malloc|exit|printintline|free,badInt:1,98,27
BIN_1744005,42307,CWE-563,159,CWE-563,2,8,0,1,2,,,False,globalreturnstrue|globalreturnstrue|printhexcharline,data:0,52,18
BIN_1753897,41941,CWE-546,35,CWE-546,1,16,0,0,0,,,False,globalreturnstrueorfalse|printline|printline,,56,17
BIN_1754061,46499,CWE-675,31,CWE-675,1,11,0,0,0,,,True,freopen|fclose|fclose,,112,29
BIN_1768698,49003,CWE-761,150,CWE-761,1,13,2,2,2,,,False,malloc|exit|strlen|memset|strchr|strchr|printline|free,data:1|wsaData:0|wsaDataInit:0|recvResult:0|service:0|replace:1|listenSocket:0|acceptSocket:0|dataLen:0,786,162
BIN_1774834,35888,CWE-400,193,CWE-400,1,14,1,1,1,,,False,fscanf|printline,count:0,92,26
BIN_1778651,42335,CWE-563,159,CWE-563,1,10,0,0,1,,,False,globalreturnstrue|globalreturnstrue|printlonglongline,data:0,61,18
BIN_1780731,35827,CWE-400,193,CWE-400,1,7,1,1,1,,,False,fscanf|fopen|exit|fwrite|exit|fclose,count:0|i:0|pFile:1|filename:1,222,53
BIN_1792662,35153,CWE-390,34,CWE-390,1,17,0,0,1,,,False,staticreturnstrue|fopen|fclose,fileDesc:1,70,19
BIN_1796791,35880,CWE-400,193,CWE-400,1,11,0,0,0,,,False,fscanf|printline,count:0,112,30
BIN_1806282,7883,CWE-135,24,CWE-135,1,9,0,0,1,,,True,malloc|exit|wmemset|strlen|calloc|exit|wcscpy|printline|free,data:1|myUnion:0|dataBadBuffer:1|data:1|dataLen:0|dest:1,212,53
BIN_1813483,35829,CWE-400,193,CWE-400,1,9,0,0,2,,,False,fscanf|fopen|exit|fwrite|exit|fclose,count:0|i:0|pFile:1|filename:1,244,59
BIN_1822481,45437,CWE-606,118,CWE-606,2,9,0,1,1,,,False,strlen|fopen|fgets|printline|fclose|sscanf|printintline,data:1|dataBuffer:0|dataLen:0|pFile:1|i:0|n:0|intVariable:0,372,81
BIN_1826512,39266,CWE-416,186,CWE-416,1,8,1,1,1,,,True,_znwy|_zdlpvy|printlongline,,84,25
BIN_1830020,35136,CWE-390,34,CWE-390,1,16,1,1,1,,,False,printwline|fgetws|printwline,dataBuffer:0|data:1,343,53
BIN_1836898,35692,CWE-400,193,CWE-400,1,15,0,0,1,,,False,globalreturnstrue|fgets|atoi|printline|globalreturnstrue|fopen|exit|fwrite|exit|fclose,count:0|inputBuffer:0|i:0|pFile:1|filename:1,295,71
BIN_1850522,35256,CWE-396,25,CWE-396,2,13,0,0,0,,,True,rand|__cxa_allocate_exception|_znst12out_of_rangec1epkc|__cxa_throw|rand|__cxa_allocate_exception|_znst12domain_errorc1epkc|__cxa_throw|printline|__cxa_free_exception|__cxa_free_exception|_unwind_resume|__cxa_begin_catch|printline|__cxa_end_catch|__cxa_end_catch|_unwind_resume,,305,86
BIN_1854371,40981,CWE-459,10,CWE-459,1,17,0,1,1,,,False,fwrite|fclose,filename:1|tmpl:0|pFile:1,170,40
BIN_1859093,35483,CWE-398,84,CWE-398,1,10,0,0,0,,,False,globalreturnstrueorfalse|printline|printline,,56,17
BIN_1861279,35224,CWE-391,25,CWE-391,1,11,0,0,0,,,False,wcstombs|printunsignedline|printline,bytesTranslated:0|charString:0,96,24
BIN_1863362,46233,CWE-665,52,CWE-665,2,12,3,7,7,,,False,wmemset|wcslen|wcsncat|printwline,data:1|dataBuffer:0|sourceLen:0|source:0,129,28
BIN_1875972,41657,CWE-483,9,CWE-483,1,9,0,0,0,,,False,rand|printline|printline,x:0|y:0,124,36
BIN_1883192,7866,CWE-135,24,CWE-135,1,7,0,0,0,,,False,malloc|exit|wmemset|strlen|calloc|exit|wcscpy|printline|free,data:1|dataBadBuffer:1|dataLen:0|dest:1,218,55
BIN_1892295,35222,CWE-391,25,CWE-391,1,11,0,1,1,,,False,wcstombs|printunsignedline|printline,bytesTranslated:0|charString:0,95,24
BIN_1895841,41127,CWE-468,13,CWE-468,1,12,1,1,1,,,False,printintline,intArray:0|intPointer:1|toPrint:0,127,29
BIN_1920380,46933,CWE-680,142,CWE-680,1,7,0,0,0,,,True,fgets|atoi|printline|_znay|printintline|_zdapv,,240,63
BIN_1945258,49190,CWE-761,150,CWE-761,1,13,1,1,1,,,False,malloc|exit|wcslen|fopen|fgetws|printline|fclose|printline|free,data:1|dataLen:0|pFile:1,296,79
BIN_1953208,35844,CWE-400,193,CWE-400,2,13,0,0,0,,,False,fscanf|badsink,count:0,81,21
BIN_1953879,46907,CWE-680,142,CWE-680,2,9,0,0,0,,,True,memset|atoi|_zn65cwe680_integer_overflow_to_buffer_overflow__new_connect_socket_45l7badsinkev,,442,91
BIN_2009728,39312,CWE-416,186,CWE-416,1,14,0,0,0,,,True,_znwy|_zdlpvy|printwcharline,,124,35
BIN_2011998,35182,CWE-391,25,CWE-391,2,6,0,1,1,,,False,sqrt|printdoubleline,doubleNumber:0,55,15
BIN_2015462,41275,CWE-476,98,CWE-476,1,12,1,1,1,,,True,globalreturnstrue|globalreturnstrue|printintline|_zdlpvy,,86,28
BIN_2018082,52991,CWE-775,26,CWE-775,1,11,3,6,6,,,False,fopen,data:1,49,13
BIN_2030598,46940,CWE-680,142,CWE-680,1,12,0,0,0,,,True,fgets|atoi|printline|_znay|printintline|_zdapv,,243,64
BIN_2033728,46707,CWE-680,142,CWE-680,2,11,0,0,1,,,False,malloc|exit|printintline|free,data:0|dataCopy:0|data:0|i:0|intPointer:1,155,42
BIN_2051022,41201,CWE-475,18,CWE-475,2,7,0,1,1,,,False,wcscpy|memcpy|printwline,dataBuffer:0|data:1,324,49
BIN_2058590,41072,CWE-467,20,CWE-467,2,13,0,0,0,,,False,malloc|exit|printintline|free,badInt:1,103,28
BIN_2064036,10938,CWE-123,43,CWE-123,1,7,0,0,0,,,True,fgets|printline|exit|cwe123_write_what_where_condition__fgets_41_badsink,data:0|head:0,158,42
BIN_2064426,47071,CWE-680,142,CWE-680,1,8,4,4,4,,,True,memset|atoi|_znay|printintline|_zdapv,,696,142
BIN_2071182,39151,CWE-416,186,CWE-416,3,8,0,0,0,,,True,_znay|wmemset|_zdapv|printwline,,132,35
BIN_2072755,39270,CWE-416,186,CWE-416,2,9,0,0,0,,,True,_zn41cwe416_use_after_free__new_delete_long_439badsourceerpl|printlongline,,48,15
BIN_2082096,35802,CWE-400,193,CWE-400,3,5,0,0,0,,,False,fscanf|badsink,count:0,71,20
BIN_2084377,39726,CWE-427,131,CWE-427,4,8,0,0,0,,,False,strlen|memset|strchr|strchr,data:1|dataBuffer:0|wsaData:0|wsaDataInit:0|recvResult:0|service:0|replace:1|listenSocket:0|acceptSocket:0|dataLen:0,1074,178
BIN_2102825,46792,CWE-680,142,CWE-680,1,10,1,1,1,,,False,memset|atoi|malloc|exit|printintline|free,data:0|wsaData:0|wsaDataInit:0|recvResult:0|service:0|listenSocket:0|acceptSocket:0|inputBuffer:0|i:0|intPointer:1,694,140
BIN_2106998,42177,CWE-563,159,CWE-563,1,11,0,0,0,,,True,_zn57cwe563_unused_variable__unused_uninit_variable_int64_t_43l9badsourceerx,,27,10
BIN_2112798,41578,CWE-479,10,CWE-479,1,8,0,0,0,,,False,staticreturnstrue|signal,,44,14
BIN_2117689,49034,CWE-761,150,CWE-761,1,8,1,1,1,,,False,malloc|exit|wcslen|memset|wcschr|wcschr|printline|free,data:1|wsaData:0|wsaDataInit:0|recvResult:0|service:0|replace:1|connectSocket:0|dataLen:0,692,141
BIN_2117860,35972,CWE-400,193,CWE-400,4,4,0,0,0,,,False,memset|atoi|fopen|exit|fwrite|exit|fclose,count:0|wsaData:0|wsaDataInit:0|recvResult:0|service:0|listenSocket:0|acceptSocket:0|inputBuffer:0|i:0|pFile:1|filename:1,730,143
BIN_2127494,42400,CWE-563,159,CWE-563,1,6,0,0,0,,,True,printlongline,,56,17
BIN_2137388,39691,CWE-427,131,CWE-427,2,7,0,0,0,,,False,badsource,data:1|dataBuffer:0,363,52
BIN_2147367,35756,CWE-400,193,CWE-400,1,8,0,0,0,,,True,_zn42cwe400_resource_exhaustion__fgets_sleep_43l9badsourceeri|printline,,63,18
BIN_2150059,31012,CWE-242,8,CWE-242,1,7,0,1,1,,,False,gets|printline|exit|printline,dest:0|result:1,79,22
BIN_2151588,39535,CWE-427,131,CWE-427,1,14,0,0,0,,,False,strlen|memset|strchr|strchr,data:1|dataBuffer:0|wsaData:0|wsaDataInit:0|recvResult:0|service:0|replace:1|connectSocket:0|dataLen:0,960,155
BIN_2156002,41202,CWE-475,18,CWE-475,1,6,1,1,1,,,False,wcscpy|memcpy|printwline,dataBuffer:0|data:1,324,49
BIN_2163656,35004,CWE-377,54,CWE-377,2,11,0,0,0,,,False,tempnam|exit|printline|printline|free,filename:1|fileDesc:0,140,37
BIN_2169651,39653,CWE-427,131,CWE-427,1,6,0,0,0,,,True,strlen|getenv|strncat|badsink,data:1|dataBuffer:0|dataLen:0|environment:1,433,65
BIN_2186653,47186,CWE-681,19,CWE-681,1,17,1,2,2,,,False,fgets|atof|printline|printintline,inputBuffer:0|doubleNumber:0,140,33
BIN_2194210,35130,CWE-390,34,CWE-390,1,16,1,2,2,,,False,printwline|fgetws|printwline,dataBuffer:0|data:1,326,49
BIN_2202461,39130,CWE-416,186,CWE-416,3,9,1,1,1,,,True,globalreturnstrue|_znay|_zdapv|globalreturnstrue|printstructline,,169,44
BIN_2215538,41834,CWE-511,27,CWE-511,1,9,0,0,0,,,False,_time64,currentTime:0,72,21
BIN_2232331,39793,CWE-427,131,CWE-427,1,8,0,0,0,,,True,wcslen|memset|wcschr|wcschr|cwe427_uncontrolled_search_path_element__wchar_t_connect_socket_41_badsink,data:1|dataBuffer:0|wsaData:0|wsaDataInit:0|recvResult:0|service:0|replace:1|connectSocket:0|dataLen:0,662,134
BIN_2238964,41996,CWE-563,159,CWE-563,1,12,3,6,6,,,False,,data:0,23,8
BIN_2250766,41928,CWE-546,35,CWE-546,1,18,0,0,0,,,False,printline,j:0,50,16
BIN_2252503,35157,CWE-390,34,CWE-390,1,17,0,0,0,,,False,globalreturnstrueorfalse|fopen|fclose|fopen|printline|exit|fclose,fileDesc:1|fileDesc:1,150,36
BIN_2252629,46285,CWE-666,34,CWE-666,1,14,1,1,1,,,False,strlen|memset|strchr|strchr|printline,data:0|wsaData:0|wsaDataInit:0|recvResult:0|service:0|replace:1|listenSocket:0|acceptSocket:0|dataLen:0,762,151
BIN_2269330,41717,CWE-510,17,CWE-510,1,8,0,1,1,,,False,memset|strcmp|printline,wsaData:0|wsaDataInit:0|service:0|acceptService:0|acceptServiceLen:0|listenSocket:0|acceptSocket:0|hostname:0|servInfo:0,686,142
BIN_2274749,46037,CWE-617,93,CWE-617,2,6,0,0,0,,,True,rand|rand|rand|rand|rand|rand|rand|cwe617_reachable_assertion__rand_41_badsink,data:0,112,37
BIN_2285379,42536,CWE-588,22,CWE-588,1,8,0,0,0,,,True,printintline,,74,20
BIN_2287595,35040,CWE-377,54,CWE-377,2,14,0,1,1,,,False,exit|printwline|printline,filename:1|tmpl:0|fileDesc:0,163,40
BIN_2321166,47039,CWE-680,142,CWE-680,1,15,0,0,0,,,True,fscanf|_znay|printintline|_zdapv,,192,51
BIN_2324619,46192,CWE-665,52,CWE-665,1,14,0,0,0,,,False,wmemset|wcscat|printwline,i:0|data:1|dataBuffer:0|source:0,128,27
BIN_2325624,41229,CWE-476,98,CWE-476,2,14,0,0,0,,,False,printhexcharline,data:1,62,19
BIN_2327855,45512,CWE-606,118,CWE-606,1,6,0,0,0,,,False,strlen|memset|strchr|strchr,data:1|funcPtr:1|dataBuffer:0|wsaData:0|wsaDataInit:0|recvResult:0|service:0|replace:1|listenSocket:0|acceptSocket:0|dataLen:0,857,156
BIN_2336242,42414,CWE-563,159,CWE-563,1,8,0,1,1,,,False,printstructline,data:0,75,20
BIN_2342915,49141,CWE-761,150,CWE-761,1,12,0,0,0,,,False,malloc|exit|wcslen|wcsncat|globalreturnstrueorfalse|printline|free|printline|wcslen|free,data:1|dataLen:0|environment:1|i:0,301,81
BIN_2349211,45355,CWE-606,118,CWE-606,1,15,0,2,2,,,False,strlen|fgets|strlen|printline|sscanf|printintline,data:1|dataBuffer:0|dataLen:0|i:0|n:0|intVariable:0,404,95
BIN_2350609,35603,CWE-400,193,CWE-400,1,11,0,1,1,,,False,memset|atoi|printline,count:0|wsaData:0|wsaDataInit:0|recvResult:0|service:0|connectSocket:0|inputBuffer:0,449,93
BIN_2374793,35303,CWE-397,10,CWE-397,2,8,0,0,0,,,True,__cxa_allocate_exception|.text$_znst9exceptionc1ev|_znst9exceptionc1ev|__cxa_throw,,82,24
BIN_2409064,39686,CWE-427,131,CWE-427,2,9,0,0,0,,,False,strlen|fopen|fgets|printline|fclose,data:1|dataBuffer:0|dataLen:0|pFile:1,543,91
BIN_2417095,42079,CWE-563,159,CWE-563,1,8,0,1,1,,,False,globalreturnstrue,data:0,34,10
BIN_2436080,45922,CWE-617,93,CWE-617,1,9,0,1,1,,,False,fscanf,data:0,111,29
BIN_2438295,39041,CWE-416,186,CWE-416,1,10,1,1,1,,,True,_znay|_zdapv|printintline,,168,43
BIN_2441502,42499,CWE-587,7,CWE-587,1,9,1,1,1,,,False,printhexcharline,charPointer:1,40,13
BIN_2452961,35450,CWE-398,84,CWE-398,1,12,0,1,1,,,False,printintline|printintline,intOne:0,43,15
BIN_2475733,45556,CWE-606,118,CWE-606,1,8,0,0,0,,,True,wcslen|memset|wcschr|wcschr|swscanf|printintline,data:1|myUnion:0|dataBuffer:0|wsaData:0|wsaDataInit:0|recvResult:0|service:0|replace:1|connectSocket:0|dataLen:0|data:1|i:0|n:0|intVariable:0,987,165
BIN_2480239,49287,CWE-761,150,CWE-761,1,12,1,1,1,,,False,malloc|exit|wcslen|memset|wcschr|wcschr|printline|free,data:1|wsaData:0|wsaDataInit:0|recvResult:0|service:0|replace:1|listenSocket:0|acceptSocket:0|dataLen:0,821,168
BIN_2488741,53033,CWE-775,26,CWE-775,1,7,1,3,3,,,False,,data:0,55,15
BIN_2490374,41341,CWE-476,98,CWE-476,1,13,0,0,0,,,False,printlonglongline,i:0|j:0|data:1,77,23
BIN_2511889,46838,CWE-680,142,CWE-680,1,10,0,1,1,,,False,staticreturnstrue|rand|rand|rand|rand|rand|rand|rand|malloc|exit|printintline|free,data:0|i:0|intPointer:1,225,66
BIN_2519261,47147,CWE-680,142,CWE-680,4,5,0,0,0,,,True,rand|rand|rand|rand|rand|rand|rand|_zn55cwe680_integer_overflow_to_buffer_overflow__new_rand_45l7badsinkev,,116,37
BIN_2526621,41435,CWE-476,98,CWE-476,3,6,0,0,0,,,True,badsink,data:1,39,11
BIN_2540774,47025,CWE-680,142,CWE-680,1,10,3,3,3,,,True,fscanf|_znay|printintline|_zdapv,,173,46
BIN_2543081,39050,CWE-416,186,CWE-416,2,11,0,0,0,,,True,_zn48cwe416_use_after_free__new_delete_array_class_439badsourceerp12twointsclass|printintline,,48,15
BIN_2555324,39648,CWE-427,131,CWE-427,1,8,0,0,1,,,True,strlen|getenv|strncat,data:1|myUnion:0|dataBuffer:0|dataLen:0|environment:1|data:1,461,70
BIN_2556886,49278,CWE-761,150,CWE-761,1,11,0,0,0,,,False,malloc|exit|wcslen|memset|wcschr|wcschr|printline|free,data:1|wsaData:0|wsaDataInit:0|recvResult:0|service:0|replace:1|listenSocket:0|acceptSocket:0|dataLen:0,817,167
BIN_2560196,42571,CWE-588,22,CWE-588,1,13,0,0,0,,,False,printstructline,i:0|data:1|dataGoodBuffer:0|dataBadBuffer:0,75,20
BIN_2562543,46539,CWE-675,31,CWE-675,1,19,1,1,1,,,False,,data:0,85,25
BIN_2567452,42232,CWE-563,159,CWE-563,2,9,0,0,0,,,True,,,32,12
BIN_2572122,46703,CWE-680,142,CWE-680,1,15,0,0,0,,,False,malloc|exit|printintline|free,i:0|data:0|i:0|intPointer:1,162,43
BIN_2579809,7872,CWE-135,24,CWE-135,1,11,0,0,0,,,False,malloc|exit|wmemset|strlen|calloc|exit|wcscpy|printline|free,data:1|dataBadBuffer:1|dataLen:0|dest:1,224,57
BIN_2581082,38925,CWE-416,186,CWE-416,2,10,0,0,0,,,False,malloc|exit|free|printintline,data:1|i:0,144,38
BIN_2606844,42052,CWE-563,159,CWE-563,1,8,2,4,4,,,False,,data:0,22,8
BIN_2608306,49296,CWE-761,150,CWE-761,1,8,0,0,0,,,True,malloc|exit|wcslen|memset|wcschr|wcschr|printline|free,,854,176
BIN_2626886,46583,CWE-676,9,CWE-676,1,9,0,0,0,,,True,globalreturnstrue|.text$_zstrsicst11char_traitsiceerst13basic_istreamit_t0_es6_ps3_|_zstrsicst11char_traitsiceerst13basic_istreamit_t0_es6_ps3_|printline,,64,20
BIN_2651110,45509,CWE-606,118,CWE-606,1,8,0,0,0,,,False,strlen|memset|strchr|strchr|badsink,data:1|dataBuffer:0|wsaData:0|wsaDataInit:0|recvResult:0|service:0|replace:1|listenSocket:0|acceptSocket:0|dataLen:0,839,153
BIN_2653135,45725,CWE-606,118,CWE-606,2,6,0,1,1,,,False,wcslen|memset|wcschr|wcschr|swscanf|printintline,data:1|dataBuffer:0|wsaData:0|wsaDataInit:0|recvResult:0|service:0|replace:1|listenSocket:0|acceptSocket:0|dataLen:0|i:0|n:0|intVariable:0,1074,184
BIN_2659560,49230,CWE-761,150,CWE-761,1,12,0,0,0,,,False,malloc|exit|wcscpy|printline|free,data:1,145,40
BIN_2660702,46038,CWE-617,93,CWE-617,1,5,0,0,0,,,False,badsource,data:0,73,20
BIN_2678194,41210,CWE-476,98,CWE-476,1,10,0,1,1,,,False,printline,twoIntsStructPointer:1,74,23
BIN_2689255,35019,CWE-377,54,CWE-377,1,12,0,0,0,,,False,tempnam|exit|printline|printline|free,filename:1|fileDesc:0,141,38
BIN_2690715,41137,CWE-469,19,CWE-469,3,5,0,0,0,,,False,strchr|exit|printunsignedline,string1:0|string2:0|slashInString1:1|indexOfSlashInString1:0,121,31
BIN_2693491,45966,CWE-617,93,CWE-617,1,6,0,1,1,,,False,memset|atoi,data:0|wsaData:0|wsaDataInit:0|recvResult:0|service:0|listenSocket:0|acceptSocket:0|inputBuffer:0,571,115
BIN_2693649,46488,CWE-675,31,CWE-675,1,14,0,0,0,,,False,globalreturnstrueorfalse|freopen|fclose|fopen|globalreturnstrueorfalse|fclose,data:1,139,36
BIN_2698821,46612,CWE-680,142,CWE-680,1,8,0,0,0,,,False,memset|atoi|malloc|exit|printintline|free,data:0|dataPtr1:1|dataPtr2:1|data:0|wsaData:0|wsaDataInit:0|recvResult:0|service:0|connectSocket:0|inputBuffer:0|data:0|i:0|intPointer:1,635,126
BIN_2711256,10914,CWE-123,43,CWE-123,1,6,1,1,1,,,False,fgets|printline|exit,data:0|head:0,187,45
BIN_2721931,35683,CWE-400,193,CWE-400,1,9,1,1,1,,,False,fgets|atoi|printline|fopen|exit|fwrite|exit|fclose,count:0|inputBuffer:0|i:0|pFile:1|filename:1,273,65
BIN_2742636,38896,CWE-416,186,CWE-416,1,11,0,0,0,,,True,_zn42cwe416_use_after_free__malloc_free_char_43l9badsourceerpc|printline,,47,14
BIN_2759742,46886,CWE-680,142,CWE-680,1,11,1,1,1,,,True,_zl17staticreturnstruev|memset|atoi|_znay|printintline|_zdapv,,594,122
BIN_2764012,47237,CWE-685,8,CWE-685,1,7,0,0,0,,,False,sprintf|printline,j:0|dest:0,82,22
BIN_2768332,48799,CWE-761,150,CWE-761,1,8,0,1,1,,,False,malloc|exit|strlen|fgets|strlen|printline|printline|free,data:1|dataLen:0,312,88
BIN_2770666,39168,CWE-416,186,CWE-416,1,12,0,0,0,,,True,_znwy|_zdlpvy|printhexcharline,,103,30
BIN_2775168,41821,CWE-511,27,CWE-511,1,13,0,0,0,,,False,_time64|srand|rand,,64,19
BIN_2780217,46936,CWE-680,142,CWE-680,1,9,1,1,1,,,True,fgets|atoi|printline|_znay|printintline|_zdapv,,242,64
BIN_2783286,47089,CWE-680,142,CWE-680,1,12,0,0,0,,,True,_zn64cwe680_integer_overflow_to_buffer_overflow__new_listen_socket_21l9badsourceei|_znay|printintline|_zdapv,,157,42
BIN_2795315,41211,CWE-476,98,CWE-476,2,10,0,0,0,,,False,printline,twoIntsStructPointer:1,75,23
BIN_2819518,42530,CWE-588,22,CWE-588,1,10,1,1,1,,,True,printintline,,59,17
BIN_2824206,45299,CWE-606,118,CWE-606,1,11,0,0,0,,,False,strlen|memset|strchr|strchr|sscanf|printintline,data:1|dataBuffer:0|wsaData:0|wsaDataInit:0|recvResult:0|service:0|replace:1|connectSocket:0|dataLen:0|i:0|n:0|intVariable:0,835,152
BIN_2824854,18987,CWE-188,21,CWE-188,1,9,0,0,0,,,False,globalreturnstrueorfalse|printintline|printintline,unionStructLong:0|longNumber:0,77,23
BIN_2834637,39867,CWE-427,131,CWE-427,1,9,1,1,1,,,False,wcslen|wcsncat,data:1|dataBuffer:0|dataLen:0|environment:1,222,49
BIN_2836781,41526,CWE-476,98,CWE-476,1,15,2,2,2,,,False,printwcharline,data:1,42,15
BIN_2839106,35002,CWE-377,54,CWE-377,1,11,0,0,0,,,False,tempnam|exit|printline|printline|free,filename:1|fileDesc:0,140,37
BIN_2855713,425,CWE-135,24,CWE-135,1,16,0,2,2,,,False,strlen|___chkstk_ms|wcscpy|printline,data:1|dataLen:0|dest:1,131,36
BIN_2859056,45677,CWE-606,118,CWE-606,1,6,0,2,2,,,False,wcslen|fopen|fgetws|printline|fclose|swscanf|printintline,data:1|dataBuffer:0|dataLen:0|pFile:1|i:0|n:0|intVariable:0,533,95
BIN_2892453,45941,CWE-617,93,CWE-617,1,8,0,0,0,,,True,fscanf|cwe617_reachable_assertion__fscanf_41_badsink,data:0,71,20
BIN_2902767,37883,CWE-404,10,CWE-404,2,17,1,1,1,,,False,fclose,data:0,75,22
BIN_2909139,47211,CWE-681,19,CWE-681,1,13,1,1,1,,,False,fgets|atof|printline|sqrt|printintline,inputBuffer:0|doubleNumber:0,162,39
BIN_2910516,39971,CWE-427,131,CWE-427,1,14,0,1,2,,,False,globalreturnstrue|wcslen|memset|wcschr|wcschr,data:1|dataBuffer:0|wsaData:0|wsaDataInit:0|recvResult:0|service:0|replace:1|listenSocket:0|acceptSocket:0|dataLen:0,794,161
BIN_2917517,39687,CWE-427,131,CWE-427,3,9,0,0,0,,,False,strlen|fopen|fgets|printline|fclose,data:1|dataBuffer:0|dataLen:0|pFile:1,526,88
BIN_2923183,10975,CWE-123,43,CWE-123,1,10,1,1,1,,,False,memset,data:0|head:0|wsaData:0|wsaDataInit:0|recvResult:0|service:0|listenSocket:0|acceptSocket:0,626,121
BIN_2935605,45992,CWE-617,93,CWE-617,2,7,0,0,0,,,False,memset|atoi,data:0|funcPtr:1|wsaData:0|wsaDataInit:0|recvResult:0|service:0|listenSocket:0|acceptSocket:0|inputBuffer:0,561,113
BIN_2938394,41170,CWE-475,18,CWE-475,1,10,1,2,2,,,False,memcpy|printline,dataBuffer:0|data:1,233,41
BIN_2939159,18974,CWE-188,21,CWE-188,1,9,0,0,0,,,False,printintline|printintline,j:0|structCharInt:0|charPtr:1,85,26
BIN_2963226,46317,CWE-666,34,CWE-666,1,15,0,0,0,,,False,strlen|memset|strchr|strchr|printline,data:0|wsaData:0|wsaDataInit:0|recvResult:0|service:0|replace:1|listenSocket:0|acceptSocket:0|dataLen:0,761,151
BIN_2968435,46930,CWE-680,142,CWE-680,2,6,1,1,1,,,True,fgets|atoi|printline|_znay|printintline|_zdapv,,229,60
BIN_2976032,42387,CWE-563,159,CWE-563,1,10,0,0,0,,,False,printlongline,data:0,61,18
BIN_2998764,46698,CWE-680,142,CWE-680,1,14,0,0,0,,,False,globalreturnstrueorfalse|malloc|exit|printintline|free,data:0|i:0|intPointer:1,161,43
BIN_3000171,46479,CWE-675,31,CWE-675,2,9,1,1,1,,,False,freopen|fclose|fclose,data:1,93,24
BIN_3011376,10893,CWE-123,43,CWE-123,1,5,0,0,0,,,False,memset,data:0|funcPtr:1|head:0|wsaData:0|wsaDataInit:0|recvResult:0|service:0|connectSocket:0,486,94
BIN_3012821,41840,CWE-526,9,CWE-526,1,6,2,2,2,,,False,getenv|printline,,38,12
BIN_3015987,42326,CWE-563,159,CWE-563,1,8,1,1,1,,,False,printlonglongline,data:0,43,12
BIN_3016107,42200,CWE-563,159,CWE-563,1,8,0,0,0,,,False,,j:0|data:0,35,13
BIN_3022083,35854,CWE-400,193,CWE-400,1,6,0,0,0,,,True,fscanf|badsink,count:0,75,20
BIN_3032765,41135,CWE-469,19,CWE-469,1,3,1,1,1,,,False,strchr|exit|printunsignedline,string1:0|string2:0|slashInString1:1|indexOfSlashInString1:0,111,28
BIN_3047363,45544,CWE-606,118,CWE-606,2,8,0,0,0,,,False,globalreturnstrueorfalse|wcslen|memset|wcschr|wcschr|wcscpy|globalreturnstrueorfalse|swscanf|printintline|swscanf|printintline,data:1|dataBuffer:0|wsaData:0|wsaDataInit:0|recvResult:0|service:0|replace:1|connectSocket:0|dataLen:0|i:0|n:0|intVariable:0|i:0|n:0|intVariable:0,1124,195
BIN_3059069,35559,CWE-400,193,CWE-400,1,10,0,0,0,,,False,memset|atoi|fopen|exit|fwrite|exit|fclose,count:0|countPtr1:1|countPtr2:1|count:0|wsaData:0|wsaDataInit:0|recvResult:0|service:0|connectSocket:0|inputBuffer:0|count:0|i:0|pFile:1|filename:1,688,133
BIN_3060207,41225,CWE-476,98,CWE-476,1,14,1,1,1,,,False,printhexcharline,data:1,40,13
BIN_3061157,39639,CWE-427,131,CWE-427,1,11,0,1,1,,,False,strlen|getenv|strncat,data:1|dataBuffer:0|dataLen:0|environment:1,434,67
BIN_3068901,46997,CWE-680,142,CWE-680,1,10,0,0,0,,,True,_znay|printintline|_zdapv,,158,43
BIN_3071991,42446,CWE-563,159,CWE-563,1,14,1,1,1,,,False,printf,data:0,71,21
BIN_3072410,39246,CWE-416,186,CWE-416,1,12,0,0,0,,,True,_znwy|_zdlpvy|printintline,,121,34
BIN_3074323,42479,CWE-570,6,CWE-570,1,8,0,0,0,,,False,rand,uIntBad:0,25,10
BIN_3079863,41328,CWE-476,98,CWE-476,1,15,0,0,1,,,False,printlonglongline,data:1,56,18
BIN_3102318,55991,CWE-843,23,CWE-843,1,14,1,1,1,,,False,printintline,data:1|charBuffer:0,61,19
BIN_3106388,52989,CWE-775,26,CWE-775,1,10,0,0,0,,,False,fopen|staticreturnstrue,data:1,54,14
BIN_3107783,42503,CWE-587,7,CWE-587,1,11,0,0,0,,,False,printhexcharline,charPointer:1,51,16
BIN_3131424,41199,CWE-475,18,CWE-475,1,7,0,0,0,,,False,wcscpy|memcpy|printwline,dataBuffer:0|data:1,341,52
BIN_3147276,39138,CWE-416,186,CWE-416,3,8,0,0,0,,,True,_zn49cwe416_use_after_free__new_delete_array_struct_439badsourceerp14_twointsstruct|printstructline,,47,14
BIN_3147982,42416,CWE-563,159,CWE-563,1,9,0,1,1,,,False,staticreturnstrue|staticreturnstrue|printstructline,data:0,73,20
BIN_3158210,39649,CWE-427,131,CWE-427,2,7,0,0,0,,,True,strlen|getenv|strncat|cwe427_uncontrolled_search_path_element__char_environment_41_badsink,data:1|dataBuffer:0|dataLen:0|environment:1,429,65
BIN_3167557,39818,CWE-427,131,CWE-427,1,8,1,2,2,,,False,wcslen|fgetws|wcslen|printline,data:1|dataBuffer:0|dataLen:0,368,83
BIN_3169722,35592,CWE-400,193,CWE-400,3,8,0,0,0,,,False,memset|atoi|printline,count:0|wsaData:0|wsaDataInit:0|recvResult:0|service:0|connectSocket:0|inputBuffer:0,473,97
BIN_3177037,39361,CWE-426,45,CWE-426,1,10,0,0,0,,,True,cwe426_untrusted_search_path__char_popen_41_badsink,data:1|dataBuffer:0,175,30
BIN_3185059,42002,CWE-563,159,CWE-563,1,10,0,0,0,,,False,badsink,data:0,45,12
BIN_3187824,39919,CWE-427,131,CWE-427,2,11,0,0,0,,,False,wcslen|fopen|fgetws|printline|fclose,data:1|dataBuffer:0|dataLen:0|pFile:1,329,72
BIN_3188183,35737,CWE-400,193,CWE-400,2,13,0,1,2,,,False,staticreturnstrue|fgets|atoi|printline|staticreturnstrue|printline,count:0|inputBuffer:0,159,42
BIN_3203681,35246,CWE-396,25,CWE-396,1,10,0,0,0,,,True,globalreturnstrue|rand|__cxa_allocate_exception|_znst12out_of_rangec1epkc|__cxa_throw|rand|__cxa_allocate_exception|_znst12domain_errorc1epkc|__cxa_throw|printline|__cxa_free_exception|__cxa_free_exception|__cxa_begin_catch|printline|__cxa_end_catch|__cxa_end_catch|_unwind_resume,,291,80
BIN_3211310,35078,CWE-377,54,CWE-377,1,12,0,1,1,,,False,exit|printwline|printline,filename:1|fileDesc:0,137,37
BIN_3213376,45835,CWE-617,93,CWE-617,1,12,0,1,1,,,False,fgets|atoi|printline,data:0|inputBuffer:0,151,38
BIN_3218404,41376,CWE-476,98,CWE-476,1,14,1,1,1,,,False,printintline,data:1,62,20
BIN_3228938,41952,CWE-562,2,CWE-562,1,1,0,0,0,,,False,helperbad|printline,,28,10
BIN_3232665,45345,CWE-606,118,CWE-606,1,9,0,1,1,,,False,strlen|fgets|strlen|printline|sscanf|printintline,data:1|dataBuffer:0|dataLen:0|i:0|n:0|intVariable:0,426,99
BIN_3243134,42205,CWE-563,159,CWE-563,1,7,0,0,0,,,True,_zn53cwe563_unused_variable__unused_uninit_variable_int_43l9badsourceeri,,27,10
BIN_3246269,45635,CWE-606,118,CWE-606,1,10,0,0,0,,,False,wcslen|wcsncat|swscanf|printintline,data:1|dataBuffer:0|dataLen:0|environment:1|i:0|n:0|intVariable:0,465,81
BIN_3255186,45892,CWE-617,93,CWE-617,1,10,0,0,0,,,True,,data:0|myUnion:0|data:0,79,21
BIN_3269133,55983,CWE-843,23,CWE-843,1,9,1,2,2,,,False,printintline,data:1|charBuffer:0,48,15
BIN_3273022,41455,CWE-476,98,CWE-476,2,6,0,0,0,,,False,malloc|printintline|printintline,intPointer:1,100,28
BIN_3275436,48808,CWE-761,150,CWE-761,1,11,1,1,1,,,False,malloc|exit|strlen|fgets|strlen|printline|printline|free,data:1|dataLen:0,303,86
BIN_3283023,35090,CWE-377,54,CWE-377,1,8,0,0,0,,,False,exit|printwline|printline,j:0|filename:1|fileDesc:0,147,40
BIN_3297563,38878,CWE-416,186,CWE-416,1,9,2,2,2,,,False,malloc|exit|memset|free|printline,data:1,112,29
BIN_3308686,49136,CWE-761,150,CWE-761,1,9,0,0,0,,,False,malloc|exit|wcslen|wcsncat|printline|free,data:1|dataLen:0|environment:1,215,58
BIN_3310952,42086,CWE-563,159,CWE-563,1,7,0,0,0,,,False,badsink,data:0,51,13
BIN_3315713,41865,CWE-546,35,CWE-546,1,14,0,0,1,,CWE-526@41855|CWE-526@41854,False,staticreturnstrue|printline,,39,13
BIN_3317957,39358,CWE-426,45,CWE-426,1,12,0,0,0,,,False,,data:1|dataPtr1:1|dataPtr2:1|dataBuffer:0|data:1|data:1|pipe:1,277,52
BIN_3320165,41015,CWE-464,10,CWE-464,2,12,0,0,0,,,False,getc|atoi|printline,data:0|dataPtr1:1|dataPtr2:1|data:0|charArraySource:0|data:0|charArraySink:0,140,40
BIN_3336443,35295,CWE-397,10,CWE-397,2,7,0,0,0,,,True,__cxa_allocate_exception|.text$_znst9exceptionc1ev|_znst9exceptionc1ev|__cxa_throw,,78,23
BIN_3340556,35371,CWE-398,84,CWE-398,1,13,1,1,1,,,False,rand|printline|printline,x:0,109,34
BIN_3348062,45642,CWE-606,118,CWE-606,1,10,1,1,1,,,False,wcslen|wcsncat|swscanf|printintline,data:1|dataBuffer:0|dataLen:0|environment:1|i:0|n:0|intVariable:0,471,83
BIN_3358597,48818,CWE-761,150,CWE-761,1,8,0,0,0,,,False,malloc|exit|strlen|fgets|strlen|printline|badsink,data:1|dataLen:0,256,71
BIN_3375788,32198,CWE-367,18,CWE-367,1,7,0,0,0,,,False,fgets|printline|strlen|exit|exit|exit,j:0|filename:0|statBuffer:0|fileDesc:0,391,86
BIN_3386061,45300,CWE-606,118,CWE-606,1,11,0,1,2,,,False,staticreturnstrue|strlen|memset|strchr|strchr|staticreturnstrue|sscanf|printintline,data:1|dataBuffer:0|wsaData:0|wsaDataInit:0|recvResult:0|service:0|replace:1|connectSocket:0|dataLen:0|i:0|n:0|intVariable:0,831,152
BIN_3389200,36132,CWE-400,193,CWE-400,2,16,0,0,0,,,False,rand|rand|rand|rand|rand|rand|rand|badsink,count:0,122,38
BIN_3401441,46783,CWE-680,142,CWE-680,3,6,0,0,0,,,False,memset|atoi|malloc|exit|printintline|free,data:0|wsaData:0|wsaDataInit:0|recvResult:0|service:0|listenSocket:0|acceptSocket:0|inputBuffer:0|i:0|intPointer:1,677,136
BIN_3422049,46927,CWE-680,142,CWE-680,1,4,1,1,1,,,True,fgets|atoi|printline|_znay|printintline|_zdapv,,229,60
BIN_3423135,35417,CWE-398,84,CWE-398,1,15,0,0,0,,,False,rand|printline|printline,x:0,97,31
BIN_3425918,45654,CWE-606,118,CWE-606,1,7,0,0,0,,,False,badsource|swscanf|printintline,data:1|dataBuffer:0|i:0|n:0|intVariable:0,353,57
BIN_3426552,42145,CWE-563,159,CWE-563,1,11,0,0,0,,,False,,data:0,8,6
BIN_3437870,39198,CWE-416,186,CWE-416,1,8,1,1,1,,,True,_znwy|_zdlpvy|printintline,,121,33
BIN_3438216,41458,CWE-476,98,CWE-476,1,8,0,0,0,,,False,staticreturnstrue|malloc|printintline|printintline,intPointer:1,99,28
BIN_3438361,46831,CWE-680,142,CWE-680,2,6,0,1,1,,,False,rand|rand|rand|rand|rand|rand|rand|malloc|exit|printintline|free,data:0|i:0|intPointer:1,216,63
BIN_3446107,39169,CWE-416,186,CWE-416,1,12,2,2,2,,,True,_znwy|_zdlpvy|printhexcharline,,83,24
BIN_3447106,46659,CWE-680,142,CWE-680,1,14,0,0,1,,,False,fgets|atoi|printline|malloc|exit|printintline|free,data:0|inputBuffer:0|dataCopy:0|data:0|i:0|intPointer:1,238,62
BIN_3465594,49243,CWE-761,150,CWE-761,1,16,2,2,2,,,False,malloc|exit|wcscpy|printline|free,data:1,136,38
BIN_3467054,40987,CWE-459,10,CWE-459,1,15,0,0,0,,,False,globalreturnstrueorfalse|fwrite|fclose|fwrite|fclose,filename:1|tmpl:0|pFile:1|filename:1|tmpl:0|pFile:1,346,76
BIN_3474176,41664,CWE-484,7,CWE-484,1,9,1,2,2,,,False,rand|printline|printline|printline|printline,x:0,151,46
BIN_3479717,36031,CWE-400,193,CWE-400,1,13,1,1,1,,,False,memset|atoi|printline,count:0|wsaData:0|wsaDataInit:0|recvResult:0|service:0|listenSocket:0|acceptSocket:0|inputBuffer:0,594,122
BIN_3489992,42226,CWE-563,159,CWE-563,1,12,1,1,1,,,False,,data:0,8,6
BIN_3523955,46882,CWE-680,142,CWE-680,2,8,3,3,3,,,True,memset|atoi|_znay|printintline|_zdapv,,576,117
BIN_3525800,45692,CWE-606,118,CWE-606,1,12,0,1,1,,,False,wcslen|fopen|fgetws|printline|fclose|swscanf|printintline,data:1|dataBuffer:0|dataLen:0|pFile:1|i:0|n:0|intVariable:0,535,97
BIN_3531103,39049,CWE-416,186,CWE-416,1,12,1,1,1,,,True,_znay|_zdapv|printintline,,144,37
BIN_3537400,42199,CWE-563,159,CWE-563,1,9,2,2,2,,,False,,data:0,8,6
BIN_3542500,39399,CWE-426,45,CWE-426,1,15,1,1,1,,,False,system|printline|exit,data:1|dataBuffer:0,205,38
BIN_3583063,46534,CWE-675,31,CWE-675,1,16,1,1,1,,,False,,data:0,109,31
BIN_3584569,41625,CWE-482,8,CWE-482,1,7,0,2,2,,,False,printintline|printintline,intBadSink:0,42,14
BIN_3587254,49131,CWE-761,150,CWE-761,4,5,0,0,0,,,False,malloc|exit|wcslen|wcsncat|printline|free,data:1|dataLen:0|environment:1,204,55
BIN_3587949,39985,CWE-427,131,CWE-427,1,9,0,0,0,,,True,wcslen|memset|wcschr|wcschr|cwe427_uncontrolled_search_path_element__wchar_t_listen_socket_41_badsink,data:1|dataBuffer:0|wsaData:0|wsaDataInit:0|recvResult:0|service:0|replace:1|listenSocket:0|acceptSocket:0|dataLen:0,777,157
BIN_3600165,47077,CWE-680,142,CWE-680,1,11,0,0,0,,,True,memset|atoi|_znay|printintline|_zdapv,,711,145
BIN_3600805,41592,CWE-480,9,CWE-480,1,8,0,5,5,,,False,,,7,5
BIN_3613153,48803,CWE-761,150,CWE-761,1,9,1,1,1,,,False,malloc|exit|strlen|fgets|strlen|printline|printline|free,data:1|dataLen:0,315,89
BIN_3616409,46793,CWE-680,142,CWE-680,1,11,0,0,1,,,False,globalreturnstrue|memset|atoi|malloc|exit|printintline|free,data:0|wsaData:0|wsaDataInit:0|recvResult:0|service:0|listenSocket:0|acceptSocket:0|inputBuffer:0|i:0|intPointer:1,690,139
BIN_3621873,46090,CWE-665,52,CWE-665,1,11,0,0,0,,,False,globalreturnstrueorfalse|memset|strcat|printline,data:1|dataBuffer:0|source:0,105,27
BIN_3636360,39152,CWE-416,186,CWE-416,2,8,0,0,0,,,True,globalreturnstrue|_znay|wmemset|_zdapv|globalreturnstrue|printwline,,134,37
BIN_3644544,18978,CWE-188,21,CWE-188,2,9,0,1,1,,,False,printintline,unionStructLong:0,42,14
BIN_3647576,47177,CWE-681,19,CWE-681,1,14,0,0,1,,,False,globalreturnstrue|fgets|atof|printline|printfloatline,inputBuffer:0|doubleNumber:0,155,37
BIN_3651099,32179,CWE-367,18,CWE-367,1,12,0,1,1,,,False,fgets|printline|strlen|exit|exit|exit,filename:0|fileDesc:0,363,81
BIN_3665022,39634,CWE-427,131,CWE-427,2,10,0,0,0,,,False,strlen|getenv|strncat,data:1|dataBuffer:0|dataLen:0|environment:1,446,70
BIN_3670222,35991,CWE-400,193,CWE-400,4,7,0,0,0,,,False,memset|atoi|fopen|exit|fwrite|exit|fclose,count:0|countPtr1:1|countPtr2:1|count:0|wsaData:0|wsaDataInit:0|recvResult:0|service:0|listenSocket:0|acceptSocket:0|inputBuffer:0|count:0|i:0|pFile:1|filename:1,803,156
BIN_3673556,45779,CWE-617,93,CWE-617,1,11,0,0,0,,,False,memset|atoi,data:0|wsaData:0|wsaDataInit:0|recvResult:0|service:0|connectSocket:0|inputBuffer:0,471,95
BIN_3675406,32180,CWE-367,18,CWE-367,2,11,0,0,0,,,False,fgets|printline|strlen|exit|exit|exit,j:0|filename:0|fileDesc:0,389,86
BIN_3699788,49061,CWE-761,150,CWE-761,1,8,0,0,0,,,False,malloc|exit|wcslen|memset|wcschr|wcschr,data:1|funcPtr:1|wsaData:0|wsaDataInit:0|recvResult:0|service:0|replace:1|connectSocket:0|dataLen:0,652,130
BIN_3701841,46687,CWE-680,142,CWE-680,1,9,0,2,2,,,False,malloc|exit|printintline|free,data:0|i:0|intPointer:1,143,38
BIN_3706072,40969,CWE-459,10,CWE-459,1,16,0,0,0,,,False,globalreturnstrueorfalse|_mkstemp|fdopen|fwrite|fclose|_mkstemp|fdopen|fwrite|fclose,filename:0|pFile:1|fileDesc:0|filename:0|pFile:1|fileDesc:0,281,67
BIN_3711506,41950,CWE-562,2,CWE-562,1,1,0,0,0,,,False,helperbad|printline,,28,10
BIN_3711547,46795,CWE-680,142,CWE-680,1,12,0,0,0,,,False,memset|atoi|malloc|exit|printintline|free,data:0|wsaData:0|wsaDataInit:0|recvResult:0|service:0|listenSocket:0|acceptSocket:0|inputBuffer:0|i:0|intPointer:1,695,140
BIN_3711614,39542,CWE-427,131,CWE-427,1,16,1,1,1,,,False,strlen|memset|strchr|strchr,data:1|dataBuffer:0|wsaData:0|wsaDataInit:0|recvResult:0|service:0|replace:1|connectSocket:0|dataLen:0,963,156
BIN_3715698,35791,CWE-400,193,CWE-400,1,11,1,1,1,,,False,fscanf|printline,count:0|i:0,138,36
BIN_3717422,35795,CWE-400,193,CWE-400,1,9,0,0,0,,,False,fscanf|printline,count:0|i:0,113,31
BIN_3721718,35738,CWE-400,193,CWE-400,2,13,0,0,0,,,False,fgets|atoi|printline|printline,count:0|inputBuffer:0,167,44
BIN_3729864,41584,CWE-479,10,CWE-479,2,8,0,0,0,,,False,signal,,49,15
BIN_3730198,41108,CWE-468,13,CWE-468,1,17,1,1,1,,,False,printintline,intArray:0|charPointer:1|toPrint:0,99,26
BIN_3742848,45842,CWE-617,93,CWE-617,1,9,0,0,0,,,False,fgets|atoi|printline,data:0|dataPtr1:1|dataPtr2:1|data:0|inputBuffer:0|data:0,193,50
BIN_3767810,41818,CWE-511,27,CWE-511,2,12,0,0,0,,,False,_time64|srand|rand,,64,19
BIN_3797104,41342,CWE-476,98,CWE-476,1,13,1,1,1,,,False,printlonglongline,data:1,40,14
BIN_3801844,35123,CWE-390,34,CWE-390,1,15,1,1,1,,,False,printline|fgets|printline,dataBuffer:0|data:1,214,41
BIN_3805758,41609,CWE-481,8,CWE-481,1,7,1,2,2,,,False,rand|printline,intRand:0,45,13
BIN_3806052,45594,CWE-606,118,CWE-606,1,12,1,1,1,,,False,wcslen|fgetws|wcslen|printline|swscanf|printintline,data:1|dataBuffer:0|dataLen:0|i:0|n:0|intVariable:0,592,117
BIN_3814823,45789,CWE-617,93,CWE-617,1,14,0,0,0,,,False,memset|atoi,i:0|data:0|wsaData:0|wsaDataInit:0|recvResult:0|service:0|connectSocket:0|inputBuffer:0,491,97
BIN_3815622,45644,CWE-606,118,CWE-606,1,12,0,2,2,,,False,wcslen|wcsncat|swscanf|printintline,data:1|dataBuffer:0|dataLen:0|environment:1|i:0|n:0|intVariable:0,445,77
BIN_3819474,36094,CWE-400,193,CWE-400,1,6,0,0,0,,,True,rand|rand|rand|rand|rand|rand|rand|badsink,count:0,116,37
BIN_3819912,41233,CWE-476,98,CWE-476,1,14,0,0,1,,,False,globalreturnstrue|globalreturnstrue|printhexcharline,data:1,58,19
BIN_3831894,41733,CWE-510,17,CWE-510,2,14,1,1,1,,,False,memset|strcmp|printline,wsaData:0|wsaDataInit:0|service:0|acceptService:0|acceptServiceLen:0|listenSocket:0|acceptSocket:0|hostname:0|servInfo:0,687,143
BIN_3832780,36125,CWE-400,193,CWE-400,1,13,0,0,0,,,False,globalreturnstrueorfalse|rand|rand|rand|rand|rand|rand|rand|globalreturnstrueorfalse|fopen|exit|fwrite|exit|fclose|fopen|exit|fwrite|exit|fclose,count:0|i:0|pFile:1|filename:1|i:0|pFile:1|filename:1,484,119
BIN_3863724,41836,CWE-511,27,CWE-511,2,8,0,0,0,,,False,_time64,currentTime:0,59,18
BIN_3865451,45582,CWE-606,118,CWE-606,1,9,1,2,2,,,False,wcslen|fgetws|wcslen|printline|swscanf|printintline,data:1|dataBuffer:0|dataLen:0|i:0|n:0|intVariable:0,560,109
BIN_3878545,35691,CWE-400,193,CWE-400,1,14,1,1,1,,,False,fgets|atoi|printline|fopen|exit|fwrite|exit|fclose,count:0|inputBuffer:0|i:0|pFile:1|filename:1,303,73
BIN_3878726,42269,CWE-563,159,CWE-563,3,10,3,5,5,,,False,,data:0,7,5
BIN_3884576,49151,CWE-761,150,CWE-761,1,14,0,0,0,,,False,malloc|exit|wcslen|wcsncat|printline|free,data:1|dataPtr1:1|dataPtr2:1|data:1|dataLen:0|environment:1|data:1,255,69
BIN_3896333,35260,CWE-396,25,CWE-396,2,13,0,0,0,,,True,rand|__cxa_allocate_exception|_znst12out_of_rangec1epkc|__cxa_throw|rand|__cxa_allocate_exception|_znst12domain_errorc1epkc|__cxa_throw|printline|__cxa_free_exception|__cxa_free_exception|_unwind_resume|__cxa_begin_catch|printline|__cxa_end_catch|__cxa_end_catch|_unwind_resume,,320,89
BIN_3904471,39194,CWE-416,186,CWE-416,1,9,1,1,1,,,True,_znwy|_zdlpvy|printintline,,119,33
BIN_3914272,38944,CWE-416,186,CWE-416,4,8,0,0,0,,,False,malloc|exit|free|printlongline,data:1|i:0,126,32
BIN_3934056,39506,CWE-426,45,CWE-426,1,10,0,0,0,,,False,badsource|printline|exit,data:1|dataBuffer:0,323,49
BIN_3948902,45844,CWE-617,93,CWE-617,1,8,0,0,0,,,True,fgets|atoi|printline,data:0|myUnion:0|inputBuffer:0|data:0,162,41
BIN_3964320,42112,CWE-563,159,CWE-563,1,12,0,0,0,,,False,,j:0|data:0,41,14
BIN_3970111,42389,CWE-563,159,CWE-563,1,11,1,1,1,,,False,printlongline,data:0,65,20
BIN_3983196,39385,CWE-426,45,CWE-426,1,6,1,1,1,,,False,system|printline|exit,data:1|dataBuffer:0,204,37
BIN_3983550,35005,CWE-377,54,CWE-377,1,11,0,0,1,,,False,tempnam|exit|printline|printline|free,filename:1|fileDesc:0,149,40
BIN_3987241,41186,CWE-475,18,CWE-475,1,13,0,0,0,,,False,memcpy|printline,dataBuffer:0|data:1,234,42
BIN_3991400,42083,CWE-563,159,CWE-563,2,6,1,1,1,,,False,,data:0,30,10
BIN_4001497,46325,CWE-666,34,CWE-666,1,13,1,2,2,,,False,strlen|memset|strchr|strchr|printline,data:0|wsaData:0|wsaDataInit:0|recvResult:0|service:0|replace:1|listenSocket:0|acceptSocket:0|dataLen:0,745,148
BIN_4001694,41600,CWE-480,9,CWE-480,1,9,0,0,0,,,False,globalreturnstrueorfalse|entry_good_good_1|printline,,49,16
BIN_4011438,39175,CWE-416,186,CWE-416,1,12,0,0,0,,,True,globalreturnstrueorfalse|_znwy|_zdlpvy|_znwy|globalreturnstrueorfalse|printhexcharline,,134,40
BIN_4012620,42108,CWE-563,159,CWE-563,1,14,5,9,9,,,False,,data:0,21,8
BIN_4017746,39215,CWE-416,186,CWE-416,2,8,0,0,0,,,True,_zl17staticreturnstruev|_znwy|_zdlpvy|_zl17staticreturnstruev|printlonglongline,,113,33
BIN_4020525,46153,CWE-665,52,CWE-665,1,8,0,0,0,,,True,_zn44cwe665_improper_initialization__char_ncat_43l9badsourceerpc|memset|strlen|strncat|printline,,142,31
BIN_4050525,45751,CWE-606,118,CWE-606,1,10,0,0,0,,,True,_zn57cwe606_unchecked_loop_condition__wchar_t_listen_socket_43l9badsourceerpw|swscanf|printintline,,351,58
BIN_4054253,42241,CWE-563,159,CWE-563,1,8,4,6,6,,,False,,data:0,15,7
BIN_4055991,45276,CWE-605,8,CWE-605,1,7,1,2,2,,,False,strlen|memset|strchr|strchr|printline,data:0|wsaData:0|wsaDataInit:0|recvResult:0|service:0|replace:1|listenSocket:0|acceptSocket:0|dataLen:0|bOptVal:0|bOptLen:0,829,163
BIN_4066722,41246,CWE-476,98,CWE-476,1,11,0,0,1,,,True,printhexcharline,data:1|myUnion:0|data:1,56,17
BIN_4086724,35170,CWE-390,34,CWE-390,1,14,0,0,0,,,False,sqrt|printdoubleline,doubleNumber:0,90,23
BIN_4122082,35513,CWE-400,193,CWE-400,1,10,0,0,0,,,True,memset|atoi|printline,count:0|myUnion:0|wsaData:0|wsaDataInit:0|recvResult:0|service:0|connectSocket:0|inputBuffer:0|count:0|i:0,504,100
BIN_4137010,48853,CWE-761,150,CWE-761,1,11,0,0,0,,,False,malloc|exit|strlen|getenv|strncat|globalreturnstrueorfalse|printline|free|printline|strlen|free,data:1|dataLen:0|environment:1|i:0,280,77
BIN_4152215,48754,CWE-761,150,CWE-761,2,9,0,0,0,,,False,malloc|exit|strlen|memset|strchr|strchr|printline|free,data:1|wsaData:0|wsaDataInit:0|recvResult:0|service:0|replace:1|connectSocket:0|dataLen:0,683,142
BIN_4166107,35547,CWE-400,193,CWE-400,1,12,1,1,1,,,False,memset|atoi|fopen|exit|fwrite|exit|fclose,count:0|wsaData:0|wsaDataInit:0|recvResult:0|service:0|connectSocket:0|inputBuffer:0|i:0|pFile:1|filename:1,649,128
BIN_4166167,49102,CWE-761,150,CWE-761,1,16,0,0,1,,,False,malloc|exit|wcslen|fgetws|wcslen|printline|printline|free,data:1|dataLen:0|dataCopy:1|data:1,343,93
BIN_4167040,46180,CWE-665,52,CWE-665,2,7,0,5,5,,,False,wmemset|wcscat|printwline,data:1|dataBuffer:0|source:0,100,22
BIN_4174741,35067,CWE-377,54,CWE-377,1,11,0,0,0,,,False,globalreturnstrueorfalse|exit|printwline|printline|free|exit|printwline|printline|free,filename:1|fileDesc:0|filename:1|fileDesc:0,291,73
BIN_4175902,38901,CWE-416,186,CWE-416,1,10,1,1,1,,,False,malloc|exit|free|printlonglongline,data:1|i:0,129,32
BIN_4178727,45281,CWE-605,8,CWE-605,1,10,0,0,0,,,False,strlen|memset|strchr|strchr|printline,data:0|wsaData:0|wsaDataInit:0|recvResult:0|service:0|replace:1|listenSocket:0|acceptSocket:0|dataLen:0|bOptVal:0|bOptLen:0,844,166
BIN_4187334,41014,CWE-464,10,CWE-464,3,13,0,0,0,,,False,getc|atoi|printline,data:0|charArraySource:0|dataCopy:0|data:0|charArraySink:0,108,31
BIN_4189406,56035,CWE-843,23,CWE-843,1,10,1,1,1,,,False,printintline,data:1|shortBuffer:0,64,19
BIN_4191437,42202,CWE-563,159,CWE-563,1,7,0,0,0,,,False,badsink,data:0,35,11
BIN_4202231,46138,CWE-665,52,CWE-665,1,13,0,0,0,,,False,globalreturnstrueorfalse|memset|strlen|strncat|printline,data:1|dataBuffer:0|sourceLen:0|source:0,146,33
BIN_4204416,45510,CWE-606,118,CWE-606,2,7,0,0,0,,,False,badsource|sscanf|printintline,data:1|dataBuffer:0|i:0|n:0|intVariable:0,227,45
BIN_4209627,35233,CWE-391,25,CWE-391,1,7,1,2,2,,,False,wcstombs|printunsignedline|printline,bytesTranslated:0|charString:0,86,22
BIN_4210642,39484,CWE-426,45,CWE-426,1,11,0,0,1,,,False,wcscpy|printline|exit,data:1|dataBuffer:0,335,52
BIN_4221135,39116,CWE-416,186,CWE-416,3,16,0,0,0,,,True,_zn47cwe416_use_after_free__new_delete_array_long_439badsourceerpl|printlongline,,48,15
BIN_4222739,39792,CWE-427,131,CWE-427,2,8,0,0,1,,,True,wcslen|memset|wcschr|wcschr,data:1|myUnion:0|dataBuffer:0|wsaData:0|wsaDataInit:0|recvResult:0|service:0|replace:1|connectSocket:0|dataLen:0|data:1,694,139
BIN_4237084,45890,CWE-617,93,CWE-617,1,10,0,0,0,,,False,,data:0|dataPtr1:1|dataPtr2:1|data:0|data:0,110,30
BIN_4240207,41165,CWE-469,19,CWE-469,1,10,0,1,1,,,False,wcschr|exit|printunsignedline,string1:0|string2:0|slashInString1:1|indexOfSlashInString1:0,140,35
BIN_4246302,52985,CWE-775,26,CWE-775,1,9,1,6,6,,,False,fopen,data:1,49,13
BIN_4261479,41913,CWE-546,35,CWE-546,1,12,1,1,1,,,False,printline,,30,10
BIN_4282256,52949,CWE-773,20,CWE-773,1,13,0,0,0,,,False,,data:0,109,29
BIN_4282459,46076,CWE-617,93,CWE-617,1,5,1,1,1,,,False,,,41,10
BIN_4282894,41070,CWE-467,20,CWE-467,1,13,0,1,1,,,False,globalreturnstrue|malloc|exit|printintline|free,badInt:1,98,27
BIN_4283156,10931,CWE-123,43,CWE-123,1,10,1,1,1,,,False,fgets|printline|exit,data:0|head:0,188,46
BIN_4285550,41994,CWE-563,159,CWE-563,1,12,3,6,6,,,False,,data:0,23,8
BIN_4286989,53006,CWE-775,26,CWE-775,1,9,0,0,0,,,False,fopen|badsink,data:1,61,16
BIN_4306097,46251,CWE-665,52,CWE-665,3,6,0,0,0,,,False,,data:1|funcPtr:1|dataBuffer:0,58,15
BIN_4306904,38900,CWE-416,186,CWE-416,2,10,0,1,1,,,False,malloc|exit|free|printlonglongline,data:1|i:0,129,32
BIN_4317234,39188,CWE-416,186,CWE-416,1,14,2,2,2,,,True,_znwy|_zdlpvy|printintline,,93,25
BIN_4336975,35441,CWE-398,84,CWE-398,1,13,0,1,1,,,False,printintline|printintline,intOne:0,52,17
BIN_4348618,42084,CWE-563,159,CWE-563,1,5,0,0,0,,,False,,j:0|data:0,49,15
BIN_4351843,46952,CWE-680,142,CWE-680,1,9,0,0,0,,,True,_zn56cwe680_integer_overflow_to_buffer_overflow__new_fgets_42l9badsourceei|_znay|printintline|_zdapv,,147,41
BIN_4355293,35226,CWE-391,25,CWE-391,2,10,0,0,0,,,False,wcstombs|printunsignedline|printline,bytesTranslated:0|charString:0,98,25
BIN_4357075,46333,CWE-666,34,CWE-666,1,15,0,0,1,,,False,staticreturnstrue|strlen|memset|strchr|strchr|printline,data:0|wsaData:0|wsaDataInit:0|recvResult:0|service:0|replace:1|listenSocket:0|acceptSocket:0|dataLen:0,757,150
BIN_4359285,42274,CWE-563,159,CWE-563,1,11,0,5,5,,,False,,data:0,7,5
BIN_4359303,39149,CWE-416,186,CWE-416,2,8,0,0,0,,,True,_zl17staticreturnstruev|_znay|wmemset|_zdapv|_zl17staticreturnstruev|printwline,,134,37
BIN_4363186,39078,CWE-416,186,CWE-416,1,14,3,3,3,,,True,_znay|_zdapv|printintline,,116,30
BIN_4379783,41666,CWE-484,7,CWE-484,1,10,0,0,1,,,False,rand|printline|printline|printline|printline,x:0,164,49
BIN_4386801,46589,CWE-676,9,CWE-676,1,7,0,0,0,,,True,.text$_zstrsicst11char_traitsiceerst13basic_istreamit_t0_es6_ps3_|_zstrsicst11char_traitsiceerst13basic_istreamit_t0_es6_ps3_|printline,,70,21
BIN_4392640,41870,CWE-546,35,CWE-546,1,15,1,1,1,,,False,printline,,44,14
BIN_4430998,46017,CWE-617,93,CWE-617,2,5,0,0,0,,,False,rand|rand|rand|rand|rand|rand|rand,data:0,150,45
BIN_4440205,45321,CWE-606,118,CWE-606,4,6,0,0,0,,,True,strlen|memset|strchr|strchr|badsink,data:1|dataBuffer:0|wsaData:0|wsaDataInit:0|recvResult:0|service:0|replace:1|connectSocket:0|dataLen:0,728,130
BIN_4455911,35133,CWE-390,34,CWE-390,1,15,0,0,0,,,False,printwline|fgetws|printwline,dataBuffer:0|data:1,340,52
BIN_4469505,39965,CWE-427,131,CWE-427,1,11,0,0,0,,,False,wcslen|memset|wcschr|wcschr,data:1|dataBuffer:0|wsaData:0|wsaDataInit:0|recvResult:0|service:0|replace:1|listenSocket:0|acceptSocket:0|dataLen:0,795,161
BIN_4471703,41182,CWE-475,18,CWE-475,1,13,1,1,1,,,False,memcpy|printline,dataBuffer:0|data:1,251,45
BIN_4478089,41915,CWE-546,35,CWE-546,3,11,0,0,2,,,False,printline,,39,13
BIN_4489134,48946,CWE-761,150,CWE-761,2,12,0,0,0,,,False,malloc|exit|printline|free,data:1,155,42
BIN_4498246,46661,CWE-680,142,CWE-680,1,12,0,0,0,,,True,fgets|atoi|printline|malloc|exit|printintline|free,,248,65
BIN_4505343,42471,CWE-570,6,CWE-570,1,10,0,0,0,,,False,rand,intRand:0,23,9
BIN_4511129,45444,CWE-606,118,CWE-606,1,13,0,1,2,,,False,staticreturnstrue|strlen|fopen|fgets|printline|fclose|staticreturnstrue|sscanf|printintline,data:1|dataBuffer:0|dataLen:0|pFile:1|i:0|n:0|intVariable:0,394,87
BIN_4512647,35431,CWE-398,84,CWE-398,1,13,1,1,1,,,False,printline,i:0,66,21
BIN_4525169,32185,CWE-367,18,CWE-367,1,13,0,0,0,,,False,fgets|printline|strlen|exit|exit|exit,filename:0|statBuffer:0|fileDesc:0,377,83
BIN_4526444,46252,CWE-665,52,CWE-665,4,5,0,0,0,,,True,badsink,data:1|dataBuffer:0,48,12
BIN_4526987,39784,CWE-427,131,CWE-427,1,9,0,1,1,,,False,wcslen|memset|wcschr|wcschr,data:1|dataBuffer:0|wsaData:0|wsaDataInit:0|recvResult:0|service:0|replace:1|connectSocket:0|dataLen:0,667,136
BIN_4533270,35988,CWE-400,193,CWE-400,1,8,0,0,0,,,False,memset|atoi|badsink,count:0|wsaData:0|wsaDataInit:0|recvResult:0|service:0|listenSocket:0|acceptSocket:0|inputBuffer:0,553,111
BIN_4535884,41874,CWE-546,35,CWE-546,1,15,0,0,0,,,False,printline,j:0,50,16
BIN_4543887,49279,CWE-761,150,CWE-761,2,11,0,0,0,,,False,malloc|exit|wcslen|memset|wcschr|wcschr|printline|free,data:1|wsaData:0|wsaDataInit:0|recvResult:0|service:0|replace:1|listenSocket:0|acceptSocket:0|dataLen:0,817,167
BIN_4576055,35076,CWE-377,54,CWE-377,1,12,0,0,0,,,False,exit|printwline|printline,filename:1|fileDesc:0,127,34
BIN_4579065,46082,CWE-665,52,CWE-665,1,8,1,5,5,,,False,memset|strcat|printline,data:1|dataBuffer:0|source:0,89,22
BIN_4587919,18970,CWE-188,21,CWE-188,1,9,1,1,1,,,False,printintline|printintline,structCharInt:0|charPtr:1,79,24
BIN_4588328,47128,CWE-680,142,CWE-680,1,13,1,1,1,,,True,rand|rand|rand|rand|rand|rand|rand|_znay|printintline|_zdapv,,227,67
BIN_4592009,41808,CWE-511,27,CWE-511,1,11,0,0,0,,,False,_time64|srand|rand,,73,21
BIN_4600879,35977,CWE-400,193,CWE-400,1,5,0,0,0,,,False,staticreturnstrue|memset|atoi|staticreturnstrue|fopen|exit|fwrite|exit|fclose,count:0|wsaData:0|wsaDataInit:0|recvResult:0|service:0|listenSocket:0|acceptSocket:0|inputBuffer:0|i:0|pFile:1|filename:1,756,149
BIN_4601680,7885,CWE-135,24,CWE-135,1,8,0,0,0,,,False,badsource|strlen|calloc|exit|wcscpy|printline|free,data:1|dataLen:0|dest:1,137,36
BIN_4606492,41267,CWE-476,98,CWE-476,1,10,3,3,3,,,True,printintline|_zdlpvy,,58,18
BIN_4606746,39489,CWE-426,45,CWE-426,1,14,1,1,1,,,False,wcscpy|printline|exit,data:1|dataBuffer:0,339,53
BIN_4624159,45286,CWE-605,8,CWE-605,1,10,0,0,0,,,False,globalreturnstrueorfalse|strlen|memset|strchr|strchr|printline|strlen|memset|strchr|strchr|printline,data:0|wsaData:0|wsaDataInit:0|recvResult:0|service:0|replace:1|listenSocket:0|acceptSocket:0|dataLen:0|bOptVal:0|bOptLen:0|data:0|wsaData:0|wsaDataInit:0|recvResult:0|service:0|replace:1|listenSocket:0|acceptSocket:0|dataLen:0,1565,307
BIN_4627963,10869,CWE-123,43,CWE-123,1,12,0,0,2,,,False,memset,data:0|head:0|wsaData:0|wsaDataInit:0|recvResult:0|service:0|connectSocket:0,510,97
BIN_4638796,39220,CWE-416,186,CWE-416,1,7,1,1,1,,,True,_znwy|_zdlpvy|printlonglongline,,113,31
BIN_4644507,35306,CWE-397,10,CWE-397,1,6,1,1,1,,,True,__cxa_allocate_exception|.text$_znst9exceptionc1ev|_znst9exceptionc1ev|__cxa_throw,,61,16
BIN_4653522,39638,CWE-427,131,CWE-427,2,10,0,0,0,,,False,strlen|getenv|strncat,data:1|dataBuffer:0|dataLen:0|environment:1,447,70
BIN_4658290,49036,CWE-761,150,CWE-761,1,9,1,1,1,,,False,malloc|exit|wcslen|memset|wcschr|wcschr|printline|free,data:1|wsaData:0|wsaDataInit:0|recvResult:0|service:0|replace:1|connectSocket:0|dataLen:0,692,141
BIN_4665346,46834,CWE-680,142,CWE-680,1,9,0,0,1,,,False,rand|rand|rand|rand|rand|rand|rand|malloc|exit|printintline|free,data:0|i:0|intPointer:1,225,66
BIN_4675415,41827,CWE-511,27,CWE-511,1,12,0,1,1,,,False,_time64,currentTime:0,68,20
BIN_4681107,56045,CWE-843,23,CWE-843,1,7,0,0,0,,,False,,data:1|funcPtr:1|shortBuffer:0,61,17
BIN_4682638,10968,CWE-123,43,CWE-123,1,11,0,0,0,,,False,memset,data:0|head:0|wsaData:0|wsaDataInit:0|recvResult:0|service:0|listenSocket:0|acceptSocket:0,623,120
BIN_4685371,39641,CWE-427,131,CWE-427,1,10,0,0,0,,,False,strlen|getenv|strncat,i:0|data:1|dataBuffer:0|dataLen:0|environment:1,461,71
BIN_4689502,42569,CWE-588,22,CWE-588,1,14,1,1,1,,,False,printstructline,data:1|dataGoodBuffer:0|dataBadBuffer:0,57,16
BIN_4691256,35327,CWE-398,84,CWE-398,2,14,1,1,1,,,False,printline,,30,10
BIN_4693914,42221,CWE-563,159,CWE-563,1,12,4,8,8,,,False,,data:0,7,5
BIN_4694644,39150,CWE-416,186,CWE-416,3,8,0,0,0,,,True,_znay|wmemset|_zdapv|printwline,,132,35
BIN_4697514,53048,CWE-775,26,CWE-775,1,13,0,0,0,,,False,badsink,data:0,75,19
BIN_4698735,35644,CWE-400,193,CWE-400,1,12,0,0,0,,,False,globalreturnstrue|fgets|atoi|printline|globalreturnstrue|printline,count:0|inputBuffer:0|i:0,179,46
BIN_4725351,48955,CWE-761,150,CWE-761,1,11,1,1,1,,,False,malloc|exit|printline|free,data:1,143,39
BIN_4726899,46176,CWE-665,52,CWE-665,2,5,0,4,4,,,False,wmemset|wcscat|printwline,data:1|dataBuffer:0|source:0,100,22
BIN_4728651,46446,CWE-675,31,CWE-675,2,12,2,2,2,,,False,fopen|fclose|fclose,data:1,75,21
BIN_4747489,36073,CWE-400,193,CWE-400,2,11,0,0,0,,,False,staticreturnstrue|rand|rand|rand|rand|rand|rand|rand|staticreturnstrue|printline,count:0|i:0,169,51
BIN_4748904,35368,CWE-398,84,CWE-398,1,13,0,1,1,,,False,rand|printline|printline,x:0,106,33
BIN_4751276,39590,CWE-427,131,CWE-427,2,14,0,0,0,,,False,strlen|fgets|strlen|printline,data:1|dataBuffer:0|dataLen:0,587,103
BIN_4754747,46832,CWE-680,142,CWE-680,1,7,1,1,1,,,False,rand|rand|rand|rand|rand|rand|rand|malloc|exit|printintline|free,data:0|i:0|intPointer:1,216,63
BIN_4758358,39098,CWE-416,186,CWE-416,5,14,1,1,1,,,True,_znay|_zdapv|printlongline,,116,30
BIN_4762341,42344,CWE-563,159,CWE-563,1,8,0,0,0,,,True,printlonglongline,,62,17
BIN_4765122,35332,CWE-398,84,CWE-398,1,14,0,1,1,,,False,printline,,40,13
BIN_4769643,39360,CWE-426,45,CWE-426,1,10,0,0,1,,,True,,data:1|myUnion:0|dataBuffer:0|data:1|pipe:1,238,43
BIN_4794619,32120,CWE-364,7,CWE-364,1,11,0,0,1,,,True,globalreturnstrue|signal|free|malloc|exit|signal|free,gStructSigAtomic:1,202,43
BIN_4797582,42365,CWE-563,159,CWE-563,1,12,1,1,1,,,False,printintline,data:0,67,20
BIN_4798369,45786,CWE-617,93,CWE-617,1,15,1,1,1,,,False,memset|atoi,data:0|wsaData:0|wsaDataInit:0|recvResult:0|service:0|connectSocket:0|inputBuffer:0,474,96
BIN_4814457,39825,CWE-427,131,CWE-427,1,10,1,1,1,,,False,wcslen|fgetws|wcslen|printline,data:1|dataBuffer:0|dataLen:0,385,87
BIN_4814745,41456,CWE-476,98,CWE-476,3,7,0,0,0,,,False,malloc|printintline|printintline,intPointer:1,100,28
BIN_4820743,39174,CWE-416,186,CWE-416,1,12,1,1,1,,,True,globalreturnstrue|_znwy|_zdlpvy|globalreturnstrue|printhexcharline,,111,34
BIN_4822093,39891,CWE-427,131,CWE-427,1,7,0,0,0,,,True,_zn63cwe427_uncontrolled_search_path_element__wchar_t_environment_43l9badsourceerpw,,125,30
BIN_4825601,41615,CWE-481,8,CWE-481,2,10,0,0,0,,,False,rand|printline,intRand:0,58,17
BIN_4833917,7869,CWE-135,24,CWE-135,2,9,0,0,0,,,False,malloc|exit|wmemset|strlen|calloc|exit|wcscpy|printline|free,data:1|dataBadBuffer:1|dataLen:0|dest:1,222,57
BIN_4843414,49239,CWE-761,150,CWE-761,1,16,1,1,1,,,False,malloc|exit|wcscpy|printline|free,data:1,149,41
BIN_4865896,41877,CWE-546,35,CWE-546,1,15,2,2,2,,,False,printline,,30,10
BIN_4885278,35471,CWE-398,84,CWE-398,1,12,0,0,0,,,False,printline,,31,11
BIN_4885708,7861,CWE-135,24,CWE-135,1,5,1,1,1,,,False,malloc|exit|wmemset|strlen|calloc|exit|wcscpy|printline|free,data:1|dataBadBuffer:1|dataLen:0|dest:1,196,49
BIN_4892836,36185,CWE-400,193,CWE-400,1,6,0,0,0,,,True,rand|rand|rand|rand|rand|rand|rand|printline,count:0|myUnion:0|count:0,143,45
BIN_4899887,10925,CWE-123,43,CWE-123,1,11,1,2,2,,,False,globalreturnstrueorfalse|fgets|printline|exit,data:0|head:0,196,48
BIN_4904705,42157,CWE-563,159,CWE-563,1,10,5,7,7,,,False,,data:0,7,5
BIN_4905172,48956,CWE-761,150,CWE-761,2,10,0,0,0,,,False,malloc|exit|badsink,data:1,106,25
BIN_4928159,39982,CWE-427,131,CWE-427,1,10,0,0,0,,,False,wcslen|memset|wcschr|wcschr,data:1|dataPtr1:1|dataPtr2:1|dataBuffer:0|data:1|wsaData:0|wsaDataInit:0|recvResult:0|service:0|replace:1|listenSocket:0|acceptSocket:0|dataLen:0|data:1,860,171
BIN_4938285,35403,CWE-398,84,CWE-398,1,16,0,0,1,,,False,rand|printline|printline,x:0,105,33
BIN_4941108,10965,CWE-123,43,CWE-123,1,10,0,0,2,,,False,memset,data:0|head:0|wsaData:0|wsaDataInit:0|recvResult:0|service:0|listenSocket:0|acceptSocket:0,621,120
BIN_4945807,39437,CWE-426,45,CWE-426,1,10,0,1,1,,,False,wcscpy,data:1|dataBuffer:0|pipe:1,313,53
BIN_4961618,10919,CWE-123,43,CWE-123,1,8,0,1,1,,,False,fgets|printline|exit,data:0|head:0,197,48
BIN_4967771,41606,CWE-480,9,CWE-480,1,7,2,2,2,,,False,,,8,6
BIN_4988865,41016,CWE-464,10,CWE-464,1,11,0,0,0,,,True,getc|atoi|printline,,112,32
BIN_5016536,41228,CWE-476,98,CWE-476,1,15,0,1,1,,,False,printhexcharline,data:1,60,19
BIN_5017973,41824,CWE-511,27,CWE-511,1,11,0,1,1,,,False,_time64,currentTime:0,58,17
BIN_5037344,41574,CWE-479,10,CWE-479,1,6,0,0,0,,,False,signal,,44,14
BIN_5047141,35311,CWE-398,84,CWE-398,1,9,1,2,2,,,False,printintline|printintline,intOne:0|intTwo:0|intSum:0,56,16
BIN_5092966,55988,CWE-843,23,CWE-843,1,13,0,0,0,,,False,printintline,data:1|charBuffer:0,59,18
BIN_5109778,42075,CWE-563,159,CWE-563,1,7,0,5,5,,,False,,data:0,29,9
BIN_5119435,45830,CWE-617,93,CWE-617,1,10,1,1,1,,,False,fgets|atoi|printline,data:0|inputBuffer:0,163,41
BIN_5131194,39413,CWE-426,45,CWE-426,2,9,0,0,0,,,True,badsink,data:1|dataBuffer:0,179,30
BIN_5132780,52998,CWE-775,26,CWE-775,1,14,0,0,0,,,False,fopen,j:0|data:1,69,19
BIN_5141342,41106,CWE-468,13,CWE-468,1,15,0,1,2,,,False,globalreturnstrue|printintline,intArray:0|charPointer:1|toPrint:0,94,25
BIN_5143400,45366,CWE-606,118,CWE-606,1,12,0,0,0,,,False,badsource|sscanf|printintline,data:1|dataBuffer:0|i:0|n:0|intVariable:0,227,45
BIN_5156119,46081,CWE-665,52,CWE-665,2,7,1,5,5,,,False,memset|strcat|printline,data:1|dataBuffer:0|source:0,89,22
BIN_5165469,35648,CWE-400,193,CWE-400,1,15,0,0,0,,,False,fgets|atoi|printline|printline,count:0|inputBuffer:0|i:0,163,42
BIN_5169238,10884,CWE-123,43,CWE-123,1,12,0,0,0,,,False,badsource,data:0|head:0,178,42
BIN_5178851,35651,CWE-400,193,CWE-400,1,14,0,0,0,,,False,fgets|atoi|printline|printline,count:0|inputBuffer:0|i:0,164,43
BIN_5190087,47220,CWE-681,19,CWE-685,1,7,0,1,1,,,False,fgets|atof|printline|sqrt|printintline,inputBuffer:0|doubleNumber:0,150,36
BIN_5205545,35992,CWE-400,193,CWE-400,3,6,0,0,0,,,True,memset|atoi|fopen|exit|fwrite|exit|fclose,,779,156
BIN_5214080,35252,CWE-396,25,CWE-396,1,11,0,0,0,,,True,rand|__cxa_allocate_exception|_znst12out_of_rangec1epkc|__cxa_throw|rand|__cxa_allocate_exception|_znst12domain_errorc1epkc|__cxa_throw|printline|__cxa_free_exception|__cxa_free_exception|__cxa_begin_catch|printline|__cxa_end_catch|__cxa_end_catch|_unwind_resume,,299,80
BIN_5216561,47037,CWE-680,142,CWE-680,1,15,2,2,2,,,True,fscanf|_znay|printintline|_zdapv,,174,47
BIN_5233083,46034,CWE-617,93,CWE-617,3,7,0,0,0,,,False,rand|rand|rand|rand|rand|rand|rand,data:0|dataPtr1:1|dataPtr2:1|data:0|data:0,183,55
BIN_5234713,35837,CWE-400,193,CWE-400,1,13,0,0,0,,,False,globalreturnstrueorfalse|fscanf|globalreturnstrueorfalse|fopen|exit|fwrite|exit|fclose|fopen|exit|fwrite|exit|fclose,count:0|i:0|pFile:1|filename:1|i:0|pFile:1|filename:1,446,104
BIN_5255267,35468,CWE-398,84,CWE-398,2,11,0,0,0,,,False,printline,,31,11
BIN_5274475,35388,CWE-398,84,CWE-398,1,12,0,1,1,,,False,staticreturnstrue|printline,i:0,58,18
BIN_5275345,40978,CWE-459,10,CWE-459,1,16,1,2,2,,,False,fwrite|fclose,filename:1|tmpl:0|pFile:1,156,37
BIN_5290342,39218,CWE-416,186,CWE-416,1,7,0,0,0,,,True,globalreturnstrue|_znwy|_zdlpvy|globalreturnstrue|printlonglongline,,113,33
BIN_5302980,55989,CWE-843,23,CWE-843,1,14,0,1,2,,,False,staticreturnstrue|printintline,data:1|charBuffer:0,57,18
BIN_5304954,39402,CWE-426,45,CWE-426,1,14,1,1,1,,,False,system|printline|exit,data:1|dataBuffer:0,205,38
BIN_5306875,35831,CWE-400,193,CWE-400,1,10,0,1,1,,,False,fscanf|fopen|exit|fwrite|exit|fclose,count:0|i:0|pFile:1|filename:1,246,59
BIN_5315714,41140,CWE-469,19,CWE-469,3,7,0,1,1,,,False,staticreturnstrue|strchr|exit|printunsignedline,string1:0|string2:0|slashInString1:1|indexOfSlashInString1:0,120,31
BIN_5317738,46854,CWE-680,142,CWE-680,1,10,0,0,1,,,True,rand|rand|rand|rand|rand|rand|rand|malloc|exit|printintline|free,data:0|myUnion:0|data:0|i:0|intPointer:1,228,67
BIN_5318800,46080,CWE-665,52,CWE-665,1,7,1,5,5,,,False,memset|strcat|printline,data:1|dataBuffer:0|source:0,89,22
BIN_5322156,39828,CWE-427,131,CWE-427,2,11,0,0,0,,,False,globalreturnstrueorfalse|wcslen|fgetws|wcslen|printline|wcscat,data:1|dataBuffer:0|dataLen:0,409,91
BIN_5323216,49288,CWE-761,150,CWE-761,1,12,1,1,1,,,False,malloc|exit|wcslen|memset|wcschr|wcschr|printline|free,data:1|wsaData:0|wsaDataInit:0|recvResult:0|service:0|replace:1|listenSocket:0|acceptSocket:0|dataLen:0,808,165
BIN_5330466,48903,CWE-761,150,CWE-761,1,12,1,1,1,,,False,malloc|exit|strlen|fopen|fgets|printline|fclose|printline|free,data:1|dataLen:0|pFile:1,277,77
BIN_5331943,48870,CWE-761,150,CWE-761,1,4,0,0,0,,,True,malloc|exit|strlen|getenv|strncat|badsink,data:1|dataLen:0|environment:1,147,38
BIN_5350516,45606,CWE-606,118,CWE-606,1,7,0,0,0,,,False,badsource|swscanf|printintline,data:1|dataBuffer:0|i:0|n:0|intVariable:0,353,57
BIN_5352913,32123,CWE-364,7,CWE-364,1,10,1,1,1,,,True,signal|free|malloc|exit|signal|free,gStructSigAtomic:1,207,44
BIN_5353925,46093,CWE-665,52,CWE-665,1,12,0,2,2,,,False,memset|strcat|printline,data:1|dataBuffer:0|source:0,90,23
BIN_5354174,41339,CWE-476,98,CWE-476,1,14,1,1,1,,,False,printlonglongline,data:1,40,14
BIN_5360170,45970,CWE-617,93,CWE-617,1,9,0,0,0,,,False,memset|atoi,data:0|wsaData:0|wsaDataInit:0|recvResult:0|service:0|listenSocket:0|acceptSocket:0|inputBuffer:0,585,118
BIN_5360758,39114,CWE-416,186,CWE-416,1,16,0,0,0,,,True,_znay|_zdapv|printlongline,,155,41
BIN_5361043,41416,CWE-476,98,CWE-476,3,11,0,1,1,,,False,staticreturnstrue|staticreturnstrue|printlongline,data:1,54,18
BIN_5361457,42557,CWE-588,22,CWE-588,1,10,2,2,2,,,False,printstructline,data:1|dataGoodBuffer:0|dataBadBuffer:0,56,15
BIN_5362138,42353,CWE-563,159,CWE-563,1,10,1,1,1,,,False,printintline,data:0,39,12
BIN_5372289,35973,CWE-400,193,CWE-400,3,4,0,0,0,,,False,memset|atoi|fopen|exit|fwrite|exit|fclose,count:0|wsaData:0|wsaDataInit:0|recvResult:0|service:0|listenSocket:0|acceptSocket:0|inputBuffer:0|i:0|pFile:1|filename:1,756,149
BIN_5389509,37876,CWE-404,10,CWE-404,1,14,1,1,1,,,False,fclose,data:0,87,25
BIN_5390066,418,CWE-135,24,CWE-135,1,14,0,1,2,,,False,globalreturnstrue|globalreturnstrue|strlen|___chkstk_ms|wcscpy|printline,data:1|dataLen:0|dest:1,147,40
BIN_5427292,38958,CWE-416,186,CWE-416,1,11,0,2,2,,,False,malloc|exit|free|printlongline,data:1|i:0,128,34
BIN_5432243,42110,CWE-563,159,CWE-563,1,13,1,1,1,,,False,,data:0,22,9
BIN_5438388,39136,CWE-416,186,CWE-416,1,9,0,0,0,,,True,_znay|_zdapv|printstructline,,180,45
BIN_5456589,35021,CWE-377,54,CWE-377,1,12,1,2,2,,,False,tmpnam|exit|printline|printline,filename:1|fileDesc:0,123,33
BIN_5468021,36039,CWE-400,193,CWE-400,2,12,0,0,0,,,False,memset|atoi|printline,count:0|countPtr1:1|countPtr2:1|count:0|wsaData:0|wsaDataInit:0|recvResult:0|service:0|listenSocket:0|acceptSocket:0|inputBuffer:0|count:0,635,127
BIN_5470397,42522,CWE-588,22,CWE-588,1,9,1,1,1,,,True,_zl17staticreturnstruev|printintline,,72,21
BIN_5477892,38904,CWE-416,186,CWE-416,2,11,0,0,0,,,False,malloc|exit|free|printlonglongline,data:1|i:0,149,38
BIN_5479072,48964,CWE-761,150,CWE-761,1,7,0,0,0,,,True,malloc|exit|_zn64cwe761_free_pointer_not_at_start_of_buffer__char_fixed_string_43l9badsourceerpc|printline|free,,132,39
BIN_5491863,39690,CWE-427,131,CWE-427,3,8,0,0,0,,,False,strlen|fopen|fgets|printline|fclose,data:1|dataBuffer:0|dataLen:0|pFile:1,526,88
BIN_5496810,46981,CWE-680,142,CWE-680,1,11,0,0,0,,,True,_znay|printintline|_zdapv,,152,41
BIN_5497648,46695,CWE-680,142,CWE-680,1,12,1,1,1,,,False,malloc|exit|printintline|free,data:0|i:0|intPointer:1,156,42
BIN_5501091,10889,CWE-123,43,CWE-123,1,9,0,0,1,,,True,memset,data:0|myUnion:0|head:0|wsaData:0|wsaDataInit:0|recvResult:0|service:0|connectSocket:0|data:0,553,102
BIN_5501329,39064,CWE-416,186,CWE-416,1,10,1,1,1,,,True,globalreturnstrue|_znay|_zdapv|globalreturnstrue|printlonglongline,,147,40
BIN_5506020,46018,CWE-617,93,CWE-617,1,6,0,0,0,,,False,rand|rand|rand|rand|rand|rand|rand,data:0,150,45
BIN_5517277,47002,CWE-680,142,CWE-680,1,5,0,0,0,,,True,,,51,15
BIN_5518908,41073,CWE-467,20,CWE-467,1,13,0,0,0,,,False,malloc|exit|printintline|free,badInt:1,103,28
BIN_5543289,46945,CWE-680,142,CWE-680,2,12,0,0,0,,,True,_zn56cwe680_integer_overflow_to_buffer_overflow__new_fgets_21l9badsourceei|_znay|printintline|_zdapv,,157,42
BIN_5544951,45410,CWE-606,118,CWE-606,1,11,0,0,0,,,False,strlen|getenv|strncat|sscanf|printintline,data:1|dataPtr1:1|dataPtr2:1|dataBuffer:0|data:1|dataLen:0|environment:1|data:1|i:0|n:0|intVariable:0,359,73
BIN_5554842,38996,CWE-416,186,CWE-416,1,13,1,1,1,,,False,malloc|exit|wmemset|free|printwline,data:1,142,37
BIN_5555724,38891,CWE-416,186,CWE-416,1,13,1,1,1,,,False,malloc|exit|memset|free|printline,data:1,140,37
BIN_5571551,39201,CWE-416,186,CWE-416,1,11,1,1,1,,,True,_znwy|_zdlpvy|printintline,,95,27
BIN_5579470,46906,CWE-680,142,CWE-680,1,9,0,0,0,,,True,memset|atoi,,456,94
BIN_5581711,35126,CWE-390,34,CWE-390,1,14,0,0,0,,,False,printline|fgets|printline,j:0|dataBuffer:0|data:1,223,43
BIN_5593614,39262,CWE-416,186,CWE-416,1,7,0,0,0,,,True,globalreturnstrue|_znwy|_zdlpvy|globalreturnstrue|printlongline,,110,33
BIN_5612612,46433,CWE-675,31,CWE-675,1,11,0,1,1,,,False,fopen|fclose|fclose,data:1,93,25
BIN_5613344,48811,CWE-761,150,CWE-761,2,12,1,1,1,,,False,malloc|exit|strlen|fgets|strlen|printline|printline|free,data:1|dataLen:0,303,86
BIN_5622095,42167,CWE-563,159,CWE-563,1,12,0,1,1,,,False,globalreturnstrue,data:0,20,8
BIN_5625240,41595,CWE-480,9,CWE-480,1,9,1,5,5,,,False,,,7,5
BIN_5626599,46998,CWE-680,142,CWE-680,2,9,1,1,1,,,True,_znay|printintline|_zdapv,,153,42
BIN_5631697,39929,CWE-427,131,CWE-427,1,13,0,0,0,,,False,wcslen|fopen|fgetws|printline|fclose,i:0|data:1|dataBuffer:0|dataLen:0|pFile:1,349,74
BIN_5632748,46806,CWE-680,142,CWE-680,1,8,0,0,0,,,True,memset|atoi|malloc|exit|printintline|free,data:0|myUnion:0|wsaData:0|wsaDataInit:0|recvResult:0|service:0|listenSocket:0|acceptSocket:0|inputBuffer:0|data:0|i:0|intPointer:1,701,140
BIN_5666680,56023,CWE-843,23,CWE-843,2,5,0,0,0,,,False,printintline,data:1|shortBuffer:0,50,15
BIN_5691828,42467,CWE-570,6,CWE-570,1,9,1,1,1,,,False,printline,,44,14
BIN_5693855,48845,CWE-761,150,CWE-761,1,9,0,0,2,,,False,malloc|exit|strlen|getenv|strncat|printline|free,data:1|dataLen:0|environment:1,198,55
BIN_5694349,41280,CWE-476,98,CWE-476,1,14,1,1,1,,,True,printintline|_zdlpvy,,60,20
BIN_5697672,46859,CWE-680,142,CWE-680,1,6,0,0,0,,,True,rand|rand|rand|rand|rand|rand|rand|badsink,data:0,116,37
BIN_5699994,42027,CWE-563,159,CWE-563,1,15,1,1,1,,,False,,data:0,23,9
BIN_5705603,39827,CWE-427,131,CWE-427,1,10,0,1,2,,,False,globalreturnstrue|wcslen|fgetws|wcslen|printline,data:1|dataBuffer:0|dataLen:0,381,86
BIN_5721095,41351,CWE-476,98,CWE-476,1,8,0,0,0,,,True,badsink,data:1,39,11
BIN_5736680,35051,CWE-377,54,CWE-377,1,14,0,0,0,,,False,exit|printwline|printline,filename:1|tmpl:0|fileDesc:0,181,44
BIN_5737942,52941,CWE-773,20,CWE-773,1,11,0,1,2,,,False,staticreturnstrue,data:0,117,31
BIN_5742368,38915,CWE-416,186,CWE-416,1,10,1,2,2,,,False,malloc|exit|free|printlonglongline,data:1|i:0,131,34
BIN_5745775,39682,CWE-427,131,CWE-427,2,8,0,0,0,,,False,strlen|fopen|fgets|printline|fclose,data:1|dataBuffer:0|dataLen:0|pFile:1,542,91
BIN_5748568,49087,CWE-761,150,CWE-761,1,13,0,1,1,,,False,malloc|exit|wcslen|fgetws|wcslen|printline|printline|free,data:1|dataLen:0,337,92
BIN_5757334,35003,CWE-377,54,CWE-377,2,12,0,0,0,,,False,tempnam|exit|printline|printline|free,filename:1|fileDesc:0,140,37
BIN_5778943,46602,CWE-680,142,CWE-680,1,14,0,0,0,,,False,globalreturnstrueorfalse|memset|atoi|malloc|exit|printintline|free,data:0|wsaData:0|wsaDataInit:0|recvResult:0|service:0|connectSocket:0|inputBuffer:0|i:0|intPointer:1,587,118
BIN_5791714,46762,CWE-680,142,CWE-680,1,10,0,0,0,,,False,fscanf,data:0|funcPtr:1,83,23
BIN_5797955,45585,CWE-606,118,CWE-606,1,12,0,1,1,,,False,wcslen|fgetws|wcslen|printline|swscanf|printintline,data:1|dataBuffer:0|dataLen:0|i:0|n:0|intVariable:0,584,115
BIN_5801799,42305,CWE-563,159,CWE-563,1,8,0,0,0,,,False,printhexcharline,data:0,60,20
BIN_5807844,35334,CWE-398,84,CWE-398,1,14,0,1,2,,,False,staticreturnstrue|printline,,39,13
BIN_5810261,35451,CWE-398,84,CWE-398,1,13,1,1,1,,,False,printintline|printintline,intOne:0,43,15
BIN_5812998,48812,CWE-761,150,CWE-761,2,12,0,0,0,,,False,malloc|exit|strlen|fgets|strlen|printline|badsink,data:1|dataLen:0,266,72
BIN_5823214,35397,CWE-398,84,CWE-398,1,16,0,0,0,,,False,printline,j:0|i:0,69,21
BIN_5835696,35138,CWE-390,34,CWE-390,1,16,0,0,1,,,False,globalreturnstrue|printwline|fgetws|printwline,dataBuffer:0|data:1,339,52
BIN_5843003,35227,CWE-391,25,CWE-391,1,10,0,0,0,,,False,wcstombs|printunsignedline|printline,bytesTranslated:0|charString:0,98,25
BIN_5850506,41614,CWE-481,8,CWE-481,1,10,0,0,1,,,False,staticreturnstrue|rand|printline,intRand:0,54,16
BIN_5871406,36025,CWE-400,193,CWE-400,2,11,0,1,1,,,False,staticreturnstrue|memset|atoi|staticreturnstrue|printline,count:0|wsaData:0|wsaDataInit:0|recvResult:0|service:0|listenSocket:0|acceptSocket:0|inputBuffer:0,584,120
BIN_5879167,35356,CWE-398,84,CWE-398,2,14,0,0,0,,,False,globalreturnstrueorfalse|rand|printline|rand|printline|printline,x:0|x:0,172,54
BIN_5881427,45652,CWE-606,118,CWE-606,1,9,0,0,0,,,True,wcslen|wcsncat|swscanf|printintline,data:1|myUnion:0|dataBuffer:0|dataLen:0|environment:1|data:1|i:0|n:0|intVariable:0,471,79
BIN_5887442,35500,CWE-400,193,CWE-400,1,15,0,1,2,,,False,globalreturnstrue|memset|atoi|globalreturnstrue|printline,count:0|wsaData:0|wsaDataInit:0|recvResult:0|service:0|connectSocket:0|inputBuffer:0|i:0,501,101
BIN_5888679,46347,CWE-666,34,CWE-666,1,17,0,0,2,,,False,strlen|memset|strchr|strchr|printline,data:0|wsaData:0|wsaDataInit:0|recvResult:0|service:0|replace:1|listenSocket:0|acceptSocket:0|dataLen:0,757,150
BIN_5897471,45511,CWE-606,118,CWE-606,2,7,0,0,0,,,True,_zn54cwe606_unchecked_loop_condition__char_listen_socket_43l9badsourceerpc|sscanf|printintline,,228,46
BIN_5907001,41640,CWE-482,8,CWE-482,1,8,1,1,1,,,False,printintline|printintline,intBadSink:0,43,15
BIN_5918023,35549,CWE-400,193,CWE-400,1,13,0,0,0,,,False,globalreturnstrueorfalse|memset|atoi|globalreturnstrueorfalse|fopen|exit|fwrite|exit|fclose|fopen|exit|fwrite|exit|fclose,count:0|wsaData:0|wsaDataInit:0|recvResult:0|service:0|connectSocket:0|inputBuffer:0|i:0|pFile:1|filename:1|i:0|pFile:1|filename:1,888,169
BIN_5927392,28224,CWE-196,11,CWE-196,2,6,0,0,0,,,False,rand|rand|printintline,intUnsigned:0|intSigned:0,55,20
BIN_5938256,35018,CWE-377,54,CWE-377,2,12,0,0,0,,,False,tempnam|exit|printline|printline|free,j:0|filename:1|fileDesc:0,167,43
BIN_5942117,35312,CWE-398,84,CWE-398,1,9,0,0,2,,,False,printintline|printintline,intOne:0|intTwo:0|intSum:0,65,19
BIN_5944201,35340,CWE-398,84,CWE-398,1,16,1,1,1,,,False,printline,,44,14
BIN_5971248,49292,CWE-761,150,CWE-761,2,11,0,0,0,,,False,malloc|exit|wcslen|memset|wcschr|wcschr|badsink,data:1|wsaData:0|wsaDataInit:0|recvResult:0|service:0|replace:1|listenSocket:0|acceptSocket:0|dataLen:0,759,151
BIN_5979818,41146,CWE-469,19,CWE-469,2,11,0,0,0,,,False,strchr|exit|printunsignedline,string1:0|string2:0|slashInString1:1|indexOfSlashInString1:0,125,32
BIN_5988489,35056,CWE-377,54,CWE-377,1,13,0,1,1,,,False,exit|printwline|printline|free,filename:1|fileDesc:0,144,38
BIN_5992911,39059,CWE-416,186,CWE-416,1,11,3,3,3,,,True,_znay|_zdapv|printlonglongline,,119,30
BIN_5994816,47129,CWE-680,142,CWE-680,1,14,1,1,1,,,True,globalreturnstrue|rand|rand|rand|rand|rand|rand|rand|_znay|printintline|_zdapv,,228,68
BIN_5998768,39728,CWE-427,131,CWE-427,3,8,0,1,1,,,False,staticreturnstrue|strlen|memset|strchr|strchr,data:1|dataBuffer:0|wsaData:0|wsaDataInit:0|recvResult:0|service:0|replace:1|listenSocket:0|acceptSocket:0|dataLen:0,1073,178
BIN_6001990,38945,CWE-416,186,CWE-416,4,9,0,0,0,,,False,malloc|exit|free|printlongline,data:1|i:0,126,32
BIN_6010911,42245,CWE-563,159,CWE-563,1,9,0,6,6,,,False,,data:0,15,7
BIN_6022747,46404,CWE-672,8,CWE-672,1,8,0,0,0,,,True,.text$_znst7__cxx114listiisaiieec1ev|_znst7__cxx114listiisaiieec1ev|.text$_znst7__cxx114listiisaiieec1erks2_|_znst7__cxx114listiisaiieec1erks2_|_zn69cwe672_operation_on_resource_after_expiration_or_release__list_int_42l9badsourceenst7__cxx114listiisaiieee|.text$_znst7__cxx114listiisaiieeaseos2_|_znst7__cxx114listiisaiieeaseos2_|.text$_znst7__cxx114listiisaiieed1ev|_znst7__cxx114listiisaiieed1ev|.text$_znst7__cxx114listiisaiieed1ev|_znst7__cxx114listiisaiieed1ev|.text$_znst14_list_iteratoriiec1ev|_znst14_list_iteratoriiec1ev|_zstlsist11char_traitsiceerst13basic_ostreamict_es5_pkc|.text$_znst7__cxx114listiisaiiee5beginev|_znst7__cxx114listiisaiiee5beginev|.text$_znkst14_list_iteratoriiedeev|_znkst14_list_iteratoriiedeev|.text$_znst7__cxx114listiisaiiee5clearev|_znst7__cxx114listiisaiiee5clearev|_zstlsist11char_traitsiceerst13basic_ostreamict_es5_pkc|.text$_znkst14_list_iteratoriiedeev|_znkst14_list_iteratoriiedeev|_znsolsei|.text$_znst14_list_iteratoriieppei|_znst14_list_iteratoriieppei|.text$_znst7__cxx114listiisaiiee3endev|_znst7__cxx114listiisaiiee3endev|.text$_zstnerkst14_list_iteratoriies2_|_zstnerkst14_list_iteratoriies2_|_znsolsepfrsos_e|.text$_znst7__cxx114listiisaiieed1ev|_znst7__cxx114listiisaiieed1ev|.text$_znst7__cxx114listiisaiieed1ev|_znst7__cxx114listiisaiieed1ev|.text$_znst7__cxx114listiisaiieed1ev|_znst7__cxx114listiisaiieed1ev|_unwind_resume,,384,99
BIN_6026902,41823,CWE-511,27,CWE-511,1,12,0,1,1,,,False,_time64,currentTime:0,58,17
BIN_6037889,45649,CWE-606,118,CWE-606,2,10,0,0,0,,,False,wcslen|wcsncat|swscanf|printintline,data:1|dataBuffer:0|dataLen:0|environment:1|dataCopy:1|data:1|i:0|n:0|intVariable:0,471,79
BIN_6038616,35198,CWE-391,25,CWE-391,1,15,0,0,0,,,False,sqrt|printdoubleline,j:0|doubleNumber:0,75,21
BIN_6046444,39486,CWE-426,45,CWE-426,1,12,0,1,1,,,False,wcscpy|printline|exit,data:1|dataBuffer:0,336,52
BIN_6066650,35181,CWE-390,34,CWE-391,3,5,0,1,1,,,False,sqrt|printdoubleline,doubleNumber:0,80,21
BIN_6067399,45533,CWE-606,118,CWE-606,2,4,0,1,1,,,False,wcslen|memset|wcschr|wcschr|swscanf|printintline,data:1|dataBuffer:0|wsaData:0|wsaDataInit:0|recvResult:0|service:0|replace:1|connectSocket:0|dataLen:0|i:0|n:0|intVariable:0,959,161
BIN_6069017,41650,CWE-483,9,CWE-483,1,11,0,1,1,,,False,rand|printline|printline,x:0|y:0,120,35
BIN_6086658,41379,CWE-476,98,CWE-476,1,16,1,1,1,,,False,printintline,data:1,64,20
BIN_6087344,35482,CWE-398,84,CWE-398,1,11,0,0,0,,,False,globalreturnstrue|printline,,39,13
BIN_6094273,35462,CWE-398,84,CWE-398,1,12,1,1,1,,,False,printline,,43,14
BIN_6106195,41187,CWE-475,18,CWE-475,2,12,0,1,1,,,False,wcscpy|memcpy|printwline,dataBuffer:0|data:1,323,48
BIN_6129989,47242,CWE-688,5,CWE-688,1,11,0,0,1,,,False,sprintf|printline,dest:0|intFive:0,74,20
BIN_6143251,48771,CWE-761,150,CWE-761,1,7,0,0,0,,,False,malloc|exit|badsource|printline|free,data:1,127,37
BIN_6151500,41230,CWE-476,98,CWE-476,1,13,0,0,1,,,False,staticreturnstrue|staticreturnstrue|printhexcharline,data:1,58,19
BIN_6167857,48905,CWE-761,150,CWE-761,1,13,0,0,0,,,False,malloc|exit|strlen|fopen|fgets|printline|fclose|printline|free,data:1|dataLen:0|pFile:1,268,74
BIN_6176767,35145,CWE-390,34,CWE-390,1,15,1,2,2,,,False,printwline|fgetws|printwline,dataBuffer:0|data:1,327,50
BIN_6178752,46334,CWE-666,34,CWE-666,1,15,1,1,1,,,False,strlen|memset|strchr|strchr|printline,data:0|wsaData:0|wsaDataInit:0|recvResult:0|service:0|replace:1|listenSocket:0|acceptSocket:0|dataLen:0,761,151
BIN_6185400,56028,CWE-843,23,CWE-843,1,8,0,0,0,,,False,printintline,data:1|shortBuffer:0,61,18
BIN_6194587,41136,CWE-469,19,CWE-469,2,4,0,0,1,,,False,strchr|exit|printunsignedline,string1:0|string2:0|slashInString1:1|indexOfSlashInString1:0,120,31
BIN_6218150,48947,CWE-761,150,CWE-761,2,12,0,0,0,,,False,malloc|exit|printline|free,data:1,155,42
BIN_6226879,39153,CWE-416,186,CWE-416,1,8,0,0,0,,,True,globalreturnstrueorfalse|_znay|wmemset|_zdapv|_znay|wmemset|globalreturnstrueorfalse|printwline,,188,49
BIN_6233797,41367,CWE-476,98,CWE-476,1,8,1,1,1,,,False,printintline,data:1,36,12
BIN_6236346,36026,CWE-400,193,CWE-400,1,11,1,1,1,,,False,memset|atoi|printline,count:0|wsaData:0|wsaDataInit:0|recvResult:0|service:0|listenSocket:0|acceptSocket:0|inputBuffer:0,592,122
BIN_6238721,48760,CWE-761,150,CWE-761,1,10,1,1,1,,,False,malloc|exit|strlen|memset|strchr|strchr|printline|free,data:1|wsaData:0|wsaDataInit:0|recvResult:0|service:0|replace:1|connectSocket:0|dataLen:0,671,139
BIN_6244797,49184,CWE-761,150,CWE-761,1,9,0,0,0,,,False,malloc|exit|wcslen|fopen|fgetws|printline|fclose|printline|free,data:1|dataLen:0|pFile:1,293,78
BIN_6251210,39605,CWE-427,131,CWE-427,1,7,0,0,0,,,True,strlen|fgets|strlen|printline|badsink,data:1|dataBuffer:0|dataLen:0,569,98
BIN_6252927,35214,CWE-391,25,CWE-391,1,13,0,2,2,,,False,strtol|printf,longNumber:0,62,18
BIN_6256987,46999,CWE-680,142,CWE-680,2,8,0,0,0,,,True,_zn56cwe680_integer_overflow_to_buffer_overflow__new_fixed_417badsinkei,,39,12
BIN_6258203,45681,CWE-606,118,CWE-606,2,8,0,0,0,,,False,wcslen|fopen|fgetws|printline|fclose|swscanf|printintline,data:1|dataBuffer:0|dataLen:0|pFile:1|i:0|n:0|intVariable:0,557,101
BIN_6262415,42244,CWE-563,159,CWE-563,1,8,0,6,6,,,False,,data:0,15,7
BIN_6262752,28211,CWE-196,11,CWE-196,1,6,0,1,1,,,False,rand|rand|printintline,intUnsigned:0|intSigned:0,54,19
BIN_6276608,35947,CWE-400,193,CWE-400,2,9,0,0,0,,,False,badsource|printline,count:0|i:0,85,24
BIN_6279350,38923,CWE-416,186,CWE-416,1,11,0,1,1,,,False,malloc|exit|free|printintline,data:1|i:0,126,32
BIN_6283262,42332,CWE-563,159,CWE-563,1,9,0,0,1,,,False,staticreturnstrue|staticreturnstrue|printlonglongline,data:0,61,18
BIN_6290567,41288,CWE-476,98,CWE-476,1,8,0,0,0,,,True,printintline|_zdlpvy,,74,22
BIN_6293639,41415,CWE-476,98,CWE-476,2,11,0,0,0,,,False,printlongline,data:1,58,18
BIN_6299331,37896,CWE-404,10,CWE-404,2,7,0,0,0,,,True,badsink,data:0,69,18
BIN_6311232,35447,CWE-398,84,CWE-398,1,11,0,0,0,,,False,globalreturnstrueorfalse|printintline|printintline|printintline|printintline,intOne:0|intOne:0|intFive:0,93,28
BIN_6314548,46437,CWE-675,31,CWE-675,1,12,1,1,1,,,False,fopen|fclose|fclose,data:1,99,27
BIN_6320138,42369,CWE-563,159,CWE-563,1,11,1,1,1,,,False,printintline,data:0,41,14
BIN_6334090,10892,CWE-123,43,CWE-123,2,6,0,0,0,,,True,_zn52cwe123_write_what_where_condition__connect_socket_43l9badsourceer10_badstruct,,132,32
BIN_6351503,45846,CWE-617,93,CWE-617,1,7,0,0,0,,,False,badsource,data:0,73,20
BIN_6353901,18966,CWE-188,21,CWE-188,2,8,0,0,0,,,False,printintline|printintline,structCharInt:0|charPtr:1,78,24
BIN_6364033,46904,CWE-680,142,CWE-680,1,10,0,0,0,,,True,_zn65cwe680_integer_overflow_to_buffer_overflow__new_connect_socket_42l9badsourceei|_znay|printintline|_zdapv,,147,41
BIN_6388389,41088,CWE-467,20,CWE-467,1,12,0,0,0,,,False,globalreturnstrue|malloc|exit|printshortline|free,badShort:1,99,28
BIN_6393904,42316,CWE-563,159,CWE-563,2,7,0,0,0,,,True,printhexcharline,,52,17
BIN_6410620,35380,CWE-398,84,CWE-398,1,11,0,0,0,,,False,rand|printline|printline,x:0,97,31
BIN_6418621,36114,CWE-400,193,CWE-400,2,6,0,1,1,,,False,rand|rand|rand|rand|rand|rand|rand|fopen|exit|fwrite|exit|fclose,count:0|i:0|pFile:1|filename:1,263,70
BIN_6423319,35243,CWE-396,25,CWE-396,1,9,0,0,0,,,True,_zl17staticreturnstruev|rand|__cxa_allocate_exception|_znst12out_of_rangec1epkc|__cxa_throw|rand|__cxa_allocate_exception|_znst12domain_errorc1epkc|__cxa_throw|printline|__cxa_free_exception|__cxa_free_exception|__cxa_begin_catch|printline|__cxa_end_catch|__cxa_end_catch|_unwind_resume,,291,80
BIN_6445843,48868,CWE-761,150,CWE-761,1,5,0,0,0,,,True,malloc|exit|_zn63cwe761_free_pointer_not_at_start_of_buffer__char_environment_43l9badsourceerpc|printline|free,,132,39
BIN_6447411,39822,CWE-427,131,CWE-427,1,9,0,1,1,,,False,wcslen|fgetws|wcslen|printline,data:1|dataBuffer:0|dataLen:0,382,86
BIN_6471841,39791,CWE-427,131,CWE-427,2,8,0,0,0,,,True,wcslen|memset|wcschr|wcschr,,706,144
BIN_6474182,35392,CWE-398,84,CWE-398,1,13,0,0,0,,,False,globalreturnstrueorfalse|printline|printline|printline,i:0|i:0,109,30
BIN_6481390,39202,CWE-416,186,CWE-416,2,10,0,0,0,,,True,_znwy|_zdlpvy|printintline,,132,36
BIN_6484857,35457,CWE-398,84,CWE-398,2,11,0,0,1,,,False,printline,,39,13
BIN_6488864,41880,CWE-546,35,CWE-546,2,14,0,0,0,,,False,printline,,40,13
BIN_6489896,56042,CWE-843,23,CWE-843,1,8,0,0,0,,,True,printintline,,69,20
BIN_6490719,38932,CWE-416,186,CWE-416,1,9,0,0,0,,,False,globalreturnstrue|malloc|exit|free|globalreturnstrue|printintline,data:1|i:0,144,38
BIN_6537894,41133,CWE-469,19,CWE-468,1,3,0,1,1,,,False,strchr|exit|printunsignedline,string1:0|string2:0|slashInString1:1|indexOfSlashInString1:0,111,28
BIN_6538406,41911,CWE-546,35,CWE-546,1,12,1,1,1,,,False,printline,,31,11
BIN_6544343,45782,CWE-617,93,CWE-617,1,13,1,1,1,,,False,memset|atoi,data:0|wsaData:0|wsaDataInit:0|recvResult:0|service:0|connectSocket:0|inputBuffer:0,473,96
BIN_6546251,47180,CWE-681,19,CWE-681,1,16,1,1,1,,,False,fgets|atof|printline|printfloatline,inputBuffer:0|doubleNumber:0,160,38
BIN_6556230,18985,CWE-188,21,CWE-188,1,9,0,0,0,,,False,printintline,unionStructLong:0,55,18
BIN_6561269,48851,CWE-761,150,CWE-761,1,10,1,1,1,,,False,malloc|exit|strlen|getenv|strncat|printline|free,data:1|dataLen:0|environment:1,202,56
BIN_6594771,45821,CWE-617,93,CWE-617,1,7,0,2,2,,,False,fgets|atoi|printline,data:0|inputBuffer:0,150,37
BIN_6599715,49048,CWE-761,150,CWE-761,1,15,1,1,1,,,False,malloc|exit|wcslen|memset|wcschr|wcschr|printline|free,data:1|wsaData:0|wsaDataInit:0|recvResult:0|service:0|replace:1|connectSocket:0|dataLen:0,693,142
BIN_6602585,48854,CWE-761,150,CWE-761,1,11,1,1,1,,,False,malloc|exit|strlen|getenv|strncat|printline|free,data:1|dataLen:0|environment:1,203,56
BIN_6603166,35635,CWE-400,193,CWE-400,1,7,1,1,1,,,False,fgets|atoi|printline|printline,count:0|inputBuffer:0|i:0,162,41
BIN_6604096,41963,CWE-563,159,CWE-563,1,9,0,4,4,,,False,,data:0,19,8
BIN_6651076,42512,CWE-587,7,CWE-587,1,10,1,2,2,,,False,printhexcharline,charPointer:1,41,14
BIN_6653810,36169,CWE-400,193,CWE-400,1,9,0,1,1,,,False,staticreturnstrue|rand|rand|rand|rand|rand|rand|rand|staticreturnstrue|printline,count:0,149,47
BIN_6654817,41803,CWE-511,27,CWE-511,1,11,0,0,0,,,False,,count:0,50,13
BIN_6679320,45630,CWE-606,118,CWE-606,1,7,0,1,1,,,False,wcslen|wcsncat|swscanf|printintline,data:1|dataBuffer:0|dataLen:0|environment:1|i:0|n:0|intVariable:0,443,75
BIN_6681885,35734,CWE-400,193,CWE-400,1,11,0,1,1,,,False,fgets|atoi|printline|printline,count:0|inputBuffer:0,161,42
BIN_6692888,32174,CWE-367,18,CWE-367,1,11,0,0,1,,,False,globalreturnstrue|fgets|printline|strlen|exit|exit|exit,filename:0|fileDesc:0,375,83
BIN_6695158,48801,CWE-761,150,CWE-761,1,8,0,1,1,,,False,malloc|exit|strlen|fgets|strlen|printline|staticreturnstrue|printline|free,data:1|dataLen:0,311,88
BIN_6704954,45507,CWE-606,118,CWE-606,1,9,0,0,0,,,True,strlen|memset|strchr|strchr|sscanf|printintline,,975,182
BIN_6712021,45353,CWE-606,118,CWE-606,1,15,1,1,1,,,False,strlen|fgets|strlen|printline|sscanf|printintline,data:1|dataBuffer:0|dataLen:0|i:0|n:0|intVariable:0,434,101
BIN_6718312,39554,CWE-427,131,CWE-427,1,9,0,0,0,,,False,badsource,data:1|dataBuffer:0,353,51
BIN_6719710,52955,CWE-773,20,CWE-773,1,9,0,0,0,,,False,,data:0|dataPtr1:1|dataPtr2:1|data:0|data:0,151,41
BIN_6720054,39685,CWE-427,131,CWE-427,1,8,0,0,0,,,False,strlen|fopen|fgets|printline|fclose,data:1|dataBuffer:0|dataLen:0|pFile:1,543,91
BIN_6723389,41565,CWE-478,6,CWE-478,1,12,1,1,1,,,False,rand|printline,charString:1|x:0,136,42
BIN_6740029,45689,CWE-606,118,CWE-606,1,12,1,1,1,,,False,wcslen|fopen|fgetws|printline|fclose|swscanf|printintline,data:1|dataBuffer:0|dataLen:0|pFile:1|i:0|n:0|intVariable:0,565,103
BIN_6750076,39274,CWE-416,186,CWE-416,2,9,1,1,1,,,True,_znwy|_zdlpvy|printstructline,,92,24
BIN_6760437,35439,CWE-398,84,CWE-398,1,12,0,0,1,,,False,printintline|printintline,intOne:0,51,17
BIN_6772292,42089,CWE-563,159,CWE-563,1,8,0,0,0,,,True,_zn54cwe563_unused_variable__unused_init_variable_struct_43l9badsourceer14_twointsstruct,,27,10
BIN_6779767,41561,CWE-478,6,CWE-478,1,12,1,1,1,,,False,rand|printline,charString:1|x:0,135,42
BIN_6779999,39457,CWE-426,45,CWE-426,1,6,0,0,0,,,True,wcscpy|cwe426_untrusted_search_path__wchar_t_popen_41_badsink,data:1|dataBuffer:0,293,41
BIN_6804654,48756,CWE-761,150,CWE-761,1,10,0,0,0,,,False,malloc|exit|strlen|memset|strchr|strchr|globalreturnstrue|printline|free,data:1|wsaData:0|wsaDataInit:0|recvResult:0|service:0|replace:1|connectSocket:0|dataLen:0,679,141
BIN_6804689,48753,CWE-761,150,CWE-761,1,9,0,0,0,,,False,malloc|exit|strlen|memset|strchr|strchr|staticreturnstrue|printline|free,data:1|wsaData:0|wsaDataInit:0|recvResult:0|service:0|replace:1|connectSocket:0|dataLen:0,679,141
BIN_6809214,46451,CWE-675,31,CWE-675,1,8,0,0,0,,,True,fopen|fclose|fclose,,92,24
BIN_6835081,48750,CWE-761,150,CWE-761,1,8,0,1,1,,,False,malloc|exit|strlen|memset|strchr|strchr|printline|free,data:1|wsaData:0|wsaDataInit:0|recvResult:0|service:0|replace:1|connectSocket:0|dataLen:0,680,141
BIN_6835879,49055,CWE-761,150,CWE-761,1,12,0,0,0,,,False,malloc|exit|wcslen|memset|wcschr|wcschr|printline|free,data:1|dataPtr1:1|dataPtr2:1|data:1|wsaData:0|wsaDataInit:0|recvResult:0|service:0|replace:1|connectSocket:0|dataLen:0|data:1,773,155
BIN_6837665,40973,CWE-459,10,CWE-459,1,16,1,2,2,,,False,_mkstemp|fdopen|fwrite|fclose,filename:0|pFile:1|fileDesc:0,130,34
BIN_6837791,35321,CWE-398,84,CWE-398,1,13,1,1,1,,,False,printintline|printintline,intOne:0|intTwo:0|intSum:0,70,20
BIN_6851447,39132,CWE-416,186,CWE-416,1,10,1,1,1,,,True,_znay|_zdapv|printstructline,,169,42
BIN_6859429,42394,CWE-563,159,CWE-563,1,10,0,0,0,,,False,printlongline,data:0,41,14
BIN_6862467,42563,CWE-588,22,CWE-588,2,12,0,0,0,,,False,printstructline,data:1|dataGoodBuffer:0|dataBadBuffer:0,69,19
BIN_6870286,46066,CWE-617,93,CWE-617,2,8,0,0,0,,,False,,,57,16
BIN_6885064,39448,CWE-426,45,CWE-426,1,12,0,0,0,,,False,wcscpy,data:1|dataBuffer:0|pipe:1,304,51
BIN_6901635,46890,CWE-680,142,CWE-680,1,15,0,0,0,,,True,globalreturnstrueorfalse|memset|atoi|_znay|printintline|_zdapv,,606,124
BIN_6911717,39216,CWE-416,186,CWE-416,1,8,1,1,1,,,True,_znwy|_zdlpvy|printlonglongline,,111,31
BIN_6914715,46184,CWE-665,52,CWE-665,1,9,4,5,5,,,False,wmemset|wcscat|printwline,data:1|dataBuffer:0|source:0,100,22
BIN_6927046,45554,CWE-606,118,CWE-606,3,9,0,0,0,,,False,wcslen|memset|wcschr|wcschr|swscanf|printintline,data:1|dataPtr1:1|dataPtr2:1|dataBuffer:0|data:1|wsaData:0|wsaDataInit:0|recvResult:0|service:0|replace:1|connectSocket:0|dataLen:0|data:1|i:0|n:0|intVariable:0,1038,174
BIN_6928157,45872,CWE-617,93,CWE-617,1,11,0,0,1,,,False,,data:0,76,20
BIN_6931386,41207,CWE-476,98,CWE-476,1,7,0,1,1,,,False,printline,twoIntsStructPointer:1,64,20
BIN_6933777,46842,CWE-680,142,CWE-680,1,13,0,0,0,,,False,globalreturnstrueorfalse|rand|rand|rand|rand|rand|rand|rand|malloc|exit|printintline|free,data:0|i:0|intPointer:1,234,68
BIN_6948125,39290,CWE-416,186,CWE-416,1,13,0,0,0,,,True,_znwy|_zdlpvy|printstructline,,131,35
BIN_6963122,41091,CWE-467,20,CWE-467,1,10,1,1,1,,,False,malloc|exit|printshortline|free,badShort:1,104,29
BIN_6965267,45695,CWE-606,118,CWE-606,1,13,0,0,0,,,False,wcslen|fopen|fgetws|printline|fclose|badsink,data:1|dataBuffer:0|dataLen:0|pFile:1,422,80
BIN_6969150,47224,CWE-685,8,CWE-685,1,10,0,0,2,,,False,sprintf|printline,dest:0,71,19
BIN_7003643,39209,CWE-416,186,CWE-416,2,8,2,2,2,,,True,_znwy|_zdlpvy|printlonglongline,,85,23
BIN_7007805,41452,CWE-476,98,CWE-476,1,4,1,1,1,,,False,malloc|printintline|printintline,intPointer:1,90,25
BIN_7027067,41879,CWE-546,35,CWE-546,1,15,0,0,1,,,False,printline,,39,13
BIN_7036157,41860,CWE-546,35,CWE-546,1,11,2,2,2,,,False,printline,,30,10
BIN_7036529,38894,CWE-416,186,CWE-416,1,12,0,0,0,,,False,malloc|exit|memset|free|printline,i:0|j:0|data:1,151,40
BIN_7067094,41434,CWE-476,98,CWE-476,2,7,0,0,0,,,False,,data:1|funcPtr:1,47,14
BIN_7073016,39551,CWE-427,131,CWE-427,1,12,0,0,0,,,True,strlen|memset|strchr|strchr,,986,161
BIN_7076419,45870,CWE-617,93,CWE-617,1,10,2,2,2,,,False,,data:0,67,17
BIN_7083674,35993,CWE-400,193,CWE-400,2,6,0,0,0,,,True,memset|atoi|fopen|exit|fwrite|exit|fclose,count:0|myUnion:0|wsaData:0|wsaDataInit:0|recvResult:0|service:0|listenSocket:0|acceptSocket:0|inputBuffer:0|count:0|i:0|pFile:1|filename:1,754,147
BIN_7087540,35074,CWE-377,54,CWE-377,3,12,0,0,0,,,False,exit|printwline|printline,filename:1|fileDesc:0,127,34
BIN_7087817,35689,CWE-400,193,CWE-400,1,12,0,0,1,,,False,staticreturnstrue|fgets|atoi|printline|staticreturnstrue|fopen|exit|fwrite|exit|fclose,count:0|inputBuffer:0|i:0|pFile:1|filename:1,295,71
BIN_7101710,39070,CWE-416,186,CWE-416,1,10,0,0,0,,,True,_znay|_zdapv|printlonglongline,,158,41
BIN_7101760,46608,CWE-680,142,CWE-680,1,11,0,1,1,,,False,memset|atoi|malloc|exit|printintline|free,data:0|wsaData:0|wsaDataInit:0|recvResult:0|service:0|connectSocket:0|inputBuffer:0|i:0|intPointer:1,563,114
BIN_7115172,430,CWE-135,24,CWE-135,1,13,0,0,0,,,True,strlen|___chkstk_ms|wcscpy|printline,,148,39
BIN_7148649,41200,CWE-475,18,CWE-475,2,7,0,0,0,,,False,wcscpy|memcpy|printwline,dataBuffer:0|data:1,341,52
BIN_7149693,45884,CWE-617,93,CWE-617,1,15,2,2,2,,,False,,data:0,68,18
BIN_7160381,49051,CWE-761,150,CWE-761,1,15,1,1,1,,,False,malloc|exit|wcslen|memset|wcschr|wcschr|printline|free,data:1|wsaData:0|wsaDataInit:0|recvResult:0|service:0|replace:1|connectSocket:0|dataLen:0,693,142
BIN_7168091,35096,CWE-390,34,CWE-390,1,11,0,0,0,,,True,.text$_znst7__cxx1112basic_stringicst11char_traitsicesaiceec1is3_eepkcrks3_|_znst7__cxx1112basic_stringicst11char_traitsicesaiceec1is3_eepkcrks3_|.text$_znst15__new_allocatoriced2ev|_znst15__new_allocatoriced2ev|rand|rand|.text$_znkst7__cxx1112basic_stringicst11char_traitsicesaicee6substreyy|_znkst7__cxx1112basic_stringicst11char_traitsicesaicee6substreyy|.text$_znkst7__cxx1112basic_stringicst11char_traitsicesaicee5c_strev|_znkst7__cxx1112basic_stringicst11char_traitsicesaicee5c_strev|printline|.text$_znst7__cxx1112basic_stringicst11char_traitsicesaiceed1ev|_znst7__cxx1112basic_stringicst11char_traitsicesaiceed1ev|.text$_znst7__cxx1112basic_stringicst11char_traitsicesaiceed1ev|_znst7__cxx1112basic_stringicst11char_traitsicesaiceed1ev|.text$_znst15__new_allocatoriced2ev|_znst15__new_allocatoriced2ev|.text$_znst7__cxx1112basic_stringicst11char_traitsicesaiceed1ev|_znst7__cxx1112basic_stringicst11char_traitsicesaiceed1ev|.text$_znst7__cxx1112basic_stringicst11char_traitsicesaiceed1ev|_znst7__cxx1112basic_stringicst11char_traitsicesaiceed1ev|_unwind_resume|__cxa_begin_catch|__cxa_end_catch,,273,80
BIN_7184022,41909,CWE-546,35,CWE-546,1,12,1,1,1,,,False,printline,,31,11
BIN_7188829,18973,CWE-188,21,CWE-188,1,8,1,2,2,,,False,printintline|printintline,structCharInt:0|charPtr:1,66,21
BIN_7190407,35289,CWE-396,25,CWE-397,2,6,0,0,0,,,True,rand|__cxa_allocate_exception|_znst12out_of_rangec1epkc|__cxa_throw|rand|__cxa_allocate_exception|_znst12domain_errorc1epkc|__cxa_throw|printline|__cxa_free_exception|__cxa_free_exception|_unwind_resume|__cxa_begin_catch|printline|__cxa_end_catch|__cxa_begin_catch|printline|__cxa_end_catch|__cxa_end_catch|_unwind_resume|__cxa_end_catch|_unwind_resume,,369,103
BIN_7190579,48960,CWE-761,150,CWE-761,2,9,0,0,0,,,True,malloc|exit|printline|free,,163,44
BIN_7193658,41212,CWE-476,98,CWE-476,1,11,0,1,2,,,False,staticreturnstrue|printline,twoIntsStructPointer:1,73,23
BIN_7196466,45283,CWE-605,8,CWE-605,1,10,1,1,1,,,False,strlen|memset|strchr|strchr|printline,data:0|wsaData:0|wsaDataInit:0|recvResult:0|service:0|replace:1|listenSocket:0|acceptSocket:0|dataLen:0|bOptVal:0|bOptLen:0,846,167
BIN_7199765,41517,CWE-476,98,CWE-476,1,12,0,0,0,,,False,printwcharline,data:1,62,19
BIN_7201532,39265,CWE-416,186,CWE-416,2,8,0,0,0,,,True,_znwy|_zdlpvy|printlongline,,110,31
BIN_7213401,41883,CWE-546,35,CWE-546,1,15,0,1,1,,,False,staticreturnstrue|printline,,39,13
BIN_7216864,41892,CWE-546,35,CWE-546,1,14,0,0,0,,,False,printline,j:0,50,16
BIN_7229141,39231,CWE-416,186,CWE-416,2,12,2,2,2,,,True,_znwy|_zdlpvy|printintline,,82,23
BIN_7229693,32168,CWE-367,18,CWE-367,1,9,0,1,1,,,False,fgets|printline|strlen|exit|exit|exit,filename:0|fileDesc:0,376,83
BIN_7245415,35107,CWE-390,34,CWE-390,1,18,1,1,1,,,True,.text$_znst7__cxx1112basic_stringicst11char_traitsicesaiceec1is3_eepkcrks3_|_znst7__cxx1112basic_stringicst11char_traitsicesaiceec1is3_eepkcrks3_|.text$_znst15__new_allocatoriced2ev|_znst15__new_allocatoriced2ev|rand|rand|.text$_znkst7__cxx1112basic_stringicst11char_traitsicesaicee6substreyy|_znkst7__cxx1112basic_stringicst11char_traitsicesaicee6substreyy|.text$_znkst7__cxx1112basic_stringicst11char_traitsicesaicee5c_strev|_znkst7__cxx1112basic_stringicst11char_traitsicesaicee5c_strev|printline|.text$_znst7__cxx1112basic_stringicst11char_traitsicesaiceed1ev|_znst7__cxx1112basic_stringicst11char_traitsicesaiceed1ev|.text$_znst7__cxx1112basic_stringicst11char_traitsicesaiceed1ev|_znst7__cxx1112basic_stringicst11char_traitsicesaiceed1ev|.text$_znst15__new_allocatoriced2ev|_znst15__new_allocatoriced2ev|.text$_znst7__cxx1112basic_stringicst11char_traitsicesaiceed1ev|_znst7__cxx1112basic_stringicst11char_traitsicesaiceed1ev|.text$_znst7__cxx1112basic_stringicst11char_traitsicesaiceed1ev|_znst7__cxx1112basic_stringicst11char_traitsicesaiceed1ev|_unwind_resume|__cxa_begin_catch|__cxa_end_catch,,261,78
BIN_7271230,42043,CWE-563,159,CWE-563,1,7,2,4,4,,,False,,data:0,22,8
BIN_7281709,39790,CWE-427,131,CWE-427,1,8,0,0,0,,,False,wcslen|memset|wcschr|wcschr,data:1|dataPtr1:1|dataPtr2:1|dataBuffer:0|data:1|wsaData:0|wsaDataInit:0|recvResult:0|service:0|replace:1|connectSocket:0|dataLen:0|data:1,745,148
BIN_7288415,41966,CWE-563,159,CWE-563,1,10,4,4,4,,,False,,data:0,19,8
BIN_7302689,48959,CWE-761,150,CWE-761,1,9,0,0,0,,,False,malloc|exit|printline|free,data:1|dataPtr1:1|dataPtr2:1|data:1|data:1,193,52
BIN_7314339,41012,CWE-464,10,CWE-464,1,15,0,0,0,,,False,badsource|printline,data:0|charArraySink:0,74,21
BIN_7316191,41285,CWE-476,98,CWE-476,2,9,0,0,0,,,True,printintline|_zdlpvy,,74,22
BIN_7319434,46454,CWE-675,31,CWE-675,1,7,0,0,0,,,False,badsource|fclose,data:1,51,15
BIN_7323555,35697,CWE-400,193,CWE-400,1,16,0,2,2,,,False,fgets|atoi|printline|fopen|exit|fwrite|exit|fclose,count:0|inputBuffer:0|i:0|pFile:1|filename:1,275,67
BIN_7346771,39311,CWE-416,186,CWE-416,2,15,1,1,1,,,True,_znwy|_zdlpvy|printwcharline,,87,26
BIN_7368816,40997,CWE-464,10,CWE-464,1,12,0,0,2,,,False,getc|atoi|printline,data:0|charArraySource:0|charArraySink:0,103,30
BIN_7369805,39025,CWE-416,186,CWE-416,1,12,2,2,2,,,True,_znay|memset|_zdapv|printline,,104,29
BIN_7375229,45699,CWE-606,118,CWE-606,1,11,0,0,0,,,True,wcslen|fopen|fgetws|printline|fclose|swscanf|printintline,,572,104
BIN_7379572,49202,CWE-761,150,CWE-761,1,7,0,0,0,,,False,malloc|exit|wcslen|fopen|fgetws|printline|fclose|badsink,data:1|dataLen:0|pFile:1,233,61
BIN_7403026,39203,CWE-416,186,CWE-416,1,10,1,1,1,,,True,_znwy|_zdlpvy|printintline,,95,27
BIN_7411023,52889,CWE-773,20,CWE-773,2,10,0,0,2,,,False,fopen|fopen|fclose,data:1,103,26
BIN_7440162,39226,CWE-416,186,CWE-416,3,9,0,0,0,,,True,_zn44cwe416_use_after_free__new_delete_int64_t_439badsourceerpx|printlonglongline,,50,15
BIN_7447065,42449,CWE-563,159,CWE-563,1,14,1,1,1,,,False,printf,data:0,73,21
BIN_7458722,34993,CWE-377,54,CWE-377,2,8,0,0,0,,,False,mktemp|exit|printline|printline,filename:1|tmpl:0|fileDesc:0,160,41
BIN_7468424,35030,CWE-377,54,CWE-377,1,14,0,1,2,,,False,globalreturnstrue|tmpnam|exit|printline|printline,filename:1|fileDesc:0,132,36
BIN_7469466,39497,CWE-426,45,CWE-426,1,16,0,0,0,,,False,wcscpy|printline|exit,i:0|data:1|dataBuffer:0,317,54
BIN_7469545,45973,CWE-617,93,CWE-617,1,10,1,1,1,,,False,memset|atoi,data:0|wsaData:0|wsaDataInit:0|recvResult:0|service:0|listenSocket:0|acceptSocket:0|inputBuffer:0,588,119
BIN_7476301,42041,CWE-563,159,CWE-563,1,7,2,4,4,,,False,,data:0,22,8
BIN_7481034,35595,CWE-400,193,CWE-400,2,10,0,0,0,,,False,memset|atoi|printline,count:0|wsaData:0|wsaDataInit:0|recvResult:0|service:0|connectSocket:0|inputBuffer:0,477,99
BIN_7488798,41312,CWE-476,98,CWE-476,1,13,0,1,1,,,False,printintline,intPointer:1,53,17
BIN_7513570,36174,CWE-400,193,CWE-400,2,10,0,0,0,,,False,rand|rand|rand|rand|rand|rand|rand|printline,count:0,159,49
BIN_7517329,41330,CWE-476,98,CWE-476,1,13,0,0,0,,,False,printlonglongline,data:1,58,18
BIN_7520495,45730,CWE-606,118,CWE-606,1,10,0,1,1,,,False,wcslen|memset|wcschr|wcschr|swscanf|printintline,data:1|dataBuffer:0|wsaData:0|wsaDataInit:0|recvResult:0|service:0|replace:1|listenSocket:0|acceptSocket:0|dataLen:0|i:0|n:0|intVariable:0,1098,190
BIN_7521206,10887,CWE-123,43,CWE-123,1,11,0,0,0,,,False,memset,data:0|dataPtr1:1|dataPtr2:1|head:0|data:0|wsaData:0|wsaDataInit:0|recvResult:0|service:0|connectSocket:0|data:0,609,113
BIN_7534136,41718,CWE-510,17,CWE-510,2,8,0,1,1,,,False,memset|strcmp|printline,wsaData:0|wsaDataInit:0|service:0|acceptService:0|acceptServiceLen:0|listenSocket:0|acceptSocket:0|hostname:0|servInfo:0,686,142
BIN_7538961,35423,CWE-398,84,CWE-398,1,15,0,1,1,,,False,printline,i:0,62,20
BIN_7561191,49130,CWE-761,150,CWE-761,5,4,0,0,0,,,False,malloc|exit|wcslen|wcsncat|printline|free,data:1|dataLen:0|environment:1,204,55
BIN_7569220,35564,CWE-400,193,CWE-400,1,7,0,0,0,,,True,_zn52cwe400_resource_exhaustion__connect_socket_fwrite_43l9badsourceeri|fopen|exit|fwrite|exit|fclose,,200,49
BIN_7571647,41470,CWE-476,98,CWE-476,1,15,2,2,2,,,False,printintline,data:1,36,12
BIN_7572997,39881,CWE-427,131,CWE-427,1,15,0,0,0,,,False,wcslen|wcsncat,i:0|data:1|dataBuffer:0|dataLen:0|environment:1,250,54
BIN_7573694,32189,CWE-367,18,CWE-367,1,11,0,0,0,,,False,staticreturnstrue|fgets|printline|strlen|exit|exit|exit,filename:0|statBuffer:0|fileDesc:0,377,83
BIN_7580082,42251,CWE-563,159,CWE-563,1,11,0,1,1,,,False,globalreturnstrue,data:0,20,8
BIN_7590164,35610,CWE-400,193,CWE-400,1,10,0,0,0,,,False,memset|atoi|badsink,count:0|wsaData:0|wsaDataInit:0|recvResult:0|service:0|connectSocket:0|inputBuffer:0,428,87
BIN_7594580,35784,CWE-400,193,CWE-400,1,11,0,0,0,,,False,fscanf|printline,count:0|i:0,132,34
BIN_7608812,46244,CWE-665,52,CWE-665,2,8,0,0,1,,,False,wmemset|wcslen|wcsncat|printwline,data:1|dataBuffer:0|dataCopy:1|data:1|sourceLen:0|source:0,157,32
BIN_7629272,41157,CWE-469,19,CWE-469,1,14,0,0,0,,,False,wcschr|exit|printunsignedline,string1:0|string2:0|slashInString1:1|indexOfSlashInString1:0,150,37
BIN_7632738,39002,CWE-416,186,CWE-416,1,14,0,0,0,,,False,malloc|exit|wmemset|free|printwline,data:1,118,31
BIN_7639362,47048,CWE-680,142,CWE-680,1,9,0,0,0,,,True,_zn57cwe680_integer_overflow_to_buffer_overflow__new_fscanf_42l9badsourceei|_znay|printintline|_zdapv,,147,41
BIN_7654364,39331,CWE-416,186,CWE-416,1,14,1,1,1,,,False,helperbad|printline,reversedString:1,60,18
BIN_7658101,46225,CWE-665,52,CWE-665,1,8,3,7,7,,,False,wmemset|wcslen|wcsncat|printwline,data:1|dataBuffer:0|sourceLen:0|source:0,129,28
BIN_7668154,47137,CWE-680,142,CWE-680,2,12,0,0,0,,,True,_zn55cwe680_integer_overflow_to_buffer_overflow__new_rand_21l9badsourceei|_znay|printintline|_zdapv,,157,42
BIN_7668368,35507,CWE-400,193,CWE-400,1,14,0,0,0,,,False,memset|atoi|printline,count:0|wsaData:0|wsaDataInit:0|recvResult:0|service:0|connectSocket:0|inputBuffer:0|i:0,482,98
BIN_7670294,46441,CWE-675,31,CWE-675,1,14,1,1,1,,,False,fopen|fclose|fclose,data:1,101,27
BIN_7681509,35236,CWE-396,25,CWE-391,1,7,3,3,3,,,True,rand|__cxa_allocate_exception|_znst12out_of_rangec1epkc|__cxa_throw|rand|__cxa_allocate_exception|_znst12domain_errorc1epkc|__cxa_throw|printline|__cxa_free_exception|__cxa_free_exception|__cxa_begin_catch|printline|__cxa_end_catch|__cxa_end_catch|_unwind_resume,,273,75
BIN_7683291,42490,CWE-571,8,CWE-571,1,8,0,0,1,,,False,printline,,39,13
BIN_7684845,38926,CWE-416,186,CWE-416,1,10,0,1,1,,,False,malloc|exit|free|printintline,data:1|i:0,146,38
BIN_7689278,42312,CWE-563,159,CWE-563,1,6,0,0,0,,,False,printhexcharline,i:0|j:0|data:0,73,23
BIN_7691918,39979,CWE-427,131,CWE-427,1,13,0,0,0,,,False,badsource,data:1|dataBuffer:0,142,32
BIN_7705565,35504,CWE-400,193,CWE-400,1,17,0,1,1,,,False,memset|atoi|printline,count:0|wsaData:0|wsaDataInit:0|recvResult:0|service:0|connectSocket:0|inputBuffer:0|i:0,481,97
BIN_7707170,42415,CWE-563,159,CWE-563,2,8,0,0,0,,,False,printstructline,data:0,77,20
BIN_7714059,45684,CWE-606,118,CWE-606,1,9,0,1,1,,,False,staticreturnstrue|wcslen|fopen|fgetws|printline|fclose|staticreturnstrue|swscanf|printintline,data:1|dataBuffer:0|dataLen:0|pFile:1|i:0|n:0|intVariable:0,555,101
BIN_7722104,45891,CWE-617,93,CWE-617,2,10,0,0,0,,,True,,,84,22
BIN_7722964,35934,CWE-400,193,CWE-400,1,18,1,1,1,,,False,memset|atoi|printline,count:0|wsaData:0|wsaDataInit:0|recvResult:0|service:0|listenSocket:0|acceptSocket:0|inputBuffer:0|i:0,626,126
BIN_7724180,39680,CWE-427,131,CWE-427,1,6,0,0,1,,,False,staticreturnstrue|strlen|fopen|fgets|printline|fclose,data:1|dataBuffer:0|dataLen:0|pFile:1,538,90
BIN_7725321,41813,CWE-511,27,CWE-511,2,11,0,0,0,,,False,_time64|srand|rand,,76,22
BIN_7738656,45279,CWE-605,8,CWE-605,2,9,0,0,0,,,False,strlen|memset|strchr|strchr|printline,data:0|wsaData:0|wsaDataInit:0|recvResult:0|service:0|replace:1|listenSocket:0|acceptSocket:0|dataLen:0|bOptVal:0|bOptLen:0,843,166
BIN_7740020,45389,CWE-606,118,CWE-606,1,9,0,1,1,,,False,strlen|getenv|strncat|sscanf|printintline,data:1|dataBuffer:0|dataLen:0|environment:1|i:0|n:0|intVariable:0,298,60
BIN_7740182,42575,CWE-588,22,CWE-588,1,10,0,0,0,,,True,printstructline,,75,20
BIN_7748439,41583,CWE-479,10,CWE-479,1,8,0,0,0,,,False,signal,,49,15
BIN_7767084,39190,CWE-416,186,CWE-416,1,12,0,0,0,,,True,_znwy|_zdlpvy|printintline,,113,31
BIN_7775257,53032,CWE-775,26,CWE-775,2,7,1,3,3,,,False,,data:0,55,15
BIN_7776921,39003,CWE-416,186,CWE-416,1,13,0,0,0,,,False,malloc|exit|wmemset|free|printwline,data:1,118,31
BIN_7785572,39688,CWE-427,131,CWE-427,4,9,0,0,0,,,False,strlen|fopen|fgets|printline|fclose,data:1|dataBuffer:0|dataLen:0|pFile:1,526,88
BIN_7807818,41632,CWE-482,8,CWE-482,2,10,0,0,1,,,False,staticreturnstrue|printintline|printintline,intBadSink:0,51,17
BIN_7808041,39593,CWE-427,131,CWE-427,1,13,0,0,0,,,False,strlen|fgets|strlen|printline,i:0|data:1|dataBuffer:0|dataLen:0,604,104
BIN_7810393,42478,CWE-570,6,CWE-570,1,9,1,1,1,,,False,,,7,5
BIN_7833732,35190,CWE-391,25,CWE-391,2,11,0,0,0,,,False,sqrt|printdoubleline,doubleNumber:0,68,19
BIN_7837204,49291,CWE-761,150,CWE-761,1,11,1,1,1,,,False,malloc|exit|wcslen|memset|wcschr|wcschr|printline|free,data:1|wsaData:0|wsaDataInit:0|recvResult:0|service:0|replace:1|listenSocket:0|acceptSocket:0|dataLen:0,808,165
BIN_7841461,35801,CWE-400,193,CWE-400,2,5,0,0,0,,,True,fscanf|printline,count:0|myUnion:0|count:0|i:0,123,33
BIN_7841663,56022,CWE-843,23,CWE-843,3,5,0,0,0,,,False,printintline,data:1|shortBuffer:0,50,15
BIN_7845569,41454,CWE-476,98,CWE-476,1,5,0,0,0,,,False,malloc|printintline|printintline,intPointer:1,99,28
BIN_7860852,46649,CWE-680,142,CWE-680,1,11,0,1,1,,,False,globalreturnstrue|fgets|atoi|printline|malloc|exit|printintline|free,data:0|inputBuffer:0|i:0|intPointer:1,235,61
BIN_7861454,42047,CWE-563,159,CWE-563,1,7,1,4,4,,,False,,data:0,22,8
BIN_7872137,35216,CWE-391,25,CWE-391,1,12,0,0,0,,,False,strtol|printf,j:0|longNumber:0,81,23
BIN_7877949,39310,CWE-416,186,CWE-416,1,15,1,1,1,,,True,_znwy|_zdlpvy|printwcharline,,87,26
BIN_7884290,45500,CWE-606,118,CWE-606,1,14,0,1,1,,,False,strlen|memset|strchr|strchr|sscanf|printintline,data:1|dataBuffer:0|wsaData:0|wsaDataInit:0|recvResult:0|service:0|replace:1|listenSocket:0|acceptSocket:0|dataLen:0|i:0|n:0|intVariable:0,926,171
BIN_7885761,35127,CWE-390,34,CWE-390,1,15,1,2,2,,,False,printline|fgets|printline,dataBuffer:0|data:1,197,38
BIN_7889794,41218,CWE-476,98,CWE-476,1,12,1,1,1,,,False,printline,twoIntsStructPointer:1,78,24
BIN_7890448,41460,CWE-476,98,CWE-476,1,9,1,1,1,,,False,malloc|printintline|printintline,intPointer:1,103,29
BIN_7893026,45280,CWE-605,8,CWE-605,2,10,0,0,0,,,False,strlen|memset|strchr|strchr|printline,data:0|wsaData:0|wsaDataInit:0|recvResult:0|service:0|replace:1|listenSocket:0|acceptSocket:0|dataLen:0|bOptVal:0|bOptLen:0,843,166
BIN_7913379,46980,CWE-680,142,CWE-680,1,11,2,2,2,,,True,_znay|printintline|_zdapv,,141,38
BIN_7917269,48860,CWE-761,150,CWE-761,2,9,0,0,0,,,False,malloc|exit|strlen|getenv|strncat|badsink,data:1|dataLen:0|environment:1,153,39
BIN_7929901,35297,CWE-397,10,CWE-397,1,8,0,0,0,,,True,__cxa_allocate_exception|.text$_znst9exceptionc1ev|_znst9exceptionc1ev|__cxa_throw,,79,23
BIN_7930634,35351,CWE-398,84,CWE-398,1,15,0,0,0,,,False,rand|printline,x:0,90,29
BIN_7932564,49011,CWE-761,150,CWE-761,1,7,0,0,0,,,False,malloc|exit|badsource|printline|free,data:1,127,37
BIN_7941281,42420,CWE-563,159,CWE-563,1,10,1,1,1,,,False,printstructline,data:0,83,22
BIN_7951366,41053,CWE-467,20,CWE-467,1,17,0,0,0,,,False,globalreturnstrueorfalse|malloc|exit|printhexcharline|free|malloc|exit|printhexcharline|free,badChar:1|goodChar:1,176,47
BIN_7953823,35191,CWE-391,25,CWE-391,2,12,0,0,0,,,False,sqrt|printdoubleline,doubleNumber:0,68,19
BIN_7966181,38981,CWE-416,186,CWE-416,1,15,1,2,2,,,False,malloc|exit|free|printstructline,data:1|i:0,153,38
BIN_7998206,41266,CWE-476,98,CWE-476,1,9,3,3,3,,,True,printintline|_zdlpvy,,58,18
BIN_8000947,38907,CWE-416,186,CWE-416,1,10,0,1,1,,,False,staticreturnstrue|malloc|exit|free|staticreturnstrue|printlonglongline,data:1|i:0,147,38
BIN_8001058,41192,CWE-475,18,CWE-475,1,10,0,1,1,,,False,wcscpy|memcpy|printwline,dataBuffer:0|data:1,337,51
BIN_8003292,35882,CWE-400,193,CWE-400,1,12,0,0,0,,,False,fscanf|printline,count:0,116,32
BIN_8003561,48987,CWE-761,150,CWE-761,1,7,1,1,1,,,False,malloc|exit|strlen|memset|strchr|strchr|printline|free,data:1|wsaData:0|wsaDataInit:0|recvResult:0|service:0|replace:1|listenSocket:0|acceptSocket:0|dataLen:0,785,161
BIN_8003776,41152,CWE-469,19,CWE-469,1,14,1,2,2,,,False,wcschr|exit|printunsignedline,string1:0|string2:0|slashInString1:1|indexOfSlashInString1:0,139,34
BIN_8015685,45603,CWE-606,118,CWE-606,4,10,0,0,0,,,True,wcslen|fgetws|wcslen|printline|swscanf|printintline,,602,118
BIN_8018007,10986,CWE-123,43,CWE-123,2,4,0,0,0,,,True,memset|cwe123_write_what_where_condition__listen_socket_41_badsink,data:0|head:0|wsaData:0|wsaDataInit:0|recvResult:0|service:0|listenSocket:0|acceptSocket:0,579,114
BIN_8022677,45306,CWE-606,118,CWE-606,1,15,1,1,1,,,False,strlen|memset|strchr|strchr|sscanf|printintline,data:1|dataBuffer:0|wsaData:0|wsaDataInit:0|recvResult:0|service:0|replace:1|connectSocket:0|dataLen:0|i:0|n:0|intVariable:0,841,154
BIN_8037086,41313,CWE-476,98,CWE-476,1,14,0,0,0,,,False,printintline,intPointer:1,54,17
BIN_8041541,35752,CWE-400,193,CWE-400,3,12,0,0,0,,,True,fgets|atoi|printline|printline,,163,43
BIN_8050190,46742,CWE-680,142,CWE-680,1,13,0,1,2,,,False,staticreturnstrue|fscanf|malloc|exit|printintline|free,data:0|i:0|intPointer:1,184,49
BIN_8050981,41521,CWE-476,98,CWE-476,1,13,0,0,1,,,False,globalreturnstrue|globalreturnstrue|printwcharline,data:1,58,19
BIN_8052097,45938,CWE-617,93,CWE-617,2,10,0,0,0,,,False,fscanf,data:0|dataPtr1:1|dataPtr2:1|data:0|data:0,142,38
BIN_8065392,46277,CWE-666,34,CWE-666,1,10,0,0,0,,,False,strlen|memset|strchr|strchr|printline,data:0|wsaData:0|wsaDataInit:0|recvResult:0|service:0|replace:1|listenSocket:0|acceptSocket:0|dataLen:0,758,150
BIN_8083459,41680,CWE-484,7,CWE-484,1,9,0,1,1,,,False,rand|printline|printline|printline|printline,x:0,152,47
BIN_8101312,41848,CWE-526,9,CWE-526,1,9,1,1,1,,,False,getenv|printline,,51,16
BIN_8104174,18980,CWE-188,21,CWE-188,2,11,0,0,0,,,False,printintline,unionStructLong:0,52,17
BIN_8111191,46234,CWE-665,52,CWE-665,2,12,0,1,1,,,False,globalreturnstrue|wmemset|wcslen|wcsncat|printwline,data:1|dataBuffer:0|sourceLen:0|source:0,134,29
BIN_8121075,46486,CWE-675,31,CWE-675,1,14,1,1,1,,,False,freopen|fclose|fclose,data:1,119,32
BIN_8129059,41214,CWE-476,98,CWE-476,1,12,1,1,1,,,False,printline,twoIntsStructPointer:1,77,24
BIN_8164314,39165,CWE-416,186,CWE-416,1,11,2,2,2,,,True,_znwy|_zdlpvy|printhexcharline,,83,24
BIN_8173834,45559,CWE-606,118,CWE-606,1,7,0,0,0,,,True,_zn58cwe606_unchecked_loop_condition__wchar_t_connect_socket_43l9badsourceerpw|swscanf|printintline,,351,58
BIN_8177374,36044,CWE-400,193,CWE-400,1,8,0,0,0,,,True,_zn50cwe400_resource_exhaustion__listen_socket_sleep_43l9badsourceeri|printline,,63,18
BIN_8177401,53052,CWE-775,26,CWE-775,1,11,0,0,0,,,True,,,72,20
BIN_8215933,35850,CWE-400,193,CWE-400,1,8,0,0,0,,,False,fscanf|badsink,count:0,71,20
BIN_8222512,39329,CWE-416,186,CWE-416,1,14,0,1,2,,,False,globalreturnstrue|helperbad|printline,reversedString:1,55,17
BIN_8240387,46099,CWE-665,52,CWE-665,2,10,0,0,0,,,False,memset|strcat|printline,data:1|dataBuffer:0|dataCopy:1|data:1|source:0,117,26
BIN_8249681,36175,CWE-400,193,CWE-400,2,10,0,0,0,,,False,rand|rand|rand|rand|rand|rand|rand|printline,count:0,159,49
BIN_8257144,47216,CWE-681,19,CWE-681,1,10,0,0,0,,,False,fgets|atof|printline|sqrt|printintline,inputBuffer:0|doubleNumber:0,163,39
BIN_8264385,41195,CWE-475,18,CWE-475,2,8,0,0,0,,,False,wcscpy|memcpy|printwline,dataBuffer:0|data:1,340,52
BIN_8287467,39926,CWE-427,131,CWE-427,1,15,1,1,1,,,False,wcslen|fopen|fgetws|printline|fclose,data:1|dataBuffer:0|dataLen:0|pFile:1,332,73
BIN_8317647,49146,CWE-761,150,CWE-761,1,16,0,0,0,,,False,malloc|exit|wcslen|wcsncat|printline|free,j:0|data:1|dataLen:0|environment:1,222,60
BIN_8322235,46132,CWE-665,52,CWE-665,1,10,0,6,6,,,False,memset|strlen|strncat|printline,data:1|dataBuffer:0|sourceLen:0|source:0,127,28
BIN_8335388,41924,CWE-546,35,CWE-546,1,15,1,1,1,,,False,printline,,44,14
BIN_8360225,39345,CWE-426,45,CWE-426,1,15,1,1,1,,,False,,data:1|dataBuffer:0|pipe:1,226,43
BIN_8364517,46617,CWE-680,142,CWE-680,1,6,0,0,0,,,True,_zn68cwe680_integer_overflow_to_buffer_overflow__malloc_connect_socket_43l9badsourceeri|malloc|exit|printintline|free,,148,40
BIN_8373276,35884,CWE-400,193,CWE-400,1,12,0,1,2,,,False,globalreturnstrue|fscanf|globalreturnstrue|printline,count:0,108,30
BIN_8380062,42489,CWE-571,8,CWE-571,1,8,1,1,1,,,False,printline,,40,13
BIN_8386441,41081,CWE-467,20,CWE-467,1,12,0,0,0,,,False,malloc|exit|printshortline|free,badShort:1,99,28
BIN_8392336,18965,CWE-188,21,CWE-188,1,8,0,0,0,,,False,staticreturnstrue|printintline|printintline,structCharInt:0|charPtr:1,74,23
BIN_8398204,47086,CWE-680,142,CWE-680,1,14,2,2,2,,,True,memset|atoi|_znay|printintline|_zdapv,,697,143
BIN_8402384,53055,CWE-775,26,CWE-775,1,9,0,0,0,,,False,badsource,data:0,35,12
BIN_8414428,35736,CWE-400,193,CWE-400,1,13,0,0,0,,,False,fgets|atoi|printline|printline,count:0|inputBuffer:0,163,42
BIN_8415542,35981,CWE-400,193,CWE-400,2,5,0,0,0,,,False,globalreturnstrueorfalse|memset|atoi|globalreturnstrueorfalse|fopen|exit|fwrite|exit|fclose|fopen|exit|fwrite|exit|fclose,count:0|wsaData:0|wsaDataInit:0|recvResult:0|service:0|listenSocket:0|acceptSocket:0|inputBuffer:0|i:0|pFile:1|filename:1|i:0|pFile:1|filename:1,1003,192
BIN_8420659,35357,CWE-398,84,CWE-398,1,14,1,1,1,,,False,rand|printline,x:0,93,30
BIN_8493205,31014,CWE-242,8,CWE-242,1,8,1,1,1,,,False,gets|printline|exit|printline,dest:0|result:1,79,22
BIN_8513724,41611,CWE-481,8,CWE-481,1,9,0,1,1,,,False,rand|printline,intRand:0,55,16
BIN_8519045,47252,CWE-688,5,CWE-688,1,13,1,1,1,,,False,sprintf|printline,dest:0|intFive:0,79,21
BIN_8528576,46133,CWE-665,52,CWE-665,1,11,0,6,6,,,False,memset|strlen|strncat|printline,data:1|dataBuffer:0|sourceLen:0|source:0,127,28
BIN_8548954,46104,CWE-665,52,CWE-665,1,8,0,0,0,,,False,badsource|memset|strcat|printline,data:1|dataBuffer:0|source:0,105,26
BIN_8568395,47144,CWE-680,142,CWE-680,1,8,0,0,0,,,True,_zn55cwe680_integer_overflow_to_buffer_overflow__new_rand_42l9badsourceei|_znay|printintline|_zdapv,,147,41
BIN_8576658,56024,CWE-843,23,CWE-843,1,6,0,0,0,,,False,printintline,data:1|shortBuffer:0,50,15
BIN_8582256,45538,CWE-606,118,CWE-606,1,8,0,1,1,,,False,wcslen|memset|wcschr|wcschr|swscanf|printintline,data:1|dataBuffer:0|wsaData:0|wsaDataInit:0|recvResult:0|service:0|replace:1|connectSocket:0|dataLen:0|i:0|n:0|intVariable:0,983,167
BIN_8585579,46427,CWE-674,1,CWE-674,1,1,0,0,0,,,False,helperbad,,20,8
BIN_8586102,35225,CWE-391,25,CWE-391,2,10,0,1,1,,,False,staticreturnstrue|wcstombs|printunsignedline|printline,bytesTranslated:0|charString:0,94,24
BIN_8591993,42317,CWE-563,159,CWE-563,3,7,0,0,0,,,True,_zn44cwe563_unused_variable__unused_value_char_43l9badsourceerc|printhexcharline,,45,15
BIN_8592179,35601,CWE-400,193,CWE-400,1,12,0,1,1,,,False,memset|atoi|printline,count:0|wsaData:0|wsaDataInit:0|recvResult:0|service:0|connectSocket:0|inputBuffer:0,449,93
BIN_8594882,39225,CWE-416,186,CWE-416,2,9,2,2,2,,,True,_znwy|_zdlpvy|printlonglongline,,87,25
BIN_8634965,45341,CWE-606,118,CWE-606,1,6,0,2,2,,,False,strlen|fgets|strlen|printline|sscanf|printintline,data:1|dataBuffer:0|dataLen:0|i:0|n:0|intVariable:0,402,93
BIN_8677228,46893,CWE-680,142,CWE-680,1,15,1,1,1,,,True,memset|atoi|_znay|printintline|_zdapv,,577,118
BIN_8695662,45534,CWE-606,118,CWE-606,1,5,1,1,1,,,False,wcslen|memset|wcschr|wcschr|swscanf|printintline,data:1|dataBuffer:0|wsaData:0|wsaDataInit:0|recvResult:0|service:0|replace:1|connectSocket:0|dataLen:0|i:0|n:0|intVariable:0,959,161
BIN_8703375,46072,CWE-617,93,CWE-617,1,8,1,2,2,,,False,globalreturnstrueorfalse,,56,16
BIN_8704345,45458,CWE-606,118,CWE-606,1,13,0,0,0,,,False,strlen|fopen|fgets|printline|fclose|sscanf|printintline,data:1|dataPtr1:1|dataPtr2:1|dataBuffer:0|data:1|dataLen:0|pFile:1|data:1|i:0|n:0|intVariable:0,433,94
BIN_8705357,39328,CWE-416,186,CWE-416,1,14,1,1,1,,,False,helperbad|printline,reversedString:1,59,18
BIN_8705444,28212,CWE-196,11,CWE-196,2,6,0,1,1,,,False,rand|rand|printintline,intUnsigned:0|intSigned:0,54,19
BIN_8722635,45801,CWE-617,93,CWE-617,1,8,0,0,0,,,True,memset|atoi|badsink,data:0|wsaData:0|wsaDataInit:0|recvResult:0|service:0|connectSocket:0|inputBuffer:0,432,87
BIN_8743706,35376,CWE-398,84,CWE-398,2,11,0,0,0,,,False,rand|printline|printline,x:0,110,34
BIN_8748642,45604,CWE-606,118,CWE-606,3,9,0,0,0,,,True,wcslen|fgetws|wcslen|printline|swscanf|printintline,data:1|myUnion:0|dataBuffer:0|dataLen:0|data:1|i:0|n:0|intVariable:0,609,113
BIN_8758414,46021,CWE-617,93,CWE-617,1,7,1,1,1,,,False,rand|rand|rand|rand|rand|rand|rand,data:0,153,46
BIN_8759788,46445,CWE-675,31,CWE-675,1,12,0,0,0,,,False,fopen|fclose|fclose,i:0|j:0|data:1,112,30
BIN_8760380,39972,CWE-427,131,CWE-427,1,15,0,0,0,,,False,globalreturnstrueorfalse|wcslen|memset|wcschr|wcschr|wcscat,data:1|dataBuffer:0|wsaData:0|wsaDataInit:0|recvResult:0|service:0|replace:1|listenSocket:0|acceptSocket:0|dataLen:0,818,166
BIN_8764282,48999,CWE-761,150,CWE-761,1,12,1,1,1,,,False,malloc|exit|strlen|memset|strchr|strchr|printline|free,data:1|wsaData:0|wsaDataInit:0|recvResult:0|service:0|replace:1|listenSocket:0|acceptSocket:0|dataLen:0,799,165
BIN_8765002,35259,CWE-396,25,CWE-396,1,13,0,0,0,,,True,rand|__cxa_allocate_exception|_znst12out_of_rangec1epkc|__cxa_throw|rand|__cxa_allocate_exception|_znst12domain_errorc1epkc|__cxa_throw|printline|__cxa_free_exception|__cxa_free_exception|_unwind_resume|__cxa_begin_catch|printline|__cxa_end_catch|__cxa_end_catch|_unwind_resume,,305,86
BIN_8785481,35037,CWE-377,54,CWE-377,1,16,1,2,2,,,False,tmpnam|exit|printline|printline,filename:1|fileDesc:0,124,34
BIN_8786231,46835,CWE-680,142,CWE-680,1,9,0,1,1,,,False,rand|rand|rand|rand|rand|rand|rand|malloc|exit|printintline|free,data:0|i:0|intPointer:1,226,66
BIN_8794072,46309,CWE-666,34,CWE-666,1,15,1,2,2,,,False,strlen|memset|strchr|strchr|printline,data:0|wsaData:0|wsaDataInit:0|recvResult:0|service:0|replace:1|listenSocket:0|acceptSocket:0|dataLen:0,744,147
BIN_8795894,35094,CWE-390,34,CWE-390,1,10,2,2,2,,,True,.text$_znst7__cxx1112basic_stringicst11char_traitsicesaiceec1is3_eepkcrks3_|_znst7__cxx1112basic_stringicst11char_traitsicesaiceec1is3_eepkcrks3_|.text$_znst15__new_allocatoriced2ev|_znst15__new_allocatoriced2ev|rand|rand|.text$_znkst7__cxx1112basic_stringicst11char_traitsicesaicee6substreyy|_znkst7__cxx1112basic_stringicst11char_traitsicesaicee6substreyy|.text$_znkst7__cxx1112basic_stringicst11char_traitsicesaicee5c_strev|_znkst7__cxx1112basic_stringicst11char_traitsicesaicee5c_strev|printline|.text$_znst7__cxx1112basic_stringicst11char_traitsicesaiceed1ev|_znst7__cxx1112basic_stringicst11char_traitsicesaiceed1ev|.text$_znst7__cxx1112basic_stringicst11char_traitsicesaiceed1ev|_znst7__cxx1112basic_stringicst11char_traitsicesaiceed1ev|.text$_znst15__new_allocatoriced2ev|_znst15__new_allocatoriced2ev|.text$_znst7__cxx1112basic_stringicst11char_traitsicesaiceed1ev|_znst7__cxx1112basic_stringicst11char_traitsicesaiceed1ev|.text$_znst7__cxx1112basic_stringicst11char_traitsicesaiceed1ev|_znst7__cxx1112basic_stringicst11char_traitsicesaiceed1ev|_unwind_resume|__cxa_begin_catch|__cxa_end_catch,,259,77
BIN_8802538,47202,CWE-681,19,CWE-681,1,19,1,2,2,,,False,fgets|atof|printline|printintline,inputBuffer:0|doubleNumber:0,141,34
BIN_8808877,39128,CWE-416,186,CWE-416,1,9,0,0,0,,,True,_znay|_zdapv|printstructline,,167,42
BIN_8810184,45590,CWE-606,118,CWE-606,1,13,1,1,1,,,False,wcslen|fgetws|wcslen|printline|swscanf|printintline,data:1|dataBuffer:0|dataLen:0|i:0|n:0|intVariable:0,590,117
BIN_8843027,45452,CWE-606,118,CWE-606,1,17,0,2,2,,,False,strlen|fopen|fgets|printline|fclose|sscanf|printintline,data:1|dataBuffer:0|dataLen:0|pFile:1|i:0|n:0|intVariable:0,374,83
BIN_8856620,45605,CWE-606,118,CWE-606,2,8,0,0,0,,,False,wcslen|fgetws|wcslen|printline|badsink,data:1|dataBuffer:0|dataLen:0,457,93
BIN_8857484,39598,CWE-427,131,CWE-427,1,9,0,0,0,,,False,strlen|fgets|strlen|printline,data:1|dataPtr1:1|dataPtr2:1|dataBuffer:0|data:1|dataLen:0|data:1,648,112
BIN_8871093,46447,CWE-675,31,CWE-675,2,11,0,0,0,,,False,fopen|fclose|badsink,data:1,83,20
BIN_8874710,39586,CWE-427,131,CWE-427,1,12,1,1,1,,,False,strlen|fgets|strlen|printline,data:1|dataBuffer:0|dataLen:0,586,103
BIN_8875385,35183,CWE-391,25,CWE-391,1,6,1,1,1,,,False,sqrt|printdoubleline,doubleNumber:0,55,15
BIN_8895764,38991,CWE-416,186,CWE-416,1,14,0,0,1,,,False,malloc|exit|wmemset|free|printwline,data:1,134,35
BIN_8914457,39673,CWE-427,131,CWE-427,1,6,0,1,1,,,False,strlen|fopen|fgets|printline|fclose,data:1|dataBuffer:0|dataLen:0|pFile:1,525,87
BIN_8916251,49203,CWE-761,150,CWE-761,1,7,0,0,0,,,False,malloc|exit|badsource|printline|free,data:1,132,37
BIN_8917515,42275,CWE-563,159,CWE-563,1,11,0,5,5,,,False,,data:0,7,5
BIN_8919809,46605,CWE-680,142,CWE-680,1,13,0,1,1,,,False,memset|atoi|malloc|exit|printintline|free,data:0|wsaData:0|wsaDataInit:0|recvResult:0|service:0|connectSocket:0|inputBuffer:0|i:0|intPointer:1,563,114
BIN_8929696,35089,CWE-377,54,CWE-377,2,9,1,1,1,,,False,exit|printwline|printline,filename:1|fileDesc:0,128,35
BIN_8963371,46855,CWE-680,142,CWE-680,2,10,0,0,0,,,True,rand|rand|rand|rand|rand|rand|rand|cwe680_integer_overflow_to_buffer_overflow__malloc_rand_41_badsink,data:0,112,37
BIN_8992188,46350,CWE-666,34,CWE-666,1,17,0,0,0,,,False,strlen|memset|strchr|strchr|printline,data:0|wsaData:0|wsaDataInit:0|recvResult:0|service:0|replace:1|listenSocket:0|acceptSocket:0|dataLen:0,759,150
BIN_8993957,55981,CWE-835,2,CWE-843,1,4,1,1,1,,,False,printintline,i:0,31,9
BIN_8996896,42144,CWE-563,159,CWE-563,2,11,0,0,0,,,False,,j:0|data:0,35,13
BIN_9002936,41206,CWE-476,98,CWE-476,1,7,0,1,1,,,False,printline,twoIntsStructPointer:1,64,20
BIN_9009131,38956,CWE-416,186,CWE-416,1,9,1,1,1,,,False,malloc|exit|free|printlongline,data:1|i:0,154,40
BIN_9012016,46800,CWE-680,142,CWE-680,1,11,0,1,1,,,False,memset|atoi|malloc|exit|printintline|free,data:0|wsaData:0|wsaDataInit:0|recvResult:0|service:0|listenSocket:0|acceptSocket:0|inputBuffer:0|i:0|intPointer:1,678,137
BIN_9019114,41942,CWE-546,35,CWE-546,1,15,1,1,1,,,False,printline,,44,14
BIN_9024134,41430,CWE-476,98,CWE-476,1,10,0,0,0,,,False,printlongline,data:1|dataPtr1:1|dataPtr2:1|data:1|data:1,85,25
BIN_9028974,46067,CWE-617,93,CWE-617,1,8,0,0,0,,,False,,,58,16
BIN_9031421,39557,CWE-427,131,CWE-427,1,8,0,0,0,,,True,strlen|memset|strchr|strchr|badsink,data:1|dataBuffer:0|wsaData:0|wsaDataInit:0|recvResult:0|service:0|replace:1|connectSocket:0|dataLen:0,945,151
BIN_9034480,46327,CWE-666,34,CWE-666,1,15,1,2,2,,,False,strlen|memset|strchr|strchr|printline,data:0|wsaData:0|wsaDataInit:0|recvResult:0|service:0|replace:1|listenSocket:0|acceptSocket:0|dataLen:0,744,147
BIN_9049152,48891,CWE-761,150,CWE-761,1,7,2,2,2,,,False,malloc|exit|strlen|fopen|fgets|printline|fclose|printline|free,data:1|dataLen:0|pFile:1,267,73
BIN_9050998,42045,CWE-563,159,CWE-563,1,7,1,4,4,,,False,,data:0,22,8
BIN_9059954,35751,CWE-400,193,CWE-400,3,12,0,0,0,,,False,fgets|atoi|printline|printline,count:0|countPtr1:1|countPtr2:1|count:0|inputBuffer:0|count:0,184,49
BIN_9060797,42424,CWE-563,159,CWE-563,1,10,0,0,0,,,False,printstructline,i:0|j:0|data:0,94,25
BIN_9065596,49280,CWE-761,150,CWE-761,1,11,0,0,0,,,False,malloc|exit|wcslen|memset|wcschr|wcschr|printline|free,data:1|wsaData:0|wsaDataInit:0|recvResult:0|service:0|replace:1|listenSocket:0|acceptSocket:0|dataLen:0,818,167
BIN_9065835,39745,CWE-427,131,CWE-427,1,10,0,0,0,,,True,strlen|memset|strchr|strchr|cwe427_uncontrolled_search_path_element__char_listen_socket_41_badsink,data:1|dataBuffer:0|wsaData:0|wsaDataInit:0|recvResult:0|service:0|replace:1|listenSocket:0|acceptSocket:0|dataLen:0,1056,174
BIN_9066211,46023,CWE-617,93,CWE-617,1,7,0,0,0,,,False,globalreturnstrue|rand|rand|rand|rand|rand|rand|rand,data:0,149,45
BIN_9071598,35384,CWE-398,84,CWE-398,3,12,0,0,1,,,False,printline,i:0,58,18
BIN_9076362,35024,CWE-377,54,CWE-377,1,13,0,1,1,,,False,tmpnam|exit|printline|printline,filename:1|fileDesc:0,133,36
BIN_9092462,41917,CWE-546,35,CWE-546,1,11,0,0,0,,,False,printline,,40,13
BIN_9117249,48769,CWE-761,150,CWE-761,1,8,0,0,0,,,True,malloc|exit|strlen|memset|strchr|strchr|printline|free,data:1|myUnion:0|wsaData:0|wsaDataInit:0|recvResult:0|service:0|replace:1|connectSocket:0|dataLen:0|data:1,698,142
BIN_9127307,45584,CWE-606,118,CWE-606,1,11,0,0,2,,,False,wcslen|fgetws|wcslen|printline|swscanf|printintline,data:1|dataBuffer:0|dataLen:0|i:0|n:0|intVariable:0,582,115
BIN_9143180,35059,CWE-377,54,CWE-377,1,15,0,0,1,,,False,exit|printwline|printline|free,filename:1|fileDesc:0,157,41
BIN_9154403,39928,CWE-427,131,CWE-427,2,14,1,1,1,,,False,wcslen|fopen|fgetws|printline|fclose,data:1|dataBuffer:0|dataLen:0|pFile:1,315,70
BIN_9158114,47201,CWE-681,19,CWE-681,1,20,0,0,0,,,False,fgets|atof|printline|printintline,j:0|inputBuffer:0|doubleNumber:0,173,39
BIN_9160542,48948,CWE-761,150,CWE-761,1,12,0,0,1,,,False,malloc|exit|globalreturnstrue|printline|free,data:1,151,41
BIN_9163200,35280,CWE-396,25,CWE-396,2,13,0,0,0,,,True,rand|__cxa_allocate_exception|_znst12out_of_rangec1epkc|__cxa_throw|rand|__cxa_allocate_exception|_znst12domain_errorc1epkc|__cxa_throw|printline|__cxa_free_exception|__cxa_free_exception|_unwind_resume|__cxa_begin_catch|printline|__cxa_end_catch|__cxa_begin_catch|printline|__cxa_end_catch|__cxa_end_catch|_unwind_resume|__cxa_end_catch|_unwind_resume,,384,105
BIN_9176229,45917,CWE-617,93,CWE-617,3,6,0,0,0,,,False,fscanf,data:0,101,26
BIN_9187342,46337,CWE-666,34,CWE-666,1,14,0,0,0,,,False,globalreturnstrueorfalse|strlen|memset|strchr|strchr|printline|strlen|memset|strchr|strchr|printline,data:0|wsaData:0|wsaDataInit:0|recvResult:0|service:0|replace:1|listenSocket:0|acceptSocket:0|dataLen:0|data:0|wsaData:0|wsaDataInit:0|recvResult:0|service:0|replace:1|listenSocket:0|acceptSocket:0|dataLen:0,1480,291
BIN_9201957,32195,CWE-367,18,CWE-367,1,8,1,1,1,,,False,fgets|printline|strlen|exit|exit|exit,filename:0|statBuffer:0|fileDesc:0,382,84
BIN_9209604,35658,CWE-400,193,CWE-400,1,11,0,0,0,,,False,fgets|atoi|printline|badsink,count:0|inputBuffer:0,122,32
BIN_9210890,42099,CWE-563,159,CWE-563,1,12,5,9,9,,,False,,data:0,21,8
BIN_9213733,39774,CWE-427,131,CWE-427,1,7,0,0,0,,,False,wcslen|memset|wcschr|wcschr,data:1|dataBuffer:0|wsaData:0|wsaDataInit:0|recvResult:0|service:0|replace:1|connectSocket:0|dataLen:0,680,138
BIN_9228862,49006,CWE-761,150,CWE-761,2,11,0,0,0,,,False,malloc|exit|strlen|memset|strchr|strchr|printline|free,data:1|wsaData:0|wsaDataInit:0|recvResult:0|service:0|replace:1|listenSocket:0|acceptSocket:0|dataLen:0|dataCopy:1|data:1,813,165
BIN_9234803,41098,CWE-468,13,CWE-468,1,10,1,2,2,,,False,printintline,intArray:0|charPointer:1|toPrint:0,85,22
BIN_9243163,41110,CWE-468,13,CWE-468,1,15,0,1,1,,,False,printintline,intArray:0|charPointer:1|toPrint:0,86,23
BIN_9244380,41382,CWE-476,98,CWE-476,1,17,1,1,1,,,False,printintline,data:1,38,14
BIN_9256125,39730,CWE-427,131,CWE-427,1,9,0,0,0,,,False,strlen|memset|strchr|strchr,data:1|dataBuffer:0|wsaData:0|wsaDataInit:0|recvResult:0|service:0|replace:1|listenSocket:0|acceptSocket:0|dataLen:0,1077,179
BIN_9258409,41111,CWE-468,13,CWE-468,2,16,1,1,1,,,False,printintline,intArray:0|charPointer:1|toPrint:0,86,23
BIN_9276300,7864,CWE-135,24,CWE-135,1,5,0,1,1,,,False,malloc|exit|wmemset|strlen|calloc|exit|wcscpy|printline|free,data:1|dataBadBuffer:1|dataLen:0|dest:1,216,55
BIN_9299387,35456,CWE-398,84,CWE-398,1,12,2,2,2,,,False,printline,,30,10
BIN_9304895,39786,CWE-427,131,CWE-427,1,10,0,1,1,,,False,wcslen|memset|wcschr|wcschr,data:1|dataBuffer:0|wsaData:0|wsaDataInit:0|recvResult:0|service:0|replace:1|connectSocket:0|dataLen:0,667,136
BIN_9324293,10935,CWE-123,43,CWE-123,1,9,0,0,0,,,False,fgets|printline|exit,data:0|dataPtr1:1|dataPtr2:1|head:0|data:0|data:0,260,64
BIN_9326311,39224,CWE-416,186,CWE-416,1,9,0,0,0,,,True,_znwy|_zdlpvy|printlonglongline,,124,34
BIN_9328272,41241,CWE-476,98,CWE-476,1,12,0,0,0,,,False,badsink,data:1,45,12
BIN_9330869,47124,CWE-680,142,CWE-680,1,12,3,3,3,,,True,rand|rand|rand|rand|rand|rand|rand|_znay|printintline|_zdapv,,214,63
BIN_9331801,45887,CWE-617,93,CWE-617,1,13,0,0,0,,,False,badsource,data:0,83,21
BIN_9332866,47000,CWE-680,142,CWE-680,1,7,0,0,0,,,True,_zn56cwe680_integer_overflow_to_buffer_overflow__new_fixed_42l9badsourceei|_znay|printintline|_zdapv,,147,41
BIN_9341202,38973,CWE-416,186,CWE-416,1,14,0,0,1,,,False,staticreturnstrue|malloc|exit|free|staticreturnstrue|printstructline,data:1|i:0,169,42
BIN_9343281,35793,CWE-400,193,CWE-400,1,10,0,1,1,,,False,fscanf|printline,count:0|i:0,112,30
BIN_9367861,47031,CWE-680,142,CWE-680,1,13,1,1,1,,,True,fscanf|_znay|printintline|_zdapv,,186,50
BIN_9368688,45923,CWE-617,93,CWE-617,1,10,0,0,0,,,False,fscanf,data:0,112,29
BIN_9373162,35970,CWE-400,193,CWE-400,6,2,0,0,0,,,False,memset|atoi|fopen|exit|fwrite|exit|fclose,count:0|wsaData:0|wsaDataInit:0|recvResult:0|service:0|listenSocket:0|acceptSocket:0|inputBuffer:0|i:0|pFile:1|filename:1,730,143
BIN_9375012,42336,CWE-563,159,CWE-563,1,10,1,1,1,,,False,printlonglongline,data:0,71,20
BIN_9417319,39927,CWE-427,131,CWE-427,2,15,0,1,1,,,False,wcslen|fopen|fgetws|printline|fclose,data:1|dataBuffer:0|dataLen:0|pFile:1,315,70
BIN_9418903,48864,CWE-761,150,CWE-761,1,7,0,0,0,,,True,malloc|exit|strlen|getenv|strncat|printline|free,,210,58
BIN_9426475,36126,CWE-400,193,CWE-400,1,14,1,1,1,,,False,rand|rand|rand|rand|rand|rand|rand|fopen|exit|fwrite|exit|fclose,count:0|i:0|pFile:1|filename:1,295,78
BIN_9438337,28223,CWE-196,11,CWE-196,3,6,0,0,0,,,False,rand|rand|printintline,intUnsigned:0|intSigned:0,68,23
BIN_9442621,45933,CWE-617,93,CWE-617,1,12,0,0,0,,,False,fscanf,i:0|data:0,120,31
BIN_9459257,35978,CWE-400,193,CWE-400,1,5,1,1,1,,,False,memset|atoi|fopen|exit|fwrite|exit|fclose,count:0|wsaData:0|wsaDataInit:0|recvResult:0|service:0|listenSocket:0|acceptSocket:0|inputBuffer:0|i:0|pFile:1|filename:1,764,151
BIN_9460508,45545,CWE-606,118,CWE-606,1,9,1,1,1,,,False,wcslen|memset|wcschr|wcschr|swscanf|printintline,data:1|dataBuffer:0|wsaData:0|wsaDataInit:0|recvResult:0|service:0|replace:1|connectSocket:0|dataLen:0|i:0|n:0|intVariable:0,991,169
BIN_9483745,46232,CWE-665,52,CWE-665,1,12,3,7,7,,,False,wmemset|wcslen|wcsncat|printwline,data:1|dataBuffer:0|sourceLen:0|source:0,129,28
BIN_9493426,46299,CWE-666,34,CWE-666,1,16,1,1,1,,,False,strlen|memset|strchr|strchr|printline,data:0|wsaData:0|wsaDataInit:0|recvResult:0|service:0|replace:1|listenSocket:0|acceptSocket:0|dataLen:0,761,151
BIN_9515682,45464,CWE-606,118,CWE-606,1,8,0,0,0,,,False,strlen|fopen|fgets|printline|fclose,data:1|funcPtr:1|dataBuffer:0|dataLen:0|pFile:1,317,68
BIN_9526564,39032,CWE-416,186,CWE-416,1,12,3,3,3,,,True,_znay|_zdapv|printintline,,142,35
BIN_9541386,42255,CWE-563,159,CWE-563,1,10,1,1,1,,,False,,data:0,16,8
BIN_9557850,10934,CWE-123,43,CWE-123,2,9,0,0,1,,,False,fgets|printline|exit,data:0|head:0|dataCopy:0|data:0,219,53
BIN_9571609,41846,CWE-526,9,CWE-526,1,9,0,0,0,,,False,getenv|printline,,49,15
BIN_9577318,41673,CWE-484,7,CWE-484,1,11,0,1,1,,,False,globalreturnstrue|rand|printline|printline|printline|printline,x:0,164,49
BIN_9589902,45404,CWE-606,118,CWE-606,1,16,0,2,2,,,False,strlen|getenv|strncat|sscanf|printintline,data:1|dataBuffer:0|dataLen:0|environment:1|i:0|n:0|intVariable:0,300,62
BIN_9591884,39441,CWE-426,45,CWE-426,1,11,1,1,1,,,False,wcscpy,data:1|dataBuffer:0|pipe:1,316,54
BIN_9594439,35377,CWE-398,84,CWE-398,2,11,0,0,0,,,False,rand|printline|printline,x:0,97,31
BIN_9594684,35250,CWE-396,25,CWE-396,1,11,1,1,1,,,True,rand|__cxa_allocate_exception|_znst12out_of_rangec1epkc|__cxa_throw|rand|__cxa_allocate_exception|_znst12domain_errorc1epkc|__cxa_throw|printline|__cxa_free_exception|__cxa_free_exception|__cxa_begin_catch|printline|__cxa_end_catch|__cxa_end_catch|_unwind_resume,,274,76
BIN_9604608,46586,CWE-676,9,CWE-676,1,9,1,1,1,,,True,.text$_zstrsicst11char_traitsiceerst13basic_istreamit_t0_es6_ps3_|_zstrsicst11char_traitsiceerst13basic_istreamit_t0_es6_ps3_|printline,,64,19
BIN_9616179,39230,CWE-416,186,CWE-416,3,11,2,2,2,,,True,_znwy|_zdlpvy|printintline,,82,23
BIN_9623642,41794,CWE-511,27,CWE-511,1,12,1,1,1,,,False,,count:0,69,20
BIN_9628835,41652,CWE-483,9,CWE-483,1,11,0,0,0,,,False,staticreturnstrue|rand|printline|printline,x:0|y:0,119,35
BIN_9636222,41809,CWE-511,27,CWE-511,1,11,0,0,0,,,False,_time64|srand|rand,,73,21
BIN_9640515,35073,CWE-377,54,CWE-377,2,12,1,2,2,,,False,exit|printwline|printline|free,filename:1|fileDesc:0,145,39
BIN_9646512,46331,CWE-666,34,CWE-666,1,17,0,1,1,,,False,strlen|memset|strchr|strchr|printline,data:0|wsaData:0|wsaDataInit:0|recvResult:0|service:0|replace:1|listenSocket:0|acceptSocket:0|dataLen:0,758,150
BIN_9667132,41518,CWE-476,98,CWE-476,2,12,0,0,1,,,False,staticreturnstrue|staticreturnstrue|printwcharline,data:1,58,19
BIN_9686686,46749,CWE-680,142,CWE-680,1,18,0,1,1,,,False,fscanf|malloc|exit|printintline|free,data:0|i:0|intPointer:1,176,47
BIN_9689918,45347,CWE-606,118,CWE-606,1,11,0,0,0,,,False,strlen|fgets|strlen|printline|sscanf|printintline,data:1|dataBuffer:0|dataLen:0|i:0|n:0|intVariable:0,428,99
BIN_9692690,45895,CWE-617,93,CWE-617,1,7,0,0,0,,,True,_zn36cwe617_reachable_assertion__fixed_43l9badsourceeri,,74,20
BIN_9695277,48773,CWE-761,150,CWE-761,1,6,0,0,0,,,False,malloc|exit|strlen|memset|strchr|strchr,data:1|funcPtr:1|wsaData:0|wsaDataInit:0|recvResult:0|service:0|replace:1|connectSocket:0|dataLen:0,633,127
BIN_9702351,35083,CWE-377,54,CWE-377,1,10,0,0,0,,,False,exit|printwline|printline,filename:1|fileDesc:0,140,38
BIN_9708154,42501,CWE-587,7,CWE-587,1,10,0,1,1,,,False,printhexcharline,charPointer:1,50,16
BIN_9710190,46281,CWE-666,34,CWE-666,1,13,1,1,1,,,False,strlen|memset|strchr|strchr|printline,data:0|wsaData:0|wsaDataInit:0|recvResult:0|service:0|replace:1|listenSocket:0|acceptSocket:0|dataLen:0,761,151
BIN_9712097,414,CWE-135,24,CWE-135,1,12,0,0,0,,,False,strlen|___chkstk_ms|wcscpy|printline,data:1|dataLen:0|dest:1,151,40
BIN_9717893,45784,CWE-617,93,CWE-617,1,15,0,0,0,,,False,globalreturnstrueorfalse|memset|atoi,data:0|wsaData:0|wsaDataInit:0|recvResult:0|service:0|connectSocket:0|inputBuffer:0,481,97
BIN_9724451,41418,CWE-476,98,CWE-476,1,12,0,0,0,,,False,printlongline,data:1,62,20
BIN_9736379,35806,CWE-400,193,CWE-400,7,3,0,0,0,,,True,fscanf|badsink,count:0,75,20
BIN_9738306,46186,CWE-665,52,CWE-665,1,11,0,0,0,,,False,globalreturnstrue|wmemset|wcscat|printwline,data:1|dataBuffer:0|source:0,105,23
BIN_9741499,47230,CWE-685,8,CWE-685,1,10,0,0,0,,,False,sprintf|printline,dest:0,75,20
BIN_9772090,35220,CWE-391,25,CWE-391,2,12,0,1,1,,,False,wcstombs|printunsignedline|printline,bytesTranslated:0|charString:0,85,21
BIN_9790746,49182,CWE-761,150,CWE-761,1,8,0,0,0,,,False,malloc|exit|wcslen|fopen|fgetws|printline|fclose|printline|free,data:1|dataLen:0|pFile:1,292,78
BIN_9799793,46704,CWE-680,142,CWE-680,1,14,0,2,2,,,False,malloc|exit|printintline|free,data:0|i:0|intPointer:1,144,39
BIN_9803289,45680,CWE-606,118,CWE-606,1,7,0,0,1,,,False,wcslen|fopen|fgetws|printline|fclose|swscanf|printintline,data:1|dataBuffer:0|dataLen:0|pFile:1|i:0|n:0|intVariable:0,555,101
BIN_9804490,38947,CWE-416,186,CWE-416,2,9,0,0,0,,,False,malloc|exit|free|printlongline,data:1|i:0,144,38
BIN_9807267,39773,CWE-427,131,CWE-427,2,7,0,0,0,,,False,wcslen|memset|wcschr|wcschr,data:1|dataBuffer:0|wsaData:0|wsaDataInit:0|recvResult:0|service:0|replace:1|connectSocket:0|dataLen:0,680,138
BIN_9813115,46139,CWE-665,52,CWE-665,1,14,3,6,6,,,False,memset|strlen|strncat|printline,data:1|dataBuffer:0|sourceLen:0|source:0,127,28
BIN_9821965,39269,CWE-416,186,CWE-416,1,9,1,1,1,,,True,_znwy|_zdlpvy|printlongline,,84,25
BIN_9832510,56032,CWE-843,23,CWE-843,1,10,0,1,2,,,False,globalreturnstrue|printintline,data:1|shortBuffer:0,59,18
BIN_9834162,46095,CWE-665,52,CWE-665,1,14,0,0,0,,,False,memset|strcat|printline,i:0|data:1|dataBuffer:0|source:0,126,27
BIN_9837273,7860,CWE-135,24,CWE-135,2,5,0,1,1,,,False,malloc|exit|wmemset|strlen|calloc|exit|wcscpy|printline|free,data:1|dataBadBuffer:1|dataLen:0|dest:1,196,49
BIN_9850646,36072,CWE-400,193,CWE-400,1,11,0,0,0,,,False,rand|rand|rand|rand|rand|rand|rand|printline,count:0|i:0,173,51
BIN_9858322,35326,CWE-398,84,CWE-398,1,13,0,0,0,,,False,printintline|printintline,intOne:0|intTwo:0|intSum:0,57,17
BIN_9867457,46456,CWE-675,31,CWE-675,1,5,0,0,0,,,False,fopen|fclose,data:1|funcPtr:1,85,22
BIN_9882891,36184,CWE-400,193,CWE-400,2,7,0,0,0,,,True,rand|rand|rand|rand|rand|rand|rand|printline,,145,45
BIN_9887603,41814,CWE-511,27,CWE-511,1,12,0,1,2,,,False,globalreturnstrue|_time64|srand|rand,,72,21
BIN_9893060,35940,CWE-400,193,CWE-400,1,15,0,0,0,,,False,memset|atoi|badsink,count:0|wsaData:0|wsaDataInit:0|recvResult:0|service:0|listenSocket:0|acceptSocket:0|inputBuffer:0,553,111
BIN_9903627,45742,CWE-606,118,CWE-606,1,15,0,2,2,,,False,wcslen|memset|wcschr|wcschr|swscanf|printintline,data:1|dataBuffer:0|wsaData:0|wsaDataInit:0|recvResult:0|service:0|replace:1|listenSocket:0|acceptSocket:0|dataLen:0|i:0|n:0|intVariable:0,1076,186
BIN_9912213,46809,CWE-680,142,CWE-680,1,7,0,0,0,,,True,_zn67cwe680_integer_overflow_to_buffer_overflow__malloc_listen_socket_43l9badsourceeri|malloc|exit|printintline|free,,148,40
BIN_9939553,35662,CWE-400,193,CWE-400,1,9,0,0,0,,,True,fgets|atoi|printline|badsink,count:0|inputBuffer:0,126,32
BIN_9942078,52960,CWE-773,20,CWE-773,1,5,0,0,0,,,True,_zn69cwe773_missing_reference_to_active_file_descriptor_or_handle__open_43l9badsourceeri,,89,25
BIN_9942087,47145,CWE-680,142,CWE-680,2,7,0,0,0,,,True,_zn55cwe680_integer_overflow_to_buffer_overflow__new_rand_439badsourceeri|_znay|printintline|_zdapv,,146,40
BIN_9958223,35428,CWE-398,84,CWE-398,1,13,0,1,2,,,False,globalreturnstrue|printline,i:0,61,20
BIN_9967534,45839,CWE-617,93,CWE-617,2,11,0,0,0,,,False,badsource,data:0,83,21
BIN_9987028,35097,CWE-390,34,CWE-390,1,12,2,2,2,,,True,.text$_znst7__cxx1112basic_stringicst11char_traitsicesaiceec1is3_eepkcrks3_|_znst7__cxx1112basic_stringicst11char_traitsicesaiceec1is3_eepkcrks3_|.text$_znst15__new_allocatoriced2ev|_znst15__new_allocatoriced2ev|rand|rand|.text$_znkst7__cxx1112basic_stringicst11char_traitsicesaicee6substreyy|_znkst7__cxx1112basic_stringicst11char_traitsicesaicee6substreyy|.text$_znkst7__cxx1112basic_stringicst11char_traitsicesaicee5c_strev|_znkst7__cxx1112basic_stringicst11char_traitsicesaicee5c_strev|printline|.text$_znst7__cxx1112basic_stringicst11char_traitsicesaiceed1ev|_znst7__cxx1112basic_stringicst11char_traitsicesaiceed1ev|.text$_znst7__cxx1112basic_stringicst11char_traitsicesaiceed1ev|_znst7__cxx1112basic_stringicst11char_traitsicesaiceed1ev|.text$_znst15__new_allocatoriced2ev|_znst15__new_allocatoriced2ev|.text$_znst7__cxx1112basic_stringicst11char_traitsicesaiceed1ev|_znst7__cxx1112basic_stringicst11char_traitsicesaiceed1ev|.text$_znst7__cxx1112basic_stringicst11char_traitsicesaiceed1ev|_znst7__cxx1112basic_stringicst11char_traitsicesaiceed1ev|_unwind_resume|__cxa_begin_catch|__cxa_end_catch,,259,77
BIN_9988788,42483,CWE-571,8,CWE-571,1,7,1,1,1,,,False,printline,,44,14
BIN_9990685,48764,CWE-761,150,CWE-761,1,9,0,0,0,,,False,malloc|exit|strlen|memset|strchr|strchr|badsink,data:1|wsaData:0|wsaDataInit:0|recvResult:0|service:0|replace:1|connectSocket:0|dataLen:0,625,125
