binary_id,sid,cwe,class_count,nearest_same_dist,near_same_count,near_labels,has_cwe_token,tokens,exact_same_near,exact_other_near,entry_line,high_pc,body_len,insn_count,calls
BIN_1000102,7887,CWE-135,24,1,4,CWE-135@7882|CWE-135@7884|CWE-135@7886|CWE-135@7888,False,,False,,34,122,122,31,malloc|exit|wmemset
BIN_1006630,53038,CWE-775,26,1,6,CWE-775@53034|CWE-775@53035|CWE-775@53037|CWE-775@53039|CWE-775@53040|CWE-775@53041,False,,True,,27,55,55,15,
BIN_1028789,46457,CWE-675,31,2,2,CWE-675@46453|CWE-675@46455,True,CWE675_Duplicate_Operations_on_Resource__fopen_45_badData|CWE675_Duplicate_Operations_on_Resource__fopen_45_goodB2GData|CWE675_Duplicate_Operations_on_Resource_,False,,30,77,77,19,fopen|fclose|badsink
BIN_1035625,7876,CWE-135,24,1,5,CWE-135@7871|CWE-135@7877|CWE-135@7878|CWE-135@7880|CWE-135@7881,False,,False,,21,235,235,60,malloc|exit|wmemset|strlen|calloc|exit|wcscpy|printline|free
BIN_1036896,42532,CWE-588,22,2,6,CWE-588@42527|CWE-588@42528|CWE-588@42529|CWE-588@42534|CWE-588@42535|CWE-588@42537,True,CWE588_Attempt_to_Access_Child_of_Non_Structure_Pointer__class_18|CWE588_Attempt_to_Access_Child_of_Non_Structure_Pointer__class_1810entry_goodEv|CWE588_Attempt,True,,-1,-1,59,17,printintline
BIN_1094598,41914,CWE-546,35,2,3,CWE-546@41910|CWE-546@41912|CWE-546@41918,False,,True,,17,30,30,10,printline
BIN_1105650,46578,CWE-676,9,3,4,CWE-676@46574|CWE-676@46575|CWE-676@46581|CWE-676@46582,True,CWE676_Use_of_Potentially_Dangerous_Function__basic_06|CWE676_Use_of_Potentially_Dangerous_Function__basic_0610entry_goodEv|CWE676_Use_of_Potentially_Dangerous_,True,,-1,-1,50,15,.text$_zstrsicst11char_traitsiceerst13basic_istreamit_t0_es6_ps3_|_zstrsicst11char_traitsiceerst13basic_istreamit_t0_es6_ps3_|printline
BIN_1127912,42526,CWE-588,22,1,5,CWE-588@42523|CWE-588@42525|CWE-588@42527|CWE-588@42528|CWE-588@42529,True,CWE588_Attempt_to_Access_Child_of_Non_Structure_Pointer__class_12|CWE588_Attempt_to_Access_Child_of_Non_Structure_Pointer__class_1210entry_goodEv|CWE588_Attempt,False,,-1,-1,82,24,globalreturnstrueorfalse|printintline
BIN_1171041,41900,CWE-546,35,1,6,CWE-546@41895|CWE-546@41898|CWE-546@41899|CWE-546@41901|CWE-546@41902|CWE-546@41904,False,,False,,22,41,41,13,printline
BIN_1177863,35192,CWE-391,25,1,6,CWE-391@35187|CWE-391@35188|CWE-391@35193|CWE-391@35194|CWE-391@35196|CWE-391@35197,False,,False,,21,64,64,18,globalreturnstrue|sqrt|printdoubleline
BIN_1267373,35155,CWE-390,34,1,5,CWE-390@35150|CWE-390@35151|CWE-390@35154|CWE-390@35158|CWE-390@35159,False,,True,,17,74,74,20,fopen|fclose
BIN_1278321,35186,CWE-391,25,1,4,CWE-391@35184|CWE-391@35185|CWE-391@35187|CWE-391@35188,False,,True,,27,65,65,18,sqrt|printdoubleline
BIN_1282514,18993,CWE-188,21,1,4,CWE-188@18988|CWE-188@18989|CWE-188@18991|CWE-188@18992|CWE-190@18996|CWE-190@18997,False,,True,,17,43,43,15,printintline
BIN_1287386,53045,CWE-775,26,1,6,CWE-775@53040|CWE-775@53041|CWE-775@53044|CWE-775@53046|CWE-775@53047|CWE-775@53050,False,,True,,27,56,56,16,
BIN_1288419,41659,CWE-483,9,1,3,CWE-483@41654|CWE-483@41656|CWE-483@41660|CWE-484@41663,False,,True,,17,111,111,33,rand|printline|printline
BIN_1298507,41173,CWE-475,18,1,7,CWE-469@41168|CWE-475@41169|CWE-475@41171|CWE-475@41172|CWE-475@41174|CWE-475@41175|CWE-475@41177|CWE-475@41178,False,,True,,25,247,247,44,memcpy|printline
BIN_1344429,18962,CWE-188,21,1,4,CWE-188@18959|CWE-188@18960|CWE-188@18963|CWE-188@18964,False,,True,,23,75,75,23,printintline|printintline
BIN_1394325,39509,CWE-426,45,1,3,CWE-426@39505|CWE-426@39507|CWE-426@39508,True,CWE426_Untrusted_Search_Path__wchar_t_system_45_badData|CWE426_Untrusted_Search_Path__wchar_t_system_45_goodG2BData,False,,55,297,297,41,wcscpy|badsink
BIN_1419662,35132,CWE-390,34,1,5,CWE-390@35128|CWE-390@35129|CWE-390@35131|CWE-390@35134|CWE-390@35137,False,,False,,23,340,340,52,printwline|fgetws|printwline
BIN_1440075,52951,CWE-773,20,1,4,CWE-773@52946|CWE-773@52947|CWE-773@52950|CWE-773@52956,False,,False,,27,109,109,29,
BIN_1447241,39396,CWE-426,45,1,5,CWE-426@39391|CWE-426@39392|CWE-426@39397|CWE-426@39400|CWE-426@39401,False,,False,,40,281,281,51,globalreturnstrueorfalse|system|printline|exit
BIN_1467530,39387,CWE-426,45,1,5,CWE-426@39386|CWE-426@39389|CWE-426@39390|CWE-426@39391|CWE-426@39392,False,,True,,40,204,204,37,system|printline|exit
BIN_1467776,47234,CWE-685,8,1,4,CWE-685@47231|CWE-685@47232|CWE-685@47235|CWE-685@47236,False,,False,,20,76,76,20,sprintf|printline
BIN_1502371,413,CWE-135,24,1,6,CWE-135@409|CWE-135@411|CWE-135@412|CWE-135@415|CWE-135@416|CWE-135@417,False,,True,,29,149,149,40,strlen|___chkstk_ms|wcscpy|printline
BIN_1512730,18977,CWE-188,21,1,4,CWE-188@18972|CWE-188@18975|CWE-188@18976|CWE-188@18982,False,,True,,17,42,42,14,printintline
BIN_1528226,42531,CWE-588,22,2,5,CWE-588@42527|CWE-588@42528|CWE-588@42529|CWE-588@42534|CWE-588@42535,True,CWE588_Attempt_to_Access_Child_of_Non_Structure_Pointer__class_17|CWE588_Attempt_to_Access_Child_of_Non_Structure_Pointer__class_1710entry_goodEv|CWE588_Attempt,False,,-1,-1,77,21,printintline
BIN_1553949,10930,CWE-123,43,2,4,CWE-123@10926|CWE-123@10927|CWE-123@10928|CWE-123@10932,False,,False,,31,206,206,50,fgets|printline|exit
BIN_1557835,10972,CWE-123,43,1,6,CWE-123@10969|CWE-123@10970|CWE-123@10971|CWE-123@10973|CWE-123@10974|CWE-123@10977,False,,True,,52,621,621,120,globalreturnstrue|memset
BIN_1568092,46543,CWE-675,31,2,7,CWE-675@46538|CWE-675@46540|CWE-675@46541|CWE-675@46545|CWE-675@46546|CWE-675@46547|CWE-675@46548,False,,False,,40,89,89,23,badsink
BIN_1593911,41022,CWE-464,10,1,4,CWE-464@41017|CWE-464@41018|CWE-464@41020|CWE-464@41021,True,CWE464_Addition_of_Data_Structure_Sentinel__basic_45_badData|CWE464_Addition_of_Data_Structure_Sentinel__basic_45_goodG2BData,False,,35,78,78,22,getc|atoi|badsink
BIN_1599122,52984,CWE-775,26,2,4,CWE-775@52982|CWE-775@52986|CWE-775@52987|CWE-775@52988,False,,True,,18,49,49,13,fopen
BIN_1599779,41847,CWE-526,9,2,5,CWE-526@41842|CWE-526@41843|CWE-526@41845|CWE-526@41849|CWE-526@41851,False,,True,,30,47,47,15,staticreturnstrue|getenv|printline
BIN_1655785,41744,CWE-510,17,1,8,CWE-510@41739|CWE-510@41740|CWE-510@41741|CWE-510@41743|CWE-510@41745|CWE-510@41746|CWE-510@41747|CWE-510@41749,False,,True,,38,636,636,133,globalreturnstrue|memset|strcmp|printline
BIN_1663347,42520,CWE-588,22,2,5,CWE-588@42516|CWE-588@42517|CWE-588@42518|CWE-588@42523|CWE-588@42525,True,CWE588_Attempt_to_Access_Child_of_Non_Structure_Pointer__class_06|CWE588_Attempt_to_Access_Child_of_Non_Structure_Pointer__class_0610entry_goodEv|CWE588_Attempt,True,,-1,-1,58,16,printintline
BIN_1668988,41796,CWE-511,27,1,4,CWE-511@41791|CWE-511@41795|CWE-511@41798|CWE-511@41800,False,,False,,26,65,65,19,globalreturnstrue
BIN_1670545,39454,CWE-426,45,3,4,CWE-426@39449|CWE-426@39451|CWE-426@39458|CWE-426@39459,False,,False,,42,382,382,63,wcscpy
BIN_1708390,35174,CWE-390,34,2,5,CWE-390@35169|CWE-390@35171|CWE-390@35172|CWE-390@35177|CWE-390@35178,False,,True,,20,88,88,23,globalreturnstrue|sqrt|printdoubleline
BIN_1792787,42485,CWE-571,8,1,4,CWE-570@42480|CWE-571@42481|CWE-571@42484|CWE-571@42487|CWE-571@42488,False,,False,,10,39,39,13,globalreturnstrue|printline
BIN_1896060,41648,CWE-483,9,1,8,CWE-483@41643|CWE-483@41644|CWE-483@41645|CWE-483@41646|CWE-483@41647|CWE-483@41649|CWE-483@41651|CWE-483@41653,False,,False,,23,119,119,35,rand|printline|printline
BIN_1925712,10873,CWE-123,43,1,8,CWE-123@10868|CWE-123@10870|CWE-123@10871|CWE-123@10872|CWE-123@10875|CWE-123@10876|CWE-123@10877|CWE-123@10878,False,,True,,66,510,510,97,staticreturnstrue|memset
BIN_1972380,41085,CWE-467,20,2,5,CWE-467@41080|CWE-467@41082|CWE-467@41083|CWE-467@41089|CWE-467@41090,False,,False,,30,99,99,28,staticreturnstrue|malloc|exit|printshortline|free
BIN_1975687,56003,CWE-843,23,1,6,CWE-843@55998|CWE-843@55999|CWE-843@56001|CWE-843@56004|CWE-843@56005|CWE-843@56006,True,CWE843_Type_Confusion__char_34_unionType,False,,24,64,64,19,printintline
BIN_1993794,41896,CWE-546,35,1,6,CWE-546@41891|CWE-546@41893|CWE-546@41895|CWE-546@41898|CWE-546@41899|CWE-546@41901,False,,True,,17,30,30,10,printline
BIN_2003503,10983,CWE-123,43,5,2,CWE-123@10978|CWE-123@10988,False,,False,,52,720,720,136,memset
BIN_2013496,41166,CWE-469,19,1,4,CWE-469@41163|CWE-469@41164|CWE-469@41167|CWE-469@41168|CWE-475@41169|CWE-475@41171,False,,True,,21,140,140,35,wcschr|exit|printunsignedline
BIN_2025147,39435,CWE-426,45,1,6,CWE-426@39433|CWE-426@39434|CWE-426@39436|CWE-426@39438|CWE-426@39439|CWE-426@39440,False,,True,,42,303,303,50,wcscpy
BIN_2055913,31024,CWE-242,8,2,6,CWE-242@31019|CWE-242@31020|CWE-242@31021|CWE-242@31026|CWE-242@31027|CWE-242@31029,False,,False,,19,93,93,26,gets|printline|exit|printline
BIN_2073301,32173,CWE-367,18,2,6,CWE-367@32169|CWE-367@32170|CWE-367@32175|CWE-367@32176|CWE-367@32177|CWE-367@32178,False,,False,,41,379,379,84,fgets|printline|strlen|exit|exit|exit
BIN_2104750,39443,CWE-426,45,1,6,CWE-426@39438|CWE-426@39439|CWE-426@39440|CWE-426@39442|CWE-426@39444|CWE-426@39445,False,,True,,42,312,312,53,globalreturnstrue|wcscpy
BIN_2106997,41087,CWE-467,20,2,5,CWE-467@41082|CWE-467@41083|CWE-467@41089|CWE-467@41090|CWE-467@41092,False,,False,,17,103,103,29,malloc|exit|printshortline|free
BIN_2112774,31028,CWE-242,8,1,3,CWE-242@31026|CWE-242@31027|CWE-242@31029|CWE-252@31030|CWE-252@31031|CWE-252@31032,False,,False,,19,99,99,28,gets|printline|exit|printline
BIN_2135868,31018,CWE-242,8,1,7,CWE-242@31013|CWE-242@31015|CWE-242@31016|CWE-242@31017|CWE-242@31019|CWE-242@31020|CWE-242@31021,False,,False,,24,90,90,25,gets|printline|exit|printline
BIN_2180896,47229,CWE-685,8,1,5,CWE-685@47225|CWE-685@47227|CWE-685@47228|CWE-685@47231|CWE-685@47232,False,,False,,20,75,75,20,sprintf|printline
BIN_2185151,56002,CWE-843,23,1,7,CWE-843@55997|CWE-843@55998|CWE-843@55999|CWE-843@56001|CWE-843@56004|CWE-843@56005|CWE-843@56006,True,CWE843_Type_Confusion__char_33|CWE843_Type_Confusion__char_3310entry_goodEv|CWE843_Type_Confusion__char_339entry_badEv|CWE843_Type_Confusion__char_33L20entry_go,False,,-1,-1,67,20,printintline
BIN_2203214,46439,CWE-675,31,1,8,CWE-675@46434|CWE-675@46435|CWE-675@46436|CWE-675@46438|CWE-675@46440|CWE-675@46442|CWE-675@46443|CWE-675@46444,False,,True,,19,91,91,25,globalreturnstrue|fopen|fclose|globalreturnstrue|fclose
BIN_2211287,32114,CWE-364,7,1,6,CWE-253@32109|CWE-364@32110|CWE-364@32111|CWE-364@32113|CWE-364@32116|CWE-364@32118|CWE-364@32119,True,CWE364_Signal_Handler_Race_Condition__basic_05StructSigAtomicBad|CWE364_Signal_Handler_Race_Condition__basic_05StructSigAtomicGood,False,,49,203,203,43,signal|free|malloc|exit|signal|free
BIN_2223041,41576,CWE-479,10,1,5,CWE-479@41572|CWE-479@41573|CWE-479@41575|CWE-479@41579|CWE-479@41580,False,,True,,48,45,45,14,signal
BIN_2266130,56046,CWE-843,23,2,2,CWE-843@56041|CWE-843@56044,True,CWE843_Type_Confusion__short_45_badData|CWE843_Type_Confusion__short_45_goodG2BData,False,,28,53,53,14,badsink
BIN_2276936,39453,CWE-426,45,2,3,CWE-426@39449|CWE-426@39451|CWE-426@39458,False,,False,,42,334,334,54,wcscpy
BIN_2280047,35269,CWE-396,25,1,9,CWE-396@35264|CWE-396@35265|CWE-396@35266|CWE-396@35267|CWE-396@35268|CWE-396@35270|CWE-396@35271|CWE-396@35273|CWE-396@35274,True,CWE396_Catch_Generic_Exception__exception_16|CWE396_Catch_Generic_Exception__exception_1610entry_goodEv|CWE396_Catch_Generic_Exception__exception_169entry_badEv,True,,-1,-1,306,87,rand|__cxa_allocate_exception|_znst12out_of_rangec1epkc|__cxa_throw|rand|__cxa_allocate_exception|_znst12domain_errorc1epkc|__cxa_throw|printline|__cxa_free_exception|__cxa_free_exception|_unwind_resume|__cxa_begin_catch|printline|__cxa_end_catch|__cxa_end_catch|_unwind_resume
BIN_2280331,46576,CWE-676,9,1,3,CWE-676@46574|CWE-676@46575|CWE-676@46581,True,CWE676_Use_of_Potentially_Dangerous_Function__basic_04|CWE676_Use_of_Potentially_Dangerous_Function__basic_0410entry_goodEv|CWE676_Use_of_Potentially_Dangerous_,True,,-1,-1,50,15,.text$_zstrsicst11char_traitsiceerst13basic_istreamit_t0_es6_ps3_|_zstrsicst11char_traitsiceerst13basic_istreamit_t0_es6_ps3_|printline
BIN_2298632,41054,CWE-467,20,1,8,CWE-467@41049|CWE-467@41050|CWE-467@41051|CWE-467@41052|CWE-467@41055|CWE-467@41056|CWE-467@41057|CWE-467@41059,False,,True,,17,104,104,29,malloc|exit|printhexcharline|free
BIN_2302511,28218,CWE-196,11,1,5,CWE-196@28214|CWE-196@28215|CWE-196@28217|CWE-196@28219|CWE-196@28220,False,,True,,17,67,67,23,rand|rand|printintline
BIN_2313385,39504,CWE-426,45,1,6,CWE-426@39499|CWE-426@39501|CWE-426@39503|CWE-426@39505|CWE-426@39507|CWE-426@39508,True,CWE426_Untrusted_Search_Path__wchar_t_system_34_unionType,False,,46,314,314,53,wcscpy|printline|exit
BIN_2324328,41193,CWE-475,18,2,5,CWE-475@41189|CWE-475@41190|CWE-475@41191|CWE-475@41197|CWE-475@41198,False,,False,,24,338,338,51,wcscpy|memcpy|printwline
BIN_2338043,52962,CWE-773,20,3,3,CWE-773@52957|CWE-773@52958|CWE-773@52959,True,CWE773_Missing_Reference_to_Active_File_Descriptor_or_Handle__open_45_badData|CWE773_Missing_Reference_to_Active_File_Descriptor_or_Handle__open_45_goodB2GData,False,,42,69,69,18,badsink
BIN_2401128,46276,CWE-666,34,1,6,CWE-666@46272|CWE-666@46273|CWE-666@46275|CWE-666@46278|CWE-666@46279|CWE-666@46280,False,,False,,47,758,758,150,strlen|memset|strchr|strchr|printline
BIN_2407650,47193,CWE-681,19,1,10,CWE-681@47188|CWE-681@47189|CWE-681@47190|CWE-681@47191|CWE-681@47192|CWE-681@47194|CWE-681@47195|CWE-681@47196|CWE-681@47197|CWE-681@47198,False,,True,,19,153,153,37,fgets|atof|printline|printintline
BIN_2487254,46500,CWE-675,31,1,6,CWE-675@46495|CWE-675@46497|CWE-675@46498|CWE-675@46501|CWE-675@46504|CWE-675@46505,True,CWE675_Duplicate_Operations_on_Resource__freopen_34_unionType,False,,25,109,109,28,freopen|fclose|fclose
BIN_2520371,35221,CWE-391,25,2,3,CWE-391@35217|CWE-391@35218|CWE-391@35223,False,,False,,25,94,94,24,wcstombs|printunsignedline|printline
BIN_2529269,32112,CWE-364,7,1,4,CWE-253@32107|CWE-253@32108|CWE-253@32109|CWE-364@32110|CWE-364@32111|CWE-364@32113|CWE-364@32116,True,CWE364_Signal_Handler_Race_Condition__basic_03StructSigAtomicBad|CWE364_Signal_Handler_Race_Condition__basic_03StructSigAtomicGood,True,,43,189,189,40,signal|free|malloc|exit|signal|free
BIN_2540954,41730,CWE-510,17,1,4,CWE-510@41727|CWE-510@41728|CWE-510@41729|CWE-510@41731,False,,True,,44,687,687,143,memset|strcmp|printline
BIN_2570932,18981,CWE-188,21,1,4,CWE-188@18976|CWE-188@18982|CWE-188@18983|CWE-188@18986,False,,False,,22,52,52,17,printintline
BIN_2581906,46381,CWE-672,8,1,6,CWE-672@46380|CWE-672@46382|CWE-672@46383|CWE-672@46384|CWE-672@46385|CWE-672@46386,True,CWE672_Operation_on_Resource_After_Expiration_or_Release__list_int_02|CWE672_Operation_on_Resource_After_Expiration_or_Release__list_int_0210entry_goodEv|CWE672,True,,-1,-1,332,86,.text$_znst7__cxx114listiisaiieec1ev|_znst7__cxx114listiisaiieec1ev|.text$_znst7__cxx114listiisaiiee9push_backeoi|_znst7__cxx114listiisaiiee9push_backeoi|.text$_znst7__cxx114listiisaiiee9push_backeoi|_znst7__cxx114listiisaiiee9push_backeoi|.text$_znst14_list_iteratoriiec1ev|_znst14_list_iteratoriiec1ev|_zstlsist11char_traitsiceerst13basic_ostreamict_es5_pkc|.text$_znst7__cxx114listiisaiiee5beginev|_znst7__cxx114listiisaiiee5beginev|.text$_znkst14_list_iteratoriiedeev|_znkst14_list_iteratoriiedeev|.text$_znst7__cxx114listiisaiiee5clearev|_znst7__cxx114listiisaiiee5clearev|_zstlsist11char_traitsiceerst13basic_ostreamict_es5_pkc|.text$_znkst14_list_iteratoriiedeev|_znkst14_list_iteratoriiedeev|_znsolsei|.text$_znst14_list_iteratoriieppei|_znst14_list_iteratoriieppei|.text$_znst7__cxx114listiisaiiee3endev|_znst7__cxx114listiisaiiee3endev|.text$_zstnerkst14_list_iteratoriies2_|_zstnerkst14_list_iteratoriies2_|_znsolsepfrsos_e|.text$_znst7__cxx114listiisaiieed1ev|_znst7__cxx114listiisaiieed1ev|.text$_znst7__cxx114listiisaiieed1ev|_znst7__cxx114listiisaiieed1ev|_unwind_resume
BIN_2624467,41897,CWE-546,35,1,6,CWE-546@41893|CWE-546@41895|CWE-546@41898|CWE-546@41899|CWE-546@41901|CWE-546@41902,False,,True,,23,39,39,13,printline
BIN_2626528,35100,CWE-390,34,1,8,CWE-390@35095|CWE-390@35098|CWE-390@35099|CWE-390@35101|CWE-390@35102|CWE-390@35103|CWE-390@35104|CWE-390@35105,True,CWE390_Error_Without_Action__empty_catch_09|CWE390_Error_Without_Action__empty_catch_0910entry_goodEv|CWE390_Error_Without_Action__empty_catch_099entry_badEv|CW,True,,-1,-1,276,81,.text$_znst7__cxx1112basic_stringicst11char_traitsicesaiceec1is3_eepkcrks3_|_znst7__cxx1112basic_stringicst11char_traitsicesaiceec1is3_eepkcrks3_|.text$_znst15__new_allocatoriced2ev|_znst15__new_allocatoriced2ev|rand|rand|.text$_znkst7__cxx1112basic_stringicst11char_traitsicesaicee6substreyy|_znkst7__cxx1112basic_stringicst11char_traitsicesaicee6substreyy|.text$_znkst7__cxx1112basic_stringicst11char_traitsicesaicee5c_strev|_znkst7__cxx1112basic_stringicst11char_traitsicesaicee5c_strev|printline|.text$_znst7__cxx1112basic_stringicst11char_traitsicesaiceed1ev|_znst7__cxx1112basic_stringicst11char_traitsicesaiceed1ev|.text$_znst7__cxx1112basic_stringicst11char_traitsicesaiceed1ev|_znst7__cxx1112basic_stringicst11char_traitsicesaiceed1ev|.text$_znst15__new_allocatoriced2ev|_znst15__new_allocatoriced2ev|.text$_znst7__cxx1112basic_stringicst11char_traitsicesaiceed1ev|_znst7__cxx1112basic_stringicst11char_traitsicesaiceed1ev|.text$_znst7__cxx1112basic_stringicst11char_traitsicesaiceed1ev|_znst7__cxx1112basic_stringicst11char_traitsicesaiceed1ev|_unwind_resume|__cxa_begin_catch|__cxa_end_catch
BIN_2673825,46340,CWE-666,34,1,6,CWE-666@46335|CWE-666@46338|CWE-666@46339|CWE-666@46341|CWE-666@46342|CWE-666@46343,False,,True,,41,745,745,148,strlen|memset|strchr|strchr|printline
BIN_2693713,42494,CWE-571,8,1,4,CWE-571@42491|CWE-571@42493|CWE-571@42495|CWE-571@42496|CWE-587@42498,False,,False,,10,67,67,18,strcmp|printline
BIN_2696868,42474,CWE-570,6,1,6,CWE-570@42469|CWE-570@42470|CWE-570@42473|CWE-570@42475|CWE-570@42476|CWE-570@42477,False,,False,,12,40,40,13,printline
BIN_2710881,41799,CWE-511,27,1,4,CWE-511@41795|CWE-511@41798|CWE-511@41800|CWE-511@41804,False,,True,,26,70,70,20,
BIN_2728071,41184,CWE-475,18,1,5,CWE-475@41179|CWE-475@41180|CWE-475@41181|CWE-475@41185|CWE-475@41189,False,,False,,19,234,234,42,memcpy|printline
BIN_2798054,39482,CWE-426,45,1,4,CWE-426@39481|CWE-426@39483|CWE-426@39485|CWE-426@39487,False,,True,,40,326,326,49,wcscpy|printline|exit
BIN_2804695,10940,CWE-123,43,2,3,CWE-123@10936|CWE-123@10937|CWE-123@10942,True,CWE123_Write_What_Where_Condition__fgets_43|CWE123_Write_What_Where_Condition__fgets_4310entry_goodEv|CWE123_Write_What_Where_Condition__fgets_439entry_badEv|CW,False,,-1,-1,132,32,_zn43cwe123_write_what_where_condition__fgets_43l9badsourceer10_badstruct
BIN_2836782,35176,CWE-390,34,1,4,CWE-390@35171|CWE-390@35172|CWE-390@35177|CWE-390@35178,False,,True,,20,93,93,24,sqrt|printdoubleline
BIN_2861522,46573,CWE-676,9,1,2,CWE-676@46574|CWE-676@46575,True,CWE676_Use_of_Potentially_Dangerous_Function__basic_01|CWE676_Use_of_Potentially_Dangerous_Function__basic_0110entry_goodEv|CWE676_Use_of_Potentially_Dangerous_,True,,-1,-1,50,15,.text$_zstrsicst11char_traitsiceerst13basic_istreamit_t0_es6_ps3_|_zstrsicst11char_traitsiceerst13basic_istreamit_t0_es6_ps3_|printline
BIN_2879242,41581,CWE-479,10,1,3,CWE-479@41579|CWE-479@41580|CWE-479@41582,False,,False,,43,44,44,14,globalreturnstrue|signal
BIN_2897245,35219,CWE-391,25,1,4,CWE-391@35215|CWE-391@35217|CWE-391@35218|CWE-391@35223,False,,True,,19,85,85,21,wcstombs|printunsignedline|printline
BIN_2910543,41868,CWE-546,35,1,8,CWE-546@41863|CWE-546@41864|CWE-546@41866|CWE-546@41867|CWE-546@41869|CWE-546@41871|CWE-546@41872|CWE-546@41873,False,,False,,17,39,39,13,globalreturnstrue|printline
BIN_2944726,41853,CWE-526,9,1,5,CWE-526@41849|CWE-526@41851|CWE-526@41854|CWE-526@41855|CWE-526@41856|CWE-546@41858,False,,False,,17,52,52,16,getenv|printline
BIN_2949404,41734,CWE-510,17,3,4,CWE-510@41729|CWE-510@41731|CWE-510@41737|CWE-510@41739,False,,False,,38,623,623,130,memset|strcmp|printline
BIN_2976060,41560,CWE-478,6,1,7,CWE-478@41555|CWE-478@41556|CWE-478@41557|CWE-478@41559|CWE-478@41562|CWE-478@41563|CWE-478@41564,False,,True,,30,131,131,41,staticreturnstrue|rand|printline
BIN_2989244,10939,CWE-123,43,2,3,CWE-123@10936|CWE-123@10937|CWE-123@10942,False,,False,,42,168,168,41,badsource
BIN_3033593,41819,CWE-511,27,1,4,CWE-511@41815|CWE-511@41816|CWE-511@41820|CWE-511@41822,False,,False,,26,64,64,19,_time64|srand|rand
BIN_3036796,41596,CWE-480,9,1,5,CWE-480@41591|CWE-480@41594|CWE-480@41597|CWE-480@41598|CWE-480@41599,False,,True,,59,20,20,8,staticreturnstrue
BIN_3066914,41019,CWE-464,10,1,4,CWE-464@41017|CWE-464@41018|CWE-464@41020|CWE-464@41021,False,,False,,31,64,64,20,badsource|printline
BIN_3074281,41907,CWE-546,35,1,6,CWE-546@41902|CWE-546@41904|CWE-546@41906|CWE-546@41908|CWE-546@41910|CWE-546@41912,False,,True,,17,44,44,14,printline
BIN_3115795,35272,CWE-396,25,1,8,CWE-396@35267|CWE-396@35268|CWE-396@35270|CWE-396@35271|CWE-396@35273|CWE-396@35274|CWE-396@35275|CWE-396@35276,True,CWE396_Catch_Generic_Exception__exception_and_domain_error_01|CWE396_Catch_Generic_Exception__exception_and_domain_error_0110entry_goodEv|CWE396_Catch_Generic_E,True,,-1,-1,368,102,rand|__cxa_allocate_exception|_znst12out_of_rangec1epkc|__cxa_throw|rand|__cxa_allocate_exception|_znst12domain_errorc1epkc|__cxa_throw|printline|__cxa_free_exception|__cxa_free_exception|_unwind_resume|__cxa_begin_catch|printline|__cxa_end_catch|__cxa_begin_catch|printline|__cxa_end_catch|__cxa_end_catch|_unwind_resume|__cxa_end_catch|_unwind_resume
BIN_3124360,28227,CWE-196,11,1,1,CWE-196@28226|CWE-197@28228|CWE-197@28231|CWE-197@28232,False,,False,,17,55,55,20,rand|rand|printintline
BIN_3143774,18984,CWE-188,21,1,5,CWE-188@18982|CWE-188@18983|CWE-188@18986|CWE-188@18988|CWE-188@18989,False,,False,,17,55,55,18,printintline
BIN_3152461,52900,CWE-773,20,1,7,CWE-773@52895|CWE-773@52896|CWE-773@52897|CWE-773@52898|CWE-773@52901|CWE-773@52902|CWE-773@52903,False,,True,,18,95,95,24,fopen|fopen|fclose
BIN_3180210,41577,CWE-479,10,2,6,CWE-479@41572|CWE-479@41573|CWE-479@41575|CWE-479@41579|CWE-479@41580|CWE-479@41582,False,,False,,48,46,46,14,signal
BIN_3198988,52936,CWE-773,20,1,5,CWE-773@52934|CWE-773@52935|CWE-773@52937|CWE-773@52939|CWE-773@52940,False,,True,,27,108,108,28,
BIN_3207593,41726,CWE-510,17,1,8,CWE-510@41721|CWE-510@41722|CWE-510@41723|CWE-510@41724|CWE-510@41727|CWE-510@41728|CWE-510@41729|CWE-510@41731,False,,True,,44,699,699,145,globalreturnstrue|memset|strcmp|printline
BIN_3211215,35261,CWE-396,25,1,6,CWE-396@35258|CWE-396@35262|CWE-396@35263|CWE-396@35264|CWE-396@35265|CWE-396@35266,True,CWE396_Catch_Generic_Exception__exception_08|CWE396_Catch_Generic_Exception__exception_0810entry_goodEv|CWE396_Catch_Generic_Exception__exception_089entry_badEv,True,,-1,-1,323,91,_zl17staticreturnstruev|rand|__cxa_allocate_exception|_znst12out_of_rangec1epkc|__cxa_throw|rand|__cxa_allocate_exception|_znst12domain_errorc1epkc|__cxa_throw|printline|__cxa_free_exception|__cxa_free_exception|_unwind_resume|__cxa_begin_catch|printline|__cxa_end_catch|__cxa_end_catch|_unwind_resume
BIN_3216919,46489,CWE-675,31,1,7,CWE-675@46484|CWE-675@46485|CWE-675@46487|CWE-675@46490|CWE-675@46491|CWE-675@46492|CWE-675@46494,False,,True,,19,121,121,32,freopen|fclose|fclose
BIN_3244177,39363,CWE-426,45,1,4,CWE-426@39359|CWE-426@39362|CWE-426@39364|CWE-426@39365,True,CWE426_Untrusted_Search_Path__char_popen_43|CWE426_Untrusted_Search_Path__char_popen_4310entry_goodEv|CWE426_Untrusted_Search_Path__char_popen_439entry_badEv|CW,False,,-1,-1,194,37,_zn43cwe426_untrusted_search_path__char_popen_43l9badsourceerpc
BIN_3266978,56037,CWE-843,23,1,6,CWE-843@56033|CWE-843@56034|CWE-843@56036|CWE-843@56038|CWE-843@56040|CWE-843@56041,False,,True,,18,51,51,16,printintline
BIN_3278777,35175,CWE-390,34,2,4,CWE-390@35171|CWE-390@35172|CWE-390@35177|CWE-390@35178,False,,False,,20,186,186,45,globalreturnstrueorfalse|sqrt|printdoubleline|sqrt|printline|exit|printdoubleline
BIN_3324812,41078,CWE-467,20,1,7,CWE-467@41074|CWE-467@41076|CWE-467@41077|CWE-467@41079|CWE-467@41080|CWE-467@41082|CWE-467@41083,False,,True,,17,90,90,25,malloc|exit|printshortline|free
BIN_3346904,35255,CWE-396,25,2,2,CWE-396@35253|CWE-396@35258,True,CWE396_Catch_Generic_Exception__exception_02|CWE396_Catch_Generic_Exception__exception_0210entry_goodEv|CWE396_Catch_Generic_Exception__exception_029entry_badEv,False,,-1,-1,305,86,rand|__cxa_allocate_exception|_znst12out_of_rangec1epkc|__cxa_throw|rand|__cxa_allocate_exception|_znst12domain_errorc1epkc|__cxa_throw|printline|__cxa_free_exception|__cxa_free_exception|_unwind_resume|__cxa_begin_catch|printline|__cxa_end_catch|__cxa_end_catch|_unwind_resume
BIN_3355307,41639,CWE-482,8,1,5,CWE-482@41634|CWE-482@41636|CWE-482@41638|CWE-482@41641|CWE-482@41642|CWE-483@41643|CWE-483@41644,False,,True,,17,43,43,15,printintline|printintline
BIN_3401214,46552,CWE-675,31,1,5,CWE-675@46547|CWE-675@46548|CWE-675@46549|CWE-675@46550|CWE-675@46551,False,,False,,34,91,91,25,
BIN_3419848,52954,CWE-773,20,2,5,CWE-773@52950|CWE-773@52956|CWE-773@52957|CWE-773@52958|CWE-773@52959,False,,False,,27,120,120,32,
BIN_3465828,41064,CWE-467,20,1,7,CWE-467@41059|CWE-467@41062|CWE-467@41065|CWE-467@41066|CWE-467@41067|CWE-467@41068|CWE-467@41069,False,,True,,23,99,99,27,malloc|exit|printintline|free
BIN_3486809,18979,CWE-188,21,3,4,CWE-188@18975|CWE-188@18976|CWE-188@18982|CWE-188@18983,False,,True,,23,51,51,17,printintline
BIN_3508204,46274,CWE-666,34,1,5,CWE-666@46272|CWE-666@46273|CWE-666@46275|CWE-666@46278|CWE-666@46279,False,,True,,41,744,744,147,strlen|memset|strchr|strchr|printline
BIN_3531202,41086,CWE-467,20,3,4,CWE-467@41082|CWE-467@41083|CWE-467@41089|CWE-467@41090,False,,False,,17,103,103,29,malloc|exit|printshortline|free
BIN_3570087,41905,CWE-546,35,1,6,CWE-546@41901|CWE-546@41902|CWE-546@41904|CWE-546@41906|CWE-546@41908|CWE-546@41910,False,,False,,17,56,56,17,globalreturnstrueorfalse|printline|printline
BIN_3576782,41735,CWE-510,17,2,4,CWE-510@41731|CWE-510@41737|CWE-510@41739|CWE-510@41740,False,,False,,38,623,623,130,memset|strcmp|printline
BIN_3580603,42538,CWE-588,22,1,4,CWE-588@42534|CWE-588@42535|CWE-588@42537|CWE-588@42539,True,CWE588_Attempt_to_Access_Child_of_Non_Structure_Pointer__class_44|CWE588_Attempt_to_Access_Child_of_Non_Structure_Pointer__class_4410entry_goodEv|CWE588_Attempt,False,,-1,-1,68,18,
BIN_3594222,41124,CWE-468,13,1,7,CWE-468@41119|CWE-468@41120|CWE-468@41123|CWE-468@41125|CWE-468@41126|CWE-468@41128|CWE-468@41129,False,,True,,17,126,126,29,printintline
BIN_3599846,10917,CWE-123,43,1,3,CWE-123@10915|CWE-123@10918|CWE-123@10921,False,,True,,38,196,196,48,fgets|printline|exit
BIN_3604985,10989,CWE-123,43,1,1,CWE-123@10988,False,,False,,74,597,597,117,memset
BIN_3673951,10920,CWE-123,43,1,5,CWE-123@10915|CWE-123@10918|CWE-123@10921|CWE-123@10923|CWE-123@10924,False,,False,,37,198,198,48,fgets|printline|exit
BIN_3682967,53043,CWE-775,26,1,6,CWE-775@53039|CWE-775@53040|CWE-775@53041|CWE-775@53044|CWE-775@53046|CWE-775@53047,False,,True,,27,55,55,15,
BIN_3687463,10916,CWE-123,43,1,3,CWE-123@10915|CWE-123@10918|CWE-123@10921,False,,True,,31,187,187,45,fgets|printline|exit
BIN_3715791,42564,CWE-588,22,1,7,CWE-588@42559|CWE-588@42560|CWE-588@42561|CWE-588@42565|CWE-588@42566|CWE-588@42567|CWE-588@42568,False,,False,,18,69,69,19,printstructline
BIN_3753533,53036,CWE-775,26,1,6,CWE-775@53034|CWE-775@53035|CWE-775@53037|CWE-775@53039|CWE-775@53040|CWE-775@53041,False,,True,,32,55,55,15,
BIN_3754374,41008,CWE-464,10,1,8,CWE-464@41003|CWE-464@41004|CWE-464@41005|CWE-464@41006|CWE-464@41007|CWE-464@41009|CWE-464@41010|CWE-464@41011,False,,True,,18,95,95,28,getc|atoi|printline
BIN_3792975,46478,CWE-675,31,1,4,CWE-675@46477|CWE-675@46481|CWE-675@46482|CWE-675@46483,False,,True,,19,93,93,24,freopen|fclose|fclose
BIN_3816313,56000,CWE-843,23,1,8,CWE-843@55995|CWE-843@55996|CWE-843@55997|CWE-843@55998|CWE-843@55999|CWE-843@56001|CWE-843@56004|CWE-843@56005,False,,False,,18,64,64,19,printintline
BIN_3868604,52948,CWE-773,20,1,5,CWE-773@52944|CWE-773@52945|CWE-773@52946|CWE-773@52947|CWE-773@52950,False,,False,,27,109,109,29,
BIN_3881675,56027,CWE-843,23,2,3,CWE-843@56025|CWE-843@56029|CWE-843@56030,False,,False,,22,60,60,18,printintline
BIN_3910976,46296,CWE-666,34,1,7,CWE-666@46291|CWE-666@46293|CWE-666@46294|CWE-666@46295|CWE-666@46298|CWE-666@46300|CWE-666@46301,False,,False,,46,759,759,150,strlen|memset|strchr|strchr|printline
BIN_3918710,18958,CWE-188,21,1,3,CWE-188@18959|CWE-188@18960|CWE-188@18963,False,,True,,17,65,65,20,printintline|printintline
BIN_3936549,41742,CWE-510,17,1,8,CWE-510@41737|CWE-510@41739|CWE-510@41740|CWE-510@41741|CWE-510@41743|CWE-510@41745|CWE-510@41746|CWE-510@41747,False,,True,,38,640,640,134,memset|strcmp|printline
BIN_3937612,41631,CWE-482,8,1,7,CWE-482@41626|CWE-482@41627|CWE-482@41628|CWE-482@41629|CWE-482@41630|CWE-482@41634|CWE-482@41636,False,,False,,22,53,53,17,printintline|printintline
BIN_3940409,41138,CWE-469,19,4,2,CWE-469@41134|CWE-469@41143,False,,False,,26,121,121,31,strchr|exit|printunsignedline
BIN_3945282,39412,CWE-426,45,1,5,CWE-426@39407|CWE-426@39408|CWE-426@39409|CWE-426@39410|CWE-426@39411,False,,False,,51,187,187,33,
BIN_3958325,41616,CWE-481,8,2,4,CWE-481@41612|CWE-481@41613|CWE-481@41618|CWE-481@41619,False,,False,,17,58,58,17,rand|printline
BIN_3988528,39488,CWE-426,45,1,7,CWE-426@39483|CWE-426@39485|CWE-426@39487|CWE-426@39490|CWE-426@39491|CWE-426@39492|CWE-426@39493,False,,True,,54,335,335,52,staticreturnstrue|wcscpy|printline|exit
BIN_4023229,35296,CWE-397,10,2,5,CWE-397@35291|CWE-397@35293|CWE-397@35298|CWE-397@35300|CWE-397@35301,True,CWE397_Throw_Generic_Exception__throw_exception_06|CWE397_Throw_Generic_Exception__throw_exception_0610entry_goodEv|CWE397_Throw_Generic_Exception__throw_except,True,,-1,-1,61,16,__cxa_allocate_exception|.text$_znst9exceptionc1ev|_znst9exceptionc1ev|__cxa_throw
BIN_4033359,41122,CWE-468,13,1,7,CWE-468@41117|CWE-468@41118|CWE-468@41119|CWE-468@41120|CWE-468@41123|CWE-468@41125|CWE-468@41126,False,,True,,30,122,122,28,staticreturnstrue|printintline
BIN_4036525,41116,CWE-468,13,1,7,CWE-468@41113|CWE-468@41114|CWE-468@41115|CWE-468@41117|CWE-468@41118|CWE-468@41119|CWE-468@41120,False,,True,,17,113,113,25,printintline
BIN_4071275,47207,CWE-681,19,1,8,CWE-681@47203|CWE-681@47204|CWE-681@47205|CWE-681@47206|CWE-681@47208|CWE-681@47209|CWE-681@47210|CWE-681@47212,False,,True,,26,159,159,38,fgets|atof|printline|sqrt|printintline
BIN_4076802,41071,CWE-467,20,2,6,CWE-467@41066|CWE-467@41067|CWE-467@41068|CWE-467@41069|CWE-467@41074|CWE-467@41076,False,,False,,17,174,174,45,globalreturnstrueorfalse|malloc|exit|printintline|free|malloc|exit|printintline|free
BIN_4088035,41802,CWE-511,27,2,6,CWE-511@41798|CWE-511@41800|CWE-511@41804|CWE-511@41805|CWE-511@41806|CWE-511@41807,False,,False,,26,71,71,21,
BIN_4089218,41147,CWE-469,19,1,6,CWE-469@41143|CWE-469@41144|CWE-469@41148|CWE-469@41149|CWE-469@41150|CWE-469@41151,False,,True,,21,112,112,29,strchr|exit|printunsignedline
BIN_4111026,41667,CWE-484,7,1,7,CWE-484@41663|CWE-484@41665|CWE-484@41668|CWE-484@41669|CWE-484@41670|CWE-484@41671|CWE-484@41672,False,,True,,23,165,165,49,rand|printline|printline|printline|printline
BIN_4135362,40995,CWE-464,10,1,4,CWE-459@40990|CWE-459@40991|CWE-459@40992|CWE-459@40993|CWE-464@40996|CWE-464@40998|CWE-464@40999|CWE-464@41000,False,,True,,18,94,94,27,getc|atoi|printline
BIN_4143451,45291,CWE-605,8,1,5,CWE-605@45287|CWE-605@45288|CWE-605@45289|CWE-605@45290|CWE-605@45292|CWE-606@45293|CWE-606@45295|CWE-606@45296,False,,False,,41,865,865,169,strlen|memset|strchr|strchr|printline
BIN_4144018,52904,CWE-773,20,1,7,CWE-773@52901|CWE-773@52902|CWE-773@52903|CWE-773@52906|CWE-773@52907|CWE-773@52908|CWE-773@52909,False,,False,,35,71,71,17,fopen|badsink
BIN_4184059,40994,CWE-464,10,2,3,CWE-459@40989|CWE-459@40990|CWE-459@40991|CWE-459@40992|CWE-459@40993|CWE-464@40996|CWE-464@40998|CWE-464@40999,False,,True,,18,94,94,27,getc|atoi|printline
BIN_4199403,32199,CWE-367,18,2,3,CWE-367@32194|CWE-367@32196|CWE-367@32197|CWE-369@32201|CWE-369@32202|CWE-369@32203|CWE-369@32204,False,,True,,34,365,365,81,fgets|printline|strlen|exit|exit|exit
BIN_4200245,41923,CWE-546,35,1,6,CWE-546@41918|CWE-546@41920|CWE-546@41921|CWE-546@41922|CWE-546@41925|CWE-546@41927,False,,False,,17,56,56,17,globalreturnstrueorfalse|printline|printline
BIN_4208008,41748,CWE-510,17,1,6,CWE-510@41743|CWE-510@41745|CWE-510@41746|CWE-510@41747|CWE-510@41749|CWE-510@41751,False,,True,,38,624,624,131,memset|strcmp|printline
BIN_4229523,42482,CWE-571,8,1,3,CWE-570@42477|CWE-570@42480|CWE-571@42481|CWE-571@42484|CWE-571@42487,False,,True,,10,43,43,14,printline
BIN_4293267,56043,CWE-843,23,1,4,CWE-843@56038|CWE-843@56040|CWE-843@56041|CWE-843@56044,True,CWE843_Type_Confusion__short_34_unionType,False,,24,66,66,19,printintline
BIN_4301901,10874,CWE-123,43,1,8,CWE-123@10870|CWE-123@10871|CWE-123@10872|CWE-123@10875|CWE-123@10876|CWE-123@10877|CWE-123@10878|CWE-123@10879,False,,True,,52,514,514,98,memset
BIN_4360361,39394,CWE-426,45,2,5,CWE-426@39389|CWE-426@39390|CWE-426@39391|CWE-426@39392|CWE-426@39397,False,,False,,40,217,217,41,system|printline|exit
BIN_4360396,41586,CWE-479,10,1,3,CWE-479@41582|CWE-479@41587|CWE-479@41588|CWE-480@41590|CWE-480@41591,False,,True,,43,36,36,12,signal
BIN_4385373,39342,CWE-426,45,1,9,CWE-426@39337|CWE-426@39338|CWE-426@39339|CWE-426@39340|CWE-426@39341|CWE-426@39343|CWE-426@39344|CWE-426@39346|CWE-426@39347,False,,True,,46,223,223,42,
BIN_4390572,41662,CWE-483,9,2,1,CWE-483@41660|CWE-484@41663|CWE-484@41665,False,,True,,17,111,111,33,rand|printline|printline
BIN_4394182,47173,CWE-681,19,2,5,CWE-681@47168|CWE-681@47169|CWE-681@47170|CWE-681@47171|CWE-681@47176,False,,False,,25,157,157,37,fgets|atof|printline|printfloatline
BIN_4472678,41621,CWE-481,8,1,5,CWE-481@41618|CWE-481@41619|CWE-481@41622|CWE-481@41623|CWE-481@41624|CWE-482@41626,False,,True,,17,46,46,14,rand|printline
BIN_4479648,53008,CWE-775,26,1,4,CWE-775@53004|CWE-775@53005|CWE-775@53007|CWE-775@53009,True,CWE775_Missing_Release_of_File_Descriptor_or_Handle__fopen_no_close_43|CWE775_Missing_Release_of_File_Descriptor_or_Handle__fopen_no_close_4310entry_goodEv|CWE7,False,,-1,-1,35,11,_zn70cwe775_missing_release_of_file_descriptor_or_handle__fopen_no_close_43l9badsourceerp6_iobuf
BIN_4497974,32183,CWE-367,18,1,5,CWE-367@32178|CWE-367@32182|CWE-367@32184|CWE-367@32187|CWE-367@32188,False,,True,,34,364,364,80,fgets|printline|strlen|exit|exit|exit
BIN_4499615,41676,CWE-484,7,1,6,CWE-484@41671|CWE-484@41672|CWE-484@41674|CWE-484@41675|CWE-484@41677|CWE-484@41679,False,,True,,17,169,169,50,rand|printline|printline|printline|printline
BIN_4505214,41061,CWE-467,20,1,6,CWE-467@41056|CWE-467@41057|CWE-467@41059|CWE-467@41062|CWE-467@41065|CWE-467@41066,False,,True,,17,89,89,24,malloc|exit|printintline|free
BIN_4560044,41839,CWE-511,27,1,1,CWE-511@41838|CWE-526@41841|CWE-526@41842|CWE-526@41843,False,,False,,28,59,59,18,_time64
BIN_4593159,18990,CWE-188,21,1,5,CWE-188@18986|CWE-188@18988|CWE-188@18989|CWE-188@18991|CWE-188@18992,False,,True,,17,43,43,15,printintline
BIN_4632613,35279,CWE-396,25,1,7,CWE-396@35274|CWE-396@35275|CWE-396@35276|CWE-396@35278|CWE-396@35282|CWE-396@35283|CWE-396@35284,True,CWE396_Catch_Generic_Exception__exception_and_domain_error_08|CWE396_Catch_Generic_Exception__exception_and_domain_error_0810entry_goodEv|CWE396_Catch_Generic_E,True,,-1,-1,385,106,_zl17staticreturnstruev|rand|__cxa_allocate_exception|_znst12out_of_rangec1epkc|__cxa_throw|rand|__cxa_allocate_exception|_znst12domain_errorc1epkc|__cxa_throw|printline|__cxa_free_exception|__cxa_free_exception|_unwind_resume|__cxa_begin_catch|printline|__cxa_end_catch|__cxa_begin_catch|printline|__cxa_end_catch|__cxa_end_catch|_unwind_resume|__cxa_end_catch|_unwind_resume
BIN_4653141,28213,CWE-196,11,1,4,CWE-196@28210|CWE-196@28214|CWE-196@28215|CWE-196@28217,False,,True,,23,63,63,22,rand|rand|printintline
BIN_4674667,41844,CWE-526,9,1,5,CWE-526@41841|CWE-526@41842|CWE-526@41843|CWE-526@41845|CWE-526@41849,False,,True,,23,48,48,15,getenv|printline
BIN_4705576,35288,CWE-396,25,2,4,CWE-396@35283|CWE-396@35284|CWE-396@35285|CWE-396@35286|CWE-397@35291|CWE-397@35293,True,CWE396_Catch_Generic_Exception__exception_and_domain_error_17|CWE396_Catch_Generic_Exception__exception_and_domain_error_1710entry_goodEv|CWE396_Catch_Generic_E,False,,-1,-1,397,107,rand|__cxa_allocate_exception|_znst12out_of_rangec1epkc|__cxa_throw|rand|__cxa_allocate_exception|_znst12domain_errorc1epkc|__cxa_throw|printline|__cxa_free_exception|__cxa_free_exception|_unwind_resume|__cxa_begin_catch|printline|__cxa_end_catch|__cxa_begin_catch|printline|__cxa_end_catch|__cxa_end_catch|_unwind_resume|__cxa_end_catch|_unwind_resume
BIN_4752494,41801,CWE-511,27,1,5,CWE-511@41798|CWE-511@41800|CWE-511@41804|CWE-511@41805|CWE-511@41806,False,,True,,26,49,49,12,
BIN_4759257,41926,CWE-546,35,1,7,CWE-546@41921|CWE-546@41922|CWE-546@41925|CWE-546@41927|CWE-546@41929|CWE-546@41930|CWE-546@41931,False,,True,,17,31,31,11,printline
BIN_4769100,10985,CWE-123,43,3,1,CWE-123@10988,True,CWE123_Write_What_Where_Condition__listen_socket_34_unionType,False,,58,664,664,125,memset
BIN_4779799,47214,CWE-681,19,1,6,CWE-681@47209|CWE-681@47210|CWE-681@47212|CWE-681@47213|CWE-681@47217|CWE-681@47219,False,,False,,20,321,321,74,globalreturnstrueorfalse|fgets|atof|printline|sqrt|printintline|fgets|atof|printline|printline|sqrt|printintline
BIN_4817466,32191,CWE-367,18,1,6,CWE-367@32187|CWE-367@32188|CWE-367@32190|CWE-367@32193|CWE-367@32194|CWE-367@32196,False,,True,,34,381,381,84,fgets|printline|strlen|exit|exit|exit
BIN_4817522,41084,CWE-467,20,1,5,CWE-467@41079|CWE-467@41080|CWE-467@41082|CWE-467@41083|CWE-467@41089,False,,False,,22,101,101,28,malloc|exit|printshortline|free
BIN_4824014,39354,CWE-426,45,1,7,CWE-426@39349|CWE-426@39350|CWE-426@39351|CWE-426@39353|CWE-426@39355|CWE-426@39357|CWE-426@39359,False,,True,,42,214,214,40,
BIN_4865561,42497,CWE-587,7,1,3,CWE-571@42493|CWE-571@42495|CWE-571@42496|CWE-587@42498|CWE-587@42500|CWE-587@42502,False,,True,,17,40,40,13,printhexcharline
BIN_4967366,35281,CWE-396,25,1,7,CWE-396@35276|CWE-396@35278|CWE-396@35282|CWE-396@35283|CWE-396@35284|CWE-396@35285|CWE-396@35286,True,CWE396_Catch_Generic_Exception__exception_and_domain_error_10|CWE396_Catch_Generic_Exception__exception_and_domain_error_1010entry_goodEv|CWE396_Catch_Generic_E,False,,-1,-1,384,105,rand|__cxa_allocate_exception|_znst12out_of_rangec1epkc|__cxa_throw|rand|__cxa_allocate_exception|_znst12domain_errorc1epkc|__cxa_throw|printline|__cxa_free_exception|__cxa_free_exception|_unwind_resume|__cxa_begin_catch|printline|__cxa_end_catch|__cxa_begin_catch|printline|__cxa_end_catch|__cxa_end_catch|_unwind_resume|__cxa_end_catch|_unwind_resume
BIN_4975298,41817,CWE-511,27,1,4,CWE-511@41815|CWE-511@41816|CWE-511@41820|CWE-511@41822,False,,True,,26,77,77,22,_time64|srand|rand
BIN_5000298,41058,CWE-467,20,1,5,CWE-467@41055|CWE-467@41056|CWE-467@41057|CWE-467@41059|CWE-467@41062,False,,False,,17,110,110,31,malloc|exit|printhexcharline|free
BIN_5017338,56026,CWE-843,23,1,3,CWE-843@56025|CWE-843@56029|CWE-843@56030,False,,False,,25,60,60,18,printintline
BIN_5052286,40967,CWE-459,10,1,7,CWE-459@40962|CWE-459@40963|CWE-459@40965|CWE-459@40966|CWE-459@40968|CWE-459@40971|CWE-459@40972,False,,True,,36,142,142,37,_mkstemp|fdopen|fwrite|fclose
BIN_5091731,41570,CWE-478,6,1,3,CWE-478@41566|CWE-478@41567|CWE-478@41569|CWE-479@41572|CWE-479@41573|CWE-479@41575,False,,True,,17,123,123,39,rand|printline
BIN_5100514,41903,CWE-546,35,1,7,CWE-546@41898|CWE-546@41899|CWE-546@41901|CWE-546@41902|CWE-546@41904|CWE-546@41906|CWE-546@41908,False,,True,,17,43,43,14,printline
BIN_5114537,42472,CWE-570,6,1,7,CWE-570@42468|CWE-570@42469|CWE-570@42470|CWE-570@42473|CWE-570@42475|CWE-570@42476|CWE-570@42477,False,,False,,12,40,40,13,printline
BIN_5161978,47215,CWE-681,19,2,5,CWE-681@47210|CWE-681@47212|CWE-681@47213|CWE-681@47217|CWE-681@47219,False,,False,,20,163,163,39,fgets|atof|printline|sqrt|printintline
BIN_5183939,53030,CWE-775,26,4,2,CWE-775@53034|CWE-775@53035,False,,True,,27,55,55,15,
BIN_5196477,46313,CWE-666,34,1,4,CWE-666@46308|CWE-666@46310|CWE-666@46312|CWE-666@46318,False,,True,,46,758,758,150,strlen|memset|strchr|strchr|printline
BIN_5214549,35210,CWE-391,25,1,7,CWE-391@35206|CWE-391@35207|CWE-391@35208|CWE-391@35209|CWE-391@35211|CWE-391@35212|CWE-391@35215,False,,True,,19,70,70,20,globalreturnstrue|strtol|printf
BIN_5232032,37882,CWE-404,10,1,7,CWE-404@37877|CWE-404@37878|CWE-404@37879|CWE-404@37880|CWE-404@37881|CWE-404@37885|CWE-404@37886,False,,True,,27,75,75,22,fclose
BIN_5310258,53000,CWE-775,26,1,7,CWE-775@52995|CWE-775@52996|CWE-775@52997|CWE-775@52999|CWE-775@53002|CWE-775@53004|CWE-775@53005,False,,False,,30,71,71,17,fopen|badsink
BIN_5320871,41881,CWE-546,35,3,5,CWE-546@41876|CWE-546@41878|CWE-546@41884|CWE-546@41885|CWE-546@41886,False,,False,,22,40,40,13,printline
BIN_5349239,35277,CWE-396,25,1,6,CWE-396@35273|CWE-396@35274|CWE-396@35275|CWE-396@35276|CWE-396@35278|CWE-396@35282,True,CWE396_Catch_Generic_Exception__exception_and_domain_error_06|CWE396_Catch_Generic_Exception__exception_and_domain_error_0610entry_goodEv|CWE396_Catch_Generic_E,True,,-1,-1,368,102,rand|__cxa_allocate_exception|_znst12out_of_rangec1epkc|__cxa_throw|rand|__cxa_allocate_exception|_znst12domain_errorc1epkc|__cxa_throw|printline|__cxa_free_exception|__cxa_free_exception|_unwind_resume|__cxa_begin_catch|printline|__cxa_end_catch|__cxa_begin_catch|printline|__cxa_end_catch|__cxa_end_catch|_unwind_resume|__cxa_end_catch|_unwind_resume
BIN_5372327,41620,CWE-481,8,1,5,CWE-481@41618|CWE-481@41619|CWE-481@41622|CWE-481@41623|CWE-481@41624,False,,True,,17,59,59,17,rand|printline
BIN_5375993,10976,CWE-123,43,1,5,CWE-123@10971|CWE-123@10973|CWE-123@10974|CWE-123@10977|CWE-123@10978,False,,True,,52,609,609,118,memset
BIN_5421492,41797,CWE-511,27,1,3,CWE-511@41795|CWE-511@41798|CWE-511@41800,False,,False,,26,95,95,23,globalreturnstrueorfalse|printline
BIN_5431200,46288,CWE-666,34,1,6,CWE-666@46283|CWE-666@46284|CWE-666@46289|CWE-666@46290|CWE-666@46291|CWE-666@46293,False,,False,,41,780,780,153,strlen|memset|strchr|strchr|printline
BIN_5472113,47238,CWE-685,8,2,2,CWE-685@47235|CWE-685@47236|CWE-688@47240|CWE-688@47241|CWE-688@47243,False,,True,,20,63,63,17,sprintf|printline
BIN_5474899,41589,CWE-480,9,1,3,CWE-479@41587|CWE-479@41588|CWE-480@41590|CWE-480@41591|CWE-480@41594,False,,True,,46,7,7,5,
BIN_5480953,32186,CWE-367,18,1,5,CWE-367@32182|CWE-367@32184|CWE-367@32187|CWE-367@32188|CWE-367@32190,False,,True,,40,378,378,83,fgets|printline|strlen|exit|exit|exit
BIN_5502228,46344,CWE-666,34,1,7,CWE-666@46339|CWE-666@46341|CWE-666@46342|CWE-666@46343|CWE-666@46346|CWE-666@46348|CWE-666@46349,False,,True,,41,744,744,147,strlen|memset|strchr|strchr|printline
BIN_5502682,41571,CWE-479,10,1,3,CWE-478@41566|CWE-478@41567|CWE-478@41569|CWE-479@41572|CWE-479@41573|CWE-479@41575,False,,True,,43,35,35,11,signal
BIN_5559926,39447,CWE-426,45,2,5,CWE-426@39442|CWE-426@39444|CWE-426@39445|CWE-426@39449|CWE-426@39451,False,,False,,42,304,304,51,wcscpy
BIN_5572418,10929,CWE-123,43,1,5,CWE-123@10924|CWE-123@10926|CWE-123@10927|CWE-123@10928|CWE-123@10932,False,,True,,31,188,188,46,fgets|printline|exit
BIN_5613711,42505,CWE-587,7,1,7,CWE-587@42500|CWE-587@42502|CWE-587@42506|CWE-587@42507|CWE-587@42508|CWE-587@42509|CWE-587@42510,False,,True,,17,53,53,17,printhexcharline
BIN_5615864,52992,CWE-775,26,1,7,CWE-775@52987|CWE-775@52988|CWE-775@52990|CWE-775@52993|CWE-775@52995|CWE-775@52996|CWE-775@52997,False,,False,,18,54,54,14,fopen|globalreturnstrue
BIN_5663032,410,CWE-135,24,1,4,CWE-135@409|CWE-135@411|CWE-135@412|CWE-135@415,False,,True,,24,129,129,34,strlen|___chkstk_ms|wcscpy|printline
BIN_5670795,56039,CWE-843,23,1,6,CWE-843@56034|CWE-843@56036|CWE-843@56038|CWE-843@56040|CWE-843@56041|CWE-843@56044,False,,True,,18,51,51,16,printintline
BIN_5690778,41678,CWE-484,7,1,4,CWE-484@41674|CWE-484@41675|CWE-484@41677|CWE-484@41679,False,,True,,17,152,152,47,rand|printline|printline|printline|printline
BIN_5703121,31023,CWE-242,8,2,5,CWE-242@31019|CWE-242@31020|CWE-242@31021|CWE-242@31026|CWE-242@31027,False,,False,,19,179,179,47,globalreturnstrueorfalse|gets|printline|exit|printline|fgets|printline|exit|printline
BIN_5723710,35160,CWE-390,34,1,6,CWE-390@35158|CWE-390@35159|CWE-390@35161|CWE-390@35162|CWE-390@35163|CWE-390@35165,False,,True,,17,62,62,17,fopen|fclose
BIN_5740258,39502,CWE-426,45,1,6,CWE-426@39498|CWE-426@39499|CWE-426@39501|CWE-426@39503|CWE-426@39505|CWE-426@39507,False,,False,,40,362,362,62,wcscpy|printline|exit
BIN_5759038,35195,CWE-391,25,1,5,CWE-391@35193|CWE-391@35194|CWE-391@35196|CWE-391@35197|CWE-391@35200,False,,True,,21,69,69,19,sqrt|printdoubleline
BIN_5760657,39388,CWE-426,45,1,5,CWE-426@39386|CWE-426@39389|CWE-426@39390|CWE-426@39391|CWE-426@39392,False,,True,,47,213,213,40,system|printline|exit
BIN_5802846,56031,CWE-843,23,1,5,CWE-843@56029|CWE-843@56030|CWE-843@56033|CWE-843@56034|CWE-843@56036,False,,True,,18,63,63,19,printintline
BIN_5812351,47239,CWE-688,5,1,4,CWE-685@47235|CWE-685@47236|CWE-688@47240|CWE-688@47241|CWE-688@47243|CWE-688@47244,False,,True,,19,65,65,17,sprintf|printline
BIN_5825662,46537,CWE-675,31,1,7,CWE-675@46532|CWE-675@46533|CWE-675@46535|CWE-675@46536|CWE-675@46538|CWE-675@46540|CWE-675@46541,False,,True,,28,111,111,31,
BIN_5829626,52961,CWE-773,20,2,4,CWE-773@52956|CWE-773@52957|CWE-773@52958|CWE-773@52959,False,,False,,38,77,77,21,
BIN_5831111,41121,CWE-468,13,1,7,CWE-468@41117|CWE-468@41118|CWE-468@41119|CWE-468@41120|CWE-468@41123|CWE-468@41125|CWE-468@41126,False,,False,,22,124,124,28,printintline
BIN_5868128,53031,CWE-775,26,3,2,CWE-775@53034|CWE-775@53035,False,,True,,27,55,55,15,
BIN_5918531,46553,CWE-675,31,2,4,CWE-675@46548|CWE-675@46549|CWE-675@46550|CWE-675@46551,True,CWE675_Duplicate_Operations_on_Resource__open_45_badData|CWE675_Duplicate_Operations_on_Resource__open_45_goodB2GData|CWE675_Duplicate_Operations_on_Resource__o,False,,39,83,83,22,badsink
BIN_5950282,7868,CWE-135,24,1,4,CWE-135@7863|CWE-135@7865|CWE-135@7867|CWE-135@7871,False,,False,,21,222,222,57,malloc|exit|wmemset|strlen|calloc|exit|wcscpy|printline|free
BIN_5976244,39456,CWE-426,45,2,4,CWE-426@39451|CWE-426@39458|CWE-426@39459|CWE-426@39460,True,CWE426_Untrusted_Search_Path__wchar_t_popen_34_unionType,False,,48,334,334,54,wcscpy
BIN_5980485,55986,CWE-843,23,1,5,CWE-843@55982|CWE-843@55984|CWE-843@55985|CWE-843@55987|CWE-843@55990,False,,True,,25,58,58,18,printintline
BIN_5995496,35213,CWE-391,25,1,7,CWE-391@35208|CWE-391@35209|CWE-391@35211|CWE-391@35212|CWE-391@35215|CWE-391@35217|CWE-391@35218,False,,True,,19,75,75,21,strtol|printf
BIN_5995634,10982,CWE-123,43,4,2,CWE-123@10977|CWE-123@10978,False,,False,,52,664,664,125,memset
BIN_6011529,47226,CWE-685,8,1,7,CWE-685@47221|CWE-685@47222|CWE-685@47223|CWE-685@47225|CWE-685@47227|CWE-685@47228|CWE-685@47231,False,,True,,25,72,72,19,sprintf|printline
BIN_6017739,52983,CWE-775,26,1,4,CWE-775@52982|CWE-775@52986|CWE-775@52987|CWE-775@52988,False,,True,,18,49,49,13,fopen
BIN_6055588,39348,CWE-426,45,1,8,CWE-426@39343|CWE-426@39344|CWE-426@39346|CWE-426@39347|CWE-426@39349|CWE-426@39350|CWE-426@39351|CWE-426@39353,False,,False,,42,290,290,53,globalreturnstrueorfalse
BIN_6074899,52952,CWE-773,20,2,4,CWE-773@52947|CWE-773@52950|CWE-773@52956|CWE-773@52957,False,,False,,44,75,75,19,badsink
BIN_6081753,10980,CWE-123,43,2,2,CWE-123@10977|CWE-123@10978,False,,False,,127,178,178,42,badsource
BIN_6107576,7870,CWE-135,24,1,3,CWE-135@7865|CWE-135@7867|CWE-135@7871,False,,True,,21,214,214,55,globalreturnstrue|malloc|exit|wmemset|globalreturnstrue|strlen|calloc|exit|wcscpy|printline|free
BIN_6120011,37884,CWE-404,10,1,7,CWE-404@37879|CWE-404@37880|CWE-404@37881|CWE-404@37885|CWE-404@37886|CWE-404@37888|CWE-404@37889,False,,False,,27,94,94,27,fclose
BIN_6151857,41154,CWE-469,19,1,8,CWE-469@41149|CWE-469@41150|CWE-469@41151|CWE-469@41153|CWE-469@41155|CWE-469@41156|CWE-469@41158|CWE-469@41159,False,,True,,27,148,148,37,wcschr|exit|printunsignedline
BIN_6155849,40970,CWE-459,10,1,6,CWE-459@40965|CWE-459@40966|CWE-459@40968|CWE-459@40971|CWE-459@40972|CWE-459@40975,False,,True,,36,143,143,37,_mkstemp|fdopen|fwrite|fclose
BIN_6159944,32171,CWE-367,18,1,6,CWE-367@32166|CWE-367@32167|CWE-367@32169|CWE-367@32170|CWE-367@32175|CWE-367@32176,False,,True,,54,375,375,83,staticreturnstrue|fgets|printline|strlen|exit|exit|exit
BIN_6237134,35302,CWE-397,10,1,5,CWE-397@35298|CWE-397@35300|CWE-397@35301|CWE-397@35305|CWE-397@35307,True,CWE397_Throw_Generic_Exception__throw_exception_12|CWE397_Throw_Generic_Exception__throw_exception_1210entry_goodEv|CWE397_Throw_Generic_Exception__throw_except,False,,-1,-1,157,41,globalreturnstrueorfalse|__cxa_allocate_exception|.text$_znst9exceptionc1ev|_znst9exceptionc1ev|__cxa_throw|__cxa_allocate_exception|_znst11range_errorc1epkc|__cxa_throw|__cxa_free_exception|_unwind_resume
BIN_6240089,41736,CWE-510,17,1,5,CWE-510@41731|CWE-510@41737|CWE-510@41739|CWE-510@41740|CWE-510@41741,False,,False,,38,623,623,130,memset|strcmp|printline
BIN_6277662,41635,CWE-482,8,1,4,CWE-482@41630|CWE-482@41634|CWE-482@41636|CWE-482@41638,False,,False,,17,51,51,17,globalreturnstrue|printintline|printintline
BIN_6310256,46403,CWE-672,8,2,5,CWE-672@46398|CWE-672@46400|CWE-672@46405|CWE-672@46406|CWE-672@46407,True,CWE672_Operation_on_Resource_After_Expiration_or_Release__list_int_41|CWE672_Operation_on_Resource_After_Expiration_or_Release__list_int_4110entry_goodEv|CWE672,False,,-1,-1,174,48,.text$_znst7__cxx114listiisaiieec1ev|_znst7__cxx114listiisaiieec1ev|.text$_znst7__cxx114listiisaiiee9push_backeoi|_znst7__cxx114listiisaiiee9push_backeoi|.text$_znst7__cxx114listiisaiiee9push_backeoi|_znst7__cxx114listiisaiiee9push_backeoi|.text$_znst7__cxx114listiisaiieec1erks2_|_znst7__cxx114listiisaiieec1erks2_|_zn69cwe672_operation_on_resource_after_expiration_or_release__list_int_41l7badsinkenst7__cxx114listiisaiieee|.text$_znst7__cxx114listiisaiieed1ev|_znst7__cxx114listiisaiieed1ev|.text$_znst7__cxx114listiisaiieed1ev|_znst7__cxx114listiisaiieed1ev|.text$_znst7__cxx114listiisaiieed1ev|_znst7__cxx114listiisaiieed1ev|.text$_znst7__cxx114listiisaiieed1ev|_znst7__cxx114listiisaiieed1ev|_unwind_resume
BIN_6318986,39450,CWE-426,45,1,3,CWE-426@39445|CWE-426@39449|CWE-426@39451,False,,False,,42,304,304,51,wcscpy
BIN_6330192,52890,CWE-773,20,1,6,CWE-773@52887|CWE-773@52891|CWE-773@52892|CWE-773@52893|CWE-773@52894|CWE-773@52895,False,,True,,24,104,104,26,fopen|fopen|fclose
BIN_6331521,47233,CWE-685,8,1,5,CWE-685@47228|CWE-685@47231|CWE-685@47232|CWE-685@47235|CWE-685@47236,False,,False,,20,76,76,20,sprintf|printline
BIN_6367377,41161,CWE-469,19,1,6,CWE-469@41156|CWE-469@41158|CWE-469@41159|CWE-469@41160|CWE-469@41163|CWE-469@41164,False,,True,,21,148,148,37,globalreturnstrue|wcschr|exit|printunsignedline
BIN_6436285,46579,CWE-676,9,2,5,CWE-676@46574|CWE-676@46575|CWE-676@46581|CWE-676@46582|CWE-676@46584,True,CWE676_Use_of_Potentially_Dangerous_Function__basic_07|CWE676_Use_of_Potentially_Dangerous_Function__basic_0710entry_goodEv|CWE676_Use_of_Potentially_Dangerous_,False,,-1,-1,61,18,.text$_zstrsicst11char_traitsiceerst13basic_istreamit_t0_es6_ps3_|_zstrsicst11char_traitsiceerst13basic_istreamit_t0_es6_ps3_|printline
BIN_6455415,41585,CWE-479,10,2,4,CWE-479@41580|CWE-479@41582|CWE-479@41587|CWE-479@41588|CWE-480@41590,False,,True,,43,36,36,12,signal
BIN_6465243,41919,CWE-546,35,1,4,CWE-546@41918|CWE-546@41920|CWE-546@41921|CWE-546@41922,False,,True,,30,39,39,13,staticreturnstrue|printline
BIN_6492160,35111,CWE-390,34,1,7,CWE-390@35106|CWE-390@35108|CWE-390@35109|CWE-390@35110|CWE-390@35112|CWE-390@35113|CWE-390@35115,False,,True,,17,196,196,37,printline|fgets|printline
BIN_6493978,35240,CWE-396,25,1,6,CWE-391@35235|CWE-396@35238|CWE-396@35239|CWE-396@35241|CWE-396@35242|CWE-396@35244|CWE-396@35245,True,CWE396_Catch_Generic_Exception__dotdotdot_05|CWE396_Catch_Generic_Exception__dotdotdot_0510entry_goodEv|CWE396_Catch_Generic_Exception__dotdotdot_059entry_badEv,False,,-1,-1,287,78,rand|__cxa_allocate_exception|_znst12out_of_rangec1epkc|__cxa_throw|rand|__cxa_allocate_exception|_znst12domain_errorc1epkc|__cxa_throw|printline|__cxa_free_exception|__cxa_free_exception|__cxa_begin_catch|printline|__cxa_end_catch|__cxa_end_catch|_unwind_resume
BIN_6494305,41725,CWE-510,17,1,7,CWE-510@41721|CWE-510@41722|CWE-510@41723|CWE-510@41724|CWE-510@41727|CWE-510@41728|CWE-510@41729,False,,True,,44,703,703,146,memset|strcmp|printline
BIN_6510059,41196,CWE-475,18,1,3,CWE-475@41191|CWE-475@41197|CWE-475@41198,False,,False,,19,340,340,52,wcscpy|memcpy|printwline
BIN_6559975,46580,CWE-676,9,1,5,CWE-676@46575|CWE-676@46581|CWE-676@46582|CWE-676@46584|CWE-676@46585,True,CWE676_Use_of_Potentially_Dangerous_Function__basic_08|CWE676_Use_of_Potentially_Dangerous_Function__basic_0810entry_goodEv|CWE676_Use_of_Potentially_Dangerous_,False,,-1,-1,64,20,_zl17staticreturnstruev|.text$_zstrsicst11char_traitsiceerst13basic_istreamit_t0_es6_ps3_|_zstrsicst11char_traitsiceerst13basic_istreamit_t0_es6_ps3_|printline
BIN_6568408,41894,CWE-546,35,1,6,CWE-546@41889|CWE-546@41891|CWE-546@41893|CWE-546@41895|CWE-546@41898|CWE-546@41899,False,,True,,17,30,30,10,printline
BIN_6607818,45278,CWE-605,8,1,3,CWE-605@45275|CWE-605@45277|CWE-605@45282,False,,True,,47,842,842,166,strlen|memset|strchr|strchr|printline
BIN_6648674,42533,CWE-588,22,1,5,CWE-588@42528|CWE-588@42529|CWE-588@42534|CWE-588@42535|CWE-588@42537,True,CWE588_Attempt_to_Access_Child_of_Non_Structure_Pointer__class_31|CWE588_Attempt_to_Access_Child_of_Non_Structure_Pointer__class_3110entry_goodEv|CWE588_Attempt,False,,-1,-1,74,20,printintline
BIN_6661316,7875,CWE-135,24,2,4,CWE-135@7871|CWE-135@7877|CWE-135@7878|CWE-135@7880,False,,True,,21,198,198,51,malloc|exit|wmemset|strlen|calloc|exit|wcscpy|printline|free
BIN_6699070,10941,CWE-123,43,1,3,CWE-123@10936|CWE-123@10937|CWE-123@10942,False,,False,,53,170,170,45,fgets|printline|exit
BIN_6703706,41139,CWE-469,19,4,3,CWE-469@41134|CWE-469@41143|CWE-469@41144,False,,False,,26,122,122,31,strchr|exit|printunsignedline
BIN_6707381,35231,CWE-391,25,1,6,CWE-391@35228|CWE-391@35229|CWE-391@35230|CWE-391@35232|CWE-391@35234|CWE-391@35235,False,,True,,19,99,99,25,wcstombs|printunsignedline|printline
BIN_6709121,41882,CWE-546,35,2,5,CWE-546@41878|CWE-546@41884|CWE-546@41885|CWE-546@41886|CWE-546@41887,False,,False,,22,41,41,13,printline
BIN_6716052,41593,CWE-480,9,1,5,CWE-479@41588|CWE-480@41590|CWE-480@41591|CWE-480@41594|CWE-480@41597|CWE-480@41598,False,,True,,52,7,7,5,
BIN_6720675,42519,CWE-588,22,1,4,CWE-587@42514|CWE-588@42516|CWE-588@42517|CWE-588@42518|CWE-588@42523,True,CWE588_Attempt_to_Access_Child_of_Non_Structure_Pointer__class_05|CWE588_Attempt_to_Access_Child_of_Non_Structure_Pointer__class_0510entry_goodEv|CWE588_Attempt,False,,-1,-1,68,19,printintline
BIN_6751311,52994,CWE-775,26,1,6,CWE-775@52990|CWE-775@52993|CWE-775@52995|CWE-775@52996|CWE-775@52997|CWE-775@52999,False,,True,,18,49,49,13,fopen
BIN_6817709,35205,CWE-391,25,1,9,CWE-391@35200|CWE-391@35201|CWE-391@35202|CWE-391@35203|CWE-391@35204|CWE-391@35206|CWE-391@35207|CWE-391@35208|CWE-391@35209,False,,True,,24,71,71,20,strtol|printf
BIN_6828081,32172,CWE-367,18,2,6,CWE-367@32167|CWE-367@32169|CWE-367@32170|CWE-367@32175|CWE-367@32176|CWE-367@32177,False,,False,,41,379,379,84,fgets|printline|strlen|exit|exit|exit
BIN_6846618,46395,CWE-672,8,1,7,CWE-672@46390|CWE-672@46391|CWE-672@46393|CWE-672@46394|CWE-672@46397|CWE-672@46398|CWE-672@46400,True,CWE672_Operation_on_Resource_After_Expiration_or_Release__list_int_16|CWE672_Operation_on_Resource_After_Expiration_or_Release__list_int_1610entry_goodEv|CWE672,True,,-1,-1,334,88,.text$_znst7__cxx114listiisaiieec1ev|_znst7__cxx114listiisaiieec1ev|.text$_znst7__cxx114listiisaiiee9push_backeoi|_znst7__cxx114listiisaiiee9push_backeoi|.text$_znst7__cxx114listiisaiiee9push_backeoi|_znst7__cxx114listiisaiiee9push_backeoi|.text$_znst14_list_iteratoriiec1ev|_znst14_list_iteratoriiec1ev|_zstlsist11char_traitsiceerst13basic_ostreamict_es5_pkc|.text$_znst7__cxx114listiisaiiee5beginev|_znst7__cxx114listiisaiiee5beginev|.text$_znkst14_list_iteratoriiedeev|_znkst14_list_iteratoriiedeev|.text$_znst7__cxx114listiisaiiee5clearev|_znst7__cxx114listiisaiiee5clearev|_zstlsist11char_traitsiceerst13basic_ostreamict_es5_pkc|.text$_znkst14_list_iteratoriiedeev|_znkst14_list_iteratoriiedeev|_znsolsei|.text$_znst14_list_iteratoriieppei|_znst14_list_iteratoriieppei|.text$_znst7__cxx114listiisaiiee3endev|_znst7__cxx114listiisaiiee3endev|.text$_zstnerkst14_list_iteratoriies2_|_zstnerkst14_list_iteratoriies2_|_znsolsepfrsos_e|.text$_znst7__cxx114listiisaiieed1ev|_znst7__cxx114listiisaiieed1ev|.text$_znst7__cxx114listiisaiieed1ev|_znst7__cxx114listiisaiieed1ev|_unwind_resume
BIN_6847601,46503,CWE-675,31,1,4,CWE-675@46498|CWE-675@46501|CWE-675@46504|CWE-675@46505,True,CWE675_Duplicate_Operations_on_Resource__freopen_43|CWE675_Duplicate_Operations_on_Resource__freopen_4310entry_goodEv|CWE675_Duplicate_Operations_on_Resource__f,False,,-1,-1,47,14,_zn51cwe675_duplicate_operations_on_resource__freopen_43l9badsourceerp6_iobuf|fclose
BIN_6874685,40974,CWE-459,10,1,6,CWE-459@40971|CWE-459@40972|CWE-459@40975|CWE-459@40976|CWE-459@40977|CWE-459@40979,False,,False,,36,149,149,39,_mkstemp|fdopen|fwrite|fclose
BIN_6897615,41130,CWE-468,13,1,6,CWE-468@41125|CWE-468@41126|CWE-468@41128|CWE-468@41129|CWE-468@41131|CWE-468@41132|CWE-469@41134,False,,True,,17,114,114,26,printintline
BIN_6950482,39446,CWE-426,45,1,5,CWE-426@39442|CWE-426@39444|CWE-426@39445|CWE-426@39449|CWE-426@39451,False,,True,,42,317,317,54,wcscpy
BIN_6968371,41637,CWE-482,8,1,5,CWE-482@41634|CWE-482@41636|CWE-482@41638|CWE-482@41641|CWE-482@41642,False,,True,,17,56,56,18,printintline|printintline
BIN_6970866,35254,CWE-396,25,1,3,CWE-396@35249|CWE-396@35253|CWE-396@35258,True,CWE396_Catch_Generic_Exception__exception_01|CWE396_Catch_Generic_Exception__exception_0110entry_goodEv|CWE396_Catch_Generic_Exception__exception_019entry_badEv,False,,-1,-1,305,86,rand|__cxa_allocate_exception|_znst12out_of_rangec1epkc|__cxa_throw|rand|__cxa_allocate_exception|_znst12domain_errorc1epkc|__cxa_throw|printline|__cxa_free_exception|__cxa_free_exception|_unwind_resume|__cxa_begin_catch|printline|__cxa_end_catch|__cxa_end_catch|_unwind_resume
BIN_7001218,35164,CWE-390,34,1,9,CWE-390@35159|CWE-390@35161|CWE-390@35162|CWE-390@35163|CWE-390@35165|CWE-390@35166|CWE-390@35167|CWE-390@35168|CWE-390@35169,False,,True,,20,79,79,20,sqrt|printdoubleline
BIN_7014239,41793,CWE-511,27,2,6,CWE-511@41788|CWE-511@41789|CWE-511@41790|CWE-511@41791|CWE-511@41795|CWE-511@41798,False,,True,,39,65,65,19,staticreturnstrue
BIN_7106418,419,CWE-135,24,1,8,CWE-135@415|CWE-135@416|CWE-135@417|CWE-135@420|CWE-135@421|CWE-135@422|CWE-135@423|CWE-135@424,False,,False,,24,258,258,68,globalreturnstrueorfalse|globalreturnstrueorfalse|strlen|___chkstk_ms|wcscpy|printline|wcslen|___chkstk_ms|wcscpy|printwline
BIN_7130955,18968,CWE-188,21,3,4,CWE-188@18963|CWE-188@18964|CWE-188@18971|CWE-188@18972,False,,False,,17,74,74,23,globalreturnstrue|printintline|printintline
BIN_7137537,41719,CWE-510,17,2,5,CWE-510@41716|CWE-510@41721|CWE-510@41722|CWE-510@41723|CWE-510@41724,False,,True,,50,699,699,145,memset|strcmp|printline
BIN_7177328,46542,CWE-675,31,1,6,CWE-675@46538|CWE-675@46540|CWE-675@46541|CWE-675@46545|CWE-675@46546|CWE-675@46547,False,,True,,28,85,85,25,
BIN_7198213,32192,CWE-367,18,1,7,CWE-367@32187|CWE-367@32188|CWE-367@32190|CWE-367@32193|CWE-367@32194|CWE-367@32196|CWE-367@32197,False,,False,,34,377,377,83,globalreturnstrue|fgets|printline|strlen|exit|exit|exit
BIN_7228574,41850,CWE-526,9,1,5,CWE-526@41845|CWE-526@41849|CWE-526@41851|CWE-526@41854|CWE-526@41855,False,,False,,17,47,47,15,globalreturnstrue|getenv|printline
BIN_7253518,46396,CWE-672,8,1,6,CWE-672@46391|CWE-672@46393|CWE-672@46394|CWE-672@46397|CWE-672@46398|CWE-672@46400,True,CWE672_Operation_on_Resource_After_Expiration_or_Release__list_int_17|CWE672_Operation_on_Resource_After_Expiration_or_Release__list_int_1710entry_goodEv|CWE672,False,,-1,-1,377,96,.text$_znst7__cxx114listiisaiieec1ev|_znst7__cxx114listiisaiieec1ev|.text$_znst7__cxx114listiisaiiee9push_backeoi|_znst7__cxx114listiisaiiee9push_backeoi|.text$_znst7__cxx114listiisaiiee9push_backeoi|_znst7__cxx114listiisaiiee9push_backeoi|.text$_znst14_list_iteratoriiec1ev|_znst14_list_iteratoriiec1ev|_zstlsist11char_traitsiceerst13basic_ostreamict_es5_pkc|.text$_znst7__cxx114listiisaiiee5beginev|_znst7__cxx114listiisaiiee5beginev|.text$_znkst14_list_iteratoriiedeev|_znkst14_list_iteratoriiedeev|.text$_znst7__cxx114listiisaiiee5clearev|_znst7__cxx114listiisaiiee5clearev|_zstlsist11char_traitsiceerst13basic_ostreamict_es5_pkc|.text$_znkst14_list_iteratoriiedeev|_znkst14_list_iteratoriiedeev|_znsolsei|.text$_znst14_list_iteratoriieppei|_znst14_list_iteratoriieppei|.text$_znst7__cxx114listiisaiiee3endev|_znst7__cxx114listiisaiiee3endev|.text$_zstnerkst14_list_iteratoriies2_|_zstnerkst14_list_iteratoriies2_|_znsolsepfrsos_e|.text$_znst7__cxx114listiisaiieed1ev|_znst7__cxx114listiisaiieed1ev|.text$_znst7__cxx114listiisaiieed1ev|_znst7__cxx114listiisaiieed1ev|_unwind_resume
BIN_7267802,53054,CWE-775,26,1,6,CWE-775@53050|CWE-775@53051|CWE-775@53053|CWE-775@53056|CWE-775@53057|CWE-775@53058,False,,False,,33,65,65,18,badsink
BIN_7271132,18967,CWE-188,21,3,4,CWE-188@18963|CWE-188@18964|CWE-188@18971|CWE-188@18972,False,,False,,17,78,78,24,printintline|printintline
BIN_7297277,52899,CWE-773,20,1,8,CWE-773@52894|CWE-773@52895|CWE-773@52896|CWE-773@52897|CWE-773@52898|CWE-773@52901|CWE-773@52902|CWE-773@52903,False,,True,,18,108,108,27,fopen|fopen|fclose
BIN_7350076,46359,CWE-666,34,1,6,CWE-666@46354|CWE-666@46355|CWE-666@46356|CWE-666@46357|CWE-666@46358|CWE-666@46361,False,,True,,41,745,745,148,strlen|memset|strchr|strchr|printline
BIN_7350085,41194,CWE-475,18,3,5,CWE-475@41189|CWE-475@41190|CWE-475@41191|CWE-475@41197|CWE-475@41198,False,,True,,32,336,336,51,staticreturnstrue|wcscpy|memcpy|printwline
BIN_7366760,47218,CWE-681,19,1,3,CWE-681@47213|CWE-681@47217|CWE-681@47219|CWE-685@47221|CWE-685@47222|CWE-685@47223,False,,True,,20,150,150,36,fgets|atof|printline|sqrt|printintline
BIN_7398585,41602,CWE-480,9,1,6,CWE-480@41597|CWE-480@41598|CWE-480@41599|CWE-480@41603|CWE-480@41604|CWE-480@41605|CWE-481@41607,False,,True,,46,7,7,5,
BIN_7402061,35294,CWE-397,10,1,3,CWE-397@35291|CWE-397@35293|CWE-397@35298,True,CWE397_Throw_Generic_Exception__throw_exception_04|CWE397_Throw_Generic_Exception__throw_exception_0410entry_goodEv|CWE397_Throw_Generic_Exception__throw_except,True,,-1,-1,61,16,__cxa_allocate_exception|.text$_znst9exceptionc1ev|_znst9exceptionc1ev|__cxa_throw
BIN_7415308,41101,CWE-468,13,1,8,CWE-468@41096|CWE-468@41097|CWE-468@41099|CWE-468@41100|CWE-468@41102|CWE-468@41103|CWE-468@41104|CWE-468@41105,False,,True,,22,95,95,25,printintline
BIN_7434751,42486,CWE-571,8,1,5,CWE-571@42481|CWE-571@42484|CWE-571@42487|CWE-571@42488|CWE-571@42491,False,,False,,10,55,55,16,printline
BIN_7452767,46431,CWE-675,31,1,6,CWE-674@46428|CWE-675@46429|CWE-675@46430|CWE-675@46432|CWE-675@46434|CWE-675@46435|CWE-675@46436,False,,True,,19,73,73,19,fopen|fclose|fclose
BIN_7479617,35179,CWE-390,34,1,2,CWE-390@35177|CWE-390@35178|CWE-391@35184,False,,True,,20,80,80,21,sqrt|printdoubleline
BIN_7507352,46502,CWE-675,31,1,5,CWE-675@46497|CWE-675@46498|CWE-675@46501|CWE-675@46504|CWE-675@46505,False,,False,,27,51,51,15,badsource|fclose
BIN_7554558,47183,CWE-681,19,1,7,CWE-681@47179|CWE-681@47181|CWE-681@47182|CWE-681@47184|CWE-681@47185|CWE-681@47187|CWE-681@47188,False,,False,,20,179,179,40,fgets|atof|printline|printfloatline
BIN_7652397,35247,CWE-396,25,1,5,CWE-396@35242|CWE-396@35244|CWE-396@35245|CWE-396@35248|CWE-396@35249,True,CWE396_Catch_Generic_Exception__dotdotdot_12|CWE396_Catch_Generic_Exception__dotdotdot_1210entry_goodEv|CWE396_Catch_Generic_Exception__dotdotdot_129entry_badEv,False,,-1,-1,646,170,globalreturnstrueorfalse|rand|__cxa_allocate_exception|_znst12out_of_rangec1epkc|__cxa_throw|rand|__cxa_allocate_exception|_znst12domain_errorc1epkc|__cxa_throw|printline|rand|__cxa_allocate_exception|_znst12out_of_rangec1epkc|__cxa_throw|rand|__cxa_allocate_exception|_znst12domain_errorc1epkc|__cxa_throw|printline|__cxa_free_exception|__cxa_free_exception|__cxa_begin_catch|printline|__cxa_end_catch|__cxa_end_catch|_unwind_resume|__cxa_free_exception|__cxa_free_exception|_unwind_resume|__cxa_begin_catch|printline|__cxa_end_catch|__cxa_begin_catch|printline|__cxa_end_catch|__cxa_end_catch|_unwind_resume|__cxa_end_catch|_unwind_resume
BIN_7660826,46345,CWE-666,34,1,6,CWE-666@46341|CWE-666@46342|CWE-666@46343|CWE-666@46346|CWE-666@46348|CWE-666@46349,False,,True,,41,744,744,147,strlen|memset|strchr|strchr|printline
BIN_7672352,41176,CWE-475,18,1,9,CWE-475@41171|CWE-475@41172|CWE-475@41174|CWE-475@41175|CWE-475@41177|CWE-475@41178|CWE-475@41179|CWE-475@41180|CWE-475@41181,False,,True,,32,246,246,44,staticreturnstrue|memcpy|printline
BIN_7686559,41188,CWE-475,18,1,4,CWE-475@41185|CWE-475@41189|CWE-475@41190|CWE-475@41191,False,,True,,19,323,323,48,wcscpy|memcpy|printwline
BIN_7695148,42562,CWE-588,22,1,7,CWE-588@42558|CWE-588@42559|CWE-588@42560|CWE-588@42561|CWE-588@42565|CWE-588@42566|CWE-588@42567,False,,True,,32,65,65,18,staticreturnstrue|printstructline
BIN_7715438,47178,CWE-681,19,1,4,CWE-681@47176|CWE-681@47179|CWE-681@47181|CWE-681@47182,False,,False,,20,333,333,75,globalreturnstrueorfalse|fgets|atof|printline|printfloatline|fgets|atof|printline|printline|printfloatline
BIN_7730372,46336,CWE-666,34,1,5,CWE-666@46332|CWE-666@46335|CWE-666@46338|CWE-666@46339|CWE-666@46341,False,,False,,41,757,757,150,globalreturnstrue|strlen|memset|strchr|strchr|printline
BIN_7746098,35299,CWE-397,10,1,3,CWE-397@35298|CWE-397@35300|CWE-397@35301,True,CWE397_Throw_Generic_Exception__throw_exception_09|CWE397_Throw_Generic_Exception__throw_exception_0910entry_goodEv|CWE397_Throw_Generic_Exception__throw_except,True,,-1,-1,81,24,__cxa_allocate_exception|.text$_znst9exceptionc1ev|_znst9exceptionc1ev|__cxa_throw
BIN_7763657,41141,CWE-469,19,2,2,CWE-469@41143|CWE-469@41144,False,,False,,21,124,124,32,strchr|exit|printunsignedline
BIN_7764839,55977,CWE-835,2,1,4,CWE-835@55976|CWE-835@55978|CWE-835@55979|CWE-835@55980|CWE-843@55982,False,,True,,10,31,31,9,printintline
BIN_7813116,10967,CWE-123,43,1,7,CWE-123@10962|CWE-123@10963|CWE-123@10964|CWE-123@10966|CWE-123@10969|CWE-123@10970|CWE-123@10971,False,,True,,56,622,622,120,memset
BIN_7825318,53042,CWE-775,26,1,7,CWE-775@53037|CWE-775@53039|CWE-775@53040|CWE-775@53041|CWE-775@53044|CWE-775@53046|CWE-775@53047,False,,True,,27,55,55,15,
BIN_7827710,10990,CWE-123,43,2,1,CWE-123@10988,True,CWE123_Write_What_Where_Condition__listen_socket_45_badData|CWE123_Write_What_Where_Condition__listen_socket_45_goodG2BData,False,,78,578,578,112,memset|badsink
BIN_7873797,46292,CWE-666,34,1,6,CWE-666@46289|CWE-666@46290|CWE-666@46291|CWE-666@46293|CWE-666@46294|CWE-666@46295,False,,True,,41,744,744,147,strlen|memset|strchr|strchr|printline
BIN_7877700,42504,CWE-587,7,2,6,CWE-587@42500|CWE-587@42502|CWE-587@42506|CWE-587@42507|CWE-587@42508|CWE-587@42509,False,,True,,30,49,49,16,staticreturnstrue|printhexcharline
BIN_7903849,41661,CWE-483,9,1,2,CWE-483@41656|CWE-483@41660|CWE-484@41663|CWE-484@41665,False,,False,,17,130,130,38,rand|printline|printline
BIN_7908939,46480,CWE-675,31,1,6,CWE-675@46477|CWE-675@46481|CWE-675@46482|CWE-675@46483|CWE-675@46484|CWE-675@46485,False,,True,,25,111,111,30,freopen|fclose|fclose
BIN_7957025,46316,CWE-666,34,2,5,CWE-666@46312|CWE-666@46318|CWE-666@46319|CWE-666@46320|CWE-666@46321,False,,False,,41,761,761,151,strlen|memset|strchr|strchr|printline
BIN_7969293,47175,CWE-681,19,1,4,CWE-681@47170|CWE-681@47171|CWE-681@47176|CWE-681@47179,False,,True,,20,159,159,38,fgets|atof|printline|printfloatline
BIN_7996456,32165,CWE-367,18,1,5,CWE-367@32164|CWE-367@32166|CWE-367@32167|CWE-367@32169|CWE-367@32170,False,,True,,41,362,362,80,fgets|printline|strlen|exit|exit|exit
BIN_8004122,35135,CWE-390,34,1,5,CWE-390@35131|CWE-390@35134|CWE-390@35137|CWE-390@35139|CWE-390@35140,False,,True,,30,339,339,52,staticreturnstrue|printwline|fgetws|printwline
BIN_8020251,28222,CWE-196,11,2,4,CWE-196@28217|CWE-196@28219|CWE-196@28220|CWE-196@28226,False,,False,,17,68,68,23,rand|rand|printintline
BIN_8144807,41142,CWE-469,19,1,2,CWE-469@41143|CWE-469@41144,False,,False,,21,124,124,32,strchr|exit|printunsignedline
BIN_8235473,41568,CWE-478,6,1,5,CWE-478@41563|CWE-478@41564|CWE-478@41566|CWE-478@41567|CWE-478@41569|CWE-479@41572|CWE-479@41573,False,,True,,17,123,123,39,rand|printline
BIN_8242207,42492,CWE-571,8,1,6,CWE-571@42487|CWE-571@42488|CWE-571@42491|CWE-571@42493|CWE-571@42495|CWE-571@42496,False,,False,,12,41,41,13,printline
BIN_8262055,35189,CWE-391,25,1,6,CWE-391@35184|CWE-391@35185|CWE-391@35187|CWE-391@35188|CWE-391@35193|CWE-391@35194,False,,True,,34,64,64,18,staticreturnstrue|sqrt|printdoubleline
BIN_8265901,42573,CWE-588,22,1,6,CWE-588@42568|CWE-588@42572|CWE-588@42574|CWE-588@42576|CWE-588@42577|CWE-588@42578,False,,False,,18,72,72,19,printstructline
BIN_8309456,35237,CWE-396,25,1,4,CWE-391@35232|CWE-391@35234|CWE-391@35235|CWE-396@35238|CWE-396@35239|CWE-396@35241|CWE-396@35242,True,CWE396_Catch_Generic_Exception__dotdotdot_02|CWE396_Catch_Generic_Exception__dotdotdot_0210entry_goodEv|CWE396_Catch_Generic_Exception__dotdotdot_029entry_badEv,True,,-1,-1,273,75,rand|__cxa_allocate_exception|_znst12out_of_rangec1epkc|__cxa_throw|rand|__cxa_allocate_exception|_znst12domain_errorc1epkc|__cxa_throw|printline|__cxa_free_exception|__cxa_free_exception|__cxa_begin_catch|printline|__cxa_end_catch|__cxa_end_catch|_unwind_resume
BIN_8317956,28221,CWE-196,11,1,4,CWE-196@28217|CWE-196@28219|CWE-196@28220|CWE-196@28226,False,,False,,17,121,121,40,globalreturnstrueorfalse|rand|rand|printintline|rand|rand|exit|printintline
BIN_8345317,18969,CWE-188,21,2,3,CWE-188@18964|CWE-188@18971|CWE-188@18972,False,,False,,17,111,111,33,globalreturnstrueorfalse|printintline|printintline|printintline|printintline
BIN_8345706,10984,CWE-123,43,4,1,CWE-123@10988,True,CWE123_Write_What_Where_Condition__listen_socket_33|CWE123_Write_What_Where_Condition__listen_socket_3310entry_goodEv|CWE123_Write_What_Where_Condition__listen_,False,,-1,-1,665,130,memset
BIN_8398792,41720,CWE-510,17,1,5,CWE-510@41716|CWE-510@41721|CWE-510@41722|CWE-510@41723|CWE-510@41724,False,,True,,50,700,700,145,memset|strcmp|printline
BIN_8403210,47254,CWE-688,5,1,6,CWE-688@47249|CWE-688@47250|CWE-688@47251|CWE-688@47253|CWE-688@47255|CWE-688@47256|CWE-690@47257,False,,True,,19,66,66,18,sprintf|printline
BIN_8404934,41750,CWE-510,17,1,5,CWE-510@41745|CWE-510@41746|CWE-510@41747|CWE-510@41749|CWE-510@41751,False,,False,,38,659,659,136,memset|strcmp|printline
BIN_8412277,46305,CWE-666,34,1,9,CWE-666@46300|CWE-666@46301|CWE-666@46302|CWE-666@46303|CWE-666@46304|CWE-666@46306|CWE-666@46307|CWE-666@46308|CWE-666@46310,False,,True,,41,745,745,148,strlen|memset|strchr|strchr|printline
BIN_8419112,42570,CWE-588,22,2,6,CWE-588@42565|CWE-588@42566|CWE-588@42567|CWE-588@42568|CWE-588@42572|CWE-588@42574,False,,True,,18,57,57,16,printstructline
BIN_8463709,46286,CWE-666,34,2,6,CWE-666@46282|CWE-666@46283|CWE-666@46284|CWE-666@46289|CWE-666@46290|CWE-666@46291,False,,True,,41,745,745,148,strlen|memset|strchr|strchr|printline
BIN_8495008,37892,CWE-404,10,1,5,CWE-404@37888|CWE-404@37889|CWE-404@37891|CWE-404@37893|CWE-404@37894,False,,False,,36,65,65,18,badsink
BIN_8496894,40985,CWE-459,10,1,8,CWE-459@40980|CWE-459@40982|CWE-459@40983|CWE-459@40984|CWE-459@40986|CWE-459@40988|CWE-459@40989|CWE-459@40990,False,,True,,28,173,173,41,fwrite|fclose
BIN_8502074,42521,CWE-588,22,2,5,CWE-588@42516|CWE-588@42517|CWE-588@42518|CWE-588@42523|CWE-588@42525,True,CWE588_Attempt_to_Access_Child_of_Non_Structure_Pointer__class_07|CWE588_Attempt_to_Access_Child_of_Non_Structure_Pointer__class_0710entry_goodEv|CWE588_Attempt,False,,-1,-1,69,19,printintline
BIN_8544255,39395,CWE-426,45,2,5,CWE-426@39390|CWE-426@39391|CWE-426@39392|CWE-426@39397|CWE-426@39400,False,,True,,40,213,213,40,globalreturnstrue|system|printline|exit
BIN_8556812,41857,CWE-526,9,1,3,CWE-526@41854|CWE-526@41855|CWE-526@41856|CWE-546@41858|CWE-546@41859|CWE-546@41861|CWE-546@41862,False,,True,CWE-546@41861,17,39,39,13,getenv|printline
BIN_8564342,41890,CWE-546,35,1,8,CWE-546@41885|CWE-546@41886|CWE-546@41887|CWE-546@41888|CWE-546@41889|CWE-546@41891|CWE-546@41893|CWE-546@41895,False,,True,,17,31,31,11,printline
BIN_8569542,40964,CWE-459,10,1,8,CWE-459@40959|CWE-459@40960|CWE-459@40961|CWE-459@40962|CWE-459@40963|CWE-459@40965|CWE-459@40966|CWE-459@40968,False,,False,,41,140,140,36,_mkstemp|fdopen|fwrite|fclose
BIN_8596009,42515,CWE-588,22,1,3,CWE-587@42510|CWE-587@42511|CWE-587@42513|CWE-587@42514|CWE-588@42516|CWE-588@42517|CWE-588@42518,True,CWE588_Attempt_to_Access_Child_of_Non_Structure_Pointer__class_01|CWE588_Attempt_to_Access_Child_of_Non_Structure_Pointer__class_0110entry_goodEv|CWE588_Attempt,True,,-1,-1,58,16,printintline
BIN_8597191,41916,CWE-546,35,2,4,CWE-546@41912|CWE-546@41918|CWE-546@41920|CWE-546@41921,False,,False,,23,40,40,13,printline
BIN_8599567,32126,CWE-364,7,1,5,CWE-364@32121|CWE-364@32122|CWE-364@32124|CWE-364@32125|CWE-364@32127,True,CWE364_Signal_Handler_Race_Condition__basic_17StructSigAtomicBad|CWE364_Signal_Handler_Race_Condition__basic_17StructSigAtomicGood,False,,43,216,216,46,signal|free|malloc|exit|signal|free
BIN_8602543,10922,CWE-123,43,1,6,CWE-123@10918|CWE-123@10921|CWE-123@10923|CWE-123@10924|CWE-123@10926|CWE-123@10927,False,,True,,31,200,200,49,fgets|printline|exit
BIN_8607905,32115,CWE-364,7,1,6,CWE-364@32110|CWE-364@32111|CWE-364@32113|CWE-364@32116|CWE-364@32118|CWE-364@32119,True,CWE364_Signal_Handler_Race_Condition__basic_06StructSigAtomicBad|CWE364_Signal_Handler_Race_Condition__basic_06StructSigAtomicGood,False,,48,203,203,43,signal|free|malloc|exit|signal|free
BIN_8628679,52886,CWE-773,20,1,2,CWE-773@52887|CWE-773@52891,False,,True,,18,94,94,23,fopen|fopen|fclose
BIN_8633367,53003,CWE-775,26,1,5,CWE-775@52999|CWE-775@53002|CWE-775@53004|CWE-775@53005|CWE-775@53007,False,,False,,18,98,98,26,fopen
BIN_8650693,41837,CWE-511,27,1,3,CWE-511@41832|CWE-511@41833|CWE-511@41838|CWE-526@41841|CWE-526@41842,False,,False,,28,59,59,18,_time64
BIN_8657406,41558,CWE-478,6,1,8,CWE-478@41553|CWE-478@41554|CWE-478@41555|CWE-478@41556|CWE-478@41557|CWE-478@41559|CWE-478@41562|CWE-478@41563,False,,True,,22,132,132,41,rand|printline
BIN_8677975,35114,CWE-390,34,1,8,CWE-390@35109|CWE-390@35110|CWE-390@35112|CWE-390@35113|CWE-390@35115|CWE-390@35117|CWE-390@35118|CWE-390@35119,False,,True,,23,210,210,40,printline|fgets|printline
BIN_8780985,31025,CWE-242,8,1,5,CWE-242@31020|CWE-242@31021|CWE-242@31026|CWE-242@31027|CWE-242@31029|CWE-252@31030,False,,False,,19,93,93,26,gets|printline|exit|printline
BIN_8781695,35180,CWE-390,34,2,2,CWE-390@35177|CWE-390@35178|CWE-391@35184|CWE-391@35185,False,,False,,20,99,99,26,sqrt|printdoubleline
BIN_8832271,37868,CWE-404,10,2,4,CWE-404@37870|CWE-404@37871|CWE-404@37872|CWE-404@37873,False,,True,,27,74,74,21,fclose
BIN_8850363,39393,CWE-426,45,1,5,CWE-426@39389|CWE-426@39390|CWE-426@39391|CWE-426@39392|CWE-426@39397,False,,False,,40,217,217,41,system|printline|exit
BIN_8950290,408,CWE-135,24,1,3,CWE-135@409|CWE-135@411|CWE-135@412,False,,True,,24,129,129,34,strlen|___chkstk_ms|wcscpy|printline
BIN_8993648,46360,CWE-666,34,1,5,CWE-666@46355|CWE-666@46356|CWE-666@46357|CWE-666@46358|CWE-666@46361,False,,False,,41,780,780,153,strlen|memset|strchr|strchr|printline
BIN_9018748,41145,CWE-469,19,1,5,CWE-469@41143|CWE-469@41144|CWE-469@41148|CWE-469@41149|CWE-469@41150,False,,False,,21,125,125,32,strchr|exit|printunsignedline
BIN_9031669,35152,CWE-390,34,1,6,CWE-390@35147|CWE-390@35148|CWE-390@35149|CWE-390@35150|CWE-390@35151|CWE-390@35154,False,,False,,22,72,72,19,fopen|fclose
BIN_9089105,35287,CWE-396,25,1,5,CWE-396@35282|CWE-396@35283|CWE-396@35284|CWE-396@35285|CWE-396@35286|CWE-397@35291,True,CWE396_Catch_Generic_Exception__exception_and_domain_error_16|CWE396_Catch_Generic_Exception__exception_and_domain_error_1610entry_goodEv|CWE396_Catch_Generic_E,True,,-1,-1,368,102,rand|__cxa_allocate_exception|_znst12out_of_rangec1epkc|__cxa_throw|rand|__cxa_allocate_exception|_znst12domain_errorc1epkc|__cxa_throw|printline|__cxa_free_exception|__cxa_free_exception|_unwind_resume|__cxa_begin_catch|printline|__cxa_end_catch|__cxa_begin_catch|printline|__cxa_end_catch|__cxa_end_catch|_unwind_resume|__cxa_end_catch|_unwind_resume
BIN_9118746,28225,CWE-196,11,1,2,CWE-196@28220|CWE-196@28226|CWE-197@28228,False,,False,,17,55,55,20,rand|rand|printintline
BIN_9162518,39398,CWE-426,45,1,4,CWE-426@39397|CWE-426@39400|CWE-426@39401|CWE-426@39403,False,,True,,40,218,218,41,system|printline|exit
BIN_9237243,35199,CWE-391,25,1,8,CWE-391@35194|CWE-391@35196|CWE-391@35197|CWE-391@35200|CWE-391@35201|CWE-391@35202|CWE-391@35203|CWE-391@35204,False,,True,,21,56,56,16,sqrt|printdoubleline
BIN_9253537,47172,CWE-681,19,1,6,CWE-681@47167|CWE-681@47168|CWE-681@47169|CWE-681@47170|CWE-681@47171|CWE-681@47176,False,,True,,25,156,156,37,fgets|atof|printline|printfloatline
BIN_9259915,35116,CWE-390,34,1,8,CWE-390@35112|CWE-390@35113|CWE-390@35115|CWE-390@35117|CWE-390@35118|CWE-390@35119|CWE-390@35120|CWE-390@35121,False,,False,,22,211,211,40,printline|fgets|printline
BIN_9261071,46402,CWE-672,8,2,6,CWE-672@46397|CWE-672@46398|CWE-672@46400|CWE-672@46405|CWE-672@46406|CWE-672@46407,True,CWE672_Operation_on_Resource_After_Expiration_or_Release__list_int_33|CWE672_Operation_on_Resource_After_Expiration_or_Release__list_int_3310entry_goodEv|CWE672,False,,-1,-1,394,100,.text$_znst7__cxx114listiisaiieec1ev|_znst7__cxx114listiisaiieec1ev|.text$_znst7__cxx114listiisaiiee9push_backeoi|_znst7__cxx114listiisaiiee9push_backeoi|.text$_znst7__cxx114listiisaiiee9push_backeoi|_znst7__cxx114listiisaiiee9push_backeoi|.text$_znst7__cxx114listiisaiieec1erks2_|_znst7__cxx114listiisaiieec1erks2_|.text$_znst14_list_iteratoriiec1ev|_znst14_list_iteratoriiec1ev|_zstlsist11char_traitsiceerst13basic_ostreamict_es5_pkc|.text$_znst7__cxx114listiisaiiee5beginev|_znst7__cxx114listiisaiiee5beginev|.text$_znkst14_list_iteratoriiedeev|_znkst14_list_iteratoriiedeev|.text$_znst7__cxx114listiisaiiee5clearev|_znst7__cxx114listiisaiiee5clearev|_zstlsist11char_traitsiceerst13basic_ostreamict_es5_pkc|.text$_znkst14_list_iteratoriiedeev|_znkst14_list_iteratoriiedeev|_znsolsei|.text$_znst14_list_iteratoriieppei|_znst14_list_iteratoriieppei|.text$_znst7__cxx114listiisaiiee3endev|_znst7__cxx114listiisaiiee3endev|.text$_zstnerkst14_list_iteratoriies2_|_zstnerkst14_list_iteratoriies2_|_znsolsepfrsos_e|.text$_znst7__cxx114listiisaiieed1ev|_znst7__cxx114listiisaiieed1ev|.text$_znst7__cxx114listiisaiieed1ev|_znst7__cxx114listiisaiieed1ev|.text$_znst7__cxx114listiisaiieed1ev|_znst7__cxx114listiisaiieed1ev|.text$_znst7__cxx114listiisaiieed1ev|_znst7__cxx114listiisaiieed1ev|_unwind_resume
BIN_9273189,41162,CWE-469,19,1,6,CWE-469@41158|CWE-469@41159|CWE-469@41160|CWE-469@41163|CWE-469@41164|CWE-469@41167,False,,False,,21,268,268,62,globalreturnstrueorfalse|wcschr|exit|printunsignedline|wcschr|exit|printunsignedline
BIN_9273197,35092,CWE-390,34,1,2,CWE-377@35087|CWE-377@35091|CWE-390@35093|CWE-390@35095,True,CWE390_Error_Without_Action__empty_catch_01|CWE390_Error_Without_Action__empty_catch_0110entry_goodEv|CWE390_Error_Without_Action__empty_catch_019entry_badEv|CW,True,,-1,-1,259,77,.text$_znst7__cxx1112basic_stringicst11char_traitsicesaiceec1is3_eepkcrks3_|_znst7__cxx1112basic_stringicst11char_traitsicesaiceec1is3_eepkcrks3_|.text$_znst15__new_allocatoriced2ev|_znst15__new_allocatoriced2ev|rand|rand|.text$_znkst7__cxx1112basic_stringicst11char_traitsicesaicee6substreyy|_znkst7__cxx1112basic_stringicst11char_traitsicesaicee6substreyy|.text$_znkst7__cxx1112basic_stringicst11char_traitsicesaicee5c_strev|_znkst7__cxx1112basic_stringicst11char_traitsicesaicee5c_strev|printline|.text$_znst7__cxx1112basic_stringicst11char_traitsicesaiceed1ev|_znst7__cxx1112basic_stringicst11char_traitsicesaiceed1ev|.text$_znst7__cxx1112basic_stringicst11char_traitsicesaiceed1ev|_znst7__cxx1112basic_stringicst11char_traitsicesaiceed1ev|.text$_znst15__new_allocatoriced2ev|_znst15__new_allocatoriced2ev|.text$_znst7__cxx1112basic_stringicst11char_traitsicesaiceed1ev|_znst7__cxx1112basic_stringicst11char_traitsicesaiceed1ev|.text$_znst7__cxx1112basic_stringicst11char_traitsicesaiceed1ev|_znst7__cxx1112basic_stringicst11char_traitsicesaiceed1ev|_unwind_resume|__cxa_begin_catch|__cxa_end_catch
BIN_9311336,28216,CWE-196,11,1,5,CWE-196@28214|CWE-196@28215|CWE-196@28217|CWE-196@28219|CWE-196@28220,False,,False,,22,65,65,22,rand|rand|printintline
BIN_9317734,41835,CWE-511,27,2,5,CWE-511@41830|CWE-511@41831|CWE-511@41832|CWE-511@41833|CWE-511@41838,False,,False,,28,72,72,21,_time64
BIN_9323314,41732,CWE-510,17,1,5,CWE-510@41727|CWE-510@41728|CWE-510@41729|CWE-510@41731|CWE-510@41737,False,,False,,44,722,722,148,memset|strcmp|printline
BIN_9327798,46297,CWE-666,34,1,7,CWE-666@46293|CWE-666@46294|CWE-666@46295|CWE-666@46298|CWE-666@46300|CWE-666@46301|CWE-666@46302,False,,True,,54,757,757,150,staticreturnstrue|strlen|memset|strchr|strchr|printline
BIN_9339287,10888,CWE-123,43,2,3,CWE-123@10883|CWE-123@10886|CWE-123@10890,True,CWE123_Write_What_Where_Condition__connect_socket_33|CWE123_Write_What_Where_Condition__connect_socket_3310entry_goodEv|CWE123_Write_What_Where_Condition__conne,False,,-1,-1,549,105,memset
BIN_9371510,10987,CWE-123,43,1,1,CWE-123@10988,False,,False,,121,168,168,41,badsource
BIN_9515978,41183,CWE-475,18,2,5,CWE-475@41178|CWE-475@41179|CWE-475@41180|CWE-475@41181|CWE-475@41185,False,,False,,19,234,234,42,memcpy|printline
BIN_9516649,46392,CWE-672,8,1,8,CWE-672@46387|CWE-672@46388|CWE-672@46389|CWE-672@46390|CWE-672@46391|CWE-672@46393|CWE-672@46394|CWE-672@46397,True,CWE672_Operation_on_Resource_After_Expiration_or_Release__list_int_13|CWE672_Operation_on_Resource_After_Expiration_or_Release__list_int_1310entry_goodEv|CWE672,True,,-1,-1,364,94,.text$_znst7__cxx114listiisaiieec1ev|_znst7__cxx114listiisaiieec1ev|.text$_znst7__cxx114listiisaiiee9push_backeoi|_znst7__cxx114listiisaiiee9push_backeoi|.text$_znst7__cxx114listiisaiiee9push_backeoi|_znst7__cxx114listiisaiiee9push_backeoi|.text$_znst14_list_iteratoriiec1ev|_znst14_list_iteratoriiec1ev|_zstlsist11char_traitsiceerst13basic_ostreamict_es5_pkc|.text$_znst7__cxx114listiisaiiee5beginev|_znst7__cxx114listiisaiiee5beginev|.text$_znkst14_list_iteratoriiedeev|_znkst14_list_iteratoriiedeev|.text$_znst7__cxx114listiisaiiee5clearev|_znst7__cxx114listiisaiiee5clearev|_zstlsist11char_traitsiceerst13basic_ostreamict_es5_pkc|.text$_znkst14_list_iteratoriiedeev|_znkst14_list_iteratoriiedeev|_znsolsei|.text$_znst14_list_iteratoriieppei|_znst14_list_iteratoriieppei|.text$_znst7__cxx114listiisaiiee3endev|_znst7__cxx114listiisaiiee3endev|.text$_zstnerkst14_list_iteratoriies2_|_zstnerkst14_list_iteratoriies2_|_znsolsepfrsos_e|.text$_znst7__cxx114listiisaiieed1ev|_znst7__cxx114listiisaiieed1ev|.text$_znst7__cxx114listiisaiieed1ev|_znst7__cxx114listiisaiieed1ev|_unwind_resume
BIN_9516766,35292,CWE-397,10,1,2,CWE-397@35291|CWE-397@35293,True,CWE397_Throw_Generic_Exception__throw_exception_02|CWE397_Throw_Generic_Exception__throw_exception_0210entry_goodEv|CWE397_Throw_Generic_Exception__throw_except,True,,-1,-1,61,16,__cxa_allocate_exception|.text$_znst9exceptionc1ev|_znst9exceptionc1ev|__cxa_throw
BIN_9540869,10979,CWE-123,43,1,3,CWE-123@10974|CWE-123@10977|CWE-123@10978,False,,True,,52,609,609,118,memset
BIN_9547372,47246,CWE-688,5,1,9,CWE-688@47241|CWE-688@47243|CWE-688@47244|CWE-688@47245|CWE-688@47247|CWE-688@47248|CWE-688@47249|CWE-688@47250|CWE-688@47251,False,,True,,32,74,74,20,staticreturnstrue|sprintf|printline
BIN_9572358,32181,CWE-367,18,1,5,CWE-367@32176|CWE-367@32177|CWE-367@32178|CWE-367@32182|CWE-367@32184,False,,True,,41,363,363,81,fgets|printline|strlen|exit|exit|exit
BIN_9598174,41075,CWE-467,20,1,5,CWE-467@41074|CWE-467@41076|CWE-467@41077|CWE-467@41079|CWE-467@41080,False,,True,,17,90,90,25,malloc|exit|printintline|free
BIN_9627748,7873,CWE-135,24,2,3,CWE-135@7871|CWE-135@7877|CWE-135@7878,False,,False,,21,224,224,57,malloc|exit|wmemset|strlen|calloc|exit|wcscpy|printline|free
BIN_9649649,435,CWE-135,24,1,5,CWE-135@431|CWE-135@432|CWE-135@433|CWE-135@434|CWE-135@436,False,,False,,35,58,58,16,
BIN_9698941,37869,CWE-404,10,1,5,CWE-404@37870|CWE-404@37871|CWE-404@37872|CWE-404@37873|CWE-404@37874,False,,True,,27,74,74,21,fclose
BIN_9736034,46311,CWE-666,34,1,5,CWE-666@46306|CWE-666@46307|CWE-666@46308|CWE-666@46310|CWE-666@46312,False,,False,,47,757,757,150,strlen|memset|strchr|strchr|printline
BIN_9739985,41658,CWE-483,9,2,4,CWE-483@41653|CWE-483@41654|CWE-483@41656|CWE-483@41660|CWE-484@41663,False,,False,,17,124,124,36,rand|printline|printline
BIN_9798849,53010,CWE-775,26,1,3,CWE-775@53005|CWE-775@53007|CWE-775@53009,True,CWE775_Missing_Release_of_File_Descriptor_or_Handle__fopen_no_close_45_badData|CWE775_Missing_Release_of_File_Descriptor_or_Handle__fopen_no_close_45_goodB2GDat,False,,28,65,65,16,fopen|badsink
BIN_9871720,52943,CWE-773,20,1,7,CWE-773@52939|CWE-773@52940|CWE-773@52942|CWE-773@52944|CWE-773@52945|CWE-773@52946|CWE-773@52947,False,,True,,27,121,121,32,
BIN_9902339,41601,CWE-480,9,2,6,CWE-480@41597|CWE-480@41598|CWE-480@41599|CWE-480@41603|CWE-480@41604|CWE-480@41605,False,,True,,46,7,7,5,
BIN_9918364,41812,CWE-511,27,1,5,CWE-511@41807|CWE-511@41810|CWE-511@41811|CWE-511@41815|CWE-511@41816,False,,False,,26,76,76,22,_time64|srand|rand
BIN_9933907,35173,CWE-390,34,1,6,CWE-390@35168|CWE-390@35169|CWE-390@35171|CWE-390@35172|CWE-390@35177|CWE-390@35178,False,,True,,20,92,92,24,sqrt|printdoubleline
BIN_9948771,32117,CWE-364,7,1,6,CWE-364@32113|CWE-364@32116|CWE-364@32118|CWE-364@32119|CWE-364@32121|CWE-364@32122,True,CWE364_Signal_Handler_Race_Condition__basic_08StructSigAtomicBad|CWE364_Signal_Handler_Race_Condition__basic_08StructSigAtomicGood,True,,56,202,202,43,staticreturnstrue|signal|free|malloc|exit|signal|free
BIN_9965993,37895,CWE-404,10,1,3,CWE-404@37891|CWE-404@37893|CWE-404@37894,False,,False,,36,77,77,21,
BIN_1012870,46401,CWE-672,8,1,5,CWE-672@46397|CWE-672@46398|CWE-672@46400|CWE-672@46405|CWE-672@46406,True,CWE672_Operation_on_Resource_After_Expiration_or_Release__list_int_32|CWE672_Operation_on_Resource_After_Expiration_or_Release__list_int_3210entry_goodEv|CWE672,False,,-1,-1,481,118,.text$_znst7__cxx114listiisaiieec1ev|_znst7__cxx114listiisaiieec1ev|.text$_znst7__cxx114listiisaiieec1erks2_|_znst7__cxx114listiisaiieec1erks2_|.text$_znst7__cxx114listiisaiiee9push_backeoi|_znst7__cxx114listiisaiiee9push_backeoi|.text$_znst7__cxx114listiisaiiee9push_backeoi|_znst7__cxx114listiisaiiee9push_backeoi|.text$_znst7__cxx114listiisaiieeaserks2_|_znst7__cxx114listiisaiieeaserks2_|.text$_znst7__cxx114listiisaiieed1ev|_znst7__cxx114listiisaiieed1ev|.text$_znst7__cxx114listiisaiieec1erks2_|_znst7__cxx114listiisaiieec1erks2_|.text$_znst14_list_iteratoriiec1ev|_znst14_list_iteratoriiec1ev|_zstlsist11char_traitsiceerst13basic_ostreamict_es5_pkc|.text$_znst7__cxx114listiisaiiee5beginev|_znst7__cxx114listiisaiiee5beginev|.text$_znkst14_list_iteratoriiedeev|_znkst14_list_iteratoriiedeev|.text$_znst7__cxx114listiisaiiee5clearev|_znst7__cxx114listiisaiiee5clearev|_zstlsist11char_traitsiceerst13basic_ostreamict_es5_pkc|.text$_znkst14_list_iteratoriiedeev|_znkst14_list_iteratoriiedeev|_znsolsei|.text$_znst14_list_iteratoriieppei|_znst14_list_iteratoriieppei|.text$_znst7__cxx114listiisaiiee3endev|_znst7__cxx114listiisaiiee3endev|.text$_zstnerkst14_list_iteratoriies2_|_zstnerkst14_list_iteratoriies2_|_znsolsepfrsos_e|.text$_znst7__cxx114listiisaiieed1ev|_znst7__cxx114listiisaiieed1ev|.text$_znst7__cxx114listiisaiieed1ev|_znst7__cxx114listiisaiieed1ev|.text$_znst7__cxx114listiisaiieed1ev|_znst7__cxx114listiisaiieed1ev|.text$_znst7__cxx114listiisaiieed1ev|_znst7__cxx114listiisaiieed1ev|.text$_znst7__cxx114listiisaiieed1ev|_znst7__cxx114listiisaiieed1ev|_unwind_resume
BIN_1014223,41655,CWE-483,9,1,5,CWE-483@41651|CWE-483@41653|CWE-483@41654|CWE-483@41656|CWE-483@41660,False,,False,,17,119,119,35,globalreturnstrue|rand|printline|printline
BIN_1058624,46314,CWE-666,34,2,4,CWE-666@46310|CWE-666@46312|CWE-666@46318|CWE-666@46319,False,,False,,46,759,759,150,strlen|memset|strchr|strchr|printline
BIN_1061651,35251,CWE-396,25,2,3,CWE-396@35248|CWE-396@35249|CWE-396@35253,True,CWE396_Catch_Generic_Exception__dotdotdot_16|CWE396_Catch_Generic_Exception__dotdotdot_1610entry_goodEv|CWE396_Catch_Generic_Exception__dotdotdot_169entry_badEv,True,,-1,-1,274,76,rand|__cxa_allocate_exception|_znst12out_of_rangec1epkc|__cxa_throw|rand|__cxa_allocate_exception|_znst12domain_errorc1epkc|__cxa_throw|printline|__cxa_free_exception|__cxa_free_exception|__cxa_begin_catch|printline|__cxa_end_catch|__cxa_end_catch|_unwind_resume
BIN_1081392,47174,CWE-681,19,2,5,CWE-681@47169|CWE-681@47170|CWE-681@47171|CWE-681@47176|CWE-681@47179,False,,True,,33,155,155,37,staticreturnstrue|fgets|atof|printline|printfloatline
BIN_1114212,41112,CWE-468,13,1,6,CWE-468@41107|CWE-468@41109|CWE-468@41113|CWE-468@41114|CWE-468@41115|CWE-468@41117,False,,False,,17,105,105,28,printintline
BIN_1118190,41828,CWE-511,27,1,7,CWE-511@41825|CWE-511@41826|CWE-511@41829|CWE-511@41830|CWE-511@41831|CWE-511@41832|CWE-511@41833,False,,False,,33,69,69,20,_time64
BIN_1180157,10881,CWE-123,43,1,8,CWE-123@10876|CWE-123@10877|CWE-123@10878|CWE-123@10879|CWE-123@10880|CWE-123@10882|CWE-123@10883|CWE-123@10886,False,,True,,52,498,498,95,memset
BIN_1275683,7874,CWE-135,24,3,3,CWE-135@7871|CWE-135@7877|CWE-135@7878,False,,True,,21,198,198,51,malloc|exit|wmemset|strlen|calloc|exit|wcscpy|printline|free
BIN_1280594,39352,CWE-426,45,1,7,CWE-426@39347|CWE-426@39349|CWE-426@39350|CWE-426@39351|CWE-426@39353|CWE-426@39355|CWE-426@39357,False,,True,,42,214,214,40,
BIN_1280987,41792,CWE-511,27,1,6,CWE-511@41787|CWE-511@41788|CWE-511@41789|CWE-511@41790|CWE-511@41791|CWE-511@41795,False,,False,,31,67,67,19,
BIN_1343172,31022,CWE-242,8,1,6,CWE-242@31017|CWE-242@31019|CWE-242@31020|CWE-242@31021|CWE-242@31026|CWE-242@31027,False,,True,,19,88,88,25,globalreturnstrue|gets|printline|exit|printline
BIN_1345675,39455,CWE-426,45,3,4,CWE-426@39451|CWE-426@39458|CWE-426@39459|CWE-426@39460,True,CWE426_Untrusted_Search_Path__wchar_t_popen_33|CWE426_Untrusted_Search_Path__wchar_t_popen_3310entry_goodEv|CWE426_Untrusted_Search_Path__wchar_t_popen_339entry,False,,-1,-1,334,55,wcscpy
BIN_1362201,42524,CWE-588,22,1,5,CWE-588@42523|CWE-588@42525|CWE-588@42527|CWE-588@42528|CWE-588@42529,True,CWE588_Attempt_to_Access_Child_of_Non_Structure_Pointer__class_10|CWE588_Attempt_to_Access_Child_of_Non_Structure_Pointer__class_1010entry_goodEv|CWE588_Attempt,True,,-1,-1,71,20,printintline
BIN_1369517,39461,CWE-426,45,1,3,CWE-426@39458|CWE-426@39459|CWE-426@39460,True,CWE426_Untrusted_Search_Path__wchar_t_popen_45_badData|CWE426_Untrusted_Search_Path__wchar_t_popen_45_goodG2BData,False,,60,297,297,41,wcscpy|badsink
BIN_1385906,41617,CWE-481,8,1,5,CWE-481@41612|CWE-481@41613|CWE-481@41618|CWE-481@41619|CWE-481@41622,False,,False,,17,54,54,16,globalreturnstrue|rand|printline
BIN_1401778,46577,CWE-676,9,2,4,CWE-676@46574|CWE-676@46575|CWE-676@46581|CWE-676@46582,True,CWE676_Use_of_Potentially_Dangerous_Function__basic_05|CWE676_Use_of_Potentially_Dangerous_Function__basic_0510entry_goodEv|CWE676_Use_of_Potentially_Dangerous_,False,,-1,-1,60,18,.text$_zstrsicst11char_traitsiceerst13basic_istreamit_t0_es6_ps3_|_zstrsicst11char_traitsiceerst13basic_istreamit_t0_es6_ps3_|printline
BIN_1429221,41633,CWE-482,8,1,6,CWE-482@41628|CWE-482@41629|CWE-482@41630|CWE-482@41634|CWE-482@41636|CWE-482@41638,False,,True,,17,55,55,18,printintline|printintline
BIN_1430751,10891,CWE-123,43,1,3,CWE-123@10886|CWE-123@10890|CWE-123@10894,False,,False,,108,168,168,41,badsource
BIN_1455949,41852,CWE-526,9,1,5,CWE-526@41849|CWE-526@41851|CWE-526@41854|CWE-526@41855|CWE-526@41856,False,,False,,17,52,52,16,getenv|printline
BIN_1474416,18961,CWE-188,21,1,4,CWE-188@18959|CWE-188@18960|CWE-188@18963|CWE-188@18964,False,,False,,23,74,74,23,printintline|printintline
BIN_1501184,35257,CWE-396,25,1,3,CWE-396@35253|CWE-396@35258|CWE-396@35262,True,CWE396_Catch_Generic_Exception__exception_04|CWE396_Catch_Generic_Exception__exception_0410entry_goodEv|CWE396_Catch_Generic_Exception__exception_049entry_badEv,False,,-1,-1,305,86,rand|__cxa_allocate_exception|_znst12out_of_rangec1epkc|__cxa_throw|rand|__cxa_allocate_exception|_znst12domain_errorc1epkc|__cxa_throw|printline|__cxa_free_exception|__cxa_free_exception|_unwind_resume|__cxa_begin_catch|printline|__cxa_end_catch|__cxa_end_catch|_unwind_resume
BIN_1507965,41946,CWE-546,35,1,4,CWE-546@41943|CWE-546@41944|CWE-546@41945|CWE-546@41947|CWE-561@41948|CWE-562@41951,False,,False,,17,50,50,16,printline
BIN_1512908,41738,CWE-510,17,1,5,CWE-510@41737|CWE-510@41739|CWE-510@41740|CWE-510@41741|CWE-510@41743,False,,True,,44,637,637,133,memset|strcmp|printline
BIN_1534787,46287,CWE-666,34,2,6,CWE-666@46282|CWE-666@46283|CWE-666@46284|CWE-666@46289|CWE-666@46290|CWE-666@46291,False,,True,,41,745,745,148,strlen|memset|strchr|strchr|printline
BIN_1556927,35156,CWE-390,34,2,5,CWE-390@35151|CWE-390@35154|CWE-390@35158|CWE-390@35159|CWE-390@35161,False,,False,,17,70,70,19,globalreturnstrue|fopen|fclose
BIN_1574217,41949,CWE-561,1,1,1,CWE-546@41944|CWE-546@41945|CWE-546@41947|CWE-561@41948|CWE-562@41951,False,,False,,17,30,30,10,printline
BIN_1579890,46452,CWE-675,31,1,4,CWE-675@46449|CWE-675@46450|CWE-675@46453|CWE-675@46455,True,CWE675_Duplicate_Operations_on_Resource__fopen_34_unionType,False,,25,89,89,23,fopen|fclose|fclose
BIN_1589064,46315,CWE-666,34,3,5,CWE-666@46310|CWE-666@46312|CWE-666@46318|CWE-666@46319|CWE-666@46320,False,,True,,54,757,757,150,staticreturnstrue|strlen|memset|strchr|strchr|printline
BIN_1599598,41060,CWE-467,20,1,6,CWE-467@41055|CWE-467@41056|CWE-467@41057|CWE-467@41059|CWE-467@41062|CWE-467@41065,False,,True,,17,89,89,24,malloc|exit|printintline|free
BIN_1612094,46493,CWE-675,31,1,7,CWE-675@46490|CWE-675@46491|CWE-675@46492|CWE-675@46494|CWE-675@46495|CWE-675@46497|CWE-675@46498,False,,False,,19,132,132,35,freopen|fclose|fclose
BIN_1644366,52888,CWE-773,20,1,4,CWE-773@52887|CWE-773@52891|CWE-773@52892|CWE-773@52893,False,,True,,18,94,94,23,fopen|fopen|fclose
BIN_1682590,35304,CWE-397,10,1,5,CWE-397@35300|CWE-397@35301|CWE-397@35305|CWE-397@35307|CWE-397@35308|CWE-398@35309,True,CWE397_Throw_Generic_Exception__throw_exception_14|CWE397_Throw_Generic_Exception__throw_exception_1410entry_goodEv|CWE397_Throw_Generic_Exception__throw_except,False,,-1,-1,82,24,__cxa_allocate_exception|.text$_znst9exceptionc1ev|_znst9exceptionc1ev|__cxa_throw
BIN_1683647,52938,CWE-773,20,1,6,CWE-773@52934|CWE-773@52935|CWE-773@52937|CWE-773@52939|CWE-773@52940|CWE-773@52942,False,,True,,33,118,118,31,
BIN_1718372,37890,CWE-404,10,1,7,CWE-404@37885|CWE-404@37886|CWE-404@37888|CWE-404@37889|CWE-404@37891|CWE-404@37893|CWE-404@37894,True,CWE404_Improper_Resource_Shutdown__open_fclose_33|CWE404_Improper_Resource_Shutdown__open_fclose_3310entry_goodEv|CWE404_Improper_Resource_Shutdown__open_fclose,False,,-1,-1,91,26,fclose
BIN_1737146,41063,CWE-467,20,1,6,CWE-467@41059|CWE-467@41062|CWE-467@41065|CWE-467@41066|CWE-467@41067|CWE-467@41068,False,,True,,23,98,98,27,malloc|exit|printintline|free
BIN_1753897,41941,CWE-546,35,1,8,CWE-546@41936|CWE-546@41937|CWE-546@41938|CWE-546@41939|CWE-546@41940|CWE-546@41943|CWE-546@41944|CWE-546@41945,False,,False,,17,56,56,17,globalreturnstrueorfalse|printline|printline
BIN_1754061,46499,CWE-675,31,1,6,CWE-675@46494|CWE-675@46495|CWE-675@46497|CWE-675@46498|CWE-675@46501|CWE-675@46504,True,CWE675_Duplicate_Operations_on_Resource__freopen_33|CWE675_Duplicate_Operations_on_Resource__freopen_3310entry_goodEv|CWE675_Duplicate_Operations_on_Resource__f,False,,-1,-1,112,29,freopen|fclose|fclose
BIN_1792662,35153,CWE-390,34,1,6,CWE-390@35148|CWE-390@35149|CWE-390@35150|CWE-390@35151|CWE-390@35154|CWE-390@35158,False,,True,,30,70,70,19,staticreturnstrue|fopen|fclose
BIN_1806282,7883,CWE-135,24,1,7,CWE-135@7878|CWE-135@7880|CWE-135@7881|CWE-135@7882|CWE-135@7884|CWE-135@7886|CWE-135@7888,True,CWE122_Heap_Based_Buffer_Overflow__CWE135_34_unionType,False,,27,212,212,53,malloc|exit|wmemset|strlen|calloc|exit|wcscpy|printline|free
BIN_1830020,35136,CWE-390,34,1,6,CWE-390@35131|CWE-390@35134|CWE-390@35137|CWE-390@35139|CWE-390@35140|CWE-390@35141,False,,True,,17,343,343,53,printwline|fgetws|printwline
BIN_1850522,35256,CWE-396,25,2,2,CWE-396@35253|CWE-396@35258,True,CWE396_Catch_Generic_Exception__exception_03|CWE396_Catch_Generic_Exception__exception_0310entry_goodEv|CWE396_Catch_Generic_Exception__exception_039entry_badEv,False,,-1,-1,305,86,rand|__cxa_allocate_exception|_znst12out_of_rangec1epkc|__cxa_throw|rand|__cxa_allocate_exception|_znst12domain_errorc1epkc|__cxa_throw|printline|__cxa_free_exception|__cxa_free_exception|_unwind_resume|__cxa_begin_catch|printline|__cxa_end_catch|__cxa_end_catch|_unwind_resume
BIN_1854371,40981,CWE-459,10,1,8,CWE-459@40976|CWE-459@40977|CWE-459@40979|CWE-459@40980|CWE-459@40982|CWE-459@40983|CWE-459@40984|CWE-459@40986,False,,True,,33,170,170,40,fwrite|fclose
BIN_1861279,35224,CWE-391,25,1,3,CWE-391@35223|CWE-391@35228|CWE-391@35229,False,,False,,24,96,96,24,wcstombs|printunsignedline|printline
BIN_1875972,41657,CWE-483,9,1,4,CWE-483@41653|CWE-483@41654|CWE-483@41656|CWE-483@41660,False,,False,,17,124,124,36,rand|printline|printline
BIN_1883192,7866,CWE-135,24,1,5,CWE-135@7862|CWE-135@7863|CWE-135@7865|CWE-135@7867|CWE-135@7871,False,,False,,26,218,218,55,malloc|exit|wmemset|strlen|calloc|exit|wcscpy|printline|free
BIN_1892295,35222,CWE-391,25,1,3,CWE-391@35217|CWE-391@35218|CWE-391@35223,False,,True,,25,95,95,24,wcstombs|printunsignedline|printline
BIN_1895841,41127,CWE-468,13,1,7,CWE-468@41123|CWE-468@41125|CWE-468@41126|CWE-468@41128|CWE-468@41129|CWE-468@41131|CWE-468@41132,False,,True,,17,127,127,29,printintline
BIN_2011998,35182,CWE-391,25,2,3,CWE-390@35177|CWE-390@35178|CWE-391@35184|CWE-391@35185|CWE-391@35187,False,,True,,21,55,55,15,sqrt|printdoubleline
BIN_2018082,52991,CWE-775,26,1,7,CWE-775@52986|CWE-775@52987|CWE-775@52988|CWE-775@52990|CWE-775@52993|CWE-775@52995|CWE-775@52996,False,,True,,18,49,49,13,fopen
BIN_2051022,41201,CWE-475,18,2,4,CWE-475@41197|CWE-475@41198|CWE-475@41203|CWE-475@41204|CWE-476@41205,False,,True,,19,324,324,49,wcscpy|memcpy|printwline
BIN_2058590,41072,CWE-467,20,2,6,CWE-467@41067|CWE-467@41068|CWE-467@41069|CWE-467@41074|CWE-467@41076|CWE-467@41077,False,,False,,17,103,103,28,malloc|exit|printintline|free
BIN_2064036,10938,CWE-123,43,1,3,CWE-123@10936|CWE-123@10937|CWE-123@10942,True,CWE123_Write_What_Where_Condition__fgets_41_badSink|CWE123_Write_What_Where_Condition__fgets_41_goodG2BSink,False,,53,158,158,42,fgets|printline|exit|cwe123_write_what_where_condition__fgets_41_badsink
BIN_2112798,41578,CWE-479,10,1,5,CWE-479@41573|CWE-479@41575|CWE-479@41579|CWE-479@41580|CWE-479@41582,False,,False,,56,44,44,14,staticreturnstrue|signal
BIN_2150059,31012,CWE-242,8,1,4,CWE-242@31013|CWE-242@31015|CWE-242@31016|CWE-242@31017,False,,True,,19,79,79,22,gets|printline|exit|printline
BIN_2156002,41202,CWE-475,18,1,4,CWE-475@41197|CWE-475@41198|CWE-475@41203|CWE-475@41204|CWE-476@41205,False,,True,,19,324,324,49,wcscpy|memcpy|printwline
BIN_2186653,47186,CWE-681,19,1,9,CWE-681@47181|CWE-681@47182|CWE-681@47184|CWE-681@47185|CWE-681@47187|CWE-681@47188|CWE-681@47189|CWE-681@47190|CWE-681@47191,False,,True,,19,140,140,33,fgets|atof|printline|printintline
BIN_2194210,35130,CWE-390,34,1,5,CWE-390@35125|CWE-390@35128|CWE-390@35129|CWE-390@35131|CWE-390@35134,False,,True,,17,326,326,49,printwline|fgetws|printwline
BIN_2215538,41834,CWE-511,27,1,6,CWE-511@41829|CWE-511@41830|CWE-511@41831|CWE-511@41832|CWE-511@41833|CWE-511@41838,False,,False,,28,72,72,21,_time64
BIN_2250766,41928,CWE-546,35,1,7,CWE-546@41925|CWE-546@41927|CWE-546@41929|CWE-546@41930|CWE-546@41931|CWE-546@41932|CWE-546@41933,False,,False,,17,50,50,16,printline
BIN_2252503,35157,CWE-390,34,1,5,CWE-390@35154|CWE-390@35158|CWE-390@35159|CWE-390@35161|CWE-390@35162,False,,False,,17,150,150,36,globalreturnstrueorfalse|fopen|fclose|fopen|printline|exit|fclose
BIN_2252629,46285,CWE-666,34,1,6,CWE-666@46280|CWE-666@46282|CWE-666@46283|CWE-666@46284|CWE-666@46289|CWE-666@46290,False,,True,,41,762,762,151,strlen|memset|strchr|strchr|printline
BIN_2269330,41717,CWE-510,17,1,3,CWE-510@41716|CWE-510@41721|CWE-510@41722,False,,True,,44,686,686,142,memset|strcmp|printline
BIN_2285379,42536,CWE-588,22,1,4,CWE-588@42534|CWE-588@42535|CWE-588@42537|CWE-588@42539,True,CWE588_Attempt_to_Access_Child_of_Non_Structure_Pointer__class_34|CWE588_Attempt_to_Access_Child_of_Non_Structure_Pointer__class_3410entry_goodEv|CWE588_Attempt,False,,-1,-1,74,20,printintline
BIN_2374793,35303,CWE-397,10,2,6,CWE-397@35298|CWE-397@35300|CWE-397@35301|CWE-397@35305|CWE-397@35307|CWE-397@35308,True,CWE397_Throw_Generic_Exception__throw_exception_13|CWE397_Throw_Generic_Exception__throw_exception_1310entry_goodEv|CWE397_Throw_Generic_Exception__throw_except,False,,-1,-1,82,24,__cxa_allocate_exception|.text$_znst9exceptionc1ev|_znst9exceptionc1ev|__cxa_throw
BIN_2441502,42499,CWE-587,7,1,3,CWE-571@42495|CWE-571@42496|CWE-587@42498|CWE-587@42500|CWE-587@42502,False,,True,,17,40,40,13,printhexcharline
BIN_2488741,53033,CWE-775,26,1,3,CWE-775@53034|CWE-775@53035|CWE-775@53037,False,,True,,33,55,55,15,
BIN_2560196,42571,CWE-588,22,1,6,CWE-588@42566|CWE-588@42567|CWE-588@42568|CWE-588@42572|CWE-588@42574|CWE-588@42576,False,,False,,18,75,75,20,printstructline
BIN_2562543,46539,CWE-675,31,1,5,CWE-675@46535|CWE-675@46536|CWE-675@46538|CWE-675@46540|CWE-675@46541,False,,True,,28,85,85,25,
BIN_2579809,7872,CWE-135,24,1,3,CWE-135@7867|CWE-135@7871|CWE-135@7877,False,,False,,21,224,224,57,malloc|exit|wmemset|strlen|calloc|exit|wcscpy|printline|free
BIN_2626886,46583,CWE-676,9,1,6,CWE-676@46581|CWE-676@46582|CWE-676@46584|CWE-676@46585|CWE-676@46587|CWE-676@46588,True,CWE676_Use_of_Potentially_Dangerous_Function__basic_11|CWE676_Use_of_Potentially_Dangerous_Function__basic_1110entry_goodEv|CWE676_Use_of_Potentially_Dangerous_,False,,-1,-1,64,20,globalreturnstrue|.text$_zstrsicst11char_traitsiceerst13basic_istreamit_t0_es6_ps3_|_zstrsicst11char_traitsiceerst13basic_istreamit_t0_es6_ps3_|printline
BIN_2690715,41137,CWE-469,19,3,1,CWE-468@41132|CWE-469@41134,False,,False,,27,121,121,31,strchr|exit|printunsignedline
BIN_2693649,46488,CWE-675,31,1,7,CWE-675@46483|CWE-675@46484|CWE-675@46485|CWE-675@46487|CWE-675@46490|CWE-675@46491|CWE-675@46492,False,,False,,19,139,139,36,globalreturnstrueorfalse|freopen|fclose|fopen|globalreturnstrueorfalse|fclose
BIN_2711256,10914,CWE-123,43,1,2,CWE-123@10915|CWE-123@10918,False,,True,,31,187,187,45,fgets|printline|exit
BIN_2764012,47237,CWE-685,8,1,3,CWE-685@47232|CWE-685@47235|CWE-685@47236|CWE-688@47240|CWE-688@47241,False,,False,,20,82,82,22,sprintf|printline
BIN_2775168,41821,CWE-511,27,1,5,CWE-511@41816|CWE-511@41820|CWE-511@41822|CWE-511@41825|CWE-511@41826,False,,False,,26,64,64,19,_time64|srand|rand
BIN_2819518,42530,CWE-588,22,1,6,CWE-588@42525|CWE-588@42527|CWE-588@42528|CWE-588@42529|CWE-588@42534|CWE-588@42535,True,CWE588_Attempt_to_Access_Child_of_Non_Structure_Pointer__class_16|CWE588_Attempt_to_Access_Child_of_Non_Structure_Pointer__class_1610entry_goodEv|CWE588_Attempt,True,,-1,-1,59,17,printintline
BIN_2824854,18987,CWE-188,21,1,7,CWE-188@18982|CWE-188@18983|CWE-188@18986|CWE-188@18988|CWE-188@18989|CWE-188@18991|CWE-188@18992,False,,False,,17,77,77,23,globalreturnstrueorfalse|printintline|printintline
BIN_2855713,425,CWE-135,24,1,8,CWE-135@420|CWE-135@421|CWE-135@422|CWE-135@423|CWE-135@424|CWE-135@426|CWE-135@428|CWE-135@429,False,,True,,24,131,131,36,strlen|___chkstk_ms|wcscpy|printline
BIN_2902767,37883,CWE-404,10,2,7,CWE-404@37878|CWE-404@37879|CWE-404@37880|CWE-404@37881|CWE-404@37885|CWE-404@37886|CWE-404@37888,False,,True,,27,75,75,22,fclose
BIN_2909139,47211,CWE-681,19,1,6,CWE-681@47206|CWE-681@47208|CWE-681@47209|CWE-681@47210|CWE-681@47212|CWE-681@47213,False,,True,,20,162,162,39,fgets|atof|printline|sqrt|printintline
BIN_2923183,10975,CWE-123,43,1,6,CWE-123@10970|CWE-123@10971|CWE-123@10973|CWE-123@10974|CWE-123@10977|CWE-123@10978,False,,True,,52,626,626,121,memset
BIN_2938394,41170,CWE-475,18,1,5,CWE-469@41167|CWE-469@41168|CWE-475@41169|CWE-475@41171|CWE-475@41172|CWE-475@41174|CWE-475@41175,False,,True,,19,233,233,41,memcpy|printline
BIN_2939159,18974,CWE-188,21,1,4,CWE-188@18971|CWE-188@18972|CWE-188@18975|CWE-188@18976,False,,False,,17,85,85,26,printintline|printintline
BIN_2963226,46317,CWE-666,34,1,6,CWE-666@46312|CWE-666@46318|CWE-666@46319|CWE-666@46320|CWE-666@46321|CWE-666@46322,False,,False,,41,761,761,151,strlen|memset|strchr|strchr|printline
BIN_3000171,46479,CWE-675,31,2,5,CWE-675@46477|CWE-675@46481|CWE-675@46482|CWE-675@46483|CWE-675@46484,False,,True,,19,93,93,24,freopen|fclose|fclose
BIN_3011376,10893,CWE-123,43,1,2,CWE-123@10890|CWE-123@10894,False,,False,,74,486,486,94,memset
BIN_3012821,41840,CWE-526,9,1,4,CWE-511@41838|CWE-526@41841|CWE-526@41842|CWE-526@41843|CWE-526@41845,False,,True,,17,38,38,12,getenv|printline
BIN_3032765,41135,CWE-469,19,1,1,CWE-468@41131|CWE-468@41132|CWE-469@41134,False,,True,,21,111,111,28,strchr|exit|printunsignedline
BIN_3074323,42479,CWE-570,6,1,4,CWE-570@42475|CWE-570@42476|CWE-570@42477|CWE-570@42480|CWE-571@42481|CWE-571@42484,False,,False,,10,25,25,10,rand
BIN_3102318,55991,CWE-843,23,1,7,CWE-843@55987|CWE-843@55990|CWE-843@55992|CWE-843@55993|CWE-843@55994|CWE-843@55995|CWE-843@55996,False,,True,,18,61,61,19,printintline
BIN_3106388,52989,CWE-775,26,1,5,CWE-775@52986|CWE-775@52987|CWE-775@52988|CWE-775@52990|CWE-775@52993,False,,False,,31,54,54,14,fopen|staticreturnstrue
BIN_3107783,42503,CWE-587,7,1,6,CWE-587@42498|CWE-587@42500|CWE-587@42502|CWE-587@42506|CWE-587@42507|CWE-587@42508,False,,False,,22,51,51,16,printhexcharline
BIN_3131424,41199,CWE-475,18,1,4,CWE-475@41197|CWE-475@41198|CWE-475@41203|CWE-475@41204,False,,False,,19,341,341,52,wcscpy|memcpy|printwline
BIN_3177037,39361,CWE-426,45,1,5,CWE-426@39357|CWE-426@39359|CWE-426@39362|CWE-426@39364|CWE-426@39365,True,CWE426_Untrusted_Search_Path__char_popen_41_badSink|CWE426_Untrusted_Search_Path__char_popen_41_goodG2BSink,False,,56,175,175,30,cwe426_untrusted_search_path__char_popen_41_badsink
BIN_3203681,35246,CWE-396,25,1,6,CWE-396@35241|CWE-396@35242|CWE-396@35244|CWE-396@35245|CWE-396@35248|CWE-396@35249,True,CWE396_Catch_Generic_Exception__dotdotdot_11|CWE396_Catch_Generic_Exception__dotdotdot_1110entry_goodEv|CWE396_Catch_Generic_Exception__dotdotdot_119entry_badEv,False,,-1,-1,291,80,globalreturnstrue|rand|__cxa_allocate_exception|_znst12out_of_rangec1epkc|__cxa_throw|rand|__cxa_allocate_exception|_znst12domain_errorc1epkc|__cxa_throw|printline|__cxa_free_exception|__cxa_free_exception|__cxa_begin_catch|printline|__cxa_end_catch|__cxa_end_catch|_unwind_resume
BIN_3228938,41952,CWE-562,2,1,1,CWE-546@41947|CWE-561@41948|CWE-562@41951|CWE-563@41957,False,,False,,23,28,28,10,helperbad|printline
BIN_3269133,55983,CWE-843,23,1,4,CWE-835@55978|CWE-835@55979|CWE-835@55980|CWE-843@55982|CWE-843@55984|CWE-843@55985|CWE-843@55987,False,,True,,18,48,48,15,printintline
BIN_3315713,41865,CWE-546,35,1,7,CWE-546@41861|CWE-546@41862|CWE-546@41863|CWE-546@41864|CWE-546@41866|CWE-546@41867|CWE-546@41869,False,,True,,30,39,39,13,staticreturnstrue|printline
BIN_3317957,39358,CWE-426,45,1,5,CWE-426@39353|CWE-426@39355|CWE-426@39357|CWE-426@39359|CWE-426@39362,False,,False,,42,277,277,52,
BIN_3320165,41015,CWE-464,10,2,5,CWE-464@41010|CWE-464@41011|CWE-464@41017|CWE-464@41018|CWE-464@41020,False,,False,,18,140,140,40,getc|atoi|printline
BIN_3336443,35295,CWE-397,10,2,4,CWE-397@35291|CWE-397@35293|CWE-397@35298|CWE-397@35300,True,CWE397_Throw_Generic_Exception__throw_exception_05|CWE397_Throw_Generic_Exception__throw_exception_0510entry_goodEv|CWE397_Throw_Generic_Exception__throw_except,False,,-1,-1,78,23,__cxa_allocate_exception|.text$_znst9exceptionc1ev|_znst9exceptionc1ev|__cxa_throw
BIN_3375788,32198,CWE-367,18,1,4,CWE-367@32193|CWE-367@32194|CWE-367@32196|CWE-367@32197|CWE-369@32201|CWE-369@32202|CWE-369@32203,False,,False,,34,391,391,86,fgets|printline|strlen|exit|exit|exit
BIN_3467054,40987,CWE-459,10,1,9,CWE-459@40982|CWE-459@40983|CWE-459@40984|CWE-459@40986|CWE-459@40988|CWE-459@40989|CWE-459@40990|CWE-459@40991|CWE-459@40992,False,,False,,28,346,346,76,globalreturnstrueorfalse|fwrite|fclose|fwrite|fclose
BIN_3474176,41664,CWE-484,7,1,4,CWE-483@41660|CWE-484@41663|CWE-484@41665|CWE-484@41668|CWE-484@41669,False,,True,,17,151,151,46,rand|printline|printline|printline|printline
BIN_3542500,39399,CWE-426,45,1,4,CWE-426@39397|CWE-426@39400|CWE-426@39401|CWE-426@39403,False,,True,,40,205,205,38,system|printline|exit
BIN_3583063,46534,CWE-675,31,1,8,CWE-675@46529|CWE-675@46530|CWE-675@46531|CWE-675@46532|CWE-675@46533|CWE-675@46535|CWE-675@46536|CWE-675@46538,False,,True,,28,109,109,31,
BIN_3584569,41625,CWE-482,8,1,5,CWE-481@41622|CWE-481@41623|CWE-481@41624|CWE-482@41626|CWE-482@41627|CWE-482@41628|CWE-482@41629|CWE-482@41630,False,,True,,17,42,42,14,printintline|printintline
BIN_3600805,41592,CWE-480,9,1,4,CWE-479@41587|CWE-479@41588|CWE-480@41590|CWE-480@41591|CWE-480@41594|CWE-480@41597,False,,True,,52,7,7,5,
BIN_3644544,18978,CWE-188,21,2,4,CWE-188@18975|CWE-188@18976|CWE-188@18982|CWE-188@18983,False,,True,,17,42,42,14,printintline
BIN_3647576,47177,CWE-681,19,1,4,CWE-681@47176|CWE-681@47179|CWE-681@47181|CWE-681@47182,False,,False,,20,155,155,37,globalreturnstrue|fgets|atof|printline|printfloatline
BIN_3651099,32179,CWE-367,18,1,6,CWE-367@32175|CWE-367@32176|CWE-367@32177|CWE-367@32178|CWE-367@32182|CWE-367@32184,False,,True,,41,363,363,81,fgets|printline|strlen|exit|exit|exit
BIN_3675406,32180,CWE-367,18,2,6,CWE-367@32175|CWE-367@32176|CWE-367@32177|CWE-367@32178|CWE-367@32182|CWE-367@32184,False,,False,,41,389,389,86,fgets|printline|strlen|exit|exit|exit
BIN_3706072,40969,CWE-459,10,1,5,CWE-459@40965|CWE-459@40966|CWE-459@40968|CWE-459@40971|CWE-459@40972,False,,False,,36,281,281,67,globalreturnstrueorfalse|_mkstemp|fdopen|fwrite|fclose|_mkstemp|fdopen|fwrite|fclose
BIN_3711506,41950,CWE-562,2,1,1,CWE-546@41945|CWE-546@41947|CWE-561@41948|CWE-562@41951,False,,False,,20,28,28,10,helperbad|printline
BIN_3729864,41584,CWE-479,10,2,5,CWE-479@41579|CWE-479@41580|CWE-479@41582|CWE-479@41587|CWE-479@41588,False,,False,,43,49,49,15,signal
BIN_3730198,41108,CWE-468,13,1,6,CWE-468@41103|CWE-468@41104|CWE-468@41105|CWE-468@41107|CWE-468@41109|CWE-468@41113,False,,True,,17,99,99,26,printintline
BIN_3767810,41818,CWE-511,27,2,4,CWE-511@41815|CWE-511@41816|CWE-511@41820|CWE-511@41822,False,,False,,26,64,64,19,_time64|srand|rand
BIN_3801844,35123,CWE-390,34,1,8,CWE-390@35118|CWE-390@35119|CWE-390@35120|CWE-390@35121|CWE-390@35122|CWE-390@35124|CWE-390@35125|CWE-390@35128,False,,True,,17,214,214,41,printline|fgets|printline
BIN_3805758,41609,CWE-481,8,1,5,CWE-480@41604|CWE-480@41605|CWE-481@41607|CWE-481@41608|CWE-481@41610|CWE-481@41612|CWE-481@41613,False,,True,,17,45,45,13,rand|printline
BIN_3831894,41733,CWE-510,17,2,4,CWE-510@41728|CWE-510@41729|CWE-510@41731|CWE-510@41737,False,,True,,44,687,687,143,memset|strcmp|printline
BIN_3863724,41836,CWE-511,27,2,4,CWE-511@41831|CWE-511@41832|CWE-511@41833|CWE-511@41838|CWE-526@41841,False,,False,,28,59,59,18,_time64
BIN_3896333,35260,CWE-396,25,2,5,CWE-396@35258|CWE-396@35262|CWE-396@35263|CWE-396@35264|CWE-396@35265,True,CWE396_Catch_Generic_Exception__exception_07|CWE396_Catch_Generic_Exception__exception_0710entry_goodEv|CWE396_Catch_Generic_Exception__exception_079entry_badEv,False,,-1,-1,320,89,rand|__cxa_allocate_exception|_znst12out_of_rangec1epkc|__cxa_throw|rand|__cxa_allocate_exception|_znst12domain_errorc1epkc|__cxa_throw|printline|__cxa_free_exception|__cxa_free_exception|_unwind_resume|__cxa_begin_catch|printline|__cxa_end_catch|__cxa_end_catch|_unwind_resume
BIN_3934056,39506,CWE-426,45,1,5,CWE-426@39501|CWE-426@39503|CWE-426@39505|CWE-426@39507|CWE-426@39508,False,,False,,47,323,323,49,badsource|printline|exit
BIN_3983196,39385,CWE-426,45,1,3,CWE-426@39386|CWE-426@39389|CWE-426@39390,False,,True,,40,204,204,37,system|printline|exit
BIN_3987241,41186,CWE-475,18,1,5,CWE-475@41181|CWE-475@41185|CWE-475@41189|CWE-475@41190|CWE-475@41191,False,,False,,19,234,234,42,memcpy|printline
BIN_4001497,46325,CWE-666,34,1,9,CWE-666@46320|CWE-666@46321|CWE-666@46322|CWE-666@46323|CWE-666@46324|CWE-666@46326|CWE-666@46328|CWE-666@46329|CWE-666@46330,False,,True,,41,745,745,148,strlen|memset|strchr|strchr|printline
BIN_4001694,41600,CWE-480,9,1,6,CWE-480@41597|CWE-480@41598|CWE-480@41599|CWE-480@41603|CWE-480@41604|CWE-480@41605,False,,False,,46,49,49,16,globalreturnstrueorfalse|entry_good_good_1|printline
BIN_4055991,45276,CWE-605,8,1,2,CWE-605@45275|CWE-605@45277,False,,True,,41,829,829,163,strlen|memset|strchr|strchr|printline
BIN_4086724,35170,CWE-390,34,1,7,CWE-390@35165|CWE-390@35166|CWE-390@35167|CWE-390@35168|CWE-390@35169|CWE-390@35171|CWE-390@35172,False,,False,,25,90,90,23,sqrt|printdoubleline
BIN_4178727,45281,CWE-605,8,1,4,CWE-605@45277|CWE-605@45282|CWE-605@45284|CWE-605@45285,False,,False,,46,844,844,166,strlen|memset|strchr|strchr|printline
BIN_4187334,41014,CWE-464,10,3,5,CWE-464@41009|CWE-464@41010|CWE-464@41011|CWE-464@41017|CWE-464@41018,False,,False,,18,108,108,31,getc|atoi|printline
BIN_4189406,56035,CWE-843,23,1,6,CWE-843@56030|CWE-843@56033|CWE-843@56034|CWE-843@56036|CWE-843@56038|CWE-843@56040,False,,True,,18,64,64,19,printintline
BIN_4209627,35233,CWE-391,25,1,6,CWE-391@35228|CWE-391@35229|CWE-391@35230|CWE-391@35232|CWE-391@35234|CWE-391@35235|CWE-396@35238,False,,True,,19,86,86,22,wcstombs|printunsignedline|printline
BIN_4210642,39484,CWE-426,45,1,4,CWE-426@39481|CWE-426@39483|CWE-426@39485|CWE-426@39487,False,,False,,47,335,335,52,wcscpy|printline|exit
BIN_4240207,41165,CWE-469,19,1,5,CWE-469@41160|CWE-469@41163|CWE-469@41164|CWE-469@41167|CWE-469@41168|CWE-475@41169,False,,True,,21,140,140,35,wcschr|exit|printunsignedline
BIN_4246302,52985,CWE-775,26,1,5,CWE-775@52982|CWE-775@52986|CWE-775@52987|CWE-775@52988|CWE-775@52990,False,,True,,24,49,49,13,fopen
BIN_4261479,41913,CWE-546,35,1,4,CWE-546@41908|CWE-546@41910|CWE-546@41912|CWE-546@41918,False,,True,,17,30,30,10,printline
BIN_4282256,52949,CWE-773,20,1,5,CWE-773@52944|CWE-773@52945|CWE-773@52946|CWE-773@52947|CWE-773@52950,False,,False,,27,109,109,29,
BIN_4282894,41070,CWE-467,20,1,6,CWE-467@41065|CWE-467@41066|CWE-467@41067|CWE-467@41068|CWE-467@41069|CWE-467@41074,False,,True,,17,98,98,27,globalreturnstrue|malloc|exit|printintline|free
BIN_4283156,10931,CWE-123,43,1,5,CWE-123@10926|CWE-123@10927|CWE-123@10928|CWE-123@10932|CWE-123@10936,False,,True,,31,188,188,46,fgets|printline|exit
BIN_4286989,53006,CWE-775,26,1,5,CWE-775@53002|CWE-775@53004|CWE-775@53005|CWE-775@53007|CWE-775@53009,False,,False,,24,61,61,16,fopen|badsink
BIN_4355293,35226,CWE-391,25,2,4,CWE-391@35223|CWE-391@35228|CWE-391@35229|CWE-391@35230,False,,False,,19,98,98,25,wcstombs|printunsignedline|printline
BIN_4357075,46333,CWE-666,34,1,6,CWE-666@46328|CWE-666@46329|CWE-666@46330|CWE-666@46332|CWE-666@46335|CWE-666@46338,False,,True,,54,757,757,150,staticreturnstrue|strlen|memset|strchr|strchr|printline
BIN_4379783,41666,CWE-484,7,1,6,CWE-484@41663|CWE-484@41665|CWE-484@41668|CWE-484@41669|CWE-484@41670|CWE-484@41671,False,,True,,23,164,164,49,rand|printline|printline|printline|printline
BIN_4386801,46589,CWE-676,9,1,5,CWE-676@46584|CWE-676@46585|CWE-676@46587|CWE-676@46588|CWE-676@46590|CWE-680@46591|CWE-680@46592|CWE-680@46593|CWE-680@46594,True,CWE676_Use_of_Potentially_Dangerous_Function__basic_17|CWE676_Use_of_Potentially_Dangerous_Function__basic_1710entry_goodEv|CWE676_Use_of_Potentially_Dangerous_,False,,-1,-1,70,21,.text$_zstrsicst11char_traitsiceerst13basic_istreamit_t0_es6_ps3_|_zstrsicst11char_traitsiceerst13basic_istreamit_t0_es6_ps3_|printline
BIN_4392640,41870,CWE-546,35,1,7,CWE-546@41866|CWE-546@41867|CWE-546@41869|CWE-546@41871|CWE-546@41872|CWE-546@41873|CWE-546@41875,False,,True,,17,44,44,14,printline
BIN_4455911,35133,CWE-390,34,1,5,CWE-390@35128|CWE-390@35129|CWE-390@35131|CWE-390@35134|CWE-390@35137,False,,False,,22,340,340,52,printwline|fgetws|printwline
BIN_4471703,41182,CWE-475,18,1,6,CWE-475@41177|CWE-475@41178|CWE-475@41179|CWE-475@41180|CWE-475@41181|CWE-475@41185,False,,True,,19,251,251,45,memcpy|printline
BIN_4478089,41915,CWE-546,35,3,4,CWE-546@41910|CWE-546@41912|CWE-546@41918|CWE-546@41920,False,,False,,23,39,39,13,printline
BIN_4505343,42471,CWE-570,6,1,7,CWE-570@42466|CWE-570@42468|CWE-570@42469|CWE-570@42470|CWE-570@42473|CWE-570@42475|CWE-570@42476,False,,False,,10,23,23,9,rand
BIN_4525169,32185,CWE-367,18,1,5,CWE-367@32182|CWE-367@32184|CWE-367@32187|CWE-367@32188|CWE-367@32190,False,,False,,40,377,377,83,fgets|printline|strlen|exit|exit|exit
BIN_4535884,41874,CWE-546,35,1,7,CWE-546@41869|CWE-546@41871|CWE-546@41872|CWE-546@41873|CWE-546@41875|CWE-546@41876|CWE-546@41878,False,,False,,17,50,50,16,printline
BIN_4587919,18970,CWE-188,21,1,3,CWE-188@18971|CWE-188@18972|CWE-188@18975,False,,True,,17,79,79,24,printintline|printintline
BIN_4592009,41808,CWE-511,27,1,6,CWE-511@41804|CWE-511@41805|CWE-511@41806|CWE-511@41807|CWE-511@41810|CWE-511@41811,False,,False,,32,73,73,21,_time64|srand|rand
BIN_4601680,7885,CWE-135,24,1,6,CWE-135@7880|CWE-135@7881|CWE-135@7882|CWE-135@7884|CWE-135@7886|CWE-135@7888,False,,False,,34,137,137,36,badsource|strlen|calloc|exit|wcscpy|printline|free
BIN_4606746,39489,CWE-426,45,1,7,CWE-426@39485|CWE-426@39487|CWE-426@39490|CWE-426@39491|CWE-426@39492|CWE-426@39493|CWE-426@39494,False,,True,,40,339,339,53,wcscpy|printline|exit
BIN_4624159,45286,CWE-605,8,1,7,CWE-605@45282|CWE-605@45284|CWE-605@45285|CWE-605@45287|CWE-605@45288|CWE-605@45289|CWE-605@45290,False,,False,,41,1565,1565,307,globalreturnstrueorfalse|strlen|memset|strchr|strchr|printline|strlen|memset|strchr|strchr|printline
BIN_4627963,10869,CWE-123,43,1,6,CWE-126@10864|CWE-126@10865|CWE-123@10866|CWE-123@10867|CWE-123@10868|CWE-123@10870|CWE-123@10871|CWE-123@10872,False,,False,,59,510,510,97,memset
BIN_4644507,35306,CWE-397,10,1,4,CWE-397@35301|CWE-397@35305|CWE-397@35307|CWE-397@35308|CWE-398@35309|CWE-398@35310,True,CWE397_Throw_Generic_Exception__throw_exception_16|CWE397_Throw_Generic_Exception__throw_exception_1610entry_goodEv|CWE397_Throw_Generic_Exception__throw_except,True,,-1,-1,61,16,__cxa_allocate_exception|.text$_znst9exceptionc1ev|_znst9exceptionc1ev|__cxa_throw
BIN_4675415,41827,CWE-511,27,1,7,CWE-511@41822|CWE-511@41825|CWE-511@41826|CWE-511@41829|CWE-511@41830|CWE-511@41831|CWE-511@41832,False,,True,,33,68,68,20,_time64
BIN_4681107,56045,CWE-843,23,1,3,CWE-843@56040|CWE-843@56041|CWE-843@56044,False,,False,,24,61,61,17,
BIN_4682638,10968,CWE-123,43,1,7,CWE-123@10963|CWE-123@10964|CWE-123@10966|CWE-123@10969|CWE-123@10970|CWE-123@10971|CWE-123@10973,False,,False,,58,623,623,120,memset
BIN_4689502,42569,CWE-588,22,1,6,CWE-588@42565|CWE-588@42566|CWE-588@42567|CWE-588@42568|CWE-588@42572|CWE-588@42574,False,,True,,18,57,57,16,printstructline
BIN_4697514,53048,CWE-775,26,1,6,CWE-775@53044|CWE-775@53046|CWE-775@53047|CWE-775@53050|CWE-775@53051|CWE-775@53053,False,,False,,39,75,75,19,badsink
BIN_4728651,46446,CWE-675,31,2,5,CWE-675@46442|CWE-675@46443|CWE-675@46444|CWE-675@46449|CWE-675@46450,False,,True,,19,75,75,21,fopen|fclose|fclose
BIN_4769643,39360,CWE-426,45,1,6,CWE-426@39355|CWE-426@39357|CWE-426@39359|CWE-426@39362|CWE-426@39364|CWE-426@39365,True,CWE426_Untrusted_Search_Path__char_popen_34_unionType,False,,48,238,238,43,
BIN_4794619,32120,CWE-364,7,1,7,CWE-364@32116|CWE-364@32118|CWE-364@32119|CWE-364@32121|CWE-364@32122|CWE-364@32124|CWE-364@32125,True,CWE364_Signal_Handler_Race_Condition__basic_11StructSigAtomicBad|CWE364_Signal_Handler_Race_Condition__basic_11StructSigAtomicGood,False,,43,202,202,43,globalreturnstrue|signal|free|malloc|exit|signal|free
BIN_4825601,41615,CWE-481,8,2,5,CWE-481@41610|CWE-481@41612|CWE-481@41613|CWE-481@41618|CWE-481@41619,False,,False,,17,58,58,17,rand|printline
BIN_4833917,7869,CWE-135,24,2,3,CWE-135@7865|CWE-135@7867|CWE-135@7871,False,,False,,21,222,222,57,malloc|exit|wmemset|strlen|calloc|exit|wcscpy|printline|free
BIN_4865896,41877,CWE-546,35,1,5,CWE-546@41872|CWE-546@41873|CWE-546@41875|CWE-546@41876|CWE-546@41878,False,,True,,17,30,30,10,printline
BIN_4885708,7861,CWE-135,24,1,3,CWE-135@7862|CWE-135@7863|CWE-135@7865,False,,True,,21,196,196,49,malloc|exit|wmemset|strlen|calloc|exit|wcscpy|printline|free
BIN_4899887,10925,CWE-123,43,1,6,CWE-123@10921|CWE-123@10923|CWE-123@10924|CWE-123@10926|CWE-123@10927|CWE-123@10928,False,,True,,31,196,196,48,globalreturnstrueorfalse|fgets|printline|exit
BIN_4941108,10965,CWE-123,43,1,6,CWE-123@10962|CWE-123@10963|CWE-123@10964|CWE-123@10966|CWE-123@10969|CWE-123@10970,False,,True,,59,621,621,120,memset
BIN_4945807,39437,CWE-426,45,1,7,CWE-426@39433|CWE-426@39434|CWE-426@39436|CWE-426@39438|CWE-426@39439|CWE-426@39440|CWE-426@39442,False,,True,,49,313,313,53,wcscpy
BIN_4961618,10919,CWE-123,43,1,5,CWE-123@10915|CWE-123@10918|CWE-123@10921|CWE-123@10923|CWE-123@10924,False,,True,,35,197,197,48,fgets|printline|exit
BIN_4967771,41606,CWE-480,9,1,3,CWE-480@41603|CWE-480@41604|CWE-480@41605|CWE-481@41607|CWE-481@41608|CWE-481@41610,False,,True,,46,8,8,6,
BIN_4988865,41016,CWE-464,10,1,5,CWE-464@41011|CWE-464@41017|CWE-464@41018|CWE-464@41020|CWE-464@41021,True,CWE464_Addition_of_Data_Structure_Sentinel__basic_33|CWE464_Addition_of_Data_Structure_Sentinel__basic_3310entry_goodEv|CWE464_Addition_of_Data_Structure_Sentin,False,,-1,-1,112,32,getc|atoi|printline
BIN_5017973,41824,CWE-511,27,1,5,CWE-511@41820|CWE-511@41822|CWE-511@41825|CWE-511@41826|CWE-511@41829,False,,True,,28,58,58,17,_time64
BIN_5037344,41574,CWE-479,10,1,4,CWE-478@41569|CWE-479@41572|CWE-479@41573|CWE-479@41575|CWE-479@41579,False,,False,,49,44,44,14,signal
BIN_5092966,55988,CWE-843,23,1,6,CWE-843@55984|CWE-843@55985|CWE-843@55987|CWE-843@55990|CWE-843@55992|CWE-843@55993,False,,False,,24,59,59,18,printintline
BIN_5131194,39413,CWE-426,45,2,4,CWE-426@39408|CWE-426@39409|CWE-426@39410|CWE-426@39411,True,CWE426_Untrusted_Search_Path__char_system_45_badData|CWE426_Untrusted_Search_Path__char_system_45_goodG2BData,False,,55,179,179,30,badsink
BIN_5132780,52998,CWE-775,26,1,6,CWE-775@52993|CWE-775@52995|CWE-775@52996|CWE-775@52997|CWE-775@52999|CWE-775@53002,False,,False,,18,69,69,19,fopen
BIN_5141342,41106,CWE-468,13,1,6,CWE-468@41102|CWE-468@41103|CWE-468@41104|CWE-468@41105|CWE-468@41107|CWE-468@41109,False,,True,,17,94,94,25,globalreturnstrue|printintline
BIN_5169238,10884,CWE-123,43,1,5,CWE-123@10879|CWE-123@10880|CWE-123@10882|CWE-123@10883|CWE-123@10886,False,,False,,114,178,178,42,badsource
BIN_5190087,47220,CWE-681,19,1,2,CWE-681@47217|CWE-681@47219|CWE-685@47221|CWE-685@47222|CWE-685@47223|CWE-685@47225,False,,True,,20,150,150,36,fgets|atof|printline|sqrt|printintline
BIN_5214080,35252,CWE-396,25,1,3,CWE-396@35248|CWE-396@35249|CWE-396@35253,True,CWE396_Catch_Generic_Exception__dotdotdot_17|CWE396_Catch_Generic_Exception__dotdotdot_1710entry_goodEv|CWE396_Catch_Generic_Exception__dotdotdot_179entry_badEv,False,,-1,-1,299,80,rand|__cxa_allocate_exception|_znst12out_of_rangec1epkc|__cxa_throw|rand|__cxa_allocate_exception|_znst12domain_errorc1epkc|__cxa_throw|printline|__cxa_free_exception|__cxa_free_exception|__cxa_begin_catch|printline|__cxa_end_catch|__cxa_end_catch|_unwind_resume
BIN_5275345,40978,CWE-459,10,1,7,CWE-459@40975|CWE-459@40976|CWE-459@40977|CWE-459@40979|CWE-459@40980|CWE-459@40982|CWE-459@40983,False,,True,,28,156,156,37,fwrite|fclose
BIN_5302980,55989,CWE-843,23,1,7,CWE-843@55984|CWE-843@55985|CWE-843@55987|CWE-843@55990|CWE-843@55992|CWE-843@55993|CWE-843@55994,False,,True,,32,57,57,18,staticreturnstrue|printintline
BIN_5304954,39402,CWE-426,45,1,7,CWE-426@39397|CWE-426@39400|CWE-426@39401|CWE-426@39403|CWE-426@39405|CWE-426@39406|CWE-426@39407,False,,True,,40,205,205,38,system|printline|exit
BIN_5315714,41140,CWE-469,19,3,2,CWE-469@41143|CWE-469@41144,False,,True,,34,120,120,31,staticreturnstrue|strchr|exit|printunsignedline
BIN_5352913,32123,CWE-364,7,1,7,CWE-364@32118|CWE-364@32119|CWE-364@32121|CWE-364@32122|CWE-364@32124|CWE-364@32125|CWE-364@32127,True,CWE364_Signal_Handler_Race_Condition__basic_14StructSigAtomicBad|CWE364_Signal_Handler_Race_Condition__basic_14StructSigAtomicGood,True,,43,207,207,44,signal|free|malloc|exit|signal|free
BIN_5361457,42557,CWE-588,22,1,6,CWE-588@42555|CWE-588@42556|CWE-588@42558|CWE-588@42559|CWE-588@42560|CWE-588@42561,False,,True,,18,56,56,15,printstructline
BIN_5389509,37876,CWE-404,10,1,10,CWE-404@37871|CWE-404@37872|CWE-404@37873|CWE-404@37874|CWE-404@37875|CWE-404@37877|CWE-404@37878|CWE-404@37879|CWE-404@37880|CWE-404@37881,False,,True,,27,87,87,25,fclose
BIN_5390066,418,CWE-135,24,1,7,CWE-135@415|CWE-135@416|CWE-135@417|CWE-135@420|CWE-135@421|CWE-135@422|CWE-135@423,False,,True,,24,147,147,40,globalreturnstrue|globalreturnstrue|strlen|___chkstk_ms|wcscpy|printline
BIN_5470397,42522,CWE-588,22,1,5,CWE-588@42517|CWE-588@42518|CWE-588@42523|CWE-588@42525|CWE-588@42527,True,CWE588_Attempt_to_Access_Child_of_Non_Structure_Pointer__class_08|CWE588_Attempt_to_Access_Child_of_Non_Structure_Pointer__class_0810entry_goodEv|CWE588_Attempt,True,,-1,-1,72,21,_zl17staticreturnstruev|printintline
BIN_5501091,10889,CWE-123,43,1,3,CWE-123@10886|CWE-123@10890|CWE-123@10894,True,CWE123_Write_What_Where_Condition__connect_socket_34_unionType,False,,58,553,553,102,memset
BIN_5518908,41073,CWE-467,20,1,5,CWE-467@41068|CWE-467@41069|CWE-467@41074|CWE-467@41076|CWE-467@41077,False,,False,,17,103,103,28,malloc|exit|printintline|free
BIN_5581711,35126,CWE-390,34,1,7,CWE-390@35121|CWE-390@35122|CWE-390@35124|CWE-390@35125|CWE-390@35128|CWE-390@35129|CWE-390@35131,False,,False,,17,223,223,43,printline|fgets|printline
BIN_5612612,46433,CWE-675,31,1,7,CWE-674@46428|CWE-675@46429|CWE-675@46430|CWE-675@46432|CWE-675@46434|CWE-675@46435|CWE-675@46436|CWE-675@46438,False,,True,,25,93,93,25,fopen|fclose|fclose
BIN_5625240,41595,CWE-480,9,1,6,CWE-480@41590|CWE-480@41591|CWE-480@41594|CWE-480@41597|CWE-480@41598|CWE-480@41599,False,,True,,51,7,7,5,
BIN_5666680,56023,CWE-843,23,2,1,CWE-843@56025,False,,False,,18,50,50,15,printintline
BIN_5691828,42467,CWE-570,6,1,5,CWE-570@42465|CWE-570@42466|CWE-570@42468|CWE-570@42469|CWE-570@42470,False,,True,,10,44,44,14,printline
BIN_5737942,52941,CWE-773,20,1,7,CWE-773@52937|CWE-773@52939|CWE-773@52940|CWE-773@52942|CWE-773@52944|CWE-773@52945|CWE-773@52946,False,,True,,40,117,117,31,staticreturnstrue
BIN_5835696,35138,CWE-390,34,1,7,CWE-390@35134|CWE-390@35137|CWE-390@35139|CWE-390@35140|CWE-390@35141|CWE-390@35142|CWE-390@35143,False,,False,,17,339,339,52,globalreturnstrue|printwline|fgetws|printwline
BIN_5843003,35227,CWE-391,25,1,5,CWE-391@35223|CWE-391@35228|CWE-391@35229|CWE-391@35230|CWE-391@35232,False,,False,,19,98,98,25,wcstombs|printunsignedline|printline
BIN_5850506,41614,CWE-481,8,1,5,CWE-481@41610|CWE-481@41612|CWE-481@41613|CWE-481@41618|CWE-481@41619,False,,True,,30,54,54,16,staticreturnstrue|rand|printline
BIN_5888679,46347,CWE-666,34,1,7,CWE-666@46342|CWE-666@46343|CWE-666@46346|CWE-666@46348|CWE-666@46349|CWE-666@46351|CWE-666@46352,False,,True,,47,757,757,150,strlen|memset|strchr|strchr|printline
BIN_5907001,41640,CWE-482,8,1,4,CWE-482@41636|CWE-482@41638|CWE-482@41641|CWE-482@41642|CWE-483@41643|CWE-483@41644|CWE-483@41645,False,,True,,17,43,43,15,printintline|printintline
BIN_5927392,28224,CWE-196,11,2,3,CWE-196@28219|CWE-196@28220|CWE-196@28226|CWE-197@28228,False,,False,,17,55,55,20,rand|rand|printintline
BIN_5979818,41146,CWE-469,19,2,6,CWE-469@41143|CWE-469@41144|CWE-469@41148|CWE-469@41149|CWE-469@41150|CWE-469@41151,False,,False,,21,125,125,32,strchr|exit|printunsignedline
BIN_6022747,46404,CWE-672,8,1,4,CWE-672@46400|CWE-672@46405|CWE-672@46406|CWE-672@46407,True,CWE672_Operation_on_Resource_After_Expiration_or_Release__list_int_42|CWE672_Operation_on_Resource_After_Expiration_or_Release__list_int_4210entry_goodEv|CWE672,False,,-1,-1,384,99,.text$_znst7__cxx114listiisaiieec1ev|_znst7__cxx114listiisaiieec1ev|.text$_znst7__cxx114listiisaiieec1erks2_|_znst7__cxx114listiisaiieec1erks2_|_zn69cwe672_operation_on_resource_after_expiration_or_release__list_int_42l9badsourceenst7__cxx114listiisaiieee|.text$_znst7__cxx114listiisaiieeaseos2_|_znst7__cxx114listiisaiieeaseos2_|.text$_znst7__cxx114listiisaiieed1ev|_znst7__cxx114listiisaiieed1ev|.text$_znst7__cxx114listiisaiieed1ev|_znst7__cxx114listiisaiieed1ev|.text$_znst14_list_iteratoriiec1ev|_znst14_list_iteratoriiec1ev|_zstlsist11char_traitsiceerst13basic_ostreamict_es5_pkc|.text$_znst7__cxx114listiisaiiee5beginev|_znst7__cxx114listiisaiiee5beginev|.text$_znkst14_list_iteratoriiedeev|_znkst14_list_iteratoriiedeev|.text$_znst7__cxx114listiisaiiee5clearev|_znst7__cxx114listiisaiiee5clearev|_zstlsist11char_traitsiceerst13basic_ostreamict_es5_pkc|.text$_znkst14_list_iteratoriiedeev|_znkst14_list_iteratoriiedeev|_znsolsei|.text$_znst14_list_iteratoriieppei|_znst14_list_iteratoriieppei|.text$_znst7__cxx114listiisaiiee3endev|_znst7__cxx114listiisaiiee3endev|.text$_zstnerkst14_list_iteratoriies2_|_zstnerkst14_list_iteratoriies2_|_znsolsepfrsos_e|.text$_znst7__cxx114listiisaiieed1ev|_znst7__cxx114listiisaiieed1ev|.text$_znst7__cxx114listiisaiieed1ev|_znst7__cxx114listiisaiieed1ev|.text$_znst7__cxx114listiisaiieed1ev|_znst7__cxx114listiisaiieed1ev|_unwind_resume
BIN_6026902,41823,CWE-511,27,1,4,CWE-511@41820|CWE-511@41822|CWE-511@41825|CWE-511@41826,False,,True,,28,58,58,17,_time64
BIN_6038616,35198,CWE-391,25,1,8,CWE-391@35193|CWE-391@35194|CWE-391@35196|CWE-391@35197|CWE-391@35200|CWE-391@35201|CWE-391@35202|CWE-391@35203,False,,False,,21,75,75,21,sqrt|printdoubleline
BIN_6046444,39486,CWE-426,45,1,6,CWE-426@39481|CWE-426@39483|CWE-426@39485|CWE-426@39487|CWE-426@39490|CWE-426@39491,False,,True,,44,336,336,52,wcscpy|printline|exit
BIN_6066650,35181,CWE-390,34,3,2,CWE-390@35177|CWE-390@35178|CWE-391@35184|CWE-391@35185,False,,True,,20,80,80,21,sqrt|printdoubleline
BIN_6069017,41650,CWE-483,9,1,7,CWE-483@41645|CWE-483@41646|CWE-483@41647|CWE-483@41649|CWE-483@41651|CWE-483@41653|CWE-483@41654,False,,True,,22,120,120,35,rand|printline|printline
BIN_6106195,41187,CWE-475,18,2,4,CWE-475@41185|CWE-475@41189|CWE-475@41190|CWE-475@41191,False,,True,,19,323,323,48,wcscpy|memcpy|printwline
BIN_6129989,47242,CWE-688,5,1,6,CWE-688@47240|CWE-688@47241|CWE-688@47243|CWE-688@47244|CWE-688@47245|CWE-688@47247,False,,False,,25,74,74,20,sprintf|printline
BIN_6176767,35145,CWE-390,34,1,10,CWE-390@35140|CWE-390@35141|CWE-390@35142|CWE-390@35143|CWE-390@35144|CWE-390@35146|CWE-390@35147|CWE-390@35148|CWE-390@35149|CWE-390@35150,False,,True,,17,327,327,50,printwline|fgetws|printwline
BIN_6178752,46334,CWE-666,34,1,6,CWE-666@46329|CWE-666@46330|CWE-666@46332|CWE-666@46335|CWE-666@46338|CWE-666@46339,False,,True,,41,761,761,151,strlen|memset|strchr|strchr|printline
BIN_6185400,56028,CWE-843,23,1,4,CWE-843@56025|CWE-843@56029|CWE-843@56030|CWE-843@56033,False,,False,,24,61,61,18,printintline
BIN_6194587,41136,CWE-469,19,2,1,CWE-468@41131|CWE-468@41132|CWE-469@41134,False,,False,,27,120,120,31,strchr|exit|printunsignedline
BIN_6252927,35214,CWE-391,25,1,6,CWE-391@35209|CWE-391@35211|CWE-391@35212|CWE-391@35215|CWE-391@35217|CWE-391@35218,False,,True,,19,62,62,18,strtol|printf
BIN_6262752,28211,CWE-196,11,1,3,CWE-196@28210|CWE-196@28214|CWE-196@28215,False,,True,,17,54,54,19,rand|rand|printintline
BIN_6299331,37896,CWE-404,10,2,3,CWE-404@37891|CWE-404@37893|CWE-404@37894,True,CWE404_Improper_Resource_Shutdown__open_fclose_45_badData|CWE404_Improper_Resource_Shutdown__open_fclose_45_goodB2GData,False,,40,69,69,18,badsink
BIN_6314548,46437,CWE-675,31,1,7,CWE-675@46432|CWE-675@46434|CWE-675@46435|CWE-675@46436|CWE-675@46438|CWE-675@46440|CWE-675@46442,False,,True,,19,99,99,27,fopen|fclose|fclose
BIN_6334090,10892,CWE-123,43,2,2,CWE-123@10890|CWE-123@10894,True,CWE123_Write_What_Where_Condition__connect_socket_43|CWE123_Write_What_Where_Condition__connect_socket_4310entry_goodEv|CWE123_Write_What_Where_Condition__conne,False,,-1,-1,132,32,_zn52cwe123_write_what_where_condition__connect_socket_43l9badsourceer10_badstruct
BIN_6353901,18966,CWE-188,21,2,3,CWE-188@18963|CWE-188@18964|CWE-188@18971,False,,False,,17,78,78,24,printintline|printintline
BIN_6388389,41088,CWE-467,20,1,5,CWE-467@41083|CWE-467@41089|CWE-467@41090|CWE-467@41092|CWE-467@41093,False,,False,,17,99,99,28,globalreturnstrue|malloc|exit|printshortline|free
BIN_6423319,35243,CWE-396,25,1,7,CWE-396@35238|CWE-396@35239|CWE-396@35241|CWE-396@35242|CWE-396@35244|CWE-396@35245|CWE-396@35248,True,CWE396_Catch_Generic_Exception__dotdotdot_08|CWE396_Catch_Generic_Exception__dotdotdot_0810entry_goodEv|CWE396_Catch_Generic_Exception__dotdotdot_089entry_badEv,False,,-1,-1,291,80,_zl17staticreturnstruev|rand|__cxa_allocate_exception|_znst12out_of_rangec1epkc|__cxa_throw|rand|__cxa_allocate_exception|_znst12domain_errorc1epkc|__cxa_throw|printline|__cxa_free_exception|__cxa_free_exception|__cxa_begin_catch|printline|__cxa_end_catch|__cxa_end_catch|_unwind_resume
BIN_6488864,41880,CWE-546,35,2,5,CWE-546@41875|CWE-546@41876|CWE-546@41878|CWE-546@41884|CWE-546@41885,False,,False,,23,40,40,13,printline
BIN_6489896,56042,CWE-843,23,1,4,CWE-843@56038|CWE-843@56040|CWE-843@56041|CWE-843@56044,True,CWE843_Type_Confusion__short_33|CWE843_Type_Confusion__short_3310entry_goodEv|CWE843_Type_Confusion__short_339entry_badEv|CWE843_Type_Confusion__short_33L20entr,False,,-1,-1,69,20,printintline
BIN_6537894,41133,CWE-469,19,1,1,CWE-468@41128|CWE-468@41129|CWE-468@41131|CWE-468@41132|CWE-469@41134,False,,True,,21,111,111,28,strchr|exit|printunsignedline
BIN_6538406,41911,CWE-546,35,1,4,CWE-546@41906|CWE-546@41908|CWE-546@41910|CWE-546@41912,False,,True,,17,31,31,11,printline
BIN_6546251,47180,CWE-681,19,1,6,CWE-681@47176|CWE-681@47179|CWE-681@47181|CWE-681@47182|CWE-681@47184|CWE-681@47185,False,,True,,20,160,160,38,fgets|atof|printline|printfloatline
BIN_6556230,18985,CWE-188,21,1,5,CWE-188@18982|CWE-188@18983|CWE-188@18986|CWE-188@18988|CWE-188@18989,False,,False,,17,55,55,18,printintline
BIN_6651076,42512,CWE-587,7,1,7,CWE-587@42507|CWE-587@42508|CWE-587@42509|CWE-587@42510|CWE-587@42511|CWE-587@42513|CWE-587@42514|CWE-588@42516|CWE-588@42517,False,,True,,17,41,41,14,printhexcharline
BIN_6654817,41803,CWE-511,27,1,6,CWE-511@41798|CWE-511@41800|CWE-511@41804|CWE-511@41805|CWE-511@41806|CWE-511@41807,False,,False,,26,50,50,13,
BIN_6692888,32174,CWE-367,18,1,6,CWE-367@32169|CWE-367@32170|CWE-367@32175|CWE-367@32176|CWE-367@32177|CWE-367@32178,False,,False,,41,375,375,83,globalreturnstrue|fgets|printline|strlen|exit|exit|exit
BIN_6719710,52955,CWE-773,20,1,5,CWE-773@52950|CWE-773@52956|CWE-773@52957|CWE-773@52958|CWE-773@52959,False,,False,,27,151,151,41,
BIN_6723389,41565,CWE-478,6,1,6,CWE-478@41562|CWE-478@41563|CWE-478@41564|CWE-478@41566|CWE-478@41567|CWE-478@41569,False,,True,,17,136,136,42,rand|printline
BIN_6779767,41561,CWE-478,6,1,7,CWE-478@41556|CWE-478@41557|CWE-478@41559|CWE-478@41562|CWE-478@41563|CWE-478@41564|CWE-478@41566,False,,True,,17,135,135,42,rand|printline
BIN_6779999,39457,CWE-426,45,1,3,CWE-426@39458|CWE-426@39459|CWE-426@39460,True,CWE426_Untrusted_Search_Path__wchar_t_popen_41_badSink|CWE426_Untrusted_Search_Path__wchar_t_popen_41_goodG2BSink,False,,56,293,293,41,wcscpy|cwe426_untrusted_search_path__wchar_t_popen_41_badsink
BIN_6809214,46451,CWE-675,31,1,4,CWE-675@46449|CWE-675@46450|CWE-675@46453|CWE-675@46455,True,CWE675_Duplicate_Operations_on_Resource__fopen_33|CWE675_Duplicate_Operations_on_Resource__fopen_3310entry_goodEv|CWE675_Duplicate_Operations_on_Resource__fopen,False,,-1,-1,92,24,fopen|fclose|fclose
BIN_6837665,40973,CWE-459,10,1,6,CWE-459@40968|CWE-459@40971|CWE-459@40972|CWE-459@40975|CWE-459@40976|CWE-459@40977,False,,True,,36,130,130,34,_mkstemp|fdopen|fwrite|fclose
BIN_6862467,42563,CWE-588,22,2,8,CWE-588@42558|CWE-588@42559|CWE-588@42560|CWE-588@42561|CWE-588@42565|CWE-588@42566|CWE-588@42567|CWE-588@42568,False,,False,,18,69,69,19,printstructline
BIN_6885064,39448,CWE-426,45,1,4,CWE-426@39444|CWE-426@39445|CWE-426@39449|CWE-426@39451,False,,False,,42,304,304,51,wcscpy
BIN_6963122,41091,CWE-467,20,1,6,CWE-467@41089|CWE-467@41090|CWE-467@41092|CWE-467@41093|CWE-467@41094|CWE-467@41095|CWE-468@41096,False,,True,,17,104,104,29,malloc|exit|printshortline|free
BIN_6969150,47224,CWE-685,8,1,6,CWE-681@47219|CWE-685@47221|CWE-685@47222|CWE-685@47223|CWE-685@47225|CWE-685@47227|CWE-685@47228,False,,True,,26,71,71,19,sprintf|printline
BIN_7027067,41879,CWE-546,35,1,4,CWE-546@41875|CWE-546@41876|CWE-546@41878|CWE-546@41884,False,,False,,23,39,39,13,printline
BIN_7036157,41860,CWE-546,35,1,6,CWE-526@41855|CWE-526@41856|CWE-546@41858|CWE-546@41859|CWE-546@41861|CWE-546@41862|CWE-546@41863|CWE-546@41864,False,,True,,17,30,30,10,printline
BIN_7115172,430,CWE-135,24,1,7,CWE-135@426|CWE-135@428|CWE-135@429|CWE-135@431|CWE-135@432|CWE-135@433|CWE-135@434,True,CWE121_Stack_Based_Buffer_Overflow__CWE135_33|CWE121_Stack_Based_Buffer_Overflow__CWE135_3310entry_goodEv|CWE121_Stack_Based_Buffer_Overflow__CWE135_339entry_ba,False,,-1,-1,148,39,strlen|___chkstk_ms|wcscpy|printline
BIN_7148649,41200,CWE-475,18,2,4,CWE-475@41197|CWE-475@41198|CWE-475@41203|CWE-475@41204|CWE-476@41205,False,,False,,19,341,341,52,wcscpy|memcpy|printwline
BIN_7168091,35096,CWE-390,34,1,5,CWE-377@35091|CWE-390@35093|CWE-390@35095|CWE-390@35098|CWE-390@35099|CWE-390@35101,True,CWE390_Error_Without_Action__empty_catch_05|CWE390_Error_Without_Action__empty_catch_0510entry_goodEv|CWE390_Error_Without_Action__empty_catch_059entry_badEv|CW,False,,-1,-1,273,80,.text$_znst7__cxx1112basic_stringicst11char_traitsicesaiceec1is3_eepkcrks3_|_znst7__cxx1112basic_stringicst11char_traitsicesaiceec1is3_eepkcrks3_|.text$_znst15__new_allocatoriced2ev|_znst15__new_allocatoriced2ev|rand|rand|.text$_znkst7__cxx1112basic_stringicst11char_traitsicesaicee6substreyy|_znkst7__cxx1112basic_stringicst11char_traitsicesaicee6substreyy|.text$_znkst7__cxx1112basic_stringicst11char_traitsicesaicee5c_strev|_znkst7__cxx1112basic_stringicst11char_traitsicesaicee5c_strev|printline|.text$_znst7__cxx1112basic_stringicst11char_traitsicesaiceed1ev|_znst7__cxx1112basic_stringicst11char_traitsicesaiceed1ev|.text$_znst7__cxx1112basic_stringicst11char_traitsicesaiceed1ev|_znst7__cxx1112basic_stringicst11char_traitsicesaiceed1ev|.text$_znst15__new_allocatoriced2ev|_znst15__new_allocatoriced2ev|.text$_znst7__cxx1112basic_stringicst11char_traitsicesaiceed1ev|_znst7__cxx1112basic_stringicst11char_traitsicesaiceed1ev|.text$_znst7__cxx1112basic_stringicst11char_traitsicesaiceed1ev|_znst7__cxx1112basic_stringicst11char_traitsicesaiceed1ev|_unwind_resume|__cxa_begin_catch|__cxa_end_catch
BIN_7184022,41909,CWE-546,35,1,5,CWE-546@41904|CWE-546@41906|CWE-546@41908|CWE-546@41910|CWE-546@41912,False,,True,,17,31,31,11,printline
BIN_7188829,18973,CWE-188,21,1,4,CWE-188@18971|CWE-188@18972|CWE-188@18975|CWE-188@18976,False,,True,,17,66,66,21,printintline|printintline
BIN_7190407,35289,CWE-396,25,3,3,CWE-396@35284|CWE-396@35285|CWE-396@35286|CWE-397@35291|CWE-397@35293,True,CWE396_Catch_Generic_Exception__exception_and_domain_error_18|CWE396_Catch_Generic_Exception__exception_and_domain_error_1810entry_goodEv|CWE396_Catch_Generic_E,False,,-1,-1,369,103,rand|__cxa_allocate_exception|_znst12out_of_rangec1epkc|__cxa_throw|rand|__cxa_allocate_exception|_znst12domain_errorc1epkc|__cxa_throw|printline|__cxa_free_exception|__cxa_free_exception|_unwind_resume|__cxa_begin_catch|printline|__cxa_end_catch|__cxa_begin_catch|printline|__cxa_end_catch|__cxa_end_catch|_unwind_resume|__cxa_end_catch|_unwind_resume
BIN_7196466,45283,CWE-605,8,1,5,CWE-605@45282|CWE-605@45284|CWE-605@45285|CWE-605@45287|CWE-605@45288,False,,True,,41,846,846,167,strlen|memset|strchr|strchr|printline
BIN_7213401,41883,CWE-546,35,1,6,CWE-546@41878|CWE-546@41884|CWE-546@41885|CWE-546@41886|CWE-546@41887|CWE-546@41888,False,,True,,30,39,39,13,staticreturnstrue|printline
BIN_7216864,41892,CWE-546,35,1,6,CWE-546@41887|CWE-546@41888|CWE-546@41889|CWE-546@41891|CWE-546@41893|CWE-546@41895,False,,False,,17,50,50,16,printline
BIN_7229693,32168,CWE-367,18,1,5,CWE-367@32164|CWE-367@32166|CWE-367@32167|CWE-367@32169|CWE-367@32170,False,,True,,47,376,376,83,fgets|printline|strlen|exit|exit|exit
BIN_7245415,35107,CWE-390,34,1,9,CWE-390@35102|CWE-390@35103|CWE-390@35104|CWE-390@35105|CWE-390@35106|CWE-390@35108|CWE-390@35109|CWE-390@35110|CWE-390@35112,True,CWE390_Error_Without_Action__empty_catch_16|CWE390_Error_Without_Action__empty_catch_1610entry_goodEv|CWE390_Error_Without_Action__empty_catch_169entry_badEv|CW,True,,-1,-1,261,78,.text$_znst7__cxx1112basic_stringicst11char_traitsicesaiceec1is3_eepkcrks3_|_znst7__cxx1112basic_stringicst11char_traitsicesaiceec1is3_eepkcrks3_|.text$_znst15__new_allocatoriced2ev|_znst15__new_allocatoriced2ev|rand|rand|.text$_znkst7__cxx1112basic_stringicst11char_traitsicesaicee6substreyy|_znkst7__cxx1112basic_stringicst11char_traitsicesaicee6substreyy|.text$_znkst7__cxx1112basic_stringicst11char_traitsicesaicee5c_strev|_znkst7__cxx1112basic_stringicst11char_traitsicesaicee5c_strev|printline|.text$_znst7__cxx1112basic_stringicst11char_traitsicesaiceed1ev|_znst7__cxx1112basic_stringicst11char_traitsicesaiceed1ev|.text$_znst7__cxx1112basic_stringicst11char_traitsicesaiceed1ev|_znst7__cxx1112basic_stringicst11char_traitsicesaiceed1ev|.text$_znst15__new_allocatoriced2ev|_znst15__new_allocatoriced2ev|.text$_znst7__cxx1112basic_stringicst11char_traitsicesaiceed1ev|_znst7__cxx1112basic_stringicst11char_traitsicesaiceed1ev|.text$_znst7__cxx1112basic_stringicst11char_traitsicesaiceed1ev|_znst7__cxx1112basic_stringicst11char_traitsicesaiceed1ev|_unwind_resume|__cxa_begin_catch|__cxa_end_catch
BIN_7314339,41012,CWE-464,10,1,5,CWE-464@41007|CWE-464@41009|CWE-464@41010|CWE-464@41011|CWE-464@41017,False,,False,,37,74,74,21,badsource|printline
BIN_7319434,46454,CWE-675,31,1,4,CWE-675@46449|CWE-675@46450|CWE-675@46453|CWE-675@46455,False,,False,,27,51,51,15,badsource|fclose
BIN_7368816,40997,CWE-464,10,1,6,CWE-459@40992|CWE-459@40993|CWE-464@40996|CWE-464@40998|CWE-464@40999|CWE-464@41000|CWE-464@41001|CWE-464@41002,False,,True,,25,103,103,30,getc|atoi|printline
BIN_7411023,52889,CWE-773,20,2,5,CWE-773@52887|CWE-773@52891|CWE-773@52892|CWE-773@52893|CWE-773@52894,False,,True,,24,103,103,26,fopen|fopen|fclose
BIN_7469466,39497,CWE-426,45,1,8,CWE-426@39492|CWE-426@39493|CWE-426@39494|CWE-426@39495|CWE-426@39496|CWE-426@39498|CWE-426@39499|CWE-426@39501,False,,False,,40,317,317,54,wcscpy|printline|exit
BIN_7521206,10887,CWE-123,43,1,4,CWE-123@10882|CWE-123@10883|CWE-123@10886|CWE-123@10890,False,,False,,52,609,609,113,memset
BIN_7534136,41718,CWE-510,17,2,4,CWE-510@41716|CWE-510@41721|CWE-510@41722|CWE-510@41723,False,,True,,44,686,686,142,memset|strcmp|printline
BIN_7573694,32189,CWE-367,18,1,6,CWE-367@32184|CWE-367@32187|CWE-367@32188|CWE-367@32190|CWE-367@32193|CWE-367@32194,False,,False,,47,377,377,83,staticreturnstrue|fgets|printline|strlen|exit|exit|exit
BIN_7629272,41157,CWE-469,19,1,6,CWE-469@41153|CWE-469@41155|CWE-469@41156|CWE-469@41158|CWE-469@41159|CWE-469@41160,False,,False,,26,150,150,37,wcschr|exit|printunsignedline
BIN_7670294,46441,CWE-675,31,1,6,CWE-675@46436|CWE-675@46438|CWE-675@46440|CWE-675@46442|CWE-675@46443|CWE-675@46444,False,,True,,19,101,101,27,fopen|fclose|fclose
BIN_7681509,35236,CWE-396,25,2,3,CWE-391@35232|CWE-391@35234|CWE-391@35235|CWE-396@35238|CWE-396@35239|CWE-396@35241,True,CWE396_Catch_Generic_Exception__dotdotdot_01|CWE396_Catch_Generic_Exception__dotdotdot_0110entry_goodEv|CWE396_Catch_Generic_Exception__dotdotdot_019entry_badEv,True,,-1,-1,273,75,rand|__cxa_allocate_exception|_znst12out_of_rangec1epkc|__cxa_throw|rand|__cxa_allocate_exception|_znst12domain_errorc1epkc|__cxa_throw|printline|__cxa_free_exception|__cxa_free_exception|__cxa_begin_catch|printline|__cxa_end_catch|__cxa_end_catch|_unwind_resume
BIN_7683291,42490,CWE-571,8,1,5,CWE-571@42487|CWE-571@42488|CWE-571@42491|CWE-571@42493|CWE-571@42495,False,,True,,12,39,39,13,printline
BIN_7725321,41813,CWE-511,27,2,4,CWE-511@41810|CWE-511@41811|CWE-511@41815|CWE-511@41816,False,,False,,26,76,76,22,_time64|srand|rand
BIN_7738656,45279,CWE-605,8,2,4,CWE-605@45275|CWE-605@45277|CWE-605@45282|CWE-605@45284,False,,False,,47,843,843,166,strlen|memset|strchr|strchr|printline
BIN_7740182,42575,CWE-588,22,1,6,CWE-588@42572|CWE-588@42574|CWE-588@42576|CWE-588@42577|CWE-588@42578|CWE-588@42579,True,CWE588_Attempt_to_Access_Child_of_Non_Structure_Pointer__struct_33|CWE588_Attempt_to_Access_Child_of_Non_Structure_Pointer__struct_3310entry_goodEv|CWE588_Attem,False,,-1,-1,75,20,printstructline
BIN_7748439,41583,CWE-479,10,1,5,CWE-479@41579|CWE-479@41580|CWE-479@41582|CWE-479@41587|CWE-479@41588,False,,False,,43,49,49,15,signal
BIN_7775257,53032,CWE-775,26,2,3,CWE-775@53034|CWE-775@53035|CWE-775@53037,False,,True,,27,55,55,15,
BIN_7807818,41632,CWE-482,8,2,6,CWE-482@41627|CWE-482@41628|CWE-482@41629|CWE-482@41630|CWE-482@41634|CWE-482@41636,False,,True,,30,51,51,17,staticreturnstrue|printintline|printintline
BIN_7810393,42478,CWE-570,6,1,5,CWE-570@42473|CWE-570@42475|CWE-570@42476|CWE-570@42477|CWE-570@42480|CWE-571@42481,False,,True,,10,7,7,5,
BIN_7833732,35190,CWE-391,25,2,5,CWE-391@35185|CWE-391@35187|CWE-391@35188|CWE-391@35193|CWE-391@35194,False,,False,,21,68,68,19,sqrt|printdoubleline
BIN_7841663,56022,CWE-843,23,3,1,CWE-843@56025,False,,False,,18,50,50,15,printintline
BIN_7872137,35216,CWE-391,25,1,5,CWE-391@35211|CWE-391@35212|CWE-391@35215|CWE-391@35217|CWE-391@35218,False,,False,,19,81,81,23,strtol|printf
BIN_7885761,35127,CWE-390,34,1,6,CWE-390@35122|CWE-390@35124|CWE-390@35125|CWE-390@35128|CWE-390@35129|CWE-390@35131,False,,True,,17,197,197,38,printline|fgets|printline
BIN_7893026,45280,CWE-605,8,2,5,CWE-605@45275|CWE-605@45277|CWE-605@45282|CWE-605@45284|CWE-605@45285,False,,False,,46,843,843,166,strlen|memset|strchr|strchr|printline
BIN_7929901,35297,CWE-397,10,1,4,CWE-397@35293|CWE-397@35298|CWE-397@35300|CWE-397@35301,True,CWE397_Throw_Generic_Exception__throw_exception_07|CWE397_Throw_Generic_Exception__throw_exception_0710entry_goodEv|CWE397_Throw_Generic_Exception__throw_except,False,,-1,-1,79,23,__cxa_allocate_exception|.text$_znst9exceptionc1ev|_znst9exceptionc1ev|__cxa_throw
BIN_7951366,41053,CWE-467,20,1,8,CWE-467@41048|CWE-467@41049|CWE-467@41050|CWE-467@41051|CWE-467@41052|CWE-467@41055|CWE-467@41056|CWE-467@41057,False,,False,,17,176,176,47,globalreturnstrueorfalse|malloc|exit|printhexcharline|free|malloc|exit|printhexcharline|free
BIN_7953823,35191,CWE-391,25,2,5,CWE-391@35187|CWE-391@35188|CWE-391@35193|CWE-391@35194|CWE-391@35196,False,,False,,21,68,68,19,sqrt|printdoubleline
BIN_8001058,41192,CWE-475,18,1,4,CWE-475@41189|CWE-475@41190|CWE-475@41191|CWE-475@41197,False,,True,,24,337,337,51,wcscpy|memcpy|printwline
BIN_8003776,41152,CWE-469,19,1,7,CWE-469@41148|CWE-469@41149|CWE-469@41150|CWE-469@41151|CWE-469@41153|CWE-469@41155|CWE-469@41156,False,,True,,21,139,139,34,wcschr|exit|printunsignedline
BIN_8018007,10986,CWE-123,43,2,1,CWE-123@10988,True,CWE123_Write_What_Where_Condition__listen_socket_41_badSink|CWE123_Write_What_Where_Condition__listen_socket_41_goodG2BSink,False,,74,579,579,114,memset|cwe123_write_what_where_condition__listen_socket_41_badsink
BIN_8065392,46277,CWE-666,34,1,7,CWE-666@46272|CWE-666@46273|CWE-666@46275|CWE-666@46278|CWE-666@46279|CWE-666@46280|CWE-666@46282,False,,False,,46,758,758,150,strlen|memset|strchr|strchr|printline
BIN_8083459,41680,CWE-484,7,1,3,CWE-484@41675|CWE-484@41677|CWE-484@41679,False,,True,,17,152,152,47,rand|printline|printline|printline|printline
BIN_8101312,41848,CWE-526,9,1,4,CWE-526@41843|CWE-526@41845|CWE-526@41849|CWE-526@41851,False,,True,,17,51,51,16,getenv|printline
BIN_8104174,18980,CWE-188,21,2,4,CWE-188@18975|CWE-188@18976|CWE-188@18982|CWE-188@18983,False,,False,,23,52,52,17,printintline
BIN_8121075,46486,CWE-675,31,1,8,CWE-675@46481|CWE-675@46482|CWE-675@46483|CWE-675@46484|CWE-675@46485|CWE-675@46487|CWE-675@46490|CWE-675@46491,False,,True,,19,119,119,32,freopen|fclose|fclose
BIN_8177401,53052,CWE-775,26,1,6,CWE-775@53047|CWE-775@53050|CWE-775@53051|CWE-775@53053|CWE-775@53056|CWE-775@53057,True,CWE775_Missing_Release_of_File_Descriptor_or_Handle__open_no_close_33|CWE775_Missing_Release_of_File_Descriptor_or_Handle__open_no_close_3310entry_goodEv|CWE775,False,,-1,-1,72,20,
BIN_8257144,47216,CWE-681,19,1,4,CWE-681@47212|CWE-681@47213|CWE-681@47217|CWE-681@47219|CWE-685@47221,False,,False,,20,163,163,39,fgets|atof|printline|sqrt|printintline
BIN_8264385,41195,CWE-475,18,2,4,CWE-475@41190|CWE-475@41191|CWE-475@41197|CWE-475@41198,False,,False,,19,340,340,52,wcscpy|memcpy|printwline
BIN_8335388,41924,CWE-546,35,1,6,CWE-546@41920|CWE-546@41921|CWE-546@41922|CWE-546@41925|CWE-546@41927|CWE-546@41929,False,,True,,17,44,44,14,printline
BIN_8360225,39345,CWE-426,45,1,8,CWE-426@39340|CWE-426@39341|CWE-426@39343|CWE-426@39344|CWE-426@39346|CWE-426@39347|CWE-426@39349|CWE-426@39350,False,,True,,42,226,226,43,
BIN_8380062,42489,CWE-571,8,1,5,CWE-571@42484|CWE-571@42487|CWE-571@42488|CWE-571@42491|CWE-571@42493,False,,True,,12,40,40,13,printline
BIN_8386441,41081,CWE-467,20,1,6,CWE-467@41076|CWE-467@41077|CWE-467@41079|CWE-467@41080|CWE-467@41082|CWE-467@41083,False,,False,,23,99,99,28,malloc|exit|printshortline|free
BIN_8392336,18965,CWE-188,21,1,3,CWE-188@18960|CWE-188@18963|CWE-188@18964,False,,False,,30,74,74,23,staticreturnstrue|printintline|printintline
BIN_8402384,53055,CWE-775,26,1,6,CWE-775@53050|CWE-775@53051|CWE-775@53053|CWE-775@53056|CWE-775@53057|CWE-775@53058,False,,False,,34,35,35,12,badsource
BIN_8493205,31014,CWE-242,8,1,5,CWE-242@31013|CWE-242@31015|CWE-242@31016|CWE-242@31017|CWE-242@31019,False,,True,,19,79,79,22,gets|printline|exit|printline
BIN_8513724,41611,CWE-481,8,1,5,CWE-481@41607|CWE-481@41608|CWE-481@41610|CWE-481@41612|CWE-481@41613,False,,True,,23,55,55,16,rand|printline
BIN_8519045,47252,CWE-688,5,1,8,CWE-688@47247|CWE-688@47248|CWE-688@47249|CWE-688@47250|CWE-688@47251|CWE-688@47253|CWE-688@47255|CWE-688@47256|CWE-690@47257,False,,True,,19,79,79,21,sprintf|printline
BIN_8576658,56024,CWE-843,23,1,2,CWE-843@56025|CWE-843@56029,False,,False,,18,50,50,15,printintline
BIN_8585579,46427,CWE-674,1,1,1,CWE-674@46428|CWE-675@46429|CWE-675@46430|CWE-675@46432,False,,False,,16,20,20,8,helperbad
BIN_8586102,35225,CWE-391,25,2,4,CWE-391@35223|CWE-391@35228|CWE-391@35229|CWE-391@35230,False,,True,,32,94,94,24,staticreturnstrue|wcstombs|printunsignedline|printline
BIN_8705444,28212,CWE-196,11,2,4,CWE-196@28210|CWE-196@28214|CWE-196@28215|CWE-196@28217,False,,True,,17,54,54,19,rand|rand|printintline
BIN_8759788,46445,CWE-675,31,1,6,CWE-675@46440|CWE-675@46442|CWE-675@46443|CWE-675@46444|CWE-675@46449|CWE-675@46450,False,,False,,19,112,112,30,fopen|fclose|fclose
BIN_8765002,35259,CWE-396,25,1,4,CWE-396@35258|CWE-396@35262|CWE-396@35263|CWE-396@35264,True,CWE396_Catch_Generic_Exception__exception_06|CWE396_Catch_Generic_Exception__exception_0610entry_goodEv|CWE396_Catch_Generic_Exception__exception_069entry_badEv,False,,-1,-1,305,86,rand|__cxa_allocate_exception|_znst12out_of_rangec1epkc|__cxa_throw|rand|__cxa_allocate_exception|_znst12domain_errorc1epkc|__cxa_throw|printline|__cxa_free_exception|__cxa_free_exception|_unwind_resume|__cxa_begin_catch|printline|__cxa_end_catch|__cxa_end_catch|_unwind_resume
BIN_8794072,46309,CWE-666,34,1,6,CWE-666@46304|CWE-666@46306|CWE-666@46307|CWE-666@46308|CWE-666@46310|CWE-666@46312,False,,True,,41,744,744,147,strlen|memset|strchr|strchr|printline
BIN_8795894,35094,CWE-390,34,1,4,CWE-377@35091|CWE-390@35093|CWE-390@35095|CWE-390@35098|CWE-390@35099,True,CWE390_Error_Without_Action__empty_catch_03|CWE390_Error_Without_Action__empty_catch_0310entry_goodEv|CWE390_Error_Without_Action__empty_catch_039entry_badEv|CW,True,,-1,-1,259,77,.text$_znst7__cxx1112basic_stringicst11char_traitsicesaiceec1is3_eepkcrks3_|_znst7__cxx1112basic_stringicst11char_traitsicesaiceec1is3_eepkcrks3_|.text$_znst15__new_allocatoriced2ev|_znst15__new_allocatoriced2ev|rand|rand|.text$_znkst7__cxx1112basic_stringicst11char_traitsicesaicee6substreyy|_znkst7__cxx1112basic_stringicst11char_traitsicesaicee6substreyy|.text$_znkst7__cxx1112basic_stringicst11char_traitsicesaicee5c_strev|_znkst7__cxx1112basic_stringicst11char_traitsicesaicee5c_strev|printline|.text$_znst7__cxx1112basic_stringicst11char_traitsicesaiceed1ev|_znst7__cxx1112basic_stringicst11char_traitsicesaiceed1ev|.text$_znst7__cxx1112basic_stringicst11char_traitsicesaiceed1ev|_znst7__cxx1112basic_stringicst11char_traitsicesaiceed1ev|.text$_znst15__new_allocatoriced2ev|_znst15__new_allocatoriced2ev|.text$_znst7__cxx1112basic_stringicst11char_traitsicesaiceed1ev|_znst7__cxx1112basic_stringicst11char_traitsicesaiceed1ev|.text$_znst7__cxx1112basic_stringicst11char_traitsicesaiceed1ev|_znst7__cxx1112basic_stringicst11char_traitsicesaiceed1ev|_unwind_resume|__cxa_begin_catch|__cxa_end_catch
BIN_8802538,47202,CWE-681,19,1,8,CWE-681@47197|CWE-681@47198|CWE-681@47199|CWE-681@47200|CWE-681@47203|CWE-681@47204|CWE-681@47205|CWE-681@47206,False,,True,,19,141,141,34,fgets|atof|printline|printintline
BIN_8871093,46447,CWE-675,31,2,5,CWE-675@46442|CWE-675@46443|CWE-675@46444|CWE-675@46449|CWE-675@46450,False,,False,,31,83,83,20,fopen|fclose|badsink
BIN_8875385,35183,CWE-391,25,1,4,CWE-390@35178|CWE-391@35184|CWE-391@35185|CWE-391@35187|CWE-391@35188,False,,True,,21,55,55,15,sqrt|printdoubleline
BIN_8992188,46350,CWE-666,34,1,8,CWE-666@46346|CWE-666@46348|CWE-666@46349|CWE-666@46351|CWE-666@46352|CWE-666@46353|CWE-666@46354|CWE-666@46355,False,,False,,46,759,759,150,strlen|memset|strchr|strchr|printline
BIN_8993957,55981,CWE-835,2,1,4,CWE-835@55976|CWE-835@55978|CWE-835@55979|CWE-835@55980|CWE-843@55982|CWE-843@55984|CWE-843@55985,False,,True,,10,31,31,9,printintline
BIN_9019114,41942,CWE-546,35,1,8,CWE-546@41937|CWE-546@41938|CWE-546@41939|CWE-546@41940|CWE-546@41943|CWE-546@41944|CWE-546@41945|CWE-546@41947,False,,True,,17,44,44,14,printline
BIN_9034480,46327,CWE-666,34,1,8,CWE-666@46322|CWE-666@46323|CWE-666@46324|CWE-666@46326|CWE-666@46328|CWE-666@46329|CWE-666@46330|CWE-666@46332,False,,True,,41,744,744,147,strlen|memset|strchr|strchr|printline
BIN_9092462,41917,CWE-546,35,1,5,CWE-546@41912|CWE-546@41918|CWE-546@41920|CWE-546@41921|CWE-546@41922,False,,False,,22,40,40,13,printline
BIN_9158114,47201,CWE-681,19,1,9,CWE-681@47196|CWE-681@47197|CWE-681@47198|CWE-681@47199|CWE-681@47200|CWE-681@47203|CWE-681@47204|CWE-681@47205|CWE-681@47206,False,,False,,19,173,173,39,fgets|atof|printline|printintline
BIN_9163200,35280,CWE-396,25,2,7,CWE-396@35275|CWE-396@35276|CWE-396@35278|CWE-396@35282|CWE-396@35283|CWE-396@35284|CWE-396@35285,True,CWE396_Catch_Generic_Exception__exception_and_domain_error_09|CWE396_Catch_Generic_Exception__exception_and_domain_error_0910entry_goodEv|CWE396_Catch_Generic_E,False,,-1,-1,384,105,rand|__cxa_allocate_exception|_znst12out_of_rangec1epkc|__cxa_throw|rand|__cxa_allocate_exception|_znst12domain_errorc1epkc|__cxa_throw|printline|__cxa_free_exception|__cxa_free_exception|_unwind_resume|__cxa_begin_catch|printline|__cxa_end_catch|__cxa_begin_catch|printline|__cxa_end_catch|__cxa_end_catch|_unwind_resume|__cxa_end_catch|_unwind_resume
BIN_9187342,46337,CWE-666,34,1,6,CWE-666@46332|CWE-666@46335|CWE-666@46338|CWE-666@46339|CWE-666@46341|CWE-666@46342,False,,False,,41,1480,1480,291,globalreturnstrueorfalse|strlen|memset|strchr|strchr|printline|strlen|memset|strchr|strchr|printline
BIN_9201957,32195,CWE-367,18,1,5,CWE-367@32190|CWE-367@32193|CWE-367@32194|CWE-367@32196|CWE-367@32197,False,,True,,34,382,382,84,fgets|printline|strlen|exit|exit|exit
BIN_9234803,41098,CWE-468,13,1,6,CWE-467@41093|CWE-467@41094|CWE-467@41095|CWE-468@41096|CWE-468@41097|CWE-468@41099|CWE-468@41100|CWE-468@41102|CWE-468@41103,False,,True,,17,85,85,22,printintline
BIN_9243163,41110,CWE-468,13,1,6,CWE-468@41105|CWE-468@41107|CWE-468@41109|CWE-468@41113|CWE-468@41114|CWE-468@41115,False,,True,,17,86,86,23,printintline
BIN_9258409,41111,CWE-468,13,2,5,CWE-468@41107|CWE-468@41109|CWE-468@41113|CWE-468@41114|CWE-468@41115,False,,True,,17,86,86,23,printintline
BIN_9276300,7864,CWE-135,24,1,4,CWE-135@7862|CWE-135@7863|CWE-135@7865|CWE-135@7867,False,,True,,27,216,216,55,malloc|exit|wmemset|strlen|calloc|exit|wcscpy|printline|free
BIN_9324293,10935,CWE-123,43,1,3,CWE-123@10932|CWE-123@10936|CWE-123@10937,False,,False,,31,260,260,64,fgets|printline|exit
BIN_9438337,28223,CWE-196,11,3,3,CWE-196@28219|CWE-196@28220|CWE-196@28226|CWE-197@28228,False,,False,,17,68,68,23,rand|rand|printintline
BIN_9493426,46299,CWE-666,34,1,8,CWE-666@46294|CWE-666@46295|CWE-666@46298|CWE-666@46300|CWE-666@46301|CWE-666@46302|CWE-666@46303|CWE-666@46304,False,,True,,41,761,761,151,strlen|memset|strchr|strchr|printline
BIN_9557850,10934,CWE-123,43,2,3,CWE-123@10932|CWE-123@10936|CWE-123@10937,False,,False,,31,219,219,53,fgets|printline|exit
BIN_9571609,41846,CWE-526,9,1,6,CWE-526@41841|CWE-526@41842|CWE-526@41843|CWE-526@41845|CWE-526@41849|CWE-526@41851,False,,False,,22,49,49,15,getenv|printline
BIN_9577318,41673,CWE-484,7,1,8,CWE-484@41668|CWE-484@41669|CWE-484@41670|CWE-484@41671|CWE-484@41672|CWE-484@41674|CWE-484@41675|CWE-484@41677,False,,True,,17,164,164,49,globalreturnstrue|rand|printline|printline|printline|printline
BIN_9591884,39441,CWE-426,45,1,7,CWE-426@39436|CWE-426@39438|CWE-426@39439|CWE-426@39440|CWE-426@39442|CWE-426@39444|CWE-426@39445,False,,True,,42,316,316,54,wcscpy
BIN_9594684,35250,CWE-396,25,1,4,CWE-396@35245|CWE-396@35248|CWE-396@35249|CWE-396@35253,True,CWE396_Catch_Generic_Exception__dotdotdot_15|CWE396_Catch_Generic_Exception__dotdotdot_1510entry_goodEv|CWE396_Catch_Generic_Exception__dotdotdot_159entry_badEv,True,,-1,-1,274,76,rand|__cxa_allocate_exception|_znst12out_of_rangec1epkc|__cxa_throw|rand|__cxa_allocate_exception|_znst12domain_errorc1epkc|__cxa_throw|printline|__cxa_free_exception|__cxa_free_exception|__cxa_begin_catch|printline|__cxa_end_catch|__cxa_end_catch|_unwind_resume
BIN_9604608,46586,CWE-676,9,1,7,CWE-676@46581|CWE-676@46582|CWE-676@46584|CWE-676@46585|CWE-676@46587|CWE-676@46588|CWE-676@46590|CWE-680@46591,True,CWE676_Use_of_Potentially_Dangerous_Function__basic_14|CWE676_Use_of_Potentially_Dangerous_Function__basic_1410entry_goodEv|CWE676_Use_of_Potentially_Dangerous_,True,,-1,-1,64,19,.text$_zstrsicst11char_traitsiceerst13basic_istreamit_t0_es6_ps3_|_zstrsicst11char_traitsiceerst13basic_istreamit_t0_es6_ps3_|printline
BIN_9623642,41794,CWE-511,27,1,5,CWE-511@41789|CWE-511@41790|CWE-511@41791|CWE-511@41795|CWE-511@41798,False,,True,,26,69,69,20,
BIN_9628835,41652,CWE-483,9,1,6,CWE-483@41647|CWE-483@41649|CWE-483@41651|CWE-483@41653|CWE-483@41654|CWE-483@41656,False,,False,,30,119,119,35,staticreturnstrue|rand|printline|printline
BIN_9636222,41809,CWE-511,27,1,6,CWE-511@41804|CWE-511@41805|CWE-511@41806|CWE-511@41807|CWE-511@41810|CWE-511@41811,False,,False,,31,73,73,21,_time64|srand|rand
BIN_9646512,46331,CWE-666,34,1,6,CWE-666@46326|CWE-666@46328|CWE-666@46329|CWE-666@46330|CWE-666@46332|CWE-666@46335,False,,True,,46,758,758,150,strlen|memset|strchr|strchr|printline
BIN_9708154,42501,CWE-587,7,1,4,CWE-571@42496|CWE-587@42498|CWE-587@42500|CWE-587@42502|CWE-587@42506,False,,True,,23,50,50,16,printhexcharline
BIN_9710190,46281,CWE-666,34,1,6,CWE-666@46278|CWE-666@46279|CWE-666@46280|CWE-666@46282|CWE-666@46283|CWE-666@46284,False,,True,,41,761,761,151,strlen|memset|strchr|strchr|printline
BIN_9712097,414,CWE-135,24,1,6,CWE-135@409|CWE-135@411|CWE-135@412|CWE-135@415|CWE-135@416|CWE-135@417,False,,False,,29,151,151,40,strlen|___chkstk_ms|wcscpy|printline
BIN_9741499,47230,CWE-685,8,1,6,CWE-685@47225|CWE-685@47227|CWE-685@47228|CWE-685@47231|CWE-685@47232|CWE-685@47235,False,,False,,20,75,75,20,sprintf|printline
BIN_9772090,35220,CWE-391,25,2,4,CWE-391@35215|CWE-391@35217|CWE-391@35218|CWE-391@35223,False,,True,,19,85,85,21,wcstombs|printunsignedline|printline
BIN_9832510,56032,CWE-843,23,1,5,CWE-843@56029|CWE-843@56030|CWE-843@56033|CWE-843@56034|CWE-843@56036,False,,True,,18,59,59,18,globalreturnstrue|printintline
BIN_9837273,7860,CWE-135,24,2,3,CWE-135@7862|CWE-135@7863|CWE-135@7865,False,,True,,21,196,196,49,malloc|exit|wmemset|strlen|calloc|exit|wcscpy|printline|free
BIN_9867457,46456,CWE-675,31,1,2,CWE-675@46453|CWE-675@46455,False,,False,,25,85,85,22,fopen|fclose
BIN_9887603,41814,CWE-511,27,1,4,CWE-511@41810|CWE-511@41811|CWE-511@41815|CWE-511@41816,False,,True,,26,72,72,21,globalreturnstrue|_time64|srand|rand
BIN_9942078,52960,CWE-773,20,1,4,CWE-773@52956|CWE-773@52957|CWE-773@52958|CWE-773@52959,True,CWE773_Missing_Reference_to_Active_File_Descriptor_or_Handle__open_43|CWE773_Missing_Reference_to_Active_File_Descriptor_or_Handle__open_4310entry_goodEv|CWE773,False,,-1,-1,89,25,_zn69cwe773_missing_reference_to_active_file_descriptor_or_handle__open_43l9badsourceeri
BIN_9987028,35097,CWE-390,34,1,6,CWE-390@35093|CWE-390@35095|CWE-390@35098|CWE-390@35099|CWE-390@35101|CWE-390@35102,True,CWE390_Error_Without_Action__empty_catch_06|CWE390_Error_Without_Action__empty_catch_0610entry_goodEv|CWE390_Error_Without_Action__empty_catch_069entry_badEv|CW,True,,-1,-1,259,77,.text$_znst7__cxx1112basic_stringicst11char_traitsicesaiceec1is3_eepkcrks3_|_znst7__cxx1112basic_stringicst11char_traitsicesaiceec1is3_eepkcrks3_|.text$_znst15__new_allocatoriced2ev|_znst15__new_allocatoriced2ev|rand|rand|.text$_znkst7__cxx1112basic_stringicst11char_traitsicesaicee6substreyy|_znkst7__cxx1112basic_stringicst11char_traitsicesaicee6substreyy|.text$_znkst7__cxx1112basic_stringicst11char_traitsicesaicee5c_strev|_znkst7__cxx1112basic_stringicst11char_traitsicesaicee5c_strev|printline|.text$_znst7__cxx1112basic_stringicst11char_traitsicesaiceed1ev|_znst7__cxx1112basic_stringicst11char_traitsicesaiceed1ev|.text$_znst7__cxx1112basic_stringicst11char_traitsicesaiceed1ev|_znst7__cxx1112basic_stringicst11char_traitsicesaiceed1ev|.text$_znst15__new_allocatoriced2ev|_znst15__new_allocatoriced2ev|.text$_znst7__cxx1112basic_stringicst11char_traitsicesaiceed1ev|_znst7__cxx1112basic_stringicst11char_traitsicesaiceed1ev|.text$_znst7__cxx1112basic_stringicst11char_traitsicesaiceed1ev|_znst7__cxx1112basic_stringicst11char_traitsicesaiceed1ev|_unwind_resume|__cxa_begin_catch|__cxa_end_catch
BIN_9988788,42483,CWE-571,8,1,4,CWE-570@42480|CWE-571@42481|CWE-571@42484|CWE-571@42487|CWE-571@42488,False,,True,,10,44,44,14,printline
