binary_id,kind,embedded_label,submission_label,diff
BIN_1000102,wrapper,1,1,False
BIN_1001269,wrapper,1,1,False
BIN_1003036,wrapper,1,1,False
BIN_1005429,wrapper,0,0,False
BIN_1005734,wrapper,0,0,False
BIN_1006630,wrapper,1,1,False
BIN_1006899,injected,1,1,False
BIN_1007105,wrapper,1,1,False
BIN_1008650,injected,0,0,False
BIN_1009217,wrapper,1,1,False
BIN_1011294,injected,1,1,False
BIN_1011823,injected,1,1,False
BIN_1011831,wrapper,0,0,False
BIN_1012577,wrapper,0,0,False
BIN_1012696,wrapper,0,0,False
BIN_1012998,wrapper,0,0,False
BIN_1013312,wrapper,0,0,False
BIN_1014718,injected,1,1,False
BIN_1015723,injected,1,1,False
BIN_1016165,wrapper,0,0,False
BIN_1016654,wrapper,0,0,False
BIN_1016785,injected,0,0,False
BIN_1016836,injected,0,0,False
BIN_1017409,wrapper,0,0,False
BIN_1018063,wrapper,0,0,False
BIN_1018182,injected,1,1,False
BIN_1019389,injected,1,1,False
BIN_1019417,wrapper,0,0,False
BIN_1019511,wrapper,0,0,False
BIN_1019610,wrapper,0,0,False
BIN_1020865,wrapper,1,1,False
BIN_1021164,wrapper,1,1,False
BIN_1022516,wrapper,0,0,False
BIN_1022986,wrapper,0,0,False
BIN_1023895,injected,1,1,False
BIN_1024017,wrapper,0,0,False
BIN_1024189,wrapper,1,1,False
BIN_1025217,injected,0,0,False
BIN_1026686,wrapper,1,1,False
BIN_1027553,wrapper,0,0,False
BIN_1027831,wrapper,1,1,False
BIN_1027931,injected,1,1,False
BIN_1028142,injected,0,0,False
BIN_1028430,injected,1,1,False
BIN_1028789,wrapper,1,1,False
BIN_1029020,injected,0,0,False
BIN_1029330,wrapper,1,1,False
BIN_1030556,injected,1,1,False
BIN_1031141,wrapper,0,0,False
BIN_1031472,wrapper,1,1,False
BIN_1031876,wrapper,1,1,False
BIN_1032012,wrapper,0,0,False
BIN_1034291,wrapper,0,0,False
BIN_1034916,wrapper,1,1,False
BIN_1035625,wrapper,1,1,False
BIN_1036474,wrapper,0,0,False
BIN_1036634,injected,0,0,False
BIN_1036636,wrapper,0,0,False
BIN_1036896,injected,1,1,False
BIN_1036975,injected,1,1,False
BIN_1037216,wrapper,1,1,False
BIN_1038078,injected,1,1,False
BIN_1038175,wrapper,0,0,False
BIN_1038778,wrapper,0,0,False
BIN_1039973,injected,0,0,False
BIN_1041065,wrapper,1,1,False
BIN_1041088,injected,1,1,False
BIN_1042775,wrapper,1,1,False
BIN_1042834,injected,0,0,False
BIN_1043151,wrapper,0,0,False
BIN_1043309,injected,1,1,False
BIN_1043348,wrapper,1,1,False
BIN_1044251,injected,1,1,False
BIN_1045686,wrapper,0,0,False
BIN_1045974,wrapper,0,0,False
BIN_1046795,wrapper,1,1,False
BIN_1046849,injected,0,0,False
BIN_1047207,wrapper,0,0,False
BIN_1048036,injected,0,0,False
BIN_1049149,injected,1,1,False
BIN_1050911,injected,0,0,False
BIN_1051226,wrapper,0,0,False
BIN_1051233,wrapper,0,0,False
BIN_1051258,wrapper,1,1,False
BIN_1052196,wrapper,1,1,False
BIN_1052467,injected,1,1,False
BIN_1053289,wrapper,0,0,False
BIN_1053585,wrapper,0,0,False
BIN_1053612,wrapper,0,0,False
BIN_1053756,injected,0,0,False
BIN_1054194,injected,1,1,False
BIN_1054379,wrapper,1,1,False
BIN_1054623,wrapper,0,0,False
BIN_1055206,injected,1,1,False
BIN_1056899,injected,1,1,False
BIN_1056970,injected,1,1,False
BIN_1057020,wrapper,0,0,False
BIN_1057451,injected,1,1,False
BIN_1058226,wrapper,0,0,False
BIN_1058354,injected,0,0,False
BIN_1059128,wrapper,0,0,False
BIN_1059872,injected,0,0,False
BIN_1062149,wrapper,0,0,False
BIN_1062334,wrapper,0,0,False
BIN_1063034,wrapper,0,0,False
BIN_1064481,wrapper,0,0,False
BIN_1065634,injected,1,1,False
BIN_1065648,injected,1,1,False
BIN_1066506,wrapper,1,1,False
BIN_1066823,wrapper,0,0,False
BIN_1067136,wrapper,1,1,False
BIN_1068034,injected,0,0,False
BIN_1068651,wrapper,1,1,False
BIN_1069689,injected,1,1,False
BIN_1069973,wrapper,0,0,False
BIN_1070083,injected,1,1,False
BIN_1070445,wrapper,1,1,False
BIN_1070685,wrapper,0,0,False
BIN_1071051,injected,1,1,False
BIN_1071601,wrapper,1,1,False
BIN_1071906,injected,0,0,False
BIN_1073520,injected,1,1,False
BIN_1074512,wrapper,0,0,False
BIN_1075573,injected,1,1,False
BIN_1076324,wrapper,0,0,False
BIN_1076338,wrapper,1,1,False
BIN_1076448,injected,1,1,False
BIN_1077003,wrapper,1,1,False
BIN_1077023,wrapper,1,1,False
BIN_1078178,injected,1,1,False
BIN_1078223,wrapper,0,0,False
BIN_1078728,injected,0,0,False
BIN_1079242,wrapper,0,0,False
BIN_1079492,wrapper,1,1,False
BIN_1080980,wrapper,1,1,False
BIN_1081147,wrapper,0,0,False
BIN_1082177,wrapper,1,1,False
BIN_1082308,injected,0,0,False
BIN_1084248,wrapper,0,0,False
BIN_1084823,injected,0,0,False
BIN_1086222,wrapper,0,0,False
BIN_1086270,injected,1,1,False
BIN_1087507,wrapper,0,0,False
BIN_1087917,wrapper,1,1,False
BIN_1088073,wrapper,0,0,False
BIN_1088464,wrapper,0,0,False
BIN_1090424,wrapper,0,0,False
BIN_1092505,wrapper,0,0,False
BIN_1093652,injected,1,1,False
BIN_1093805,wrapper,1,1,False
BIN_1094186,wrapper,0,0,False
BIN_1094249,wrapper,1,1,False
BIN_1094428,wrapper,0,0,False
BIN_1094598,wrapper,1,1,False
BIN_1094747,wrapper,0,0,False
BIN_1094848,wrapper,1,1,False
BIN_1094967,wrapper,1,1,False
BIN_1095850,wrapper,1,1,False
BIN_1097507,wrapper,1,1,False
BIN_1097966,wrapper,0,0,False
BIN_1098375,wrapper,1,1,False
BIN_1098561,wrapper,1,1,False
BIN_1098633,wrapper,1,1,False
BIN_1098653,wrapper,0,0,False
BIN_1099174,wrapper,0,0,False
BIN_1100040,wrapper,1,1,False
BIN_1100973,wrapper,1,1,False
BIN_1102357,wrapper,0,0,False
BIN_1103083,wrapper,1,1,False
BIN_1103149,wrapper,0,0,False
BIN_1103242,wrapper,1,1,False
BIN_1103265,injected,1,1,False
BIN_1103367,wrapper,0,0,False
BIN_1104986,wrapper,0,0,False
BIN_1105298,injected,1,1,False
BIN_1105346,wrapper,0,0,False
BIN_1105442,wrapper,1,1,False
BIN_1105650,injected,1,1,False
BIN_1105951,wrapper,1,1,False
BIN_1106609,wrapper,0,0,False
BIN_1106795,wrapper,1,1,False
BIN_1106965,injected,1,1,False
BIN_1107853,injected,0,0,False
BIN_1108393,wrapper,1,1,False
BIN_1108457,wrapper,1,1,False
BIN_1108480,wrapper,1,1,False
BIN_1109819,injected,1,1,False
BIN_1110303,wrapper,0,0,False
BIN_1110344,wrapper,0,0,False
BIN_1110912,wrapper,0,0,False
BIN_1111592,wrapper,1,1,False
BIN_1113220,wrapper,1,1,False
BIN_1113393,wrapper,1,1,False
BIN_1114206,wrapper,0,0,False
BIN_1114431,wrapper,1,1,False
BIN_1115713,injected,1,1,False
BIN_1116252,injected,1,1,False
BIN_1116613,wrapper,0,0,False
BIN_1119334,injected,1,1,False
BIN_1119680,wrapper,0,0,False
BIN_1119943,injected,1,1,False
BIN_1120854,wrapper,0,0,False
BIN_1120936,wrapper,0,0,False
BIN_1121358,wrapper,0,0,False
BIN_1122859,injected,1,1,False
BIN_1123000,wrapper,1,1,False
BIN_1124071,wrapper,1,1,False
BIN_1124498,injected,0,0,False
BIN_1124521,wrapper,0,0,False
BIN_1125085,injected,0,0,False
BIN_1125206,wrapper,0,0,False
BIN_1125275,wrapper,1,1,False
BIN_1125390,wrapper,1,1,False
BIN_1125447,wrapper,1,1,False
BIN_1125745,wrapper,0,0,False
BIN_1126357,wrapper,0,0,False
BIN_1127912,injected,1,1,False
BIN_1128289,wrapper,0,0,False
BIN_1128568,injected,1,1,False
BIN_1128611,wrapper,1,1,False
BIN_1129790,wrapper,0,0,False
BIN_1130000,injected,1,1,False
BIN_1130222,injected,0,0,False
BIN_1130393,wrapper,0,0,False
BIN_1130441,injected,0,0,False
BIN_1130547,wrapper,1,1,False
BIN_1131801,injected,1,1,False
BIN_1131828,wrapper,1,1,False
BIN_1132345,wrapper,0,0,False
BIN_1133138,wrapper,1,1,False
BIN_1134349,wrapper,1,1,False
BIN_1135216,wrapper,0,0,False
BIN_1135391,wrapper,0,0,False
BIN_1135450,wrapper,0,0,False
BIN_1136132,injected,0,0,False
BIN_1136725,injected,0,0,False
BIN_1136887,wrapper,1,1,False
BIN_1138422,wrapper,1,1,False
BIN_1138953,wrapper,0,0,False
BIN_1139386,wrapper,0,0,False
BIN_1139586,injected,1,1,False
BIN_1139786,wrapper,0,0,False
BIN_1141539,injected,1,1,False
BIN_1142341,wrapper,0,0,False
BIN_1142371,wrapper,0,0,False
BIN_1143093,wrapper,1,1,False
BIN_1143512,wrapper,0,0,False
BIN_1143549,wrapper,0,0,False
BIN_1143746,injected,1,1,False
BIN_1143858,wrapper,0,0,False
BIN_1144167,injected,1,1,False
BIN_1144409,wrapper,1,1,False
BIN_1145274,wrapper,0,0,False
BIN_1146280,wrapper,1,1,False
BIN_1146519,wrapper,0,0,False
BIN_1146999,wrapper,1,1,False
BIN_1147249,wrapper,0,0,False
BIN_1147324,injected,0,0,False
BIN_1147405,wrapper,1,1,False
BIN_1148986,injected,0,0,False
BIN_1149665,injected,0,0,False
BIN_1149984,injected,1,1,False
BIN_1150125,wrapper,0,0,False
BIN_1150247,wrapper,1,1,False
BIN_1150507,injected,1,1,False
BIN_1150887,wrapper,0,0,False
BIN_1150986,wrapper,1,1,False
BIN_1151057,wrapper,1,1,False
BIN_1152388,wrapper,1,1,False
BIN_1152459,wrapper,1,1,False
BIN_1152578,wrapper,0,0,False
BIN_1153300,wrapper,0,0,False
BIN_1153718,injected,0,0,False
BIN_1154082,injected,1,1,False
BIN_1154235,injected,1,1,False
BIN_1154520,injected,1,1,False
BIN_1154688,wrapper,1,1,False
BIN_1155510,wrapper,1,1,False
BIN_1156603,wrapper,1,1,False
BIN_1156718,wrapper,0,0,False
BIN_1158870,injected,0,0,False
BIN_1159318,wrapper,1,1,False
BIN_1159679,injected,0,0,False
BIN_1163620,injected,1,1,False
BIN_1165241,injected,1,1,False
BIN_1165272,wrapper,1,1,False
BIN_1165298,wrapper,0,0,False
BIN_1165627,wrapper,1,1,False
BIN_1165693,wrapper,1,1,False
BIN_1166904,wrapper,1,1,False
BIN_1166916,injected,0,0,False
BIN_1166984,injected,0,0,False
BIN_1168013,injected,0,0,False
BIN_1168331,wrapper,0,0,False
BIN_1168672,wrapper,0,0,False
BIN_1169000,wrapper,0,0,False
BIN_1169368,injected,0,0,False
BIN_1169395,injected,1,1,False
BIN_1169505,wrapper,0,0,False
BIN_1169954,wrapper,0,0,False
BIN_1170038,injected,1,1,False
BIN_1170097,injected,0,0,False
BIN_1171041,wrapper,1,1,False
BIN_1172454,wrapper,0,0,False
BIN_1172763,wrapper,0,0,False
BIN_1174962,injected,0,0,False
BIN_1175831,wrapper,0,0,False
BIN_1176535,wrapper,1,1,False
BIN_1176637,wrapper,0,0,False
BIN_1177583,injected,0,0,False
BIN_1177863,wrapper,1,1,False
BIN_1177997,wrapper,0,0,False
BIN_1178216,injected,1,1,False
BIN_1178590,injected,1,1,False
BIN_1179930,injected,1,1,False
BIN_1180782,wrapper,1,1,False
BIN_1183420,injected,1,1,False
BIN_1184581,injected,0,0,False
BIN_1185637,injected,0,0,False
BIN_1185876,injected,0,0,False
BIN_1186022,wrapper,1,1,False
BIN_1186617,injected,0,0,False
BIN_1186799,injected,0,0,False
BIN_1186822,injected,0,0,False
BIN_1186888,wrapper,1,1,False
BIN_1187008,injected,0,0,False
BIN_1187259,injected,1,1,False
BIN_1187499,wrapper,0,0,False
BIN_1187537,wrapper,1,1,False
BIN_1189246,wrapper,1,1,False
BIN_1189309,wrapper,0,0,False
BIN_1190637,wrapper,1,1,False
BIN_1190696,injected,1,1,False
BIN_1191101,wrapper,1,1,False
BIN_1191869,wrapper,0,0,False
BIN_1191888,wrapper,0,0,False
BIN_1192236,injected,0,0,False
BIN_1192329,wrapper,1,1,False
BIN_1192885,injected,0,0,False
BIN_1194971,wrapper,0,0,False
BIN_1195677,wrapper,1,1,False
BIN_1196116,wrapper,0,0,False
BIN_1196554,wrapper,0,0,False
BIN_1196913,wrapper,1,1,False
BIN_1198290,wrapper,0,0,False
BIN_1198691,injected,0,0,False
BIN_1198763,wrapper,0,0,False
BIN_1199177,wrapper,1,1,False
BIN_1199926,wrapper,1,1,False
BIN_1201027,injected,1,1,False
BIN_1201075,wrapper,1,1,False
BIN_1201805,wrapper,0,0,False
BIN_1202527,wrapper,0,0,False
BIN_1203105,wrapper,0,0,False
BIN_1205044,injected,0,0,False
BIN_1205251,injected,1,1,False
BIN_1205758,wrapper,0,0,False
BIN_1205825,wrapper,1,1,False
BIN_1205903,wrapper,0,0,False
BIN_1206203,injected,0,0,False
BIN_1206321,wrapper,0,0,False
BIN_1206477,injected,1,1,False
BIN_1206738,injected,1,1,False
BIN_1207082,wrapper,0,0,False
BIN_1207395,wrapper,0,0,False
BIN_1207438,wrapper,1,1,False
BIN_1208130,wrapper,1,1,False
BIN_1208219,wrapper,1,1,False
BIN_1208439,wrapper,0,0,False
BIN_1208558,wrapper,0,0,False
BIN_1208601,wrapper,0,0,False
BIN_1209342,injected,1,1,False
BIN_1209623,wrapper,0,0,False
BIN_1210640,wrapper,0,0,False
BIN_1211220,wrapper,1,1,False
BIN_1213213,wrapper,0,0,False
BIN_1213552,injected,1,1,False
BIN_1214134,wrapper,0,0,False
BIN_1215434,wrapper,0,0,False
BIN_1216103,wrapper,0,0,False
BIN_1217935,wrapper,1,1,False
BIN_1218468,injected,1,1,False
BIN_1220006,injected,0,0,False
BIN_1220926,wrapper,1,1,False
BIN_1220935,wrapper,0,0,False
BIN_1221165,injected,1,1,False
BIN_1222055,wrapper,1,1,False
BIN_1222591,wrapper,0,0,False
BIN_1224016,injected,1,1,False
BIN_1224176,injected,1,1,False
BIN_1224248,wrapper,1,1,False
BIN_1224625,wrapper,0,0,False
BIN_1224770,wrapper,1,1,False
BIN_1227283,wrapper,1,1,False
BIN_1227386,injected,1,1,False
BIN_1227598,wrapper,1,1,False
BIN_1227870,wrapper,0,0,False
BIN_1228050,wrapper,1,1,False
BIN_1228326,wrapper,1,1,False
BIN_1228717,injected,1,1,False
BIN_1229062,injected,1,1,False
BIN_1229612,wrapper,0,0,False
BIN_1229619,injected,1,1,False
BIN_1229924,wrapper,1,1,False
BIN_1230023,wrapper,1,1,False
BIN_1230115,injected,1,1,False
BIN_1230707,injected,0,0,False
BIN_1231517,wrapper,0,0,False
BIN_1232595,wrapper,1,1,False
BIN_1232692,wrapper,0,0,False
BIN_1233011,injected,0,0,False
BIN_1233029,injected,0,0,False
BIN_1234506,injected,0,0,False
BIN_1234674,wrapper,1,1,False
BIN_1235129,wrapper,0,0,False
BIN_1235146,wrapper,1,1,False
BIN_1235633,wrapper,0,0,False
BIN_1235789,wrapper,1,1,False
BIN_1236902,injected,1,1,False
BIN_1237415,wrapper,0,0,False
BIN_1237983,wrapper,0,0,False
BIN_1238311,wrapper,0,0,False
BIN_1238352,injected,1,1,False
BIN_1239622,wrapper,0,0,False
BIN_1240368,injected,1,1,False
BIN_1240868,injected,0,0,False
BIN_1241902,injected,1,1,False
BIN_1242110,injected,1,1,False
BIN_1242169,injected,1,1,False
BIN_1242584,wrapper,0,0,False
BIN_1243224,injected,0,0,False
BIN_1244027,injected,1,1,False
BIN_1244054,injected,1,1,False
BIN_1244558,wrapper,1,1,False
BIN_1244571,injected,1,1,False
BIN_1245253,wrapper,1,1,False
BIN_1245536,wrapper,0,0,False
BIN_1246237,injected,0,0,False
BIN_1248176,wrapper,1,1,False
BIN_1248412,wrapper,0,0,False
BIN_1248538,injected,0,0,False
BIN_1249927,wrapper,0,0,False
BIN_1250186,injected,0,0,False
BIN_1250646,injected,0,0,False
BIN_1250749,wrapper,0,0,False
BIN_1251670,injected,1,1,False
BIN_1254794,wrapper,1,1,False
BIN_1255162,wrapper,0,0,False
BIN_1255268,injected,1,1,False
BIN_1255276,wrapper,1,1,False
BIN_1255562,wrapper,0,0,False
BIN_1255639,wrapper,1,1,False
BIN_1256415,wrapper,0,0,False
BIN_1256443,injected,0,0,False
BIN_1256573,injected,0,0,False
BIN_1257388,wrapper,1,1,False
BIN_1258375,wrapper,0,0,False
BIN_1258632,wrapper,1,1,False
BIN_1259277,wrapper,0,0,False
BIN_1259461,wrapper,0,0,False
BIN_1260062,wrapper,1,1,False
BIN_1261133,wrapper,1,1,False
BIN_1261505,injected,0,0,False
BIN_1261782,wrapper,0,0,False
BIN_1262563,wrapper,1,1,False
BIN_1263826,injected,0,0,False
BIN_1264185,wrapper,1,1,False
BIN_1264926,wrapper,0,0,False
BIN_1266039,wrapper,0,0,False
BIN_1266724,wrapper,1,1,False
BIN_1267373,wrapper,1,1,False
BIN_1267800,injected,1,1,False
BIN_1269488,wrapper,1,1,False
BIN_1272016,wrapper,0,0,False
BIN_1272117,wrapper,1,1,False
BIN_1272386,wrapper,1,1,False
BIN_1272599,wrapper,0,0,False
BIN_1272779,injected,0,0,False
BIN_1273212,injected,0,0,False
BIN_1274540,wrapper,1,1,False
BIN_1275240,wrapper,0,0,False
BIN_1275831,injected,1,1,False
BIN_1275963,wrapper,0,0,False
BIN_1276189,injected,0,0,False
BIN_1276714,wrapper,0,0,False
BIN_1277032,wrapper,0,0,False
BIN_1277858,injected,1,1,False
BIN_1277937,wrapper,0,0,False
BIN_1278321,wrapper,1,1,False
BIN_1278830,injected,1,1,False
BIN_1279479,wrapper,0,0,False
BIN_1281327,wrapper,0,0,False
BIN_1281430,wrapper,1,1,False
BIN_1282463,wrapper,1,1,False
BIN_1282498,wrapper,0,0,False
BIN_1282514,wrapper,1,1,False
BIN_1282723,wrapper,0,0,False
BIN_1284794,wrapper,0,0,False
BIN_1285780,injected,1,1,False
BIN_1286503,wrapper,0,0,False
BIN_1286871,injected,1,1,False
BIN_1287386,wrapper,1,1,False
BIN_1288237,injected,1,1,False
BIN_1288419,wrapper,1,1,False
BIN_1289129,wrapper,1,1,False
BIN_1290145,wrapper,0,0,False
BIN_1291185,wrapper,0,0,False
BIN_1291992,injected,1,1,False
BIN_1292274,wrapper,1,1,False
BIN_1292277,injected,1,1,False
BIN_1292902,wrapper,0,0,False
BIN_1293117,wrapper,0,0,False
BIN_1293321,injected,1,1,False
BIN_1294307,wrapper,1,1,False
BIN_1294426,wrapper,0,0,False
BIN_1294562,wrapper,1,1,False
BIN_1294642,wrapper,0,0,False
BIN_1295092,wrapper,0,0,False
BIN_1296318,injected,0,0,False
BIN_1296462,injected,1,1,False
BIN_1296503,injected,0,0,False
BIN_1297213,injected,0,0,False
BIN_1297239,wrapper,0,0,False
BIN_1297323,wrapper,0,0,False
BIN_1297459,wrapper,1,1,False
BIN_1298046,wrapper,1,1,False
BIN_1298305,injected,0,0,False
BIN_1298507,wrapper,1,1,False
BIN_1298603,wrapper,1,1,False
BIN_1301660,injected,1,1,False
BIN_1303198,wrapper,0,0,False
BIN_1303456,wrapper,1,1,False
BIN_1303616,wrapper,1,1,False
BIN_1303892,injected,0,0,False
BIN_1304447,injected,0,0,False
BIN_1305924,injected,0,0,False
BIN_1306649,wrapper,0,0,False
BIN_1307293,wrapper,0,0,False
BIN_1307346,wrapper,0,0,False
BIN_1307977,injected,1,1,False
BIN_1308592,wrapper,0,0,False
BIN_1309229,wrapper,0,0,False
BIN_1309727,wrapper,0,0,False
BIN_1312091,wrapper,1,1,False
BIN_1313815,wrapper,1,1,False
BIN_1316942,wrapper,1,1,False
BIN_1317130,injected,1,1,False
BIN_1317133,wrapper,0,0,False
BIN_1318177,wrapper,1,1,False
BIN_1318346,wrapper,0,0,False
BIN_1318731,wrapper,0,0,False
BIN_1319879,wrapper,1,1,False
BIN_1320435,injected,0,0,False
BIN_1320498,wrapper,0,0,False
BIN_1322565,wrapper,0,0,False
BIN_1323231,injected,0,0,False
BIN_1323450,injected,1,1,False
BIN_1324910,wrapper,1,1,False
BIN_1324917,wrapper,1,1,False
BIN_1325931,injected,0,0,False
BIN_1326128,wrapper,1,1,False
BIN_1327167,wrapper,1,1,False
BIN_1327298,wrapper,0,0,False
BIN_1327890,wrapper,1,1,False
BIN_1329761,injected,1,1,False
BIN_1331612,wrapper,0,0,False
BIN_1332244,wrapper,0,0,False
BIN_1334951,wrapper,0,0,False
BIN_1335199,wrapper,0,0,False
BIN_1335424,wrapper,1,1,False
BIN_1335725,wrapper,0,0,False
BIN_1336160,injected,1,1,False
BIN_1336494,wrapper,1,1,False
BIN_1336665,wrapper,0,0,False
BIN_1337393,wrapper,1,1,False
BIN_1337711,wrapper,0,0,False
BIN_1338222,wrapper,0,0,False
BIN_1338229,wrapper,0,0,False
BIN_1338328,injected,1,1,False
BIN_1338718,injected,1,1,False
BIN_1338887,injected,1,1,False
BIN_1339459,wrapper,1,1,False
BIN_1339827,injected,1,1,False
BIN_1340195,wrapper,1,1,False
BIN_1341951,wrapper,1,1,False
BIN_1342621,wrapper,0,0,False
BIN_1342624,wrapper,0,0,False
BIN_1342824,injected,1,1,False
BIN_1343819,injected,0,0,False
BIN_1344133,wrapper,1,1,False
BIN_1344237,wrapper,1,1,False
BIN_1344429,wrapper,1,1,False
BIN_1344642,wrapper,1,1,False
BIN_1344898,injected,0,0,False
BIN_1345081,injected,0,0,False
BIN_1345852,wrapper,0,0,False
BIN_1345885,injected,1,1,False
BIN_1346525,wrapper,1,1,False
BIN_1347037,injected,0,0,False
BIN_1347890,wrapper,1,1,False
BIN_1348728,injected,0,0,False
BIN_1349797,wrapper,0,0,False
BIN_1350614,wrapper,0,0,False
BIN_1351320,wrapper,1,1,False
BIN_1352710,wrapper,0,0,False
BIN_1352742,wrapper,0,0,False
BIN_1352800,injected,1,1,False
BIN_1353904,injected,1,1,False
BIN_1353924,wrapper,1,1,False
BIN_1354234,wrapper,0,0,False
BIN_1354485,injected,1,1,False
BIN_1354606,wrapper,1,1,False
BIN_1354688,wrapper,0,0,False
BIN_1354744,wrapper,1,1,False
BIN_1354872,wrapper,1,1,False
BIN_1355323,injected,0,0,False
BIN_1356235,wrapper,1,1,False
BIN_1357053,wrapper,0,0,False
BIN_1357351,wrapper,0,0,False
BIN_1357883,wrapper,1,1,False
BIN_1359306,wrapper,0,0,False
BIN_1360226,wrapper,1,1,False
BIN_1360825,wrapper,0,0,False
BIN_1360876,injected,0,0,False
BIN_1361262,wrapper,1,1,False
BIN_1361616,wrapper,0,0,False
BIN_1361766,injected,1,1,False
BIN_1361838,wrapper,1,1,False
BIN_1362600,wrapper,0,0,False
BIN_1363458,wrapper,1,1,False
BIN_1363946,wrapper,0,0,False
BIN_1365045,wrapper,0,0,False
BIN_1365577,wrapper,0,0,False
BIN_1368012,wrapper,0,0,False
BIN_1368553,wrapper,1,1,False
BIN_1369403,wrapper,0,0,False
BIN_1369774,wrapper,1,1,False
BIN_1370248,injected,1,1,False
BIN_1370287,wrapper,0,0,False
BIN_1370324,wrapper,1,1,False
BIN_1370737,injected,1,1,False
BIN_1370775,wrapper,0,0,False
BIN_1371931,wrapper,1,1,False
BIN_1372079,wrapper,0,0,False
BIN_1372663,wrapper,0,0,False
BIN_1372809,wrapper,1,1,False
BIN_1374227,wrapper,0,0,False
BIN_1375030,wrapper,1,1,False
BIN_1375058,injected,1,1,False
BIN_1375157,wrapper,0,0,False
BIN_1375645,wrapper,0,0,False
BIN_1375648,injected,1,1,False
BIN_1375794,injected,0,0,False
BIN_1377756,wrapper,0,0,False
BIN_1378009,wrapper,1,1,False
BIN_1378425,injected,1,1,False
BIN_1379083,wrapper,0,0,False
BIN_1379484,wrapper,0,0,False
BIN_1379498,wrapper,0,0,False
BIN_1379507,wrapper,1,1,False
BIN_1379677,wrapper,0,0,False
BIN_1380056,wrapper,0,0,False
BIN_1380238,injected,1,1,False
BIN_1380509,wrapper,1,1,False
BIN_1380515,wrapper,0,0,False
BIN_1380742,wrapper,0,0,False
BIN_1381587,injected,1,1,False
BIN_1381693,injected,0,0,False
BIN_1382732,injected,0,0,False
BIN_1382944,wrapper,1,1,False
BIN_1383399,wrapper,0,0,False
BIN_1383863,injected,1,1,False
BIN_1383928,injected,1,1,False
BIN_1383969,injected,1,1,False
BIN_1385030,injected,0,0,False
BIN_1387433,injected,0,0,False
BIN_1388770,wrapper,1,1,False
BIN_1389133,injected,0,0,False
BIN_1391092,injected,1,1,False
BIN_1391388,wrapper,1,1,False
BIN_1391775,wrapper,1,1,False
BIN_1391984,wrapper,0,0,False
BIN_1393516,wrapper,0,0,False
BIN_1393926,injected,1,1,False
BIN_1394325,wrapper,1,1,False
BIN_1394919,injected,1,1,False
BIN_1395757,wrapper,1,1,False
BIN_1396599,injected,0,0,False
BIN_1397259,wrapper,0,0,False
BIN_1398057,injected,0,0,False
BIN_1398314,wrapper,1,1,False
BIN_1399021,wrapper,0,0,False
BIN_1399789,injected,0,0,False
BIN_1400077,wrapper,1,1,False
BIN_1400208,injected,0,0,False
BIN_1401085,wrapper,0,0,False
BIN_1401183,wrapper,0,0,False
BIN_1401521,wrapper,1,1,False
BIN_1402067,injected,0,0,False
BIN_1403243,wrapper,0,0,False
BIN_1403425,wrapper,0,0,False
BIN_1403634,wrapper,1,1,False
BIN_1403676,injected,0,0,False
BIN_1404341,wrapper,0,0,False
BIN_1405014,wrapper,1,1,False
BIN_1405102,wrapper,0,0,False
BIN_1405479,wrapper,0,0,False
BIN_1405490,wrapper,0,0,False
BIN_1405825,wrapper,0,0,False
BIN_1406104,wrapper,1,1,False
BIN_1406433,injected,1,1,False
BIN_1406915,wrapper,1,1,False
BIN_1408222,wrapper,1,1,False
BIN_1408369,injected,0,0,False
BIN_1410855,wrapper,1,1,False
BIN_1413218,wrapper,1,1,False
BIN_1414233,injected,0,0,False
BIN_1414919,wrapper,1,1,False
BIN_1415058,wrapper,0,0,False
BIN_1415728,wrapper,1,1,False
BIN_1415946,wrapper,1,1,False
BIN_1416470,wrapper,0,0,False
BIN_1417490,wrapper,0,0,False
BIN_1417562,wrapper,0,0,False
BIN_1417891,wrapper,0,0,False
BIN_1419147,wrapper,0,0,False
BIN_1419662,wrapper,1,1,False
BIN_1420850,injected,0,0,False
BIN_1421038,wrapper,1,1,False
BIN_1422792,wrapper,1,1,False
BIN_1423326,injected,0,0,False
BIN_1423524,wrapper,0,0,False
BIN_1423745,wrapper,0,0,False
BIN_1424578,wrapper,0,0,False
BIN_1424896,injected,0,0,False
BIN_1425735,wrapper,1,1,False
BIN_1425863,wrapper,0,0,False
BIN_1426123,injected,1,1,False
BIN_1426382,wrapper,1,1,False
BIN_1426499,injected,1,1,False
BIN_1428360,injected,0,0,False
BIN_1429738,wrapper,1,1,False
BIN_1430004,wrapper,1,1,False
BIN_1430692,wrapper,0,0,False
BIN_1431120,wrapper,1,1,False
BIN_1431301,injected,0,0,False
BIN_1431770,injected,0,0,False
BIN_1431915,injected,1,1,False
BIN_1433026,injected,1,1,False
BIN_1433182,wrapper,1,1,False
BIN_1433483,wrapper,0,0,False
BIN_1433554,injected,1,1,False
BIN_1434213,wrapper,0,0,False
BIN_1435977,wrapper,0,0,False
BIN_1437612,injected,0,0,False
BIN_1438073,wrapper,1,1,False
BIN_1438143,wrapper,1,1,False
BIN_1438523,injected,1,1,False
BIN_1440075,wrapper,1,1,False
BIN_1440097,wrapper,0,0,False
BIN_1440293,injected,1,1,False
BIN_1440840,wrapper,1,1,False
BIN_1440844,injected,1,1,False
BIN_1440886,wrapper,1,1,False
BIN_1441126,wrapper,0,0,False
BIN_1441144,wrapper,1,1,False
BIN_1442114,wrapper,0,0,False
BIN_1442249,injected,0,0,False
BIN_1442424,wrapper,1,1,False
BIN_1442550,wrapper,1,1,False
BIN_1443003,wrapper,1,1,False
BIN_1444682,wrapper,1,1,False
BIN_1444773,wrapper,1,1,False
BIN_1445181,injected,1,1,False
BIN_1445743,wrapper,1,1,False
BIN_1445832,wrapper,0,0,False
BIN_1445839,wrapper,0,0,False
BIN_1447241,wrapper,1,1,False
BIN_1447835,wrapper,0,0,False
BIN_1448294,wrapper,0,0,False
BIN_1448765,injected,1,1,False
BIN_1449504,wrapper,0,0,False
BIN_1450583,injected,0,0,False
BIN_1452535,wrapper,1,1,False
BIN_1453175,wrapper,1,1,False
BIN_1453436,wrapper,1,1,False
BIN_1454041,wrapper,0,0,False
BIN_1454105,wrapper,1,1,False
BIN_1454580,injected,0,0,False
BIN_1455140,wrapper,1,1,False
BIN_1455281,wrapper,0,0,False
BIN_1455911,injected,0,0,False
BIN_1456037,wrapper,0,0,False
BIN_1456235,wrapper,1,1,False
BIN_1457106,wrapper,0,0,False
BIN_1457454,wrapper,0,0,False
BIN_1457516,wrapper,1,1,False
BIN_1457855,wrapper,1,1,False
BIN_1458974,injected,0,0,False
BIN_1459416,wrapper,1,1,False
BIN_1459631,injected,0,0,False
BIN_1459654,wrapper,0,0,False
BIN_1459772,wrapper,1,1,False
BIN_1460473,wrapper,0,0,False
BIN_1460506,wrapper,0,0,False
BIN_1460515,injected,0,0,False
BIN_1462842,injected,1,1,False
BIN_1464586,injected,0,0,False
BIN_1464759,wrapper,0,0,False
BIN_1464773,wrapper,1,1,False
BIN_1465183,wrapper,1,1,False
BIN_1466029,injected,1,1,False
BIN_1466099,injected,1,1,False
BIN_1466531,wrapper,1,1,False
BIN_1466583,injected,0,0,False
BIN_1467530,wrapper,1,1,False
BIN_1467776,wrapper,1,1,False
BIN_1467781,wrapper,0,0,False
BIN_1467783,injected,0,0,False
BIN_1469885,wrapper,0,0,False
BIN_1470790,wrapper,1,1,False
BIN_1471580,wrapper,1,1,False
BIN_1471835,injected,1,1,False
BIN_1472876,wrapper,1,1,False
BIN_1474073,wrapper,0,0,False
BIN_1474281,wrapper,1,1,False
BIN_1475068,wrapper,0,0,False
BIN_1476424,injected,1,1,False
BIN_1477711,wrapper,0,0,False
BIN_1478052,wrapper,1,1,False
BIN_1479254,wrapper,1,1,False
BIN_1480279,wrapper,1,1,False
BIN_1480286,injected,1,1,False
BIN_1480580,wrapper,0,0,False
BIN_1481112,wrapper,1,1,False
BIN_1481179,wrapper,1,1,False
BIN_1482612,wrapper,0,0,False
BIN_1483141,wrapper,1,1,False
BIN_1483512,wrapper,1,1,False
BIN_1483737,injected,0,0,False
BIN_1484299,wrapper,0,0,False
BIN_1484614,wrapper,0,0,False
BIN_1484781,wrapper,0,0,False
BIN_1485448,wrapper,1,1,False
BIN_1485513,wrapper,1,1,False
BIN_1485586,wrapper,1,1,False
BIN_1485606,wrapper,1,1,False
BIN_1485611,wrapper,1,1,False
BIN_1485733,injected,0,0,False
BIN_1486178,injected,0,0,False
BIN_1486210,wrapper,0,0,False
BIN_1487299,wrapper,1,1,False
BIN_1488176,wrapper,0,0,False
BIN_1488374,wrapper,0,0,False
BIN_1488970,wrapper,0,0,False
BIN_1491071,wrapper,0,0,False
BIN_1492620,wrapper,0,0,False
BIN_1493275,wrapper,0,0,False
BIN_1493520,wrapper,1,1,False
BIN_1493914,wrapper,1,1,False
BIN_1495732,wrapper,1,1,False
BIN_1495787,wrapper,0,0,False
BIN_1497933,wrapper,0,0,False
BIN_1498099,injected,0,0,False
BIN_1498457,wrapper,1,1,False
BIN_1498531,wrapper,0,0,False
BIN_1499572,injected,0,0,False
BIN_1499966,injected,0,0,False
BIN_1500717,wrapper,0,0,False
BIN_1500852,wrapper,1,1,False
BIN_1500924,injected,1,1,False
BIN_1502371,wrapper,1,1,False
BIN_1502495,injected,1,1,False
BIN_1502850,wrapper,0,0,False
BIN_1503542,injected,1,1,False
BIN_1503948,injected,0,0,False
BIN_1506572,wrapper,1,1,False
BIN_1506942,injected,1,1,False
BIN_1508375,injected,1,1,False
BIN_1508457,injected,0,0,False
BIN_1508585,wrapper,1,1,False
BIN_1509095,wrapper,0,0,False
BIN_1509631,injected,0,0,False
BIN_1509819,wrapper,1,1,False
BIN_1510361,wrapper,0,0,False
BIN_1510418,wrapper,0,0,False
BIN_1511080,wrapper,0,0,False
BIN_1511091,wrapper,1,1,False
BIN_1511787,injected,0,0,False
BIN_1512730,wrapper,1,1,False
BIN_1512890,injected,0,0,False
BIN_1513283,injected,1,1,False
BIN_1513706,wrapper,1,1,False
BIN_1513729,wrapper,1,1,False
BIN_1513908,wrapper,1,1,False
BIN_1514021,injected,0,0,False
BIN_1514200,wrapper,0,0,False
BIN_1514786,wrapper,1,1,False
BIN_1515718,wrapper,0,0,False
BIN_1515985,injected,1,1,False
BIN_1517330,wrapper,1,1,False
BIN_1517614,wrapper,0,0,False
BIN_1518061,wrapper,1,1,False
BIN_1518076,wrapper,0,0,False
BIN_1518391,wrapper,0,0,False
BIN_1518706,wrapper,1,1,False
BIN_1521006,wrapper,1,1,False
BIN_1521811,wrapper,0,0,False
BIN_1522823,wrapper,0,0,False
BIN_1523730,wrapper,0,0,False
BIN_1524418,injected,0,0,False
BIN_1524445,injected,0,0,False
BIN_1525327,wrapper,0,0,False
BIN_1525631,injected,1,1,False
BIN_1525809,injected,1,1,False
BIN_1525990,wrapper,1,1,False
BIN_1526123,wrapper,0,0,False
BIN_1526490,wrapper,1,1,False
BIN_1527062,wrapper,1,1,False
BIN_1527470,wrapper,1,1,False
BIN_1527976,wrapper,1,1,False
BIN_1528226,injected,1,1,False
BIN_1528467,wrapper,1,1,False
BIN_1528497,injected,1,1,False
BIN_1528814,injected,0,0,False
BIN_1528839,wrapper,0,0,False
BIN_1529131,injected,0,0,False
BIN_1529575,injected,1,1,False
BIN_1529717,injected,1,1,False
BIN_1529768,wrapper,0,0,False
BIN_1529788,injected,1,1,False
BIN_1529863,wrapper,0,0,False
BIN_1530310,wrapper,0,0,False
BIN_1530360,wrapper,1,1,False
BIN_1530769,injected,0,0,False
BIN_1530942,injected,0,0,False
BIN_1531172,wrapper,1,1,False
BIN_1531276,wrapper,0,0,False
BIN_1531618,injected,1,1,False
BIN_1532363,wrapper,0,0,False
BIN_1533431,wrapper,0,0,False
BIN_1537432,injected,1,1,False
BIN_1538230,injected,1,1,False
BIN_1539701,wrapper,1,1,False
BIN_1543356,wrapper,1,1,False
BIN_1543608,injected,1,1,False
BIN_1543651,wrapper,0,0,False
BIN_1543925,injected,1,1,False
BIN_1544015,wrapper,1,1,False
BIN_1545363,injected,1,1,False
BIN_1546057,injected,0,0,False
BIN_1546149,wrapper,0,0,False
BIN_1546412,wrapper,0,0,False
BIN_1547375,injected,1,1,False
BIN_1548178,wrapper,0,0,False
BIN_1548852,wrapper,0,0,False
BIN_1549184,wrapper,1,1,False
BIN_1549854,wrapper,1,1,False
BIN_1550176,injected,1,1,False
BIN_1550323,wrapper,0,0,False
BIN_1550391,wrapper,0,0,False
BIN_1552105,wrapper,1,1,False
BIN_1552395,wrapper,1,1,False
BIN_1553475,injected,0,0,False
BIN_1553949,wrapper,1,1,False
BIN_1553997,wrapper,1,1,False
BIN_1554186,wrapper,0,0,False
BIN_1555108,wrapper,1,1,False
BIN_1555342,wrapper,1,1,False
BIN_1555886,injected,1,1,False
BIN_1556655,wrapper,0,0,False
BIN_1557233,wrapper,0,0,False
BIN_1557253,wrapper,1,1,False
BIN_1557835,wrapper,1,1,False
BIN_1557959,wrapper,0,0,False
BIN_1558145,injected,1,1,False
BIN_1558663,wrapper,0,0,False
BIN_1559540,wrapper,1,1,False
BIN_1559628,wrapper,1,1,False
BIN_1560029,injected,0,0,False
BIN_1560635,wrapper,0,0,False
BIN_1560736,injected,1,1,False
BIN_1560876,wrapper,0,0,False
BIN_1561592,injected,0,0,False
BIN_1562904,injected,1,1,False
BIN_1563358,injected,1,1,False
BIN_1563484,wrapper,0,0,False
BIN_1564993,injected,0,0,False
BIN_1566121,wrapper,1,1,False
BIN_1566790,wrapper,0,0,False
BIN_1568092,wrapper,1,1,False
BIN_1569322,wrapper,0,0,False
BIN_1569834,injected,1,1,False
BIN_1569927,wrapper,1,1,False
BIN_1570712,wrapper,0,0,False
BIN_1571978,wrapper,1,1,False
BIN_1572149,injected,0,0,False
BIN_1573105,wrapper,1,1,False
BIN_1574054,wrapper,0,0,False
BIN_1574592,wrapper,1,1,False
BIN_1574934,wrapper,1,1,False
BIN_1575100,wrapper,0,0,False
BIN_1575775,wrapper,1,1,False
BIN_1576492,wrapper,0,0,False
BIN_1577157,injected,0,0,False
BIN_1579274,wrapper,1,1,False
BIN_1580013,wrapper,0,0,False
BIN_1580017,injected,1,1,False
BIN_1580077,wrapper,0,0,False
BIN_1580608,injected,0,0,False
BIN_1581089,injected,0,0,False
BIN_1581127,wrapper,0,0,False
BIN_1581196,wrapper,1,1,False
BIN_1581857,injected,1,1,False
BIN_1582319,wrapper,0,0,False
BIN_1582418,wrapper,0,0,False
BIN_1584927,injected,0,0,False
BIN_1585319,wrapper,0,0,False
BIN_1586186,injected,0,0,False
BIN_1586399,injected,0,0,False
BIN_1586940,wrapper,0,0,False
BIN_1587115,wrapper,1,1,False
BIN_1587447,wrapper,0,0,False
BIN_1587499,injected,0,0,False
BIN_1587681,wrapper,1,1,False
BIN_1588719,wrapper,0,0,False
BIN_1589451,injected,0,0,False
BIN_1590998,injected,0,0,False
BIN_1591206,wrapper,0,0,False
BIN_1591289,injected,0,0,False
BIN_1592688,wrapper,1,1,False
BIN_1593911,wrapper,1,1,False
BIN_1594786,injected,1,1,False
BIN_1595075,wrapper,1,1,False
BIN_1595170,wrapper,0,0,False
BIN_1595216,wrapper,0,0,False
BIN_1595218,wrapper,1,1,False
BIN_1595339,injected,1,1,False
BIN_1595672,wrapper,0,0,False
BIN_1595987,wrapper,0,0,False
BIN_1596610,wrapper,1,1,False
BIN_1596625,wrapper,1,1,False
BIN_1597659,wrapper,0,0,False
BIN_1598241,injected,0,0,False
BIN_1598528,injected,0,0,False
BIN_1599074,wrapper,1,1,False
BIN_1599122,wrapper,1,1,False
BIN_1599713,wrapper,0,0,False
BIN_1599779,wrapper,1,1,False
BIN_1600097,wrapper,0,0,False
BIN_1601499,injected,0,0,False
BIN_1601624,injected,1,1,False
BIN_1602140,wrapper,1,1,False
BIN_1602484,wrapper,0,0,False
BIN_1603456,wrapper,1,1,False
BIN_1605837,wrapper,0,0,False
BIN_1607643,wrapper,0,0,False
BIN_1608224,wrapper,0,0,False
BIN_1610355,wrapper,1,1,False
BIN_1611008,wrapper,0,0,False
BIN_1611014,wrapper,0,0,False
BIN_1611181,wrapper,1,1,False
BIN_1611231,injected,0,0,False
BIN_1611878,wrapper,1,1,False
BIN_1612744,wrapper,0,0,False
BIN_1614475,injected,0,0,False
BIN_1614570,wrapper,1,1,False
BIN_1615578,injected,0,0,False
BIN_1616272,injected,0,0,False
BIN_1617295,wrapper,0,0,False
BIN_1617542,wrapper,1,1,False
BIN_1617664,wrapper,0,0,False
BIN_1617799,wrapper,0,0,False
BIN_1618210,injected,1,1,False
BIN_1618668,wrapper,1,1,False
BIN_1618886,wrapper,1,1,False
BIN_1619098,injected,1,1,False
BIN_1619944,wrapper,1,1,False
BIN_1620257,injected,0,0,False
BIN_1620353,injected,1,1,False
BIN_1620525,injected,0,0,False
BIN_1620713,wrapper,0,0,False
BIN_1621032,injected,0,0,False
BIN_1621300,wrapper,0,0,False
BIN_1621523,wrapper,1,1,False
BIN_1623821,wrapper,1,1,False
BIN_1624681,wrapper,0,0,False
BIN_1624988,injected,0,0,False
BIN_1626440,injected,1,1,False
BIN_1626856,wrapper,1,1,False
BIN_1627710,wrapper,1,1,False
BIN_1628054,wrapper,1,1,False
BIN_1628161,injected,1,1,False
BIN_1628487,injected,1,1,False
BIN_1629479,wrapper,1,1,False
BIN_1629499,injected,1,1,False
BIN_1629722,wrapper,1,1,False
BIN_1629974,injected,1,1,False
BIN_1630069,injected,1,1,False
BIN_1630163,injected,1,1,False
BIN_1630382,injected,1,1,False
BIN_1630666,wrapper,0,0,False
BIN_1630753,wrapper,0,0,False
BIN_1631864,wrapper,1,1,False
BIN_1633372,wrapper,1,1,False
BIN_1633540,wrapper,1,1,False
BIN_1634092,injected,1,1,False
BIN_1635318,wrapper,0,0,False
BIN_1635348,wrapper,1,1,False
BIN_1636491,injected,0,0,False
BIN_1636700,wrapper,1,1,False
BIN_1637388,wrapper,0,0,False
BIN_1638112,wrapper,1,1,False
BIN_1638495,injected,1,1,False
BIN_1639433,injected,0,0,False
BIN_1639664,wrapper,1,1,False
BIN_1640310,wrapper,0,0,False
BIN_1640384,wrapper,0,0,False
BIN_1640720,injected,1,1,False
BIN_1641383,injected,1,1,False
BIN_1641748,wrapper,0,0,False
BIN_1642153,injected,0,0,False
BIN_1643576,wrapper,0,0,False
BIN_1644538,injected,0,0,False
BIN_1646419,wrapper,1,1,False
BIN_1647976,wrapper,0,0,False
BIN_1648410,injected,0,0,False
BIN_1650351,injected,1,1,False
BIN_1650901,wrapper,0,0,False
BIN_1651477,wrapper,0,0,False
BIN_1651529,injected,1,1,False
BIN_1651857,wrapper,1,1,False
BIN_1652152,injected,0,0,False
BIN_1652532,wrapper,0,0,False
BIN_1652933,injected,1,1,False
BIN_1653080,wrapper,1,1,False
BIN_1653132,injected,0,0,False
BIN_1653539,wrapper,0,0,False
BIN_1654139,wrapper,1,1,False
BIN_1654566,wrapper,1,1,False
BIN_1654914,injected,0,0,False
BIN_1654973,wrapper,1,1,False
BIN_1655203,injected,1,1,False
BIN_1655584,injected,1,1,False
BIN_1655785,wrapper,1,1,False
BIN_1658913,injected,0,0,False
BIN_1659283,wrapper,1,1,False
BIN_1660673,injected,0,0,False
BIN_1661538,injected,1,1,False
BIN_1661773,injected,1,1,False
BIN_1662865,wrapper,0,0,False
BIN_1663055,wrapper,0,0,False
BIN_1663347,injected,1,1,False
BIN_1663363,wrapper,0,0,False
BIN_1663767,wrapper,0,0,False
BIN_1664437,wrapper,0,0,False
BIN_1664612,injected,1,1,False
BIN_1665684,wrapper,0,0,False
BIN_1666044,wrapper,1,1,False
BIN_1666473,wrapper,0,0,False
BIN_1667687,wrapper,1,1,False
BIN_1668122,wrapper,0,0,False
BIN_1668340,wrapper,0,0,False
BIN_1668837,wrapper,1,1,False
BIN_1668988,wrapper,1,1,False
BIN_1670050,injected,0,0,False
BIN_1670213,injected,1,1,False
BIN_1670362,wrapper,1,1,False
BIN_1670447,wrapper,0,0,False
BIN_1670545,wrapper,1,1,False
BIN_1670569,injected,1,1,False
BIN_1670823,wrapper,0,0,False
BIN_1671004,wrapper,1,1,False
BIN_1671468,injected,1,1,False
BIN_1671611,wrapper,0,0,False
BIN_1672138,injected,1,1,False
BIN_1672305,injected,0,0,False
BIN_1672700,wrapper,0,0,False
BIN_1673107,injected,0,0,False
BIN_1673692,wrapper,1,1,False
BIN_1673722,wrapper,1,1,False
BIN_1674195,injected,0,0,False
BIN_1676602,injected,1,1,False
BIN_1677524,injected,1,1,False
BIN_1677614,wrapper,0,0,False
BIN_1677738,injected,1,1,False
BIN_1678234,injected,0,0,False
BIN_1678289,wrapper,1,1,False
BIN_1678676,wrapper,1,1,False
BIN_1678791,wrapper,0,0,False
BIN_1678886,wrapper,0,0,False
BIN_1679018,wrapper,0,0,False
BIN_1679582,wrapper,1,1,False
BIN_1679904,wrapper,1,1,False
BIN_1679913,wrapper,1,1,False
BIN_1680080,injected,1,1,False
BIN_1680843,wrapper,1,1,False
BIN_1681114,wrapper,0,0,False
BIN_1681396,wrapper,1,1,False
BIN_1682085,wrapper,1,1,False
BIN_1682292,injected,1,1,False
BIN_1682324,injected,0,0,False
BIN_1683189,wrapper,1,1,False
BIN_1684238,wrapper,0,0,False
BIN_1684439,wrapper,1,1,False
BIN_1684866,injected,1,1,False
BIN_1685604,injected,1,1,False
BIN_1686448,injected,0,0,False
BIN_1686474,wrapper,0,0,False
BIN_1686681,wrapper,1,1,False
BIN_1687186,wrapper,1,1,False
BIN_1687376,wrapper,1,1,False
BIN_1688711,wrapper,1,1,False
BIN_1689477,wrapper,1,1,False
BIN_1689642,injected,0,0,False
BIN_1690523,injected,1,1,False
BIN_1690691,wrapper,0,0,False
BIN_1690998,wrapper,0,0,False
BIN_1692064,injected,0,0,False
BIN_1692514,wrapper,0,0,False
BIN_1692612,wrapper,0,0,False
BIN_1693251,wrapper,0,0,False
BIN_1694104,injected,0,0,False
BIN_1695267,injected,1,1,False
BIN_1695539,wrapper,0,0,False
BIN_1696392,injected,1,1,False
BIN_1696993,wrapper,0,0,False
BIN_1697236,wrapper,0,0,False
BIN_1697843,wrapper,1,1,False
BIN_1698172,wrapper,0,0,False
BIN_1699450,wrapper,1,1,False
BIN_1699521,wrapper,0,0,False
BIN_1699539,injected,0,0,False
BIN_1699974,injected,0,0,False
BIN_1700235,injected,1,1,False
BIN_1701913,wrapper,1,1,False
BIN_1703318,injected,1,1,False
BIN_1703649,wrapper,1,1,False
BIN_1704403,wrapper,0,0,False
BIN_1706128,injected,0,0,False
BIN_1706260,wrapper,1,1,False
BIN_1706644,injected,1,1,False
BIN_1706692,wrapper,0,0,False
BIN_1706868,wrapper,1,1,False
BIN_1707277,wrapper,1,1,False
BIN_1707289,wrapper,0,0,False
BIN_1708141,wrapper,0,0,False
BIN_1708390,wrapper,1,1,False
BIN_1708676,injected,0,0,False
BIN_1709063,wrapper,0,0,False
BIN_1709610,wrapper,1,1,False
BIN_1710175,wrapper,0,0,False
BIN_1710438,wrapper,1,1,False
BIN_1710461,injected,1,1,False
BIN_1714688,wrapper,1,1,False
BIN_1715051,injected,1,1,False
BIN_1715213,wrapper,0,0,False
BIN_1716735,wrapper,1,1,False
BIN_1717191,wrapper,0,0,False
BIN_1718791,injected,0,0,False
BIN_1718808,wrapper,0,0,False
BIN_1719277,wrapper,1,1,False
BIN_1719306,wrapper,0,0,False
BIN_1719376,wrapper,0,0,False
BIN_1719584,wrapper,0,0,False
BIN_1720096,wrapper,0,0,False
BIN_1720387,wrapper,0,0,False
BIN_1720759,wrapper,0,0,False
BIN_1721111,wrapper,1,1,False
BIN_1722268,wrapper,1,1,False
BIN_1722378,wrapper,1,1,False
BIN_1722444,injected,0,0,False
BIN_1723194,wrapper,1,1,False
BIN_1724487,wrapper,1,1,False
BIN_1726005,injected,0,0,False
BIN_1726191,wrapper,0,0,False
BIN_1726825,injected,0,0,False
BIN_1726947,wrapper,0,0,False
BIN_1727266,wrapper,1,1,False
BIN_1727536,wrapper,1,1,False
BIN_1727763,injected,1,1,False
BIN_1728278,wrapper,0,0,False
BIN_1728524,wrapper,1,1,False
BIN_1729865,wrapper,0,0,False
BIN_1729950,wrapper,0,0,False
BIN_1730047,injected,1,1,False
BIN_1730633,injected,1,1,False
BIN_1731457,injected,0,0,False
BIN_1731473,wrapper,1,1,False
BIN_1732306,wrapper,0,0,False
BIN_1732389,wrapper,1,1,False
BIN_1732465,wrapper,0,0,False
BIN_1733114,injected,1,1,False
BIN_1733742,injected,0,0,False
BIN_1734766,wrapper,0,0,False
BIN_1735538,injected,0,0,False
BIN_1735605,injected,1,1,False
BIN_1735650,wrapper,1,1,False
BIN_1735861,wrapper,1,1,False
BIN_1736116,wrapper,0,0,False
BIN_1736320,wrapper,0,0,False
BIN_1737504,wrapper,0,0,False
BIN_1738348,wrapper,1,1,False
BIN_1738670,wrapper,0,0,False
BIN_1738868,wrapper,1,1,False
BIN_1739490,injected,1,1,False
BIN_1739919,wrapper,0,0,False
BIN_1741808,wrapper,0,0,False
BIN_1742513,wrapper,0,0,False
BIN_1743222,wrapper,0,0,False
BIN_1744212,wrapper,0,0,False
BIN_1744916,injected,1,1,False
BIN_1745934,wrapper,1,1,False
BIN_1745960,injected,1,1,False
BIN_1747034,wrapper,1,1,False
BIN_1747175,wrapper,0,0,False
BIN_1747725,wrapper,0,0,False
BIN_1748128,wrapper,0,0,False
BIN_1749137,wrapper,1,1,False
BIN_1749686,injected,1,1,False
BIN_1749934,injected,0,0,False
BIN_1750704,wrapper,0,0,False
BIN_1751097,wrapper,1,1,False
BIN_1751168,injected,0,0,False
BIN_1751838,wrapper,1,1,False
BIN_1752260,injected,0,0,False
BIN_1753834,wrapper,0,0,False
BIN_1754180,wrapper,1,1,False
BIN_1754660,wrapper,0,0,False
BIN_1755530,wrapper,1,1,False
BIN_1755766,wrapper,1,1,False
BIN_1756595,wrapper,0,0,False
BIN_1757683,wrapper,1,1,False
BIN_1758228,injected,0,0,False
BIN_1758738,injected,1,1,False
BIN_1758836,wrapper,0,0,False
BIN_1760931,wrapper,0,0,False
BIN_1761027,wrapper,1,1,False
BIN_1761743,wrapper,0,0,False
BIN_1762410,wrapper,1,1,False
BIN_1762536,wrapper,0,0,False
BIN_1763923,injected,0,0,False
BIN_1766136,injected,1,1,False
BIN_1766455,injected,1,1,False
BIN_1768606,wrapper,0,0,False
BIN_1769970,wrapper,1,1,False
BIN_1771004,wrapper,0,0,False
BIN_1771701,injected,0,0,False
BIN_1772468,wrapper,1,1,False
BIN_1772587,injected,0,0,False
BIN_1772614,wrapper,0,0,False
BIN_1773314,wrapper,1,1,False
BIN_1773634,injected,1,1,False
BIN_1774050,injected,1,1,False
BIN_1774067,wrapper,0,0,False
BIN_1774114,wrapper,0,0,False
BIN_1774748,wrapper,0,0,False
BIN_1774806,injected,0,0,False
BIN_1775073,injected,0,0,False
BIN_1775160,injected,0,0,False
BIN_1775434,wrapper,0,0,False
BIN_1775762,wrapper,0,0,False
BIN_1777937,injected,1,1,False
BIN_1778086,wrapper,1,1,False
BIN_1778618,wrapper,0,0,False
BIN_1779020,injected,1,1,False
BIN_1779513,wrapper,0,0,False
BIN_1779729,injected,0,0,False
BIN_1779896,wrapper,0,0,False
BIN_1780297,wrapper,0,0,False
BIN_1784472,injected,1,1,False
BIN_1784527,wrapper,0,0,False
BIN_1785086,injected,0,0,False
BIN_1785166,wrapper,1,1,False
BIN_1785552,wrapper,1,1,False
BIN_1785986,wrapper,0,0,False
BIN_1786100,wrapper,1,1,False
BIN_1786166,wrapper,1,1,False
BIN_1786173,wrapper,1,1,False
BIN_1787077,wrapper,0,0,False
BIN_1787361,wrapper,0,0,False
BIN_1787476,injected,0,0,False
BIN_1788012,injected,1,1,False
BIN_1790039,injected,1,1,False
BIN_1790110,wrapper,0,0,False
BIN_1790254,wrapper,0,0,False
BIN_1790302,injected,0,0,False
BIN_1791311,injected,1,1,False
BIN_1791798,wrapper,1,1,False
BIN_1791831,wrapper,1,1,False
BIN_1792408,injected,0,0,False
BIN_1792787,wrapper,1,1,False
BIN_1793830,wrapper,0,0,False
BIN_1794098,wrapper,0,0,False
BIN_1794110,wrapper,0,0,False
BIN_1794178,wrapper,1,1,False
BIN_1794411,wrapper,1,1,False
BIN_1796090,wrapper,1,1,False
BIN_1796768,injected,0,0,False
BIN_1796921,wrapper,1,1,False
BIN_1798608,wrapper,0,0,False
BIN_1798763,wrapper,0,0,False
BIN_1798844,injected,1,1,False
BIN_1799440,wrapper,1,1,False
BIN_1799590,wrapper,0,0,False
BIN_1799889,wrapper,1,1,False
BIN_1800057,wrapper,1,1,False
BIN_1800824,injected,0,0,False
BIN_1801170,injected,1,1,False
BIN_1801258,wrapper,1,1,False
BIN_1801345,wrapper,1,1,False
BIN_1801347,wrapper,1,1,False
BIN_1801664,wrapper,0,0,False
BIN_1801710,wrapper,0,0,False
BIN_1801961,injected,1,1,False
BIN_1802324,wrapper,1,1,False
BIN_1803268,wrapper,0,0,False
BIN_1803996,wrapper,1,1,False
BIN_1804112,wrapper,0,0,False
BIN_1804622,wrapper,0,0,False
BIN_1804744,injected,1,1,False
BIN_1804758,wrapper,0,0,False
BIN_1805280,wrapper,0,0,False
BIN_1806662,wrapper,0,0,False
BIN_1807012,wrapper,0,0,False
BIN_1807290,wrapper,1,1,False
BIN_1807388,wrapper,0,0,False
BIN_1809927,wrapper,1,1,False
BIN_1810804,injected,0,0,False
BIN_1810820,wrapper,1,1,False
BIN_1811199,wrapper,1,1,False
BIN_1812258,wrapper,0,0,False
BIN_1812963,wrapper,1,1,False
BIN_1813025,wrapper,0,0,False
BIN_1813655,wrapper,0,0,False
BIN_1814677,wrapper,1,1,False
BIN_1815045,wrapper,0,0,False
BIN_1815669,wrapper,0,0,False
BIN_1816317,injected,1,1,False
BIN_1816692,injected,1,1,False
BIN_1817828,injected,0,0,False
BIN_1818161,wrapper,0,0,False
BIN_1819096,wrapper,1,1,False
BIN_1819788,wrapper,1,1,False
BIN_1820065,wrapper,0,0,False
BIN_1820243,wrapper,1,1,False
BIN_1820441,injected,0,0,False
BIN_1821353,wrapper,1,1,False
BIN_1821424,wrapper,0,0,False
BIN_1822736,wrapper,1,1,False
BIN_1822760,injected,1,1,False
BIN_1822906,injected,0,0,False
BIN_1824539,wrapper,0,0,False
BIN_1824612,injected,0,0,False
BIN_1824899,wrapper,0,0,False
BIN_1828650,wrapper,1,1,False
BIN_1828767,wrapper,0,0,False
BIN_1828834,wrapper,0,0,False
BIN_1828893,wrapper,0,0,False
BIN_1829591,injected,1,1,False
BIN_1830186,wrapper,0,0,False
BIN_1830350,injected,1,1,False
BIN_1831740,injected,0,0,False
BIN_1831969,injected,1,1,False
BIN_1832439,wrapper,1,1,False
BIN_1834465,wrapper,0,0,False
BIN_1834578,injected,0,0,False
BIN_1835218,wrapper,0,0,False
BIN_1835922,injected,1,1,False
BIN_1836233,wrapper,1,1,False
BIN_1837037,wrapper,0,0,False
BIN_1837676,wrapper,1,1,False
BIN_1838216,wrapper,0,0,False
BIN_1838495,wrapper,0,0,False
BIN_1839246,injected,0,0,False
BIN_1839861,wrapper,1,1,False
BIN_1840728,wrapper,0,0,False
BIN_1840901,wrapper,1,1,False
BIN_1841071,wrapper,1,1,False
BIN_1841530,injected,1,1,False
BIN_1843981,injected,1,1,False
BIN_1844662,injected,0,0,False
BIN_1844993,injected,1,1,False
BIN_1845350,injected,1,1,False
BIN_1845928,injected,0,0,False
BIN_1846650,wrapper,0,0,False
BIN_1846719,injected,0,0,False
BIN_1846940,wrapper,1,1,False
BIN_1847104,wrapper,0,0,False
BIN_1847330,wrapper,1,1,False
BIN_1848484,wrapper,0,0,False
BIN_1848812,wrapper,1,1,False
BIN_1849427,wrapper,1,1,False
BIN_1849541,injected,0,0,False
BIN_1849567,injected,1,1,False
BIN_1851561,wrapper,1,1,False
BIN_1852396,wrapper,1,1,False
BIN_1853384,wrapper,0,0,False
BIN_1853712,wrapper,0,0,False
BIN_1853993,wrapper,0,0,False
BIN_1854362,wrapper,1,1,False
BIN_1855041,wrapper,0,0,False
BIN_1855245,wrapper,1,1,False
BIN_1855538,wrapper,0,0,False
BIN_1855553,injected,0,0,False
BIN_1856728,wrapper,1,1,False
BIN_1856916,wrapper,0,0,False
BIN_1857595,injected,0,0,False
BIN_1858414,wrapper,1,1,False
BIN_1858800,wrapper,1,1,False
BIN_1859129,wrapper,0,0,False
BIN_1859405,wrapper,1,1,False
BIN_1860275,wrapper,1,1,False
BIN_1860320,wrapper,0,0,False
BIN_1860465,wrapper,0,0,False
BIN_1860483,injected,1,1,False
BIN_1861856,wrapper,0,0,False
BIN_1862701,injected,1,1,False
BIN_1864042,wrapper,1,1,False
BIN_1864231,wrapper,0,0,False
BIN_1864610,wrapper,0,0,False
BIN_1864704,wrapper,0,0,False
BIN_1865289,injected,0,0,False
BIN_1865568,wrapper,1,1,False
BIN_1866584,injected,0,0,False
BIN_1866967,injected,1,1,False
BIN_1867149,injected,1,1,False
BIN_1867793,wrapper,0,0,False
BIN_1867815,injected,0,0,False
BIN_1868671,wrapper,0,0,False
BIN_1869064,injected,1,1,False
BIN_1869330,wrapper,1,1,False
BIN_1869610,wrapper,1,1,False
BIN_1871543,injected,1,1,False
BIN_1872810,wrapper,0,0,False
BIN_1873590,wrapper,0,0,False
BIN_1873922,wrapper,1,1,False
BIN_1874258,wrapper,1,1,False
BIN_1874994,injected,1,1,False
BIN_1875187,wrapper,0,0,False
BIN_1875335,wrapper,1,1,False
BIN_1875567,wrapper,0,0,False
BIN_1877534,wrapper,1,1,False
BIN_1877594,wrapper,1,1,False
BIN_1878051,wrapper,1,1,False
BIN_1878238,wrapper,1,1,False
BIN_1878950,wrapper,1,1,False
BIN_1878982,wrapper,0,0,False
BIN_1879545,wrapper,1,1,False
BIN_1879868,wrapper,0,0,False
BIN_1880634,wrapper,1,1,False
BIN_1881255,injected,0,0,False
BIN_1881978,injected,1,1,False
BIN_1882354,wrapper,1,1,False
BIN_1883138,wrapper,1,1,False
BIN_1884425,wrapper,0,0,False
BIN_1884737,wrapper,0,0,False
BIN_1884760,wrapper,0,0,False
BIN_1885200,injected,0,0,False
BIN_1885659,wrapper,1,1,False
BIN_1886292,wrapper,1,1,False
BIN_1886637,wrapper,1,1,False
BIN_1886879,wrapper,0,0,False
BIN_1888880,wrapper,0,0,False
BIN_1889140,injected,1,1,False
BIN_1889276,wrapper,0,0,False
BIN_1889895,injected,0,0,False
BIN_1890997,wrapper,1,1,False
BIN_1892330,wrapper,0,0,False
BIN_1892542,injected,1,1,False
BIN_1894109,wrapper,1,1,False
BIN_1896022,injected,0,0,False
BIN_1896060,wrapper,1,1,False
BIN_1896189,injected,1,1,False
BIN_1897171,wrapper,1,1,False
BIN_1897257,injected,0,0,False
BIN_1898358,wrapper,0,0,False
BIN_1898703,wrapper,1,1,False
BIN_1899198,wrapper,0,0,False
BIN_1899599,wrapper,1,1,False
BIN_1900776,wrapper,0,0,False
BIN_1901433,wrapper,1,1,False
BIN_1902428,injected,1,1,False
BIN_1902725,wrapper,0,0,False
BIN_1902883,wrapper,0,0,False
BIN_1903940,wrapper,1,1,False
BIN_1904079,wrapper,1,1,False
BIN_1904177,wrapper,1,1,False
BIN_1904756,wrapper,1,1,False
BIN_1905041,wrapper,1,1,False
BIN_1906955,wrapper,0,0,False
BIN_1908083,wrapper,0,0,False
BIN_1908097,wrapper,1,1,False
BIN_1909879,wrapper,0,0,False
BIN_1910673,wrapper,0,0,False
BIN_1913063,wrapper,0,0,False
BIN_1913241,injected,0,0,False
BIN_1913775,wrapper,1,1,False
BIN_1914743,wrapper,1,1,False
BIN_1915497,wrapper,0,0,False
BIN_1915534,wrapper,1,1,False
BIN_1916035,injected,0,0,False
BIN_1916045,wrapper,0,0,False
BIN_1917044,wrapper,0,0,False
BIN_1917765,wrapper,0,0,False
BIN_1918571,injected,1,1,False
BIN_1919355,wrapper,1,1,False
BIN_1919789,wrapper,1,1,False
BIN_1919875,wrapper,1,1,False
BIN_1920534,wrapper,1,1,False
BIN_1922503,wrapper,1,1,False
BIN_1923110,wrapper,1,1,False
BIN_1923652,wrapper,0,0,False
BIN_1923859,wrapper,0,0,False
BIN_1924123,wrapper,0,0,False
BIN_1925525,wrapper,1,1,False
BIN_1925712,wrapper,1,1,False
BIN_1927329,injected,1,1,False
BIN_1927846,wrapper,0,0,False
BIN_1927879,injected,0,0,False
BIN_1928461,wrapper,1,1,False
BIN_1929022,wrapper,0,0,False
BIN_1929245,injected,1,1,False
BIN_1929396,wrapper,0,0,False
BIN_1929753,wrapper,1,1,False
BIN_1930423,injected,1,1,False
BIN_1931448,wrapper,1,1,False
BIN_1932055,wrapper,1,1,False
BIN_1933446,wrapper,1,1,False
BIN_1934429,injected,0,0,False
BIN_1934432,wrapper,1,1,False
BIN_1934759,wrapper,1,1,False
BIN_1935412,wrapper,0,0,False
BIN_1935452,injected,0,0,False
BIN_1935785,wrapper,0,0,False
BIN_1935831,injected,1,1,False
BIN_1936069,wrapper,1,1,False
BIN_1936984,wrapper,0,0,False
BIN_1937090,injected,0,0,False
BIN_1937531,injected,0,0,False
BIN_1937840,injected,1,1,False
BIN_1937901,wrapper,0,0,False
BIN_1938167,injected,1,1,False
BIN_1938400,wrapper,1,1,False
BIN_1938463,wrapper,0,0,False
BIN_1938615,wrapper,1,1,False
BIN_1939107,wrapper,0,0,False
BIN_1939171,injected,0,0,False
BIN_1939507,wrapper,0,0,False
BIN_1940244,wrapper,1,1,False
BIN_1940670,wrapper,1,1,False
BIN_1942143,wrapper,0,0,False
BIN_1942182,wrapper,0,0,False
BIN_1942502,wrapper,1,1,False
BIN_1942690,injected,0,0,False
BIN_1944312,wrapper,0,0,False
BIN_1944336,wrapper,0,0,False
BIN_1945733,injected,0,0,False
BIN_1945764,wrapper,0,0,False
BIN_1945768,injected,1,1,False
BIN_1945809,wrapper,1,1,False
BIN_1946502,injected,0,0,False
BIN_1947616,wrapper,0,0,False
BIN_1948398,wrapper,1,1,False
BIN_1951264,wrapper,1,1,False
BIN_1951392,wrapper,0,0,False
BIN_1951459,injected,0,0,False
BIN_1951646,wrapper,1,1,False
BIN_1952471,wrapper,0,0,False
BIN_1953607,wrapper,1,1,False
BIN_1954406,wrapper,1,1,False
BIN_1954419,wrapper,1,1,False
BIN_1954565,injected,0,0,False
BIN_1954741,injected,1,1,False
BIN_1955024,injected,1,1,False
BIN_1955438,wrapper,1,1,False
BIN_1955580,wrapper,0,0,False
BIN_1956267,wrapper,1,1,False
BIN_1957041,injected,1,1,False
BIN_1957360,wrapper,1,1,False
BIN_1957866,wrapper,1,1,False
BIN_1957910,wrapper,0,0,False
BIN_1957999,wrapper,0,0,False
BIN_1958082,wrapper,0,0,False
BIN_1958275,wrapper,1,1,False
BIN_1958446,wrapper,0,0,False
BIN_1959768,wrapper,1,1,False
BIN_1959848,wrapper,0,0,False
BIN_1961768,wrapper,1,1,False
BIN_1963056,wrapper,1,1,False
BIN_1963167,injected,0,0,False
BIN_1963540,wrapper,0,0,False
BIN_1963893,wrapper,0,0,False
BIN_1964223,wrapper,0,0,False
BIN_1964259,wrapper,0,0,False
BIN_1964309,wrapper,0,0,False
BIN_1964676,injected,1,1,False
BIN_1964701,injected,0,0,False
BIN_1965917,wrapper,0,0,False
BIN_1966955,injected,0,0,False
BIN_1967080,injected,1,1,False
BIN_1968025,wrapper,0,0,False
BIN_1969010,wrapper,1,1,False
BIN_1969954,wrapper,0,0,False
BIN_1970582,wrapper,0,0,False
BIN_1972380,wrapper,1,1,False
BIN_1973021,wrapper,1,1,False
BIN_1973452,wrapper,1,1,False
BIN_1973757,wrapper,0,0,False
BIN_1973994,wrapper,1,1,False
BIN_1974517,wrapper,0,0,False
BIN_1975065,injected,0,0,False
BIN_1975687,wrapper,1,1,False
BIN_1976715,wrapper,0,0,False
BIN_1977349,injected,1,1,False
BIN_1978012,wrapper,1,1,False
BIN_1979853,injected,0,0,False
BIN_1980408,wrapper,1,1,False
BIN_1981338,wrapper,1,1,False
BIN_1981853,wrapper,1,1,False
BIN_1982431,wrapper,1,1,False
BIN_1982923,wrapper,0,0,False
BIN_1983103,injected,0,0,False
BIN_1983986,wrapper,1,1,False
BIN_1984582,wrapper,0,0,False
BIN_1985408,wrapper,0,0,False
BIN_1985878,wrapper,0,0,False
BIN_1986719,wrapper,0,0,False
BIN_1986980,injected,1,1,False
BIN_1987494,wrapper,0,0,False
BIN_1987712,injected,0,0,False
BIN_1987858,injected,1,1,False
BIN_1988400,wrapper,0,0,False
BIN_1988814,wrapper,1,1,False
BIN_1988960,wrapper,0,0,False
BIN_1989115,wrapper,0,0,False
BIN_1989240,injected,0,0,False
BIN_1989460,injected,0,0,False
BIN_1989581,wrapper,1,1,False
BIN_1989748,injected,1,1,False
BIN_1990115,injected,0,0,False
BIN_1990385,wrapper,0,0,False
BIN_1992474,wrapper,1,1,False
BIN_1992752,injected,1,1,False
BIN_1992863,wrapper,0,0,False
BIN_1993100,wrapper,0,0,False
BIN_1993210,injected,1,1,False
BIN_1993317,wrapper,0,0,False
BIN_1993359,injected,0,0,False
BIN_1993492,wrapper,0,0,False
BIN_1993744,injected,1,1,False
BIN_1993794,wrapper,1,1,False
BIN_1994339,wrapper,0,0,False
BIN_1994530,wrapper,1,1,False
BIN_1994622,wrapper,1,1,False
BIN_1994788,wrapper,0,0,False
BIN_1994941,wrapper,1,1,False
BIN_1995410,wrapper,1,1,False
BIN_1995528,wrapper,0,0,False
BIN_1995610,injected,1,1,False
BIN_1997409,wrapper,0,0,False
BIN_1997419,wrapper,0,0,False
BIN_1997756,injected,0,0,False
BIN_1998376,wrapper,1,1,False
BIN_1999429,wrapper,0,0,False
BIN_2000339,wrapper,1,1,False
BIN_2002422,injected,1,1,False
BIN_2003503,wrapper,1,1,False
BIN_2003581,wrapper,0,0,False
BIN_2004196,injected,1,1,False
BIN_2005339,wrapper,1,1,False
BIN_2005691,wrapper,0,0,False
BIN_2005904,injected,0,0,False
BIN_2006524,wrapper,1,1,False
BIN_2006638,wrapper,1,1,False
BIN_2007813,wrapper,1,1,False
BIN_2007902,wrapper,0,0,False
BIN_2010465,wrapper,0,0,False
BIN_2010862,wrapper,1,1,False
BIN_2011381,wrapper,1,1,False
BIN_2012092,wrapper,0,0,False
BIN_2012712,injected,0,0,False
BIN_2013496,wrapper,1,1,False
BIN_2014068,wrapper,0,0,False
BIN_2016151,wrapper,1,1,False
BIN_2016166,wrapper,1,1,False
BIN_2017314,injected,1,1,False
BIN_2017695,wrapper,1,1,False
BIN_2018732,injected,1,1,False
BIN_2019129,wrapper,1,1,False
BIN_2020178,wrapper,0,0,False
BIN_2020198,wrapper,1,1,False
BIN_2021761,wrapper,1,1,False
BIN_2022199,injected,1,1,False
BIN_2022330,wrapper,0,0,False
BIN_2023098,wrapper,1,1,False
BIN_2023503,injected,1,1,False
BIN_2023704,injected,1,1,False
BIN_2023817,injected,1,1,False
BIN_2024903,injected,1,1,False
BIN_2025003,wrapper,1,1,False
BIN_2025147,wrapper,1,1,False
BIN_2025569,wrapper,1,1,False
BIN_2025657,wrapper,0,0,False
BIN_2026144,wrapper,0,0,False
BIN_2026374,injected,0,0,False
BIN_2026419,injected,0,0,False
BIN_2026439,wrapper,1,1,False
BIN_2028594,wrapper,0,0,False
BIN_2028696,injected,0,0,False
BIN_2030422,injected,0,0,False
BIN_2030665,wrapper,0,0,False
BIN_2031734,wrapper,0,0,False
BIN_2032282,injected,1,1,False
BIN_2032743,injected,1,1,False
BIN_2034250,injected,1,1,False
BIN_2034388,wrapper,1,1,False
BIN_2034440,wrapper,0,0,False
BIN_2037219,wrapper,0,0,False
BIN_2037890,wrapper,0,0,False
BIN_2039778,wrapper,1,1,False
BIN_2040165,injected,0,0,False
BIN_2040928,wrapper,0,0,False
BIN_2041272,wrapper,0,0,False
BIN_2041335,wrapper,0,0,False
BIN_2041898,wrapper,1,1,False
BIN_2042123,wrapper,0,0,False
BIN_2042155,injected,0,0,False
BIN_2042384,injected,0,0,False
BIN_2042575,wrapper,0,0,False
BIN_2042845,injected,1,1,False
BIN_2042970,injected,0,0,False
BIN_2043358,wrapper,1,1,False
BIN_2043380,wrapper,1,1,False
BIN_2043411,wrapper,1,1,False
BIN_2043834,wrapper,1,1,False
BIN_2043914,wrapper,1,1,False
BIN_2043915,wrapper,1,1,False
BIN_2043964,wrapper,0,0,False
BIN_2044310,injected,0,0,False
BIN_2044359,wrapper,1,1,False
BIN_2044489,injected,0,0,False
BIN_2044962,wrapper,1,1,False
BIN_2045201,wrapper,0,0,False
BIN_2046096,wrapper,0,0,False
BIN_2048501,wrapper,1,1,False
BIN_2048691,injected,1,1,False
BIN_2048752,wrapper,0,0,False
BIN_2050995,wrapper,1,1,False
BIN_2053187,wrapper,0,0,False
BIN_2054326,injected,1,1,False
BIN_2054350,wrapper,1,1,False
BIN_2054614,wrapper,1,1,False
BIN_2055144,injected,0,0,False
BIN_2055913,wrapper,1,1,False
BIN_2055924,injected,0,0,False
BIN_2056925,wrapper,0,0,False
BIN_2060031,wrapper,1,1,False
BIN_2060036,wrapper,1,1,False
BIN_2061600,wrapper,0,0,False
BIN_2062171,wrapper,0,0,False
BIN_2062336,wrapper,1,1,False
BIN_2063109,wrapper,1,1,False
BIN_2063221,wrapper,0,0,False
BIN_2063508,wrapper,0,0,False
BIN_2065268,wrapper,1,1,False
BIN_2066009,wrapper,1,1,False
BIN_2066092,wrapper,1,1,False
BIN_2066406,wrapper,1,1,False
BIN_2069110,injected,1,1,False
BIN_2069346,wrapper,1,1,False
BIN_2069431,wrapper,1,1,False
BIN_2071281,injected,0,0,False
BIN_2072592,injected,1,1,False
BIN_2072979,injected,1,1,False
BIN_2072980,wrapper,0,0,False
BIN_2073301,wrapper,1,1,False
BIN_2073887,wrapper,0,0,False
BIN_2075085,injected,1,1,False
BIN_2075709,injected,0,0,False
BIN_2076628,injected,0,0,False
BIN_2076743,wrapper,0,0,False
BIN_2076823,wrapper,0,0,False
BIN_2077332,wrapper,1,1,False
BIN_2078753,wrapper,0,0,False
BIN_2080183,wrapper,0,0,False
BIN_2080556,wrapper,1,1,False
BIN_2082008,injected,1,1,False
BIN_2083279,injected,0,0,False
BIN_2083628,wrapper,1,1,False
BIN_2083846,wrapper,1,1,False
BIN_2085279,injected,1,1,False
BIN_2085468,wrapper,0,0,False
BIN_2085780,injected,0,0,False
BIN_2085866,wrapper,0,0,False
BIN_2086009,injected,1,1,False
BIN_2086222,wrapper,1,1,False
BIN_2086684,wrapper,0,0,False
BIN_2087241,wrapper,0,0,False
BIN_2087799,wrapper,0,0,False
BIN_2087917,injected,0,0,False
BIN_2089492,wrapper,1,1,False
BIN_2089637,wrapper,0,0,False
BIN_2090687,wrapper,1,1,False
BIN_2092241,injected,1,1,False
BIN_2092634,wrapper,0,0,False
BIN_2092735,injected,0,0,False
BIN_2092859,injected,0,0,False
BIN_2092875,wrapper,0,0,False
BIN_2093563,wrapper,0,0,False
BIN_2093591,wrapper,1,1,False
BIN_2094339,wrapper,0,0,False
BIN_2094538,wrapper,0,0,False
BIN_2095310,wrapper,0,0,False
BIN_2095537,wrapper,1,1,False
BIN_2096199,wrapper,1,1,False
BIN_2096558,injected,1,1,False
BIN_2096859,wrapper,1,1,False
BIN_2097146,injected,0,0,False
BIN_2097494,wrapper,1,1,False
BIN_2098571,wrapper,1,1,False
BIN_2099499,wrapper,1,1,False
BIN_2099835,injected,1,1,False
BIN_2100615,wrapper,1,1,False
BIN_2100838,injected,0,0,False
BIN_2100882,injected,1,1,False
BIN_2103055,injected,0,0,False
BIN_2104739,injected,0,0,False
BIN_2104750,wrapper,1,1,False
BIN_2105025,wrapper,1,1,False
BIN_2105480,wrapper,1,1,False
BIN_2105941,wrapper,1,1,False
BIN_2106330,wrapper,1,1,False
BIN_2106644,wrapper,0,0,False
BIN_2106709,injected,1,1,False
BIN_2106997,wrapper,1,1,False
BIN_2107083,injected,1,1,False
BIN_2107623,wrapper,1,1,False
BIN_2107747,wrapper,1,1,False
BIN_2107764,injected,1,1,False
BIN_2108180,wrapper,0,0,False
BIN_2108552,wrapper,1,1,False
BIN_2108849,injected,1,1,False
BIN_2108923,wrapper,0,0,False
BIN_2109726,injected,1,1,False
BIN_2109744,injected,0,0,False
BIN_2109954,injected,1,1,False
BIN_2109976,wrapper,0,0,False
BIN_2110129,injected,0,0,False
BIN_2110459,injected,0,0,False
BIN_2111116,wrapper,0,0,False
BIN_2111704,wrapper,1,1,False
BIN_2112088,wrapper,0,0,False
BIN_2112101,wrapper,0,0,False
BIN_2112136,wrapper,0,0,False
BIN_2112749,injected,0,0,False
BIN_2112774,wrapper,1,1,False
BIN_2112937,wrapper,0,0,False
BIN_2112996,wrapper,1,1,False
BIN_2113681,injected,1,1,False
BIN_2114829,wrapper,1,1,False
BIN_2115280,wrapper,0,0,False
BIN_2115724,wrapper,0,0,False
BIN_2115749,injected,0,0,False
BIN_2115877,wrapper,0,0,False
BIN_2116743,wrapper,0,0,False
BIN_2117268,wrapper,1,1,False
BIN_2118465,injected,0,0,False
BIN_2118566,wrapper,0,0,False
BIN_2119695,injected,0,0,False
BIN_2120063,injected,0,0,False
BIN_2120432,wrapper,0,0,False
BIN_2121090,wrapper,0,0,False
BIN_2121780,injected,1,1,False
BIN_2121965,wrapper,1,1,False
BIN_2123100,injected,0,0,False
BIN_2123770,injected,1,1,False
BIN_2124203,wrapper,1,1,False
BIN_2126504,wrapper,1,1,False
BIN_2126644,injected,0,0,False
BIN_2127065,injected,0,0,False
BIN_2127637,injected,1,1,False
BIN_2129355,wrapper,0,0,False
BIN_2130268,wrapper,0,0,False
BIN_2130899,wrapper,1,1,False
BIN_2130943,wrapper,1,1,False
BIN_2131002,wrapper,0,0,False
BIN_2131415,wrapper,0,0,False
BIN_2131958,wrapper,0,0,False
BIN_2132733,injected,1,1,False
BIN_2132867,wrapper,0,0,False
BIN_2133330,wrapper,0,0,False
BIN_2134900,wrapper,1,1,False
BIN_2135396,wrapper,0,0,False
BIN_2135868,wrapper,1,1,False
BIN_2136236,wrapper,0,0,False
BIN_2136683,wrapper,0,0,False
BIN_2136904,wrapper,0,0,False
BIN_2137421,injected,0,0,False
BIN_2137438,injected,1,1,False
BIN_2137861,wrapper,0,0,False
BIN_2138117,injected,0,0,False
BIN_2138218,wrapper,1,1,False
BIN_2138335,wrapper,1,1,False
BIN_2138646,wrapper,1,1,False
BIN_2139027,wrapper,0,0,False
BIN_2140297,wrapper,1,1,False
BIN_2140491,wrapper,1,1,False
BIN_2140703,injected,1,1,False
BIN_2141056,wrapper,0,0,False
BIN_2141562,wrapper,1,1,False
BIN_2141697,wrapper,0,0,False
BIN_2141733,injected,0,0,False
BIN_2141909,injected,0,0,False
BIN_2142024,injected,1,1,False
BIN_2143047,wrapper,1,1,False
BIN_2143372,injected,1,1,False
BIN_2143890,injected,0,0,False
BIN_2143998,wrapper,1,1,False
BIN_2144172,injected,1,1,False
BIN_2144880,wrapper,0,0,False
BIN_2144944,wrapper,0,0,False
BIN_2144946,wrapper,1,1,False
BIN_2145049,wrapper,0,0,False
BIN_2145722,injected,0,0,False
BIN_2146062,wrapper,1,1,False
BIN_2146663,wrapper,1,1,False
BIN_2147213,injected,0,0,False
BIN_2148021,wrapper,0,0,False
BIN_2148271,injected,1,1,False
BIN_2148961,wrapper,0,0,False
BIN_2149121,wrapper,1,1,False
BIN_2149622,wrapper,1,1,False
BIN_2149751,injected,0,0,False
BIN_2149872,injected,0,0,False
BIN_2151038,wrapper,0,0,False
BIN_2151088,injected,1,1,False
BIN_2151299,wrapper,0,0,False
BIN_2152854,injected,1,1,False
BIN_2153054,wrapper,0,0,False
BIN_2153547,wrapper,1,1,False
BIN_2153979,wrapper,0,0,False
BIN_2156270,wrapper,1,1,False
BIN_2156531,injected,1,1,False
BIN_2156633,wrapper,1,1,False
BIN_2157203,wrapper,0,0,False
BIN_2157274,wrapper,0,0,False
BIN_2157379,wrapper,1,1,False
BIN_2157440,injected,1,1,False
BIN_2158038,injected,0,0,False
BIN_2158702,wrapper,1,1,False
BIN_2159047,wrapper,1,1,False
BIN_2159136,injected,0,0,False
BIN_2159209,wrapper,1,1,False
BIN_2159349,wrapper,0,0,False
BIN_2160049,injected,0,0,False
BIN_2160059,injected,0,0,False
BIN_2160858,wrapper,0,0,False
BIN_2161165,wrapper,1,1,False
BIN_2161379,wrapper,1,1,False
BIN_2162960,wrapper,1,1,False
BIN_2163059,injected,1,1,False
BIN_2163127,injected,0,0,False
BIN_2163156,wrapper,1,1,False
BIN_2163371,wrapper,0,0,False
BIN_2163860,wrapper,0,0,False
BIN_2165126,wrapper,1,1,False
BIN_2165552,injected,1,1,False
BIN_2165576,wrapper,0,0,False
BIN_2166574,wrapper,0,0,False
BIN_2166601,injected,0,0,False
BIN_2167249,wrapper,1,1,False
BIN_2167927,injected,1,1,False
BIN_2168424,injected,0,0,False
BIN_2169396,wrapper,0,0,False
BIN_2169818,wrapper,1,1,False
BIN_2169904,wrapper,0,0,False
BIN_2170071,injected,0,0,False
BIN_2170221,wrapper,0,0,False
BIN_2171777,injected,0,0,False
BIN_2173192,wrapper,0,0,False
BIN_2173374,injected,0,0,False
BIN_2173405,wrapper,1,1,False
BIN_2173466,wrapper,0,0,False
BIN_2173704,wrapper,1,1,False
BIN_2174279,injected,1,1,False
BIN_2175798,injected,1,1,False
BIN_2175971,wrapper,0,0,False
BIN_2177228,injected,1,1,False
BIN_2178147,wrapper,0,0,False
BIN_2178201,wrapper,0,0,False
BIN_2178850,injected,0,0,False
BIN_2179468,wrapper,0,0,False
BIN_2179683,wrapper,0,0,False
BIN_2180538,wrapper,0,0,False
BIN_2180896,wrapper,1,1,False
BIN_2181259,wrapper,1,1,False
BIN_2181306,wrapper,0,0,False
BIN_2181533,wrapper,0,0,False
BIN_2182624,wrapper,1,1,False
BIN_2183425,wrapper,1,1,False
BIN_2183466,injected,1,1,False
BIN_2183776,wrapper,0,0,False
BIN_2185015,injected,0,0,False
BIN_2185151,injected,1,1,False
BIN_2186130,wrapper,1,1,False
BIN_2186206,wrapper,0,0,False
BIN_2186954,injected,0,0,False
BIN_2189355,injected,1,1,False
BIN_2189825,wrapper,0,0,False
BIN_2191069,wrapper,1,1,False
BIN_2191307,wrapper,0,0,False
BIN_2191730,injected,1,1,False
BIN_2195193,wrapper,1,1,False
BIN_2195551,wrapper,0,0,False
BIN_2195586,wrapper,0,0,False
BIN_2195616,wrapper,0,0,False
BIN_2196882,injected,0,0,False
BIN_2197043,injected,0,0,False
BIN_2197175,wrapper,1,1,False
BIN_2198604,injected,0,0,False
BIN_2199655,wrapper,0,0,False
BIN_2201808,injected,1,1,False
BIN_2203214,wrapper,1,1,False
BIN_2203775,injected,0,0,False
BIN_2204148,wrapper,1,1,False
BIN_2204598,injected,1,1,False
BIN_2205663,wrapper,0,0,False
BIN_2205827,wrapper,0,0,False
BIN_2206619,injected,0,0,False
BIN_2207192,injected,0,0,False
BIN_2207799,wrapper,1,1,False
BIN_2208787,wrapper,0,0,False
BIN_2208909,wrapper,0,0,False
BIN_2208966,wrapper,0,0,False
BIN_2209289,injected,1,1,False
BIN_2209404,injected,0,0,False
BIN_2209455,wrapper,0,0,False
BIN_2210383,wrapper,0,0,False
BIN_2210545,injected,0,0,False
BIN_2210703,wrapper,1,1,False
BIN_2211102,wrapper,1,1,False
BIN_2211287,wrapper,1,1,False
BIN_2212197,wrapper,0,0,False
BIN_2213936,wrapper,0,0,False
BIN_2214308,injected,1,1,False
BIN_2215536,wrapper,0,0,False
BIN_2216141,wrapper,1,1,False
BIN_2216490,wrapper,1,1,False
BIN_2216677,wrapper,1,1,False
BIN_2217201,wrapper,0,0,False
BIN_2217531,wrapper,1,1,False
BIN_2218166,wrapper,1,1,False
BIN_2222322,wrapper,0,0,False
BIN_2222374,injected,0,0,False
BIN_2222891,wrapper,0,0,False
BIN_2223041,wrapper,1,1,False
BIN_2223569,wrapper,0,0,False
BIN_2224244,injected,1,1,False
BIN_2224871,injected,1,1,False
BIN_2225144,wrapper,0,0,False
BIN_2226496,wrapper,1,1,False
BIN_2226792,injected,0,0,False
BIN_2227882,wrapper,1,1,False
BIN_2228185,injected,0,0,False
BIN_2228265,injected,1,1,False
BIN_2229454,wrapper,0,0,False
BIN_2230457,wrapper,0,0,False
BIN_2230761,injected,1,1,False
BIN_2231571,wrapper,1,1,False
BIN_2231607,injected,1,1,False
BIN_2231784,wrapper,0,0,False
BIN_2231908,wrapper,1,1,False
BIN_2233857,injected,0,0,False
BIN_2234168,injected,0,0,False
BIN_2234407,wrapper,1,1,False
BIN_2235629,wrapper,0,0,False
BIN_2235815,wrapper,1,1,False
BIN_2237139,wrapper,1,1,False
BIN_2237490,wrapper,1,1,False
BIN_2238231,wrapper,0,0,False
BIN_2238592,wrapper,0,0,False
BIN_2238618,injected,1,1,False
BIN_2241778,wrapper,0,0,False
BIN_2241963,injected,1,1,False
BIN_2242668,injected,1,1,False
BIN_2242914,wrapper,1,1,False
BIN_2243138,wrapper,1,1,False
BIN_2244223,injected,1,1,False
BIN_2244479,wrapper,0,0,False
BIN_2245127,wrapper,0,0,False
BIN_2245529,injected,0,0,False
BIN_2246230,wrapper,0,0,False
BIN_2246759,injected,1,1,False
BIN_2246811,injected,1,1,False
BIN_2247322,wrapper,1,1,False
BIN_2247706,injected,0,0,False
BIN_2247775,wrapper,0,0,False
BIN_2248124,wrapper,1,1,False
BIN_2249417,injected,1,1,False
BIN_2250974,injected,0,0,False
BIN_2251167,wrapper,1,1,False
BIN_2251428,injected,0,0,False
BIN_2253674,wrapper,0,0,False
BIN_2254738,injected,0,0,False
BIN_2254946,wrapper,1,1,False
BIN_2255117,wrapper,1,1,False
BIN_2255167,wrapper,1,1,False
BIN_2255801,wrapper,1,1,False
BIN_2256829,wrapper,1,1,False
BIN_2257886,injected,1,1,False
BIN_2259097,wrapper,1,1,False
BIN_2259365,injected,0,0,False
BIN_2259835,wrapper,1,1,False
BIN_2260318,wrapper,0,0,False
BIN_2260429,wrapper,0,0,False
BIN_2260592,injected,1,1,False
BIN_2263583,wrapper,1,1,False
BIN_2263780,wrapper,0,0,False
BIN_2264320,wrapper,1,1,False
BIN_2265346,wrapper,1,1,False
BIN_2266130,wrapper,1,1,False
BIN_2267035,wrapper,0,0,False
BIN_2267382,wrapper,0,0,False
BIN_2267646,injected,0,0,False
BIN_2268089,wrapper,1,1,False
BIN_2268672,wrapper,1,1,False
BIN_2268734,wrapper,1,1,False
BIN_2270532,wrapper,1,1,False
BIN_2271155,injected,0,0,False
BIN_2271366,injected,1,1,False
BIN_2272470,wrapper,1,1,False
BIN_2273268,wrapper,0,0,False
BIN_2274075,injected,1,1,False
BIN_2275323,injected,1,1,False
BIN_2276422,injected,1,1,False
BIN_2276423,injected,1,1,False
BIN_2276754,wrapper,1,1,False
BIN_2276936,wrapper,1,1,False
BIN_2278303,injected,0,0,False
BIN_2278529,injected,0,0,False
BIN_2278676,wrapper,1,1,False
BIN_2279145,injected,1,1,False
BIN_2279738,wrapper,0,0,False
BIN_2280047,injected,1,1,False
BIN_2280331,injected,1,1,False
BIN_2280883,wrapper,0,0,False
BIN_2281568,wrapper,1,1,False
BIN_2281609,wrapper,0,0,False
BIN_2281946,injected,1,1,False
BIN_2284327,wrapper,1,1,False
BIN_2284469,wrapper,0,0,False
BIN_2284734,wrapper,1,1,False
BIN_2285340,wrapper,0,0,False
BIN_2286131,wrapper,1,1,False
BIN_2286213,wrapper,0,0,False
BIN_2287973,wrapper,0,0,False
BIN_2291226,wrapper,0,0,False
BIN_2292193,wrapper,1,1,False
BIN_2292295,wrapper,1,1,False
BIN_2292600,wrapper,1,1,False
BIN_2294366,injected,0,0,False
BIN_2294563,injected,1,1,False
BIN_2294657,injected,1,1,False
BIN_2295382,injected,0,0,False
BIN_2295727,wrapper,1,1,False
BIN_2297181,injected,1,1,False
BIN_2298497,wrapper,0,0,False
BIN_2298632,wrapper,1,1,False
BIN_2301527,wrapper,1,1,False
BIN_2302511,wrapper,1,1,False
BIN_2302576,injected,1,1,False
BIN_2302616,injected,1,1,False
BIN_2303448,wrapper,0,0,False
BIN_2304111,injected,1,1,False
BIN_2305761,wrapper,1,1,False
BIN_2307664,injected,0,0,False
BIN_2308190,injected,1,1,False
BIN_2308398,wrapper,0,0,False
BIN_2309273,wrapper,0,0,False
BIN_2310207,injected,0,0,False
BIN_2310770,injected,1,1,False
BIN_2312429,wrapper,0,0,False
BIN_2313350,wrapper,1,1,False
BIN_2313385,wrapper,1,1,False
BIN_2313401,injected,0,0,False
BIN_2315125,injected,1,1,False
BIN_2316158,wrapper,0,0,False
BIN_2316661,wrapper,1,1,False
BIN_2317125,injected,0,0,False
BIN_2317178,wrapper,1,1,False
BIN_2317669,wrapper,0,0,False
BIN_2318127,injected,0,0,False
BIN_2318320,wrapper,0,0,False
BIN_2318570,wrapper,1,1,False
BIN_2318731,injected,0,0,False
BIN_2319564,injected,0,0,False
BIN_2320317,wrapper,0,0,False
BIN_2320738,wrapper,1,1,False
BIN_2321425,wrapper,1,1,False
BIN_2322028,wrapper,0,0,False
BIN_2322839,wrapper,0,0,False
BIN_2323677,wrapper,0,0,False
BIN_2324302,injected,1,1,False
BIN_2324328,wrapper,1,1,False
BIN_2324516,injected,1,1,False
BIN_2325202,injected,0,0,False
BIN_2325435,injected,1,1,False
BIN_2325704,wrapper,0,0,False
BIN_2325730,wrapper,1,1,False
BIN_2326486,wrapper,0,0,False
BIN_2327010,wrapper,0,0,False
BIN_2327756,injected,0,0,False
BIN_2328806,wrapper,1,1,False
BIN_2329381,wrapper,1,1,False
BIN_2329886,wrapper,1,1,False
BIN_2330634,wrapper,0,0,False
BIN_2330855,wrapper,0,0,False
BIN_2330857,wrapper,1,1,False
BIN_2331413,wrapper,1,1,False
BIN_2331742,wrapper,1,1,False
BIN_2332103,wrapper,0,0,False
BIN_2332555,wrapper,1,1,False
BIN_2332636,injected,0,0,False
BIN_2333235,wrapper,1,1,False
BIN_2333671,wrapper,1,1,False
BIN_2334426,wrapper,0,0,False
BIN_2335121,wrapper,1,1,False
BIN_2335437,wrapper,1,1,False
BIN_2335642,wrapper,0,0,False
BIN_2335837,wrapper,1,1,False
BIN_2336249,injected,0,0,False
BIN_2336305,injected,0,0,False
BIN_2336708,injected,0,0,False
BIN_2336783,wrapper,0,0,False
BIN_2337402,injected,0,0,False
BIN_2337676,wrapper,0,0,False
BIN_2337934,wrapper,0,0,False
BIN_2338043,wrapper,1,1,False
BIN_2340095,wrapper,0,0,False
BIN_2341086,wrapper,1,1,False
BIN_2341170,wrapper,1,1,False
BIN_2343010,wrapper,0,0,False
BIN_2343335,wrapper,0,0,False
BIN_2343956,wrapper,0,0,False
BIN_2347064,wrapper,1,1,False
BIN_2347861,wrapper,1,1,False
BIN_2348311,wrapper,0,0,False
BIN_2348413,wrapper,1,1,False
BIN_2349620,wrapper,1,1,False
BIN_2349634,injected,1,1,False
BIN_2349856,wrapper,0,0,False
BIN_2351696,wrapper,0,0,False
BIN_2352833,wrapper,1,1,False
BIN_2353060,injected,1,1,False
BIN_2353165,wrapper,0,0,False
BIN_2353707,wrapper,1,1,False
BIN_2355321,injected,0,0,False
BIN_2355416,wrapper,1,1,False
BIN_2356523,injected,0,0,False
BIN_2357081,wrapper,1,1,False
BIN_2357164,wrapper,1,1,False
BIN_2358576,wrapper,0,0,False
BIN_2364731,wrapper,0,0,False
BIN_2366938,wrapper,0,0,False
BIN_2367800,wrapper,0,0,False
BIN_2368037,wrapper,0,0,False
BIN_2369350,injected,0,0,False
BIN_2369502,injected,1,1,False
BIN_2369844,wrapper,1,1,False
BIN_2370365,wrapper,1,1,False
BIN_2371125,wrapper,0,0,False
BIN_2371716,wrapper,0,0,False
BIN_2372907,wrapper,0,0,False
BIN_2372958,wrapper,1,1,False
BIN_2373535,wrapper,0,0,False
BIN_2373674,wrapper,0,0,False
BIN_2374252,wrapper,0,0,False
BIN_2374379,wrapper,0,0,False
BIN_2374891,wrapper,1,1,False
BIN_2375132,wrapper,0,0,False
BIN_2375867,wrapper,1,1,False
BIN_2376552,injected,0,0,False
BIN_2376920,wrapper,1,1,False
BIN_2377692,wrapper,1,1,False
BIN_2378724,wrapper,0,0,False
BIN_2380234,wrapper,0,0,False
BIN_2380933,wrapper,0,0,False
BIN_2381007,injected,1,1,False
BIN_2381809,wrapper,1,1,False
BIN_2383673,injected,0,0,False
BIN_2383844,wrapper,1,1,False
BIN_2383929,injected,1,1,False
BIN_2384370,wrapper,0,0,False
BIN_2384571,wrapper,1,1,False
BIN_2384600,wrapper,1,1,False
BIN_2384745,wrapper,0,0,False
BIN_2385302,wrapper,1,1,False
BIN_2385469,wrapper,0,0,False
BIN_2385703,wrapper,1,1,False
BIN_2386265,wrapper,1,1,False
BIN_2386768,injected,0,0,False
BIN_2387270,injected,1,1,False
BIN_2387753,wrapper,1,1,False
BIN_2388222,wrapper,1,1,False
BIN_2389173,injected,1,1,False
BIN_2389342,wrapper,0,0,False
BIN_2389407,wrapper,0,0,False
BIN_2389589,wrapper,0,0,False
BIN_2389925,wrapper,1,1,False
BIN_2390744,injected,1,1,False
BIN_2390813,wrapper,1,1,False
BIN_2392399,injected,1,1,False
BIN_2392528,injected,0,0,False
BIN_2392897,wrapper,1,1,False
BIN_2393273,injected,1,1,False
BIN_2393343,wrapper,1,1,False
BIN_2393935,wrapper,0,0,False
BIN_2394283,wrapper,0,0,False
BIN_2398189,injected,0,0,False
BIN_2398348,injected,1,1,False
BIN_2399953,wrapper,1,1,False
BIN_2400152,wrapper,0,0,False
BIN_2400224,injected,0,0,False
BIN_2400868,injected,0,0,False
BIN_2400930,wrapper,0,0,False
BIN_2401044,wrapper,1,1,False
BIN_2401128,wrapper,1,1,False
BIN_2401579,injected,1,1,False
BIN_2402805,injected,0,0,False
BIN_2403373,wrapper,1,1,False
BIN_2405867,wrapper,1,1,False
BIN_2406137,injected,0,0,False
BIN_2406205,wrapper,1,1,False
BIN_2406751,injected,1,1,False
BIN_2407518,wrapper,0,0,False
BIN_2407650,wrapper,1,1,False
BIN_2409211,wrapper,1,1,False
BIN_2409290,injected,0,0,False
BIN_2409597,wrapper,0,0,False
BIN_2410006,wrapper,1,1,False
BIN_2410200,injected,1,1,False
BIN_2411756,wrapper,0,0,False
BIN_2412156,injected,0,0,False
BIN_2413459,injected,0,0,False
BIN_2414085,injected,0,0,False
BIN_2414778,injected,0,0,False
BIN_2414785,injected,0,0,False
BIN_2415024,wrapper,0,0,False
BIN_2415119,wrapper,0,0,False
BIN_2416020,injected,1,1,False
BIN_2416178,wrapper,1,1,False
BIN_2417068,wrapper,0,0,False
BIN_2418044,wrapper,0,0,False
BIN_2419042,wrapper,1,1,False
BIN_2419319,injected,1,1,False
BIN_2420032,injected,0,0,False
BIN_2420478,injected,0,0,False
BIN_2421516,wrapper,1,1,False
BIN_2421683,injected,0,0,False
BIN_2423242,injected,1,1,False
BIN_2424102,wrapper,1,1,False
BIN_2424466,injected,0,0,False
BIN_2424600,wrapper,1,1,False
BIN_2426023,injected,1,1,False
BIN_2426499,wrapper,1,1,False
BIN_2427046,wrapper,0,0,False
BIN_2427380,wrapper,0,0,False
BIN_2428791,wrapper,0,0,False
BIN_2429508,injected,1,1,False
BIN_2431135,injected,1,1,False
BIN_2431711,wrapper,0,0,False
BIN_2432477,wrapper,1,1,False
BIN_2432865,wrapper,1,1,False
BIN_2434079,injected,1,1,False
BIN_2434735,wrapper,0,0,False
BIN_2435289,wrapper,1,1,False
BIN_2435666,wrapper,0,0,False
BIN_2435860,wrapper,1,1,False
BIN_2436252,wrapper,0,0,False
BIN_2437397,wrapper,0,0,False
BIN_2437443,wrapper,0,0,False
BIN_2437912,wrapper,0,0,False
BIN_2438495,wrapper,0,0,False
BIN_2439388,wrapper,1,1,False
BIN_2439958,wrapper,1,1,False
BIN_2440074,wrapper,1,1,False
BIN_2440485,wrapper,1,1,False
BIN_2440632,wrapper,0,0,False
BIN_2440686,wrapper,0,0,False
BIN_2440934,injected,0,0,False
BIN_2441065,wrapper,0,0,False
BIN_2441405,wrapper,0,0,False
BIN_2441431,wrapper,0,0,False
BIN_2442529,wrapper,0,0,False
BIN_2442843,wrapper,1,1,False
BIN_2443148,wrapper,0,0,False
BIN_2444058,injected,1,1,False
BIN_2444652,wrapper,1,1,False
BIN_2444986,wrapper,1,1,False
BIN_2446558,injected,1,1,False
BIN_2446564,wrapper,0,0,False
BIN_2446816,wrapper,1,1,False
BIN_2447553,injected,1,1,False
BIN_2447804,wrapper,1,1,False
BIN_2449759,injected,0,0,False
BIN_2451494,injected,0,0,False
BIN_2451517,wrapper,1,1,False
BIN_2452001,injected,1,1,False
BIN_2452076,injected,0,0,False
BIN_2453380,wrapper,1,1,False
BIN_2453674,wrapper,1,1,False
BIN_2454188,wrapper,1,1,False
BIN_2454528,injected,0,0,False
BIN_2454912,wrapper,0,0,False
BIN_2455376,wrapper,1,1,False
BIN_2456136,injected,0,0,False
BIN_2456559,wrapper,0,0,False
BIN_2456667,wrapper,1,1,False
BIN_2456826,wrapper,0,0,False
BIN_2457083,wrapper,0,0,False
BIN_2457119,wrapper,0,0,False
BIN_2457477,wrapper,1,1,False
BIN_2458030,wrapper,0,0,False
BIN_2458153,wrapper,0,0,False
BIN_2458243,injected,1,1,False
BIN_2462074,injected,1,1,False
BIN_2462390,wrapper,0,0,False
BIN_2462512,wrapper,0,0,False
BIN_2462742,injected,0,0,False
BIN_2463025,wrapper,0,0,False
BIN_2463206,injected,0,0,False
BIN_2464359,wrapper,1,1,False
BIN_2464740,wrapper,1,1,False
BIN_2465129,injected,0,0,False
BIN_2465138,injected,0,0,False
BIN_2465170,wrapper,0,0,False
BIN_2465205,wrapper,1,1,False
BIN_2466253,wrapper,0,0,False
BIN_2467865,wrapper,0,0,False
BIN_2468055,wrapper,0,0,False
BIN_2468227,wrapper,0,0,False
BIN_2468552,injected,1,1,False
BIN_2469180,injected,1,1,False
BIN_2469833,wrapper,0,0,False
BIN_2470165,injected,0,0,False
BIN_2471236,wrapper,0,0,False
BIN_2472193,wrapper,1,1,False
BIN_2472643,wrapper,1,1,False
BIN_2473018,injected,1,1,False
BIN_2473833,wrapper,0,0,False
BIN_2474148,wrapper,1,1,False
BIN_2474295,wrapper,0,0,False
BIN_2474387,wrapper,0,0,False
BIN_2474839,injected,1,1,False
BIN_2474857,injected,0,0,False
BIN_2475934,wrapper,1,1,False
BIN_2476381,wrapper,1,1,False
BIN_2476648,wrapper,1,1,False
BIN_2477062,wrapper,1,1,False
BIN_2477453,wrapper,0,0,False
BIN_2477638,wrapper,1,1,False
BIN_2478365,wrapper,1,1,False
BIN_2478483,injected,0,0,False
BIN_2478666,injected,1,1,False
BIN_2478669,wrapper,1,1,False
BIN_2479657,wrapper,1,1,False
BIN_2480057,wrapper,1,1,False
BIN_2480869,wrapper,0,0,False
BIN_2480934,wrapper,0,0,False
BIN_2481144,wrapper,1,1,False
BIN_2481316,injected,0,0,False
BIN_2481350,injected,0,0,False
BIN_2481860,wrapper,1,1,False
BIN_2482169,wrapper,0,0,False
BIN_2482834,wrapper,0,0,False
BIN_2483723,wrapper,1,1,False
BIN_2485412,wrapper,1,1,False
BIN_2485486,injected,0,0,False
BIN_2485522,wrapper,0,0,False
BIN_2486305,wrapper,0,0,False
BIN_2487173,wrapper,0,0,False
BIN_2487254,wrapper,1,1,False
BIN_2487725,wrapper,0,0,False
BIN_2489546,injected,1,1,False
BIN_2491915,wrapper,1,1,False
BIN_2492214,wrapper,1,1,False
BIN_2493951,wrapper,0,0,False
BIN_2494543,wrapper,0,0,False
BIN_2494605,wrapper,1,1,False
BIN_2495047,wrapper,1,1,False
BIN_2495711,injected,1,1,False
BIN_2496245,wrapper,0,0,False
BIN_2497676,wrapper,0,0,False
BIN_2498384,injected,1,1,False
BIN_2498390,injected,0,0,False
BIN_2498678,wrapper,0,0,False
BIN_2498752,wrapper,1,1,False
BIN_2498863,wrapper,0,0,False
BIN_2500757,wrapper,1,1,False
BIN_2501973,wrapper,1,1,False
BIN_2502058,wrapper,1,1,False
BIN_2502669,wrapper,0,0,False
BIN_2503455,wrapper,1,1,False
BIN_2503754,wrapper,1,1,False
BIN_2504425,wrapper,0,0,False
BIN_2505305,wrapper,1,1,False
BIN_2505364,injected,0,0,False
BIN_2506116,injected,1,1,False
BIN_2506228,wrapper,0,0,False
BIN_2507147,wrapper,1,1,False
BIN_2507267,wrapper,0,0,False
BIN_2507309,injected,0,0,False
BIN_2507451,wrapper,1,1,False
BIN_2508498,wrapper,0,0,False
BIN_2509224,injected,1,1,False
BIN_2510153,wrapper,1,1,False
BIN_2510341,wrapper,1,1,False
BIN_2510438,wrapper,0,0,False
BIN_2510476,wrapper,0,0,False
BIN_2510602,wrapper,1,1,False
BIN_2511067,wrapper,0,0,False
BIN_2511413,wrapper,0,0,False
BIN_2511696,wrapper,1,1,False
BIN_2512068,wrapper,1,1,False
BIN_2512470,injected,0,0,False
BIN_2512504,injected,0,0,False
BIN_2512802,injected,1,1,False
BIN_2513069,wrapper,0,0,False
BIN_2513259,wrapper,0,0,False
BIN_2513466,wrapper,0,0,False
BIN_2514506,wrapper,1,1,False
BIN_2514647,wrapper,1,1,False
BIN_2516972,wrapper,0,0,False
BIN_2518737,wrapper,1,1,False
BIN_2519516,wrapper,1,1,False
BIN_2519559,wrapper,0,0,False
BIN_2520198,wrapper,0,0,False
BIN_2520371,wrapper,1,1,False
BIN_2521902,wrapper,0,0,False
BIN_2522399,injected,0,0,False
BIN_2523019,injected,0,0,False
BIN_2523441,wrapper,0,0,False
BIN_2523537,wrapper,1,1,False
BIN_2524102,injected,1,1,False
BIN_2524281,injected,1,1,False
BIN_2524332,wrapper,0,0,False
BIN_2526189,wrapper,0,0,False
BIN_2527731,wrapper,0,0,False
BIN_2528280,injected,1,1,False
BIN_2528712,wrapper,1,1,False
BIN_2529269,wrapper,1,1,False
BIN_2529861,wrapper,0,0,False
BIN_2530574,wrapper,0,0,False
BIN_2531485,wrapper,1,1,False
BIN_2531495,injected,0,0,False
BIN_2531588,wrapper,1,1,False
BIN_2531972,wrapper,0,0,False
BIN_2532636,injected,0,0,False
BIN_2533602,injected,0,0,False
BIN_2533743,wrapper,1,1,False
BIN_2534547,wrapper,1,1,False
BIN_2534694,wrapper,1,1,False
BIN_2534733,injected,0,0,False
BIN_2534892,wrapper,0,0,False
BIN_2535274,wrapper,1,1,False
BIN_2536175,wrapper,0,0,False
BIN_2536568,wrapper,1,1,False
BIN_2537873,wrapper,0,0,False
BIN_2538293,wrapper,1,1,False
BIN_2538562,wrapper,1,1,False
BIN_2539058,wrapper,1,1,False
BIN_2539736,wrapper,1,1,False
BIN_2539750,wrapper,1,1,False
BIN_2540390,wrapper,0,0,False
BIN_2540954,wrapper,1,1,False
BIN_2541074,wrapper,0,0,False
BIN_2542004,wrapper,0,0,False
BIN_2542039,wrapper,1,1,False
BIN_2542693,injected,0,0,False
BIN_2542995,injected,0,0,False
BIN_2544763,injected,0,0,False
BIN_2545556,wrapper,0,0,False
BIN_2546313,wrapper,1,1,False
BIN_2546346,wrapper,0,0,False
BIN_2546884,injected,0,0,False
BIN_2547444,injected,1,1,False
BIN_2547663,wrapper,1,1,False
BIN_2547852,wrapper,0,0,False
BIN_2548751,injected,0,0,False
BIN_2548862,injected,1,1,False
BIN_2548927,injected,1,1,False
BIN_2548992,wrapper,1,1,False
BIN_2549454,wrapper,0,0,False
BIN_2549887,wrapper,1,1,False
BIN_2549944,wrapper,1,1,False
BIN_2551051,injected,1,1,False
BIN_2551274,wrapper,0,0,False
BIN_2551571,injected,1,1,False
BIN_2552911,wrapper,0,0,False
BIN_2553541,wrapper,1,1,False
BIN_2555497,wrapper,0,0,False
BIN_2556486,injected,0,0,False
BIN_2557284,wrapper,0,0,False
BIN_2557595,wrapper,0,0,False
BIN_2557601,wrapper,1,1,False
BIN_2558216,wrapper,0,0,False
BIN_2561363,wrapper,1,1,False
BIN_2561634,wrapper,0,0,False
BIN_2562248,injected,1,1,False
BIN_2562440,injected,1,1,False
BIN_2562590,wrapper,1,1,False
BIN_2563860,wrapper,0,0,False
BIN_2565507,wrapper,1,1,False
BIN_2565850,wrapper,0,0,False
BIN_2566796,wrapper,1,1,False
BIN_2568284,wrapper,0,0,False
BIN_2568733,wrapper,1,1,False
BIN_2568762,injected,1,1,False
BIN_2569057,wrapper,1,1,False
BIN_2570234,wrapper,1,1,False
BIN_2570370,wrapper,0,0,False
BIN_2570705,injected,1,1,False
BIN_2570751,wrapper,1,1,False
BIN_2570932,wrapper,1,1,False
BIN_2571865,wrapper,0,0,False
BIN_2573880,injected,1,1,False
BIN_2574319,wrapper,1,1,False
BIN_2574928,wrapper,0,0,False
BIN_2575843,wrapper,1,1,False
BIN_2576396,injected,1,1,False
BIN_2578174,injected,1,1,False
BIN_2579181,injected,0,0,False
BIN_2579491,wrapper,0,0,False
BIN_2580803,wrapper,1,1,False
BIN_2581906,injected,1,1,False
BIN_2582806,injected,1,1,False
BIN_2582847,injected,1,1,False
BIN_2583668,injected,0,0,False
BIN_2583684,wrapper,0,0,False
BIN_2583707,wrapper,0,0,False
BIN_2584131,injected,1,1,False
BIN_2584501,wrapper,1,1,False
BIN_2584539,wrapper,0,0,False
BIN_2584809,wrapper,1,1,False
BIN_2585428,wrapper,1,1,False
BIN_2585793,injected,1,1,False
BIN_2586521,wrapper,1,1,False
BIN_2587154,wrapper,1,1,False
BIN_2587276,wrapper,0,0,False
BIN_2587302,injected,1,1,False
BIN_2588501,injected,1,1,False
BIN_2589028,injected,1,1,False
BIN_2589333,wrapper,1,1,False
BIN_2589600,wrapper,0,0,False
BIN_2590675,wrapper,0,0,False
BIN_2591149,injected,0,0,False
BIN_2591604,wrapper,1,1,False
BIN_2591871,wrapper,1,1,False
BIN_2592215,injected,1,1,False
BIN_2592746,injected,0,0,False
BIN_2592792,wrapper,1,1,False
BIN_2592800,wrapper,1,1,False
BIN_2593057,wrapper,1,1,False
BIN_2593600,injected,0,0,False
BIN_2593906,wrapper,0,0,False
BIN_2596389,wrapper,1,1,False
BIN_2596837,injected,1,1,False
BIN_2597033,wrapper,1,1,False
BIN_2597786,injected,1,1,False
BIN_2598390,wrapper,0,0,False
BIN_2598817,wrapper,0,0,False
BIN_2599804,injected,1,1,False
BIN_2600286,injected,0,0,False
BIN_2601296,wrapper,1,1,False
BIN_2601761,wrapper,0,0,False
BIN_2602297,wrapper,0,0,False
BIN_2602763,wrapper,1,1,False
BIN_2602834,wrapper,0,0,False
BIN_2603082,wrapper,1,1,False
BIN_2603623,wrapper,0,0,False
BIN_2604416,injected,0,0,False
BIN_2604835,wrapper,1,1,False
BIN_2605002,wrapper,0,0,False
BIN_2605349,injected,1,1,False
BIN_2605578,wrapper,1,1,False
BIN_2605658,wrapper,1,1,False
BIN_2606638,injected,0,0,False
BIN_2607394,wrapper,1,1,False
BIN_2607686,wrapper,0,0,False
BIN_2608108,wrapper,0,0,False
BIN_2608691,injected,0,0,False
BIN_2608877,wrapper,0,0,False
BIN_2609444,wrapper,0,0,False
BIN_2609452,wrapper,1,1,False
BIN_2609696,wrapper,1,1,False
BIN_2610189,wrapper,0,0,False
BIN_2611178,wrapper,1,1,False
BIN_2612987,wrapper,0,0,False
BIN_2613418,wrapper,1,1,False
BIN_2613751,injected,1,1,False
BIN_2614146,wrapper,1,1,False
BIN_2614480,injected,1,1,False
BIN_2614912,wrapper,0,0,False
BIN_2615048,wrapper,0,0,False
BIN_2615672,injected,0,0,False
BIN_2615908,injected,1,1,False
BIN_2616179,wrapper,0,0,False
BIN_2617362,injected,0,0,False
BIN_2618159,injected,1,1,False
BIN_2618404,wrapper,0,0,False
BIN_2619335,wrapper,0,0,False
BIN_2619551,wrapper,1,1,False
BIN_2619589,wrapper,0,0,False
BIN_2620934,wrapper,0,0,False
BIN_2621008,wrapper,0,0,False
BIN_2621437,wrapper,0,0,False
BIN_2621882,wrapper,0,0,False
BIN_2621964,wrapper,0,0,False
BIN_2622261,wrapper,1,1,False
BIN_2623553,injected,1,1,False
BIN_2624376,injected,1,1,False
BIN_2624467,wrapper,1,1,False
BIN_2626459,wrapper,1,1,False
BIN_2626528,injected,1,1,False
BIN_2626562,wrapper,0,0,False
BIN_2626812,injected,1,1,False
BIN_2627069,wrapper,0,0,False
BIN_2627532,wrapper,0,0,False
BIN_2627799,injected,1,1,False
BIN_2628122,injected,0,0,False
BIN_2628934,wrapper,0,0,False
BIN_2629011,injected,0,0,False
BIN_2630503,wrapper,1,1,False
BIN_2630923,wrapper,0,0,False
BIN_2631092,wrapper,1,1,False
BIN_2631870,wrapper,1,1,False
BIN_2631894,wrapper,1,1,False
BIN_2631899,injected,0,0,False
BIN_2632684,wrapper,0,0,False
BIN_2632903,injected,0,0,False
BIN_2633149,wrapper,0,0,False
BIN_2633758,wrapper,1,1,False
BIN_2634161,wrapper,1,1,False
BIN_2634675,wrapper,1,1,False
BIN_2634750,wrapper,0,0,False
BIN_2635019,wrapper,0,0,False
BIN_2636467,wrapper,1,1,False
BIN_2636534,injected,0,0,False
BIN_2636706,injected,1,1,False
BIN_2637091,injected,1,1,False
BIN_2637462,wrapper,1,1,False
BIN_2638037,wrapper,1,1,False
BIN_2639732,wrapper,1,1,False
BIN_2640546,wrapper,0,0,False
BIN_2640958,injected,1,1,False
BIN_2641292,wrapper,1,1,False
BIN_2641778,injected,0,0,False
BIN_2642214,injected,1,1,False
BIN_2643426,wrapper,0,0,False
BIN_2643940,wrapper,0,0,False
BIN_2644436,injected,0,0,False
BIN_2644736,wrapper,0,0,False
BIN_2645400,injected,1,1,False
BIN_2645609,wrapper,0,0,False
BIN_2646256,wrapper,0,0,False
BIN_2646660,wrapper,0,0,False
BIN_2646745,wrapper,1,1,False
BIN_2646964,injected,1,1,False
BIN_2647417,wrapper,1,1,False
BIN_2647551,injected,1,1,False
BIN_2647845,wrapper,1,1,False
BIN_2649244,wrapper,0,0,False
BIN_2650416,injected,0,0,False
BIN_2650452,wrapper,1,1,False
BIN_2652603,wrapper,0,0,False
BIN_2653220,wrapper,0,0,False
BIN_2654874,injected,1,1,False
BIN_2654906,wrapper,1,1,False
BIN_2655127,wrapper,0,0,False
BIN_2655868,wrapper,1,1,False
BIN_2656850,wrapper,0,0,False
BIN_2657398,wrapper,0,0,False
BIN_2657445,injected,1,1,False
BIN_2657845,injected,1,1,False
BIN_2659355,wrapper,0,0,False
BIN_2659439,wrapper,1,1,False
BIN_2659771,wrapper,0,0,False
BIN_2660104,wrapper,1,1,False
BIN_2661529,wrapper,0,0,False
BIN_2662091,wrapper,0,0,False
BIN_2663691,injected,0,0,False
BIN_2663784,wrapper,1,1,False
BIN_2664471,wrapper,1,1,False
BIN_2665691,wrapper,1,1,False
BIN_2665874,wrapper,1,1,False
BIN_2667569,wrapper,0,0,False
BIN_2667759,wrapper,0,0,False
BIN_2667894,wrapper,1,1,False
BIN_2668166,injected,0,0,False
BIN_2671123,wrapper,0,0,False
BIN_2671871,wrapper,0,0,False
BIN_2673825,wrapper,1,1,False
BIN_2674095,wrapper,1,1,False
BIN_2674259,wrapper,1,1,False
BIN_2674541,wrapper,0,0,False
BIN_2675301,wrapper,1,1,False
BIN_2675521,wrapper,0,0,False
BIN_2675571,wrapper,1,1,False
BIN_2675817,injected,1,1,False
BIN_2675828,wrapper,0,0,False
BIN_2676785,wrapper,0,0,False
BIN_2677112,wrapper,0,0,False
BIN_2677756,wrapper,0,0,False
BIN_2678553,wrapper,0,0,False
BIN_2678956,wrapper,0,0,False
BIN_2679061,wrapper,0,0,False
BIN_2679083,wrapper,1,1,False
BIN_2679365,wrapper,0,0,False
BIN_2679442,injected,0,0,False
BIN_2679859,wrapper,1,1,False
BIN_2681204,wrapper,0,0,False
BIN_2682369,wrapper,1,1,False
BIN_2682449,injected,1,1,False
BIN_2683408,wrapper,0,0,False
BIN_2683581,injected,1,1,False
BIN_2683727,wrapper,1,1,False
BIN_2683855,injected,1,1,False
BIN_2685124,wrapper,0,0,False
BIN_2686555,wrapper,0,0,False
BIN_2686569,injected,1,1,False
BIN_2687131,wrapper,0,0,False
BIN_2687770,injected,0,0,False
BIN_2687966,injected,1,1,False
BIN_2688680,wrapper,1,1,False
BIN_2689876,wrapper,0,0,False
BIN_2690716,wrapper,1,1,False
BIN_2690897,wrapper,0,0,False
BIN_2692731,wrapper,1,1,False
BIN_2693287,wrapper,0,0,False
BIN_2693653,injected,0,0,False
BIN_2693713,wrapper,1,1,False
BIN_2694373,injected,1,1,False
BIN_2694470,wrapper,1,1,False
BIN_2696214,wrapper,0,0,False
BIN_2696683,injected,0,0,False
BIN_2696868,wrapper,1,1,False
BIN_2697460,wrapper,0,0,False
BIN_2697753,wrapper,1,1,False
BIN_2698447,wrapper,0,0,False
BIN_2700618,injected,0,0,False
BIN_2701373,injected,1,1,False
BIN_2701449,injected,0,0,False
BIN_2701641,injected,1,1,False
BIN_2701959,wrapper,1,1,False
BIN_2702078,wrapper,0,0,False
BIN_2702735,wrapper,0,0,False
BIN_2702946,wrapper,0,0,False
BIN_2703409,injected,1,1,False
BIN_2706046,injected,1,1,False
BIN_2706431,injected,0,0,False
BIN_2706632,wrapper,0,0,False
BIN_2708871,wrapper,1,1,False
BIN_2710222,injected,0,0,False
BIN_2710647,injected,1,1,False
BIN_2710689,wrapper,0,0,False
BIN_2710881,wrapper,1,1,False
BIN_2711492,injected,1,1,False
BIN_2711665,wrapper,0,0,False
BIN_2712050,wrapper,1,1,False
BIN_2713187,wrapper,0,0,False
BIN_2714322,injected,1,1,False
BIN_2714628,injected,1,1,False
BIN_2714787,wrapper,0,0,False
BIN_2718650,wrapper,1,1,False
BIN_2718699,wrapper,0,0,False
BIN_2718879,wrapper,0,0,False
BIN_2718930,wrapper,0,0,False
BIN_2719633,injected,0,0,False
BIN_2719887,injected,1,1,False
BIN_2720020,injected,0,0,False
BIN_2720207,wrapper,0,0,False
BIN_2720683,wrapper,1,1,False
BIN_2720715,injected,1,1,False
BIN_2720734,wrapper,1,1,False
BIN_2720891,injected,1,1,False
BIN_2722782,wrapper,1,1,False
BIN_2724803,wrapper,0,0,False
BIN_2725026,injected,1,1,False
BIN_2725137,wrapper,1,1,False
BIN_2725947,wrapper,1,1,False
BIN_2726035,wrapper,1,1,False
BIN_2727553,wrapper,0,0,False
BIN_2728071,wrapper,1,1,False
BIN_2728359,wrapper,0,0,False
BIN_2728767,wrapper,1,1,False
BIN_2728830,wrapper,0,0,False
BIN_2729196,wrapper,1,1,False
BIN_2729657,wrapper,0,0,False
BIN_2729719,wrapper,1,1,False
BIN_2730181,wrapper,0,0,False
BIN_2730317,wrapper,0,0,False
BIN_2730446,wrapper,0,0,False
BIN_2730470,injected,1,1,False
BIN_2731053,injected,1,1,False
BIN_2732160,wrapper,1,1,False
BIN_2733223,injected,0,0,False
BIN_2733291,wrapper,1,1,False
BIN_2734019,wrapper,1,1,False
BIN_2734340,injected,1,1,False
BIN_2734867,wrapper,1,1,False
BIN_2735085,injected,0,0,False
BIN_2737564,injected,1,1,False
BIN_2738136,injected,1,1,False
BIN_2738155,wrapper,1,1,False
BIN_2738455,injected,1,1,False
BIN_2739012,wrapper,1,1,False
BIN_2740413,wrapper,0,0,False
BIN_2741007,wrapper,0,0,False
BIN_2741698,wrapper,0,0,False
BIN_2742913,wrapper,1,1,False
BIN_2742933,wrapper,0,0,False
BIN_2743242,injected,0,0,False
BIN_2744045,injected,0,0,False
BIN_2744751,injected,0,0,False
BIN_2744868,injected,0,0,False
BIN_2748096,injected,0,0,False
BIN_2748607,injected,1,1,False
BIN_2748834,injected,0,0,False
BIN_2750497,wrapper,0,0,False
BIN_2752663,wrapper,0,0,False
BIN_2752846,injected,1,1,False
BIN_2753608,wrapper,0,0,False
BIN_2754079,injected,0,0,False
BIN_2754991,wrapper,0,0,False
BIN_2756691,injected,1,1,False
BIN_2756877,injected,1,1,False
BIN_2756954,injected,1,1,False
BIN_2757516,injected,0,0,False
BIN_2758009,injected,0,0,False
BIN_2759538,wrapper,0,0,False
BIN_2760457,injected,1,1,False
BIN_2760762,injected,0,0,False
BIN_2762028,injected,0,0,False
BIN_2762706,injected,0,0,False
BIN_2762741,wrapper,0,0,False
BIN_2763462,wrapper,1,1,False
BIN_2763487,wrapper,1,1,False
BIN_2765355,injected,1,1,False
BIN_2766797,wrapper,0,0,False
BIN_2766901,injected,0,0,False
BIN_2767304,wrapper,0,0,False
BIN_2767695,wrapper,1,1,False
BIN_2767711,wrapper,1,1,False
BIN_2769286,wrapper,1,1,False
BIN_2769807,wrapper,0,0,False
BIN_2770271,wrapper,0,0,False
BIN_2770307,wrapper,1,1,False
BIN_2770708,injected,0,0,False
BIN_2770940,wrapper,0,0,False
BIN_2771945,injected,1,1,False
BIN_2772509,injected,0,0,False
BIN_2773633,injected,1,1,False
BIN_2773952,wrapper,1,1,False
BIN_2774000,wrapper,0,0,False
BIN_2774603,wrapper,0,0,False
BIN_2776208,injected,0,0,False
BIN_2779695,wrapper,1,1,False
BIN_2780658,wrapper,0,0,False
BIN_2782318,injected,1,1,False
BIN_2782588,wrapper,0,0,False
BIN_2782609,wrapper,0,0,False
BIN_2782685,injected,0,0,False
BIN_2782832,wrapper,0,0,False
BIN_2783997,wrapper,1,1,False
BIN_2786027,wrapper,1,1,False
BIN_2786065,wrapper,1,1,False
BIN_2786911,wrapper,1,1,False
BIN_2788678,injected,0,0,False
BIN_2789041,injected,1,1,False
BIN_2789290,injected,0,0,False
BIN_2790757,injected,0,0,False
BIN_2791263,injected,1,1,False
BIN_2792730,wrapper,1,1,False
BIN_2794655,injected,1,1,False
BIN_2796417,injected,1,1,False
BIN_2796912,wrapper,0,0,False
BIN_2798054,wrapper,1,1,False
BIN_2798157,wrapper,1,1,False
BIN_2799014,injected,0,0,False
BIN_2799933,injected,1,1,False
BIN_2800549,wrapper,0,0,False
BIN_2800748,injected,0,0,False
BIN_2801721,wrapper,1,1,False
BIN_2802692,wrapper,1,1,False
BIN_2803308,injected,0,0,False
BIN_2804206,injected,0,0,False
BIN_2804695,injected,1,1,False
BIN_2805477,injected,0,0,False
BIN_2806643,wrapper,1,1,False
BIN_2806926,wrapper,1,1,False
BIN_2806943,wrapper,1,1,False
BIN_2807118,wrapper,0,0,False
BIN_2808984,wrapper,0,0,False
BIN_2809620,injected,1,1,False
BIN_2809712,injected,1,1,False
BIN_2810465,injected,1,1,False
BIN_2811345,injected,0,0,False
BIN_2811718,wrapper,1,1,False
BIN_2812640,wrapper,0,0,False
BIN_2813929,wrapper,0,0,False
BIN_2814484,wrapper,1,1,False
BIN_2816177,injected,1,1,False
BIN_2816784,wrapper,1,1,False
BIN_2819103,injected,1,1,False
BIN_2819431,wrapper,0,0,False
BIN_2819626,injected,0,0,False
BIN_2819677,injected,0,0,False
BIN_2819840,wrapper,0,0,False
BIN_2820468,wrapper,1,1,False
BIN_2820717,wrapper,1,1,False
BIN_2822946,wrapper,0,0,False
BIN_2823807,wrapper,0,0,False
BIN_2825101,injected,1,1,False
BIN_2825604,wrapper,0,0,False
BIN_2826340,wrapper,0,0,False
BIN_2826831,wrapper,0,0,False
BIN_2828753,wrapper,0,0,False
BIN_2829330,wrapper,0,0,False
BIN_2829481,wrapper,0,0,False
BIN_2829555,wrapper,0,0,False
BIN_2829569,wrapper,0,0,False
BIN_2830719,injected,1,1,False
BIN_2830820,injected,1,1,False
BIN_2831147,wrapper,1,1,False
BIN_2831479,wrapper,1,1,False
BIN_2831750,injected,0,0,False
BIN_2831861,injected,0,0,False
BIN_2832142,injected,1,1,False
BIN_2833325,wrapper,1,1,False
BIN_2833335,wrapper,1,1,False
BIN_2834107,injected,0,0,False
BIN_2834487,injected,1,1,False
BIN_2834723,wrapper,0,0,False
BIN_2835096,wrapper,0,0,False
BIN_2836782,wrapper,1,1,False
BIN_2837892,wrapper,0,0,False
BIN_2837964,wrapper,1,1,False
BIN_2838512,injected,0,0,False
BIN_2838896,wrapper,1,1,False
BIN_2838948,wrapper,0,0,False
BIN_2839825,wrapper,1,1,False
BIN_2839998,wrapper,1,1,False
BIN_2840868,wrapper,1,1,False
BIN_2841567,wrapper,1,1,False
BIN_2841620,wrapper,1,1,False
BIN_2842135,injected,0,0,False
BIN_2842505,injected,1,1,False
BIN_2842676,wrapper,0,0,False
BIN_2844092,wrapper,1,1,False
BIN_2844660,injected,1,1,False
BIN_2844906,injected,1,1,False
BIN_2845561,wrapper,0,0,False
BIN_2845722,wrapper,1,1,False
BIN_2845944,wrapper,1,1,False
BIN_2846820,injected,1,1,False
BIN_2846886,injected,1,1,False
BIN_2848635,wrapper,1,1,False
BIN_2848649,wrapper,0,0,False
BIN_2848817,injected,1,1,False
BIN_2849763,injected,0,0,False
BIN_2850049,wrapper,1,1,False
BIN_2850391,wrapper,0,0,False
BIN_2850432,wrapper,0,0,False
BIN_2850495,wrapper,0,0,False
BIN_2851498,wrapper,0,0,False
BIN_2851884,wrapper,0,0,False
BIN_2852108,injected,1,1,False
BIN_2852720,injected,0,0,False
BIN_2852722,injected,0,0,False
BIN_2853102,wrapper,0,0,False
BIN_2853771,wrapper,0,0,False
BIN_2853854,wrapper,0,0,False
BIN_2854248,wrapper,0,0,False
BIN_2854362,wrapper,0,0,False
BIN_2856635,injected,0,0,False
BIN_2856944,wrapper,1,1,False
BIN_2856948,injected,1,1,False
BIN_2857873,wrapper,1,1,False
BIN_2858681,injected,1,1,False
BIN_2859313,wrapper,1,1,False
BIN_2859342,wrapper,1,1,False
BIN_2859561,wrapper,1,1,False
BIN_2859620,wrapper,1,1,False
BIN_2859878,wrapper,0,0,False
BIN_2861522,injected,1,1,False
BIN_2861876,injected,1,1,False
BIN_2864499,injected,1,1,False
BIN_2865062,injected,0,0,False
BIN_2865330,wrapper,0,0,False
BIN_2865543,wrapper,1,1,False
BIN_2865587,wrapper,0,0,False
BIN_2865741,wrapper,0,0,False
BIN_2866391,wrapper,0,0,False
BIN_2866414,injected,0,0,False
BIN_2867257,wrapper,1,1,False
BIN_2867750,wrapper,0,0,False
BIN_2868605,wrapper,1,1,False
BIN_2869012,wrapper,0,0,False
BIN_2870253,wrapper,1,1,False
BIN_2871307,injected,1,1,False
BIN_2871337,wrapper,1,1,False
BIN_2871696,wrapper,1,1,False
BIN_2872390,wrapper,0,0,False
BIN_2873134,wrapper,1,1,False
BIN_2873387,wrapper,1,1,False
BIN_2873440,injected,0,0,False
BIN_2873607,wrapper,0,0,False
BIN_2873673,wrapper,1,1,False
BIN_2873981,injected,1,1,False
BIN_2874150,wrapper,0,0,False
BIN_2874466,wrapper,1,1,False
BIN_2875016,wrapper,0,0,False
BIN_2875212,wrapper,0,0,False
BIN_2875257,injected,0,0,False
BIN_2876097,injected,0,0,False
BIN_2876684,injected,1,1,False
BIN_2877326,wrapper,0,0,False
BIN_2877678,injected,1,1,False
BIN_2877707,wrapper,0,0,False
BIN_2877921,wrapper,0,0,False
BIN_2878406,wrapper,0,0,False
BIN_2879242,wrapper,1,1,False
BIN_2879292,wrapper,1,1,False
BIN_2880100,injected,0,0,False
BIN_2880197,injected,0,0,False
BIN_2881092,wrapper,0,0,False
BIN_2881167,wrapper,0,0,False
BIN_2881612,wrapper,1,1,False
BIN_2881703,injected,1,1,False
BIN_2881730,injected,0,0,False
BIN_2884097,wrapper,1,1,False
BIN_2884906,wrapper,1,1,False
BIN_2885201,injected,0,0,False
BIN_2885622,wrapper,0,0,False
BIN_2886752,injected,1,1,False
BIN_2887136,wrapper,1,1,False
BIN_2887528,wrapper,1,1,False
BIN_2888210,wrapper,0,0,False
BIN_2888306,injected,0,0,False
BIN_2888772,wrapper,1,1,False
BIN_2889167,wrapper,0,0,False
BIN_2889408,wrapper,1,1,False
BIN_2890732,wrapper,1,1,False
BIN_2891218,wrapper,1,1,False
BIN_2892329,wrapper,0,0,False
BIN_2892481,wrapper,1,1,False
BIN_2892583,wrapper,1,1,False
BIN_2892710,wrapper,0,0,False
BIN_2894614,injected,0,0,False
BIN_2894831,wrapper,1,1,False
BIN_2894890,injected,1,1,False
BIN_2894961,wrapper,0,0,False
BIN_2895341,wrapper,0,0,False
BIN_2895543,wrapper,0,0,False
BIN_2895855,wrapper,0,0,False
BIN_2896257,wrapper,1,1,False
BIN_2896309,wrapper,1,1,False
BIN_2897066,wrapper,0,0,False
BIN_2897173,injected,0,0,False
BIN_2897245,wrapper,1,1,False
BIN_2897246,wrapper,0,0,False
BIN_2897643,injected,0,0,False
BIN_2898857,wrapper,1,1,False
BIN_2898883,injected,1,1,False
BIN_2898992,injected,0,0,False
BIN_2899076,wrapper,0,0,False
BIN_2899706,wrapper,1,1,False
BIN_2901010,injected,1,1,False
BIN_2902513,wrapper,0,0,False
BIN_2903056,wrapper,0,0,False
BIN_2904033,injected,1,1,False
BIN_2904300,injected,0,0,False
BIN_2904620,injected,1,1,False
BIN_2905590,wrapper,0,0,False
BIN_2907430,wrapper,1,1,False
BIN_2907499,wrapper,1,1,False
BIN_2907639,wrapper,1,1,False
BIN_2908182,injected,1,1,False
BIN_2908380,wrapper,1,1,False
BIN_2909146,wrapper,1,1,False
BIN_2909999,wrapper,0,0,False
BIN_2910302,injected,0,0,False
BIN_2910543,wrapper,1,1,False
BIN_2911922,wrapper,0,0,False
BIN_2912484,wrapper,0,0,False
BIN_2912607,injected,1,1,False
BIN_2913169,wrapper,1,1,False
BIN_2913638,wrapper,0,0,False
BIN_2913858,wrapper,1,1,False
BIN_2914587,injected,0,0,False
BIN_2914711,wrapper,0,0,False
BIN_2915425,wrapper,1,1,False
BIN_2917330,wrapper,0,0,False
BIN_2917349,wrapper,1,1,False
BIN_2917886,wrapper,1,1,False
BIN_2918054,injected,1,1,False
BIN_2918376,wrapper,1,1,False
BIN_2920832,wrapper,0,0,False
BIN_2920933,wrapper,0,0,False
BIN_2923309,injected,0,0,False
BIN_2923468,wrapper,1,1,False
BIN_2923518,wrapper,0,0,False
BIN_2924140,injected,1,1,False
BIN_2924465,wrapper,0,0,False
BIN_2925155,wrapper,0,0,False
BIN_2925262,wrapper,1,1,False
BIN_2925275,injected,0,0,False
BIN_2925291,wrapper,0,0,False
BIN_2925347,wrapper,0,0,False
BIN_2926110,wrapper,1,1,False
BIN_2927168,injected,0,0,False
BIN_2927176,wrapper,0,0,False
BIN_2927377,injected,1,1,False
BIN_2927609,injected,0,0,False
BIN_2928164,wrapper,0,0,False
BIN_2928788,wrapper,1,1,False
BIN_2929593,wrapper,0,0,False
BIN_2929729,injected,0,0,False
BIN_2931071,wrapper,0,0,False
BIN_2931424,injected,0,0,False
BIN_2933059,wrapper,1,1,False
BIN_2933690,wrapper,1,1,False
BIN_2935961,injected,1,1,False
BIN_2936073,wrapper,1,1,False
BIN_2936082,wrapper,1,1,False
BIN_2936474,wrapper,1,1,False
BIN_2936687,wrapper,1,1,False
BIN_2936698,injected,1,1,False
BIN_2936953,wrapper,0,0,False
BIN_2938384,wrapper,1,1,False
BIN_2938630,wrapper,1,1,False
BIN_2938738,wrapper,1,1,False
BIN_2938771,wrapper,0,0,False
BIN_2939437,injected,0,0,False
BIN_2940204,wrapper,1,1,False
BIN_2940362,wrapper,1,1,False
BIN_2940395,injected,0,0,False
BIN_2940462,wrapper,1,1,False
BIN_2940662,injected,0,0,False
BIN_2942890,wrapper,0,0,False
BIN_2943012,wrapper,1,1,False
BIN_2944726,wrapper,1,1,False
BIN_2945377,wrapper,1,1,False
BIN_2945876,wrapper,0,0,False
BIN_2946166,wrapper,0,0,False
BIN_2947307,wrapper,0,0,False
BIN_2947597,wrapper,0,0,False
BIN_2947849,injected,1,1,False
BIN_2949404,wrapper,1,1,False
BIN_2949806,wrapper,0,0,False
BIN_2950023,wrapper,0,0,False
BIN_2950702,wrapper,1,1,False
BIN_2950738,injected,1,1,False
BIN_2951500,wrapper,1,1,False
BIN_2952539,wrapper,0,0,False
BIN_2953235,injected,0,0,False
BIN_2954996,wrapper,1,1,False
BIN_2955274,wrapper,0,0,False
BIN_2955844,wrapper,0,0,False
BIN_2956141,wrapper,1,1,False
BIN_2956522,wrapper,0,0,False
BIN_2956523,wrapper,0,0,False
BIN_2957131,injected,0,0,False
BIN_2957350,wrapper,0,0,False
BIN_2957766,wrapper,1,1,False
BIN_2959056,injected,1,1,False
BIN_2959151,wrapper,0,0,False
BIN_2960062,wrapper,1,1,False
BIN_2960458,injected,1,1,False
BIN_2960594,injected,0,0,False
BIN_2960951,injected,0,0,False
BIN_2962339,wrapper,0,0,False
BIN_2963731,injected,1,1,False
BIN_2964026,wrapper,0,0,False
BIN_2965795,injected,1,1,False
BIN_2966105,injected,1,1,False
BIN_2966527,wrapper,1,1,False
BIN_2966697,injected,0,0,False
BIN_2966761,wrapper,0,0,False
BIN_2967163,wrapper,0,0,False
BIN_2967412,wrapper,1,1,False
BIN_2967733,injected,1,1,False
BIN_2967893,wrapper,0,0,False
BIN_2968242,injected,0,0,False
BIN_2968704,wrapper,1,1,False
BIN_2969098,wrapper,0,0,False
BIN_2969463,wrapper,1,1,False
BIN_2969820,injected,0,0,False
BIN_2970337,injected,1,1,False
BIN_2970827,wrapper,0,0,False
BIN_2971090,wrapper,1,1,False
BIN_2971386,wrapper,1,1,False
BIN_2971447,wrapper,1,1,False
BIN_2971449,wrapper,1,1,False
BIN_2971607,injected,0,0,False
BIN_2971876,wrapper,1,1,False
BIN_2972962,injected,1,1,False
BIN_2973002,wrapper,1,1,False
BIN_2973096,injected,1,1,False
BIN_2973641,injected,0,0,False
BIN_2973699,wrapper,1,1,False
BIN_2975267,injected,1,1,False
BIN_2975335,wrapper,0,0,False
BIN_2975982,wrapper,1,1,False
BIN_2976031,wrapper,1,1,False
BIN_2976060,wrapper,1,1,False
BIN_2976357,wrapper,0,0,False
BIN_2976666,injected,1,1,False
BIN_2977352,wrapper,1,1,False
BIN_2978133,wrapper,1,1,False
BIN_2979037,wrapper,1,1,False
BIN_2979585,injected,1,1,False
BIN_2979616,wrapper,0,0,False
BIN_2980291,injected,0,0,False
BIN_2981329,wrapper,0,0,False
BIN_2982563,wrapper,1,1,False
BIN_2982640,wrapper,0,0,False
BIN_2982707,wrapper,1,1,False
BIN_2982727,wrapper,0,0,False
BIN_2984550,wrapper,0,0,False
BIN_2985972,injected,0,0,False
BIN_2986805,wrapper,0,0,False
BIN_2987367,injected,0,0,False
BIN_2988464,wrapper,1,1,False
BIN_2988928,wrapper,0,0,False
BIN_2988963,wrapper,1,1,False
BIN_2989198,wrapper,1,1,False
BIN_2989244,wrapper,1,1,False
BIN_2990022,injected,1,1,False
BIN_2991142,injected,1,1,False
BIN_2991196,wrapper,0,0,False
BIN_2994082,wrapper,1,1,False
BIN_2994264,injected,0,0,False
BIN_2994540,injected,0,0,False
BIN_2996328,wrapper,0,0,False
BIN_2996757,wrapper,0,0,False
BIN_2997265,wrapper,1,1,False
BIN_2997373,wrapper,1,1,False
BIN_2998341,wrapper,1,1,False
BIN_2999460,injected,0,0,False
BIN_2999979,wrapper,0,0,False
BIN_3000232,injected,1,1,False
BIN_3000933,wrapper,1,1,False
BIN_3001157,injected,0,0,False
BIN_3001291,wrapper,0,0,False
BIN_3002630,wrapper,0,0,False
BIN_3002943,injected,1,1,False
BIN_3005374,wrapper,1,1,False
BIN_3006138,injected,0,0,False
BIN_3007730,wrapper,1,1,False
BIN_3008537,wrapper,1,1,False
BIN_3008607,wrapper,0,0,False
BIN_3008697,injected,0,0,False
BIN_3010462,wrapper,0,0,False
BIN_3010701,wrapper,0,0,False
BIN_3010842,wrapper,1,1,False
BIN_3011263,injected,0,0,False
BIN_3011429,injected,0,0,False
BIN_3012570,injected,0,0,False
BIN_3013016,wrapper,0,0,False
BIN_3013925,wrapper,1,1,False
BIN_3014686,wrapper,0,0,False
BIN_3014771,injected,1,1,False
BIN_3015182,wrapper,0,0,False
BIN_3015327,wrapper,0,0,False
BIN_3015595,wrapper,0,0,False
BIN_3016161,injected,1,1,False
BIN_3016385,wrapper,0,0,False
BIN_3016608,injected,0,0,False
BIN_3016972,wrapper,0,0,False
BIN_3017233,wrapper,0,0,False
BIN_3019833,wrapper,1,1,False
BIN_3020340,wrapper,0,0,False
BIN_3020633,wrapper,0,0,False
BIN_3020780,wrapper,0,0,False
BIN_3022552,injected,0,0,False
BIN_3022635,wrapper,0,0,False
BIN_3022925,injected,0,0,False
BIN_3022975,injected,0,0,False
BIN_3022987,wrapper,1,1,False
BIN_3023011,wrapper,0,0,False
BIN_3023501,wrapper,1,1,False
BIN_3023938,wrapper,1,1,False
BIN_3024396,wrapper,1,1,False
BIN_3025563,injected,0,0,False
BIN_3025569,wrapper,0,0,False
BIN_3025687,injected,1,1,False
BIN_3026036,wrapper,0,0,False
BIN_3027149,wrapper,0,0,False
BIN_3027931,wrapper,0,0,False
BIN_3029471,wrapper,0,0,False
BIN_3029472,wrapper,0,0,False
BIN_3029729,wrapper,1,1,False
BIN_3029780,injected,1,1,False
BIN_3030582,injected,0,0,False
BIN_3030635,wrapper,0,0,False
BIN_3030982,injected,0,0,False
BIN_3031935,wrapper,1,1,False
BIN_3032561,injected,0,0,False
BIN_3032799,wrapper,0,0,False
BIN_3033404,wrapper,1,1,False
BIN_3033484,injected,1,1,False
BIN_3033593,wrapper,1,1,False
BIN_3034371,wrapper,1,1,False
BIN_3035229,wrapper,0,0,False
BIN_3035456,wrapper,0,0,False
BIN_3035585,injected,0,0,False
BIN_3035675,wrapper,0,0,False
BIN_3036795,wrapper,0,0,False
BIN_3036796,wrapper,1,1,False
BIN_3036816,wrapper,0,0,False
BIN_3037775,injected,1,1,False
BIN_3038181,injected,1,1,False
BIN_3040065,wrapper,1,1,False
BIN_3040886,wrapper,1,1,False
BIN_3041186,wrapper,0,0,False
BIN_3041661,wrapper,1,1,False
BIN_3042075,wrapper,1,1,False
BIN_3042320,wrapper,1,1,False
BIN_3043023,wrapper,1,1,False
BIN_3043659,wrapper,0,0,False
BIN_3043687,injected,1,1,False
BIN_3044061,wrapper,1,1,False
BIN_3045081,injected,1,1,False
BIN_3046034,wrapper,1,1,False
BIN_3046039,wrapper,0,0,False
BIN_3046541,wrapper,1,1,False
BIN_3046669,injected,0,0,False
BIN_3047607,injected,0,0,False
BIN_3048522,injected,1,1,False
BIN_3049998,wrapper,1,1,False
BIN_3050067,wrapper,0,0,False
BIN_3052344,injected,1,1,False
BIN_3052359,wrapper,1,1,False
BIN_3052816,injected,0,0,False
BIN_3052873,wrapper,0,0,False
BIN_3053201,wrapper,0,0,False
BIN_3053494,injected,1,1,False
BIN_3054155,injected,0,0,False
BIN_3054251,wrapper,0,0,False
BIN_3054401,injected,0,0,False
BIN_3055782,wrapper,1,1,False
BIN_3056102,wrapper,1,1,False
BIN_3056600,wrapper,0,0,False
BIN_3057996,wrapper,1,1,False
BIN_3057998,injected,1,1,False
BIN_3059460,wrapper,0,0,False
BIN_3060404,injected,0,0,False
BIN_3060926,wrapper,1,1,False
BIN_3061236,injected,0,0,False
BIN_3062665,injected,1,1,False
BIN_3063124,wrapper,0,0,False
BIN_3063168,wrapper,1,1,False
BIN_3064036,injected,1,1,False
BIN_3064791,injected,1,1,False
BIN_3065184,wrapper,0,0,False
BIN_3065313,wrapper,1,1,False
BIN_3066390,injected,0,0,False
BIN_3066726,injected,0,0,False
BIN_3066914,wrapper,1,1,False
BIN_3066987,wrapper,1,1,False
BIN_3067231,wrapper,1,1,False
BIN_3068162,injected,1,1,False
BIN_3068350,wrapper,0,0,False
BIN_3068610,wrapper,1,1,False
BIN_3068703,injected,1,1,False
BIN_3069507,injected,0,0,False
BIN_3070979,wrapper,0,0,False
BIN_3072485,injected,0,0,False
BIN_3072606,wrapper,0,0,False
BIN_3072679,injected,1,1,False
BIN_3073642,injected,1,1,False
BIN_3073904,wrapper,0,0,False
BIN_3074281,wrapper,1,1,False
BIN_3074905,injected,0,0,False
BIN_3075023,injected,1,1,False
BIN_3075275,wrapper,0,0,False
BIN_3076222,wrapper,1,1,False
BIN_3077107,wrapper,0,0,False
BIN_3078691,wrapper,0,0,False
BIN_3079174,injected,0,0,False
BIN_3079230,wrapper,0,0,False
BIN_3080318,wrapper,0,0,False
BIN_3080346,wrapper,1,1,False
BIN_3080675,wrapper,0,0,False
BIN_3081337,wrapper,0,0,False
BIN_3081347,wrapper,1,1,False
BIN_3081550,wrapper,0,0,False
BIN_3081563,wrapper,0,0,False
BIN_3082013,injected,1,1,False
BIN_3083268,injected,0,0,False
BIN_3083357,injected,1,1,False
BIN_3084246,wrapper,1,1,False
BIN_3084526,wrapper,1,1,False
BIN_3087300,wrapper,1,1,False
BIN_3087666,wrapper,0,0,False
BIN_3089206,injected,0,0,False
BIN_3089751,injected,1,1,False
BIN_3090274,wrapper,0,0,False
BIN_3090372,wrapper,1,1,False
BIN_3090790,wrapper,0,0,False
BIN_3091477,injected,1,1,False
BIN_3092626,wrapper,1,1,False
BIN_3092899,wrapper,1,1,False
BIN_3093179,wrapper,0,0,False
BIN_3093249,wrapper,0,0,False
BIN_3093902,wrapper,1,1,False
BIN_3094272,wrapper,1,1,False
BIN_3095136,injected,0,0,False
BIN_3095332,wrapper,1,1,False
BIN_3095489,injected,0,0,False
BIN_3096353,wrapper,0,0,False
BIN_3097566,wrapper,1,1,False
BIN_3098426,injected,0,0,False
BIN_3102048,wrapper,0,0,False
BIN_3102772,wrapper,0,0,False
BIN_3103841,injected,0,0,False
BIN_3104592,injected,1,1,False
BIN_3104619,wrapper,0,0,False
BIN_3106410,wrapper,0,0,False
BIN_3106923,wrapper,0,0,False
BIN_3109023,wrapper,0,0,False
BIN_3110235,injected,1,1,False
BIN_3111256,injected,1,1,False
BIN_3111453,injected,0,0,False
BIN_3111937,injected,0,0,False
BIN_3111962,wrapper,0,0,False
BIN_3112529,wrapper,1,1,False
BIN_3112873,wrapper,0,0,False
BIN_3114309,wrapper,0,0,False
BIN_3115554,wrapper,0,0,False
BIN_3115708,injected,1,1,False
BIN_3115795,injected,1,1,False
BIN_3117113,injected,1,1,False
BIN_3117329,wrapper,1,1,False
BIN_3117597,injected,0,0,False
BIN_3117808,wrapper,1,1,False
BIN_3117967,injected,0,0,False
BIN_3118542,wrapper,0,0,False
BIN_3120153,injected,0,0,False
BIN_3121370,wrapper,0,0,False
BIN_3121687,injected,1,1,False
BIN_3122497,wrapper,0,0,False
BIN_3123655,wrapper,1,1,False
BIN_3124360,wrapper,1,1,False
BIN_3124698,wrapper,0,0,False
BIN_3124926,wrapper,1,1,False
BIN_3125135,injected,1,1,False
BIN_3125179,wrapper,1,1,False
BIN_3126196,wrapper,0,0,False
BIN_3127064,injected,1,1,False
BIN_3127690,wrapper,0,0,False
BIN_3129904,wrapper,0,0,False
BIN_3130523,wrapper,1,1,False
BIN_3132139,wrapper,0,0,False
BIN_3132582,injected,0,0,False
BIN_3132615,injected,1,1,False
BIN_3132628,wrapper,0,0,False
BIN_3133215,wrapper,1,1,False
BIN_3134526,wrapper,1,1,False
BIN_3134532,wrapper,1,1,False
BIN_3135944,injected,1,1,False
BIN_3136419,wrapper,0,0,False
BIN_3136425,injected,0,0,False
BIN_3136579,injected,0,0,False
BIN_3137410,injected,0,0,False
BIN_3137572,wrapper,1,1,False
BIN_3137965,wrapper,1,1,False
BIN_3138848,wrapper,1,1,False
BIN_3139040,injected,1,1,False
BIN_3139047,wrapper,0,0,False
BIN_3139412,injected,0,0,False
BIN_3139777,injected,1,1,False
BIN_3141980,injected,1,1,False
BIN_3142470,injected,1,1,False
BIN_3142499,wrapper,0,0,False
BIN_3142512,wrapper,1,1,False
BIN_3143450,injected,0,0,False
BIN_3143635,wrapper,0,0,False
BIN_3143713,wrapper,1,1,False
BIN_3143774,wrapper,1,1,False
BIN_3144224,wrapper,1,1,False
BIN_3144537,wrapper,1,1,False
BIN_3145191,wrapper,1,1,False
BIN_3145294,wrapper,0,0,False
BIN_3145482,wrapper,1,1,False
BIN_3145602,wrapper,1,1,False
BIN_3145663,injected,0,0,False
BIN_3146663,wrapper,0,0,False
BIN_3146729,wrapper,1,1,False
BIN_3146836,injected,1,1,False
BIN_3147358,injected,0,0,False
BIN_3147420,injected,0,0,False
BIN_3147863,wrapper,1,1,False
BIN_3148214,wrapper,0,0,False
BIN_3149335,injected,0,0,False
BIN_3149558,injected,0,0,False
BIN_3149855,wrapper,0,0,False
BIN_3150541,wrapper,0,0,False
BIN_3151015,wrapper,1,1,False
BIN_3151121,wrapper,0,0,False
BIN_3151490,injected,1,1,False
BIN_3152218,wrapper,1,1,False
BIN_3152461,wrapper,1,1,False
BIN_3152973,wrapper,0,0,False
BIN_3154367,wrapper,1,1,False
BIN_3154505,injected,0,0,False
BIN_3156241,injected,0,0,False
BIN_3156851,wrapper,1,1,False
BIN_3157534,wrapper,0,0,False
BIN_3157721,wrapper,0,0,False
BIN_3157863,wrapper,0,0,False
BIN_3158160,wrapper,1,1,False
BIN_3158227,wrapper,1,1,False
BIN_3158742,injected,0,0,False
BIN_3159168,injected,0,0,False
BIN_3159562,wrapper,0,0,False
BIN_3160143,wrapper,0,0,False
BIN_3160272,injected,1,1,False
BIN_3161416,wrapper,1,1,False
BIN_3163859,wrapper,1,1,False
BIN_3164451,injected,0,0,False
BIN_3164620,wrapper,0,0,False
BIN_3165202,injected,0,0,False
BIN_3165546,injected,0,0,False
BIN_3166437,wrapper,1,1,False
BIN_3166605,wrapper,0,0,False
BIN_3167029,injected,1,1,False
BIN_3167053,injected,0,0,False
BIN_3167577,injected,0,0,False
BIN_3167780,wrapper,0,0,False
BIN_3168120,wrapper,1,1,False
BIN_3168156,wrapper,0,0,False
BIN_3168607,wrapper,0,0,False
BIN_3169609,injected,0,0,False
BIN_3170365,wrapper,0,0,False
BIN_3170391,wrapper,1,1,False
BIN_3170606,wrapper,1,1,False
BIN_3170636,injected,1,1,False
BIN_3170830,wrapper,1,1,False
BIN_3170976,wrapper,0,0,False
BIN_3172009,injected,0,0,False
BIN_3172359,wrapper,0,0,False
BIN_3172424,injected,0,0,False
BIN_3172680,wrapper,1,1,False
BIN_3173014,wrapper,1,1,False
BIN_3173489,wrapper,0,0,False
BIN_3173574,injected,1,1,False
BIN_3173703,wrapper,0,0,False
BIN_3174285,wrapper,1,1,False
BIN_3174831,wrapper,0,0,False
BIN_3175064,injected,0,0,False
BIN_3175886,wrapper,1,1,False
BIN_3175997,wrapper,1,1,False
BIN_3176144,wrapper,1,1,False
BIN_3177363,wrapper,0,0,False
BIN_3177570,injected,1,1,False
BIN_3177904,injected,1,1,False
BIN_3177928,wrapper,0,0,False
BIN_3178719,injected,1,1,False
BIN_3179025,injected,0,0,False
BIN_3179219,wrapper,0,0,False
BIN_3180143,wrapper,0,0,False
BIN_3180210,wrapper,1,1,False
BIN_3180981,wrapper,0,0,False
BIN_3181069,injected,0,0,False
BIN_3181278,wrapper,1,1,False
BIN_3182539,wrapper,0,0,False
BIN_3183493,injected,0,0,False
BIN_3183580,wrapper,0,0,False
BIN_3184145,injected,1,1,False
BIN_3184704,wrapper,0,0,False
BIN_3184774,wrapper,1,1,False
BIN_3185460,wrapper,0,0,False
BIN_3188455,wrapper,1,1,False
BIN_3188887,wrapper,1,1,False
BIN_3188888,injected,1,1,False
BIN_3189861,injected,1,1,False
BIN_3190289,injected,0,0,False
BIN_3190720,wrapper,1,1,False
BIN_3190749,wrapper,1,1,False
BIN_3191109,wrapper,0,0,False
BIN_3192326,wrapper,0,0,False
BIN_3192375,wrapper,0,0,False
BIN_3192611,wrapper,0,0,False
BIN_3193010,wrapper,1,1,False
BIN_3193201,injected,0,0,False
BIN_3193489,wrapper,1,1,False
BIN_3193732,wrapper,0,0,False
BIN_3194446,injected,1,1,False
BIN_3194915,wrapper,1,1,False
BIN_3195581,wrapper,0,0,False
BIN_3196419,wrapper,0,0,False
BIN_3196731,wrapper,0,0,False
BIN_3196769,wrapper,1,1,False
BIN_3197979,wrapper,0,0,False
BIN_3198282,wrapper,0,0,False
BIN_3198671,wrapper,1,1,False
BIN_3198952,injected,1,1,False
BIN_3198988,wrapper,1,1,False
BIN_3199228,injected,0,0,False
BIN_3199556,injected,1,1,False
BIN_3199980,injected,0,0,False
BIN_3200108,wrapper,0,0,False
BIN_3200702,wrapper,1,1,False
BIN_3200722,injected,0,0,False
BIN_3201267,wrapper,0,0,False
BIN_3202004,wrapper,1,1,False
BIN_3203482,wrapper,0,0,False
BIN_3204197,wrapper,1,1,False
BIN_3205132,wrapper,1,1,False
BIN_3205801,wrapper,0,0,False
BIN_3206560,injected,0,0,False
BIN_3207003,wrapper,1,1,False
BIN_3207593,wrapper,1,1,False
BIN_3208326,injected,0,0,False
BIN_3208576,wrapper,1,1,False
BIN_3208693,wrapper,1,1,False
BIN_3208965,wrapper,0,0,False
BIN_3209575,injected,0,0,False
BIN_3210632,wrapper,0,0,False
BIN_3211004,wrapper,1,1,False
BIN_3211215,injected,1,1,False
BIN_3211512,injected,0,0,False
BIN_3211707,injected,1,1,False
BIN_3211813,wrapper,1,1,False
BIN_3211818,injected,0,0,False
BIN_3212660,injected,0,0,False
BIN_3213304,injected,0,0,False
BIN_3213712,wrapper,1,1,False
BIN_3214461,injected,1,1,False
BIN_3214575,wrapper,1,1,False
BIN_3215542,injected,1,1,False
BIN_3215604,wrapper,1,1,False
BIN_3216076,injected,0,0,False
BIN_3216317,wrapper,1,1,False
BIN_3216376,wrapper,1,1,False
BIN_3216539,wrapper,0,0,False
BIN_3216551,wrapper,1,1,False
BIN_3216688,wrapper,0,0,False
BIN_3216799,injected,1,1,False
BIN_3216919,wrapper,1,1,False
BIN_3217661,injected,0,0,False
BIN_3218280,injected,0,0,False
BIN_3218788,wrapper,1,1,False
BIN_3218868,injected,1,1,False
BIN_3219135,injected,1,1,False
BIN_3219841,injected,0,0,False
BIN_3219859,wrapper,1,1,False
BIN_3220049,wrapper,1,1,False
BIN_3220194,wrapper,0,0,False
BIN_3221050,wrapper,1,1,False
BIN_3221426,wrapper,1,1,False
BIN_3221821,injected,1,1,False
BIN_3222468,injected,1,1,False
BIN_3222539,injected,1,1,False
BIN_3223718,wrapper,0,0,False
BIN_3224185,wrapper,1,1,False
BIN_3224302,injected,1,1,False
BIN_3224783,wrapper,1,1,False
BIN_3224966,wrapper,0,0,False
BIN_3225098,wrapper,1,1,False
BIN_3226705,injected,0,0,False
BIN_3226856,wrapper,0,0,False
BIN_3226964,injected,1,1,False
BIN_3227005,wrapper,0,0,False
BIN_3227242,injected,1,1,False
BIN_3227285,injected,1,1,False
BIN_3227381,wrapper,0,0,False
BIN_3228825,wrapper,0,0,False
BIN_3229234,wrapper,1,1,False
BIN_3229602,injected,1,1,False
BIN_3229747,wrapper,1,1,False
BIN_3231075,wrapper,1,1,False
BIN_3232056,injected,1,1,False
BIN_3234873,injected,1,1,False
BIN_3235036,wrapper,0,0,False
BIN_3235065,wrapper,0,0,False
BIN_3235218,injected,1,1,False
BIN_3236177,injected,0,0,False
BIN_3236446,wrapper,1,1,False
BIN_3237224,injected,1,1,False
BIN_3237751,wrapper,0,0,False
BIN_3237775,injected,1,1,False
BIN_3237891,injected,1,1,False
BIN_3238320,wrapper,0,0,False
BIN_3238400,injected,0,0,False
BIN_3239162,wrapper,0,0,False
BIN_3242122,wrapper,1,1,False
BIN_3242306,wrapper,1,1,False
BIN_3243141,injected,1,1,False
BIN_3243157,wrapper,0,0,False
BIN_3243189,wrapper,1,1,False
BIN_3243366,injected,1,1,False
BIN_3244177,injected,1,1,False
BIN_3245137,wrapper,0,0,False
BIN_3245318,injected,0,0,False
BIN_3245925,injected,0,0,False
BIN_3246205,injected,0,0,False
BIN_3246596,wrapper,1,1,False
BIN_3247000,wrapper,1,1,False
BIN_3247384,wrapper,0,0,False
BIN_3248107,wrapper,0,0,False
BIN_3248115,injected,1,1,False
BIN_3249082,injected,0,0,False
BIN_3249369,wrapper,1,1,False
BIN_3250096,wrapper,1,1,False
BIN_3250803,wrapper,0,0,False
BIN_3250969,wrapper,1,1,False
BIN_3251894,injected,1,1,False
BIN_3252838,wrapper,1,1,False
BIN_3252992,injected,0,0,False
BIN_3253285,wrapper,1,1,False
BIN_3253614,wrapper,0,0,False
BIN_3253978,injected,1,1,False
BIN_3254134,injected,0,0,False
BIN_3254972,injected,1,1,False
BIN_3255752,wrapper,0,0,False
BIN_3255884,wrapper,1,1,False
BIN_3256356,wrapper,0,0,False
BIN_3257101,injected,0,0,False
BIN_3260106,injected,1,1,False
BIN_3261365,injected,1,1,False
BIN_3261597,wrapper,1,1,False
BIN_3264508,wrapper,0,0,False
BIN_3264718,wrapper,0,0,False
BIN_3266028,wrapper,0,0,False
BIN_3266583,injected,0,0,False
BIN_3266978,wrapper,1,1,False
BIN_3267964,wrapper,0,0,False
BIN_3268936,wrapper,1,1,False
BIN_3269085,wrapper,0,0,False
BIN_3269184,injected,0,0,False
BIN_3270897,wrapper,1,1,False
BIN_3271111,wrapper,1,1,False
BIN_3272722,injected,1,1,False
BIN_3273408,injected,0,0,False
BIN_3273475,wrapper,0,0,False
BIN_3275050,wrapper,1,1,False
BIN_3275118,wrapper,0,0,False
BIN_3275403,wrapper,0,0,False
BIN_3275947,injected,1,1,False
BIN_3276772,injected,1,1,False
BIN_3277107,wrapper,1,1,False
BIN_3277257,wrapper,0,0,False
BIN_3277411,injected,1,1,False
BIN_3278531,wrapper,0,0,False
BIN_3278777,wrapper,1,1,False
BIN_3278993,wrapper,1,1,False
BIN_3279197,wrapper,1,1,False
BIN_3281048,wrapper,0,0,False
BIN_3281275,injected,0,0,False
BIN_3281556,wrapper,1,1,False
BIN_3281817,wrapper,1,1,False
BIN_3282117,wrapper,1,1,False
BIN_3282341,injected,0,0,False
BIN_3282854,wrapper,1,1,False
BIN_3283191,wrapper,1,1,False
BIN_3283384,wrapper,0,0,False
BIN_3285633,injected,1,1,False
BIN_3287055,injected,0,0,False
BIN_3287283,wrapper,0,0,False
BIN_3287895,injected,1,1,False
BIN_3287999,wrapper,1,1,False
BIN_3288213,injected,1,1,False
BIN_3288398,wrapper,1,1,False
BIN_3288794,wrapper,1,1,False
BIN_3289711,wrapper,1,1,False
BIN_3290010,injected,0,0,False
BIN_3292011,wrapper,1,1,False
BIN_3292515,injected,1,1,False
BIN_3293382,injected,1,1,False
BIN_3293713,wrapper,1,1,False
BIN_3296204,injected,0,0,False
BIN_3296608,injected,0,0,False
BIN_3297043,wrapper,0,0,False
BIN_3297853,injected,1,1,False
BIN_3299539,wrapper,0,0,False
BIN_3299620,wrapper,1,1,False
BIN_3299899,wrapper,0,0,False
BIN_3300289,wrapper,0,0,False
BIN_3302068,wrapper,0,0,False
BIN_3302203,injected,0,0,False
BIN_3302386,injected,1,1,False
BIN_3302429,wrapper,0,0,False
BIN_3302714,wrapper,1,1,False
BIN_3303720,wrapper,0,0,False
BIN_3303846,wrapper,0,0,False
BIN_3304062,wrapper,0,0,False
BIN_3304069,wrapper,0,0,False
BIN_3304162,wrapper,0,0,False
BIN_3304184,wrapper,0,0,False
BIN_3305809,injected,0,0,False
BIN_3305997,wrapper,0,0,False
BIN_3306756,wrapper,1,1,False
BIN_3307323,injected,0,0,False
BIN_3307546,injected,1,1,False
BIN_3308513,wrapper,1,1,False
BIN_3308954,wrapper,0,0,False
BIN_3309335,injected,0,0,False
BIN_3310518,wrapper,0,0,False
BIN_3310765,wrapper,0,0,False
BIN_3311345,wrapper,1,1,False
BIN_3311434,wrapper,1,1,False
BIN_3313060,wrapper,1,1,False
BIN_3313424,injected,0,0,False
BIN_3313640,wrapper,0,0,False
BIN_3314764,wrapper,0,0,False
BIN_3314852,injected,1,1,False
BIN_3315441,injected,1,1,False
BIN_3317176,injected,0,0,False
BIN_3320334,wrapper,0,0,False
BIN_3320344,wrapper,1,1,False
BIN_3321157,injected,0,0,False
BIN_3321921,wrapper,0,0,False
BIN_3322617,wrapper,0,0,False
BIN_3324216,wrapper,1,1,False
BIN_3324486,injected,0,0,False
BIN_3324614,wrapper,1,1,False
BIN_3324812,wrapper,1,1,False
BIN_3324869,injected,0,0,False
BIN_3325368,wrapper,1,1,False
BIN_3325658,injected,1,1,False
BIN_3326318,wrapper,1,1,False
BIN_3327516,wrapper,0,0,False
BIN_3327552,wrapper,0,0,False
BIN_3327791,wrapper,0,0,False
BIN_3328920,injected,0,0,False
BIN_3329208,wrapper,0,0,False
BIN_3329686,injected,1,1,False
BIN_3330042,wrapper,1,1,False
BIN_3330632,injected,1,1,False
BIN_3330739,wrapper,1,1,False
BIN_3331141,injected,1,1,False
BIN_3331526,injected,0,0,False
BIN_3334206,wrapper,1,1,False
BIN_3336293,wrapper,1,1,False
BIN_3337053,injected,0,0,False
BIN_3337778,injected,1,1,False
BIN_3338579,injected,0,0,False
BIN_3338706,injected,1,1,False
BIN_3338860,wrapper,0,0,False
BIN_3339387,wrapper,1,1,False
BIN_3339944,injected,0,0,False
BIN_3341121,injected,0,0,False
BIN_3341175,injected,1,1,False
BIN_3341772,wrapper,1,1,False
BIN_3343569,injected,0,0,False
BIN_3343870,wrapper,0,0,False
BIN_3344690,injected,0,0,False
BIN_3345065,injected,0,0,False
BIN_3345297,wrapper,0,0,False
BIN_3346061,wrapper,1,1,False
BIN_3346114,wrapper,0,0,False
BIN_3346467,injected,0,0,False
BIN_3346742,wrapper,0,0,False
BIN_3346904,injected,1,1,False
BIN_3347018,wrapper,0,0,False
BIN_3348273,injected,1,1,False
BIN_3348374,wrapper,1,1,False
BIN_3348911,injected,0,0,False
BIN_3349220,wrapper,1,1,False
BIN_3349791,injected,1,1,False
BIN_3354618,injected,0,0,False
BIN_3354638,injected,1,1,False
BIN_3354824,wrapper,0,0,False
BIN_3355307,wrapper,1,1,False
BIN_3356655,wrapper,1,1,False
BIN_3356801,wrapper,1,1,False
BIN_3357401,wrapper,0,0,False
BIN_3357686,injected,1,1,False
BIN_3359661,wrapper,1,1,False
BIN_3359914,wrapper,1,1,False
BIN_3360299,wrapper,1,1,False
BIN_3360708,wrapper,1,1,False
BIN_3362314,injected,1,1,False
BIN_3362975,wrapper,1,1,False
BIN_3363044,injected,1,1,False
BIN_3363655,injected,0,0,False
BIN_3364708,wrapper,1,1,False
BIN_3364728,wrapper,0,0,False
BIN_3365040,wrapper,0,0,False
BIN_3366354,injected,1,1,False
BIN_3366397,injected,0,0,False
BIN_3367539,injected,1,1,False
BIN_3367947,injected,1,1,False
BIN_3368147,wrapper,1,1,False
BIN_3368256,injected,0,0,False
BIN_3368586,wrapper,0,0,False
BIN_3369933,wrapper,0,0,False
BIN_3370695,wrapper,0,0,False
BIN_3371677,wrapper,0,0,False
BIN_3371843,wrapper,0,0,False
BIN_3371994,wrapper,1,1,False
BIN_3372307,wrapper,1,1,False
BIN_3373117,injected,1,1,False
BIN_3373484,wrapper,1,1,False
BIN_3374278,wrapper,0,0,False
BIN_3375642,wrapper,0,0,False
BIN_3375843,wrapper,0,0,False
BIN_3375852,wrapper,0,0,False
BIN_3376050,wrapper,1,1,False
BIN_3376418,wrapper,1,1,False
BIN_3377146,wrapper,0,0,False
BIN_3377485,wrapper,0,0,False
BIN_3377759,wrapper,1,1,False
BIN_3378138,wrapper,0,0,False
BIN_3378435,wrapper,1,1,False
BIN_3380219,wrapper,1,1,False
BIN_3380412,wrapper,1,1,False
BIN_3381704,wrapper,0,0,False
BIN_3382178,wrapper,0,0,False
BIN_3382227,wrapper,0,0,False
BIN_3382328,injected,0,0,False
BIN_3382825,injected,0,0,False
BIN_3382850,wrapper,0,0,False
BIN_3383025,injected,0,0,False
BIN_3383627,injected,0,0,False
BIN_3383859,wrapper,1,1,False
BIN_3384782,wrapper,0,0,False
BIN_3385721,wrapper,0,0,False
BIN_3386111,wrapper,0,0,False
BIN_3387026,wrapper,0,0,False
BIN_3387837,injected,0,0,False
BIN_3387936,wrapper,0,0,False
BIN_3388363,wrapper,0,0,False
BIN_3389006,wrapper,1,1,False
BIN_3389254,wrapper,0,0,False
BIN_3390787,wrapper,1,1,False
BIN_3391807,wrapper,0,0,False
BIN_3391997,wrapper,1,1,False
BIN_3392653,wrapper,1,1,False
BIN_3393592,injected,1,1,False
BIN_3393639,injected,0,0,False
BIN_3393916,wrapper,1,1,False
BIN_3394014,wrapper,0,0,False
BIN_3394049,wrapper,1,1,False
BIN_3394258,injected,0,0,False
BIN_3395107,wrapper,0,0,False
BIN_3396324,injected,0,0,False
BIN_3396475,injected,1,1,False
BIN_3397174,injected,1,1,False
BIN_3397307,injected,1,1,False
BIN_3398050,wrapper,1,1,False
BIN_3398466,wrapper,1,1,False
BIN_3398970,wrapper,0,0,False
BIN_3400265,injected,1,1,False
BIN_3400532,injected,1,1,False
BIN_3400918,wrapper,1,1,False
BIN_3401214,wrapper,1,1,False
BIN_3401793,wrapper,1,1,False
BIN_3403534,injected,1,1,False
BIN_3403808,wrapper,1,1,False
BIN_3404045,wrapper,1,1,False
BIN_3404807,wrapper,0,0,False
BIN_3404947,injected,1,1,False
BIN_3405176,injected,1,1,False
BIN_3405642,wrapper,0,0,False
BIN_3405648,wrapper,0,0,False
BIN_3405755,injected,0,0,False
BIN_3407144,wrapper,0,0,False
BIN_3408329,wrapper,1,1,False
BIN_3408650,wrapper,1,1,False
BIN_3409994,wrapper,1,1,False
BIN_3410404,injected,1,1,False
BIN_3410519,wrapper,1,1,False
BIN_3412055,wrapper,1,1,False
BIN_3412846,injected,0,0,False
BIN_3412954,injected,0,0,False
BIN_3413262,injected,0,0,False
BIN_3413532,wrapper,0,0,False
BIN_3414314,wrapper,0,0,False
BIN_3414826,wrapper,0,0,False
BIN_3415243,injected,0,0,False
BIN_3415533,injected,0,0,False
BIN_3415659,wrapper,1,1,False
BIN_3416752,wrapper,0,0,False
BIN_3417350,injected,0,0,False
BIN_3417476,wrapper,0,0,False
BIN_3417933,injected,0,0,False
BIN_3418098,wrapper,0,0,False
BIN_3419142,injected,1,1,False
BIN_3419361,injected,0,0,False
BIN_3419804,injected,1,1,False
BIN_3419848,wrapper,1,1,False
BIN_3420047,injected,0,0,False
BIN_3420053,injected,1,1,False
BIN_3420239,injected,0,0,False
BIN_3422295,wrapper,1,1,False
BIN_3422552,wrapper,1,1,False
BIN_3423008,injected,0,0,False
BIN_3423259,wrapper,1,1,False
BIN_3423431,wrapper,0,0,False
BIN_3423882,wrapper,1,1,False
BIN_3424096,wrapper,1,1,False
BIN_3424400,injected,1,1,False
BIN_3424826,injected,1,1,False
BIN_3424925,wrapper,1,1,False
BIN_3425347,wrapper,1,1,False
BIN_3426783,wrapper,0,0,False
BIN_3427827,injected,0,0,False
BIN_3428402,wrapper,1,1,False
BIN_3429557,wrapper,1,1,False
BIN_3430376,wrapper,1,1,False
BIN_3432112,wrapper,0,0,False
BIN_3435103,wrapper,1,1,False
BIN_3436281,wrapper,0,0,False
BIN_3436292,injected,1,1,False
BIN_3437230,injected,1,1,False
BIN_3437331,wrapper,1,1,False
BIN_3437939,injected,0,0,False
BIN_3439306,wrapper,0,0,False
BIN_3440455,wrapper,0,0,False
BIN_3440996,wrapper,0,0,False
BIN_3441395,wrapper,0,0,False
BIN_3441806,injected,0,0,False
BIN_3443578,wrapper,1,1,False
BIN_3443897,injected,0,0,False
BIN_3444108,injected,1,1,False
BIN_3444190,wrapper,1,1,False
BIN_3444295,wrapper,1,1,False
BIN_3444876,wrapper,0,0,False
BIN_3447076,wrapper,0,0,False
BIN_3447323,wrapper,1,1,False
BIN_3447437,injected,1,1,False
BIN_3448252,wrapper,1,1,False
BIN_3449426,wrapper,1,1,False
BIN_3449976,wrapper,0,0,False
BIN_3450077,wrapper,1,1,False
BIN_3450158,wrapper,1,1,False
BIN_3451873,wrapper,1,1,False
BIN_3452270,wrapper,0,0,False
BIN_3453716,wrapper,1,1,False
BIN_3453724,wrapper,1,1,False
BIN_3454181,injected,1,1,False
BIN_3455745,wrapper,0,0,False
BIN_3457271,injected,1,1,False
BIN_3457743,wrapper,0,0,False
BIN_3458024,wrapper,1,1,False
BIN_3458224,injected,0,0,False
BIN_3458366,wrapper,1,1,False
BIN_3459057,wrapper,1,1,False
BIN_3459368,wrapper,1,1,False
BIN_3460527,injected,0,0,False
BIN_3461051,wrapper,1,1,False
BIN_3461395,injected,1,1,False
BIN_3462372,wrapper,1,1,False
BIN_3462718,wrapper,1,1,False
BIN_3463049,injected,1,1,False
BIN_3463524,wrapper,0,0,False
BIN_3464761,injected,1,1,False
BIN_3464973,injected,0,0,False
BIN_3465828,wrapper,1,1,False
BIN_3467243,injected,1,1,False
BIN_3467750,wrapper,1,1,False
BIN_3468340,injected,1,1,False
BIN_3469145,wrapper,0,0,False
BIN_3469373,wrapper,0,0,False
BIN_3470119,wrapper,1,1,False
BIN_3470306,wrapper,0,0,False
BIN_3470466,injected,1,1,False
BIN_3470501,injected,0,0,False
BIN_3470596,wrapper,1,1,False
BIN_3470695,injected,1,1,False
BIN_3470963,wrapper,1,1,False
BIN_3471414,wrapper,0,0,False
BIN_3471580,injected,0,0,False
BIN_3471771,wrapper,0,0,False
BIN_3472193,wrapper,0,0,False
BIN_3473233,wrapper,1,1,False
BIN_3473593,wrapper,0,0,False
BIN_3473977,wrapper,0,0,False
BIN_3474512,wrapper,0,0,False
BIN_3475392,wrapper,0,0,False
BIN_3475545,injected,1,1,False
BIN_3475625,wrapper,1,1,False
BIN_3475705,injected,0,0,False
BIN_3476453,wrapper,1,1,False
BIN_3476579,injected,1,1,False
BIN_3476674,wrapper,1,1,False
BIN_3477183,wrapper,0,0,False
BIN_3477226,wrapper,1,1,False
BIN_3477258,wrapper,0,0,False
BIN_3478147,wrapper,0,0,False
BIN_3478297,injected,1,1,False
BIN_3478977,injected,1,1,False
BIN_3479370,wrapper,0,0,False
BIN_3481569,injected,0,0,False
BIN_3481999,wrapper,0,0,False
BIN_3482534,wrapper,0,0,False
BIN_3482706,injected,0,0,False
BIN_3482745,wrapper,1,1,False
BIN_3482984,wrapper,1,1,False
BIN_3483473,injected,1,1,False
BIN_3483718,injected,0,0,False
BIN_3484540,wrapper,0,0,False
BIN_3484829,wrapper,0,0,False
BIN_3484933,injected,0,0,False
BIN_3485860,wrapper,0,0,False
BIN_3485927,injected,0,0,False
BIN_3486389,wrapper,0,0,False
BIN_3486441,wrapper,1,1,False
BIN_3486809,wrapper,1,1,False
BIN_3487167,injected,0,0,False
BIN_3487736,injected,1,1,False
BIN_3488686,wrapper,1,1,False
BIN_3489135,wrapper,1,1,False
BIN_3489247,injected,0,0,False
BIN_3490449,wrapper,0,0,False
BIN_3490838,wrapper,0,0,False
BIN_3491433,wrapper,0,0,False
BIN_3491883,injected,1,1,False
BIN_3492603,injected,0,0,False
BIN_3492715,injected,1,1,False
BIN_3495568,wrapper,0,0,False
BIN_3496648,wrapper,1,1,False
BIN_3497059,wrapper,0,0,False
BIN_3497193,wrapper,1,1,False
BIN_3497330,injected,1,1,False
BIN_3497465,wrapper,0,0,False
BIN_3497503,wrapper,1,1,False
BIN_3497591,injected,0,0,False
BIN_3497907,wrapper,1,1,False
BIN_3498686,injected,0,0,False
BIN_3499086,wrapper,1,1,False
BIN_3501087,wrapper,0,0,False
BIN_3502355,injected,0,0,False
BIN_3502415,wrapper,1,1,False
BIN_3503911,wrapper,1,1,False
BIN_3503988,wrapper,1,1,False
BIN_3504284,wrapper,1,1,False
BIN_3504661,injected,1,1,False
BIN_3506509,wrapper,1,1,False
BIN_3507098,wrapper,0,0,False
BIN_3507132,wrapper,0,0,False
BIN_3507967,injected,1,1,False
BIN_3508204,wrapper,1,1,False
BIN_3508625,wrapper,0,0,False
BIN_3509972,wrapper,1,1,False
BIN_3510148,wrapper,1,1,False
BIN_3511055,wrapper,1,1,False
BIN_3511069,injected,1,1,False
BIN_3511174,injected,0,0,False
BIN_3511899,wrapper,0,0,False
BIN_3512216,wrapper,0,0,False
BIN_3512781,wrapper,0,0,False
BIN_3514600,injected,0,0,False
BIN_3515092,wrapper,0,0,False
BIN_3516380,wrapper,0,0,False
BIN_3516672,injected,1,1,False
BIN_3518191,wrapper,1,1,False
BIN_3518688,injected,1,1,False
BIN_3519685,wrapper,0,0,False
BIN_3521532,wrapper,0,0,False
BIN_3522634,wrapper,0,0,False
BIN_3522637,wrapper,1,1,False
BIN_3523930,wrapper,0,0,False
BIN_3524648,injected,0,0,False
BIN_3524907,injected,1,1,False
BIN_3525355,injected,0,0,False
BIN_3525778,injected,1,1,False
BIN_3526316,wrapper,0,0,False
BIN_3527394,wrapper,1,1,False
BIN_3528480,wrapper,1,1,False
BIN_3529029,wrapper,0,0,False
BIN_3529083,injected,0,0,False
BIN_3529121,wrapper,0,0,False
BIN_3529755,wrapper,0,0,False
BIN_3530268,wrapper,1,1,False
BIN_3530944,wrapper,0,0,False
BIN_3531202,wrapper,1,1,False
BIN_3532167,wrapper,1,1,False
BIN_3532221,wrapper,0,0,False
BIN_3532318,injected,1,1,False
BIN_3532604,injected,1,1,False
BIN_3533169,injected,0,0,False
BIN_3534461,wrapper,1,1,False
BIN_3534586,wrapper,0,0,False
BIN_3535039,wrapper,1,1,False
BIN_3536395,wrapper,1,1,False
BIN_3537062,wrapper,1,1,False
BIN_3537599,injected,1,1,False
BIN_3538387,injected,0,0,False
BIN_3538630,wrapper,1,1,False
BIN_3539618,injected,0,0,False
BIN_3540018,injected,1,1,False
BIN_3540145,wrapper,0,0,False
BIN_3540348,wrapper,0,0,False
BIN_3540567,injected,1,1,False
BIN_3541062,wrapper,1,1,False
BIN_3542809,injected,0,0,False
BIN_3542925,wrapper,0,0,False
BIN_3543693,wrapper,1,1,False
BIN_3543953,wrapper,1,1,False
BIN_3544021,injected,0,0,False
BIN_3544297,wrapper,0,0,False
BIN_3545439,wrapper,0,0,False
BIN_3545596,wrapper,1,1,False
BIN_3545904,wrapper,1,1,False
BIN_3546050,wrapper,1,1,False
BIN_3546411,injected,0,0,False
BIN_3547398,wrapper,1,1,False
BIN_3547714,injected,0,0,False
BIN_3548190,wrapper,1,1,False
BIN_3548502,injected,0,0,False
BIN_3548624,wrapper,0,0,False
BIN_3548627,injected,0,0,False
BIN_3549480,injected,0,0,False
BIN_3550498,injected,0,0,False
BIN_3551180,injected,1,1,False
BIN_3551834,injected,0,0,False
BIN_3552843,injected,1,1,False
BIN_3552877,wrapper,0,0,False
BIN_3553700,wrapper,1,1,False
BIN_3553917,injected,1,1,False
BIN_3555016,wrapper,0,0,False
BIN_3555118,injected,0,0,False
BIN_3555276,wrapper,0,0,False
BIN_3556732,wrapper,1,1,False
BIN_3556829,wrapper,0,0,False
BIN_3556950,injected,1,1,False
BIN_3557198,wrapper,1,1,False
BIN_3557265,wrapper,0,0,False
BIN_3557619,wrapper,0,0,False
BIN_3557650,injected,0,0,False
BIN_3557714,wrapper,0,0,False
BIN_3557757,injected,0,0,False
BIN_3558037,injected,1,1,False
BIN_3558179,injected,0,0,False
BIN_3558881,wrapper,0,0,False
BIN_3558892,wrapper,0,0,False
BIN_3558964,wrapper,0,0,False
BIN_3559985,wrapper,0,0,False
BIN_3563664,wrapper,0,0,False
BIN_3564973,injected,1,1,False
BIN_3565359,wrapper,1,1,False
BIN_3566616,wrapper,0,0,False
BIN_3567768,wrapper,1,1,False
BIN_3567777,wrapper,0,0,False
BIN_3568040,injected,0,0,False
BIN_3568248,wrapper,0,0,False
BIN_3568362,injected,0,0,False
BIN_3568937,wrapper,1,1,False
BIN_3569094,injected,1,1,False
BIN_3569987,wrapper,1,1,False
BIN_3570087,wrapper,1,1,False
BIN_3570627,wrapper,0,0,False
BIN_3570942,injected,1,1,False
BIN_3571686,injected,0,0,False
BIN_3571812,wrapper,1,1,False
BIN_3571934,injected,1,1,False
BIN_3572274,wrapper,1,1,False
BIN_3572290,wrapper,0,0,False
BIN_3572493,injected,1,1,False
BIN_3573896,wrapper,1,1,False
BIN_3574466,injected,0,0,False
BIN_3574561,injected,0,0,False
BIN_3574987,wrapper,0,0,False
BIN_3575090,wrapper,1,1,False
BIN_3575396,injected,0,0,False
BIN_3575578,wrapper,0,0,False
BIN_3575789,wrapper,0,0,False
BIN_3576527,injected,0,0,False
BIN_3576782,wrapper,1,1,False
BIN_3577406,wrapper,1,1,False
BIN_3577596,injected,1,1,False
BIN_3577744,wrapper,0,0,False
BIN_3578934,wrapper,1,1,False
BIN_3578935,injected,0,0,False
BIN_3579270,wrapper,1,1,False
BIN_3580603,injected,1,1,False
BIN_3581866,wrapper,1,1,False
BIN_3582968,wrapper,0,0,False
BIN_3583000,wrapper,0,0,False
BIN_3583032,injected,0,0,False
BIN_3583646,wrapper,0,0,False
BIN_3584056,wrapper,1,1,False
BIN_3584999,wrapper,1,1,False
BIN_3585140,wrapper,0,0,False
BIN_3585507,wrapper,1,1,False
BIN_3586848,wrapper,1,1,False
BIN_3587821,wrapper,0,0,False
BIN_3588807,wrapper,1,1,False
BIN_3589056,injected,1,1,False
BIN_3589147,injected,0,0,False
BIN_3589194,wrapper,1,1,False
BIN_3591223,injected,0,0,False
BIN_3591592,wrapper,0,0,False
BIN_3591632,wrapper,1,1,False
BIN_3592049,wrapper,0,0,False
BIN_3592180,wrapper,0,0,False
BIN_3593660,injected,1,1,False
BIN_3594222,wrapper,1,1,False
BIN_3594706,injected,1,1,False
BIN_3595188,injected,0,0,False
BIN_3595355,injected,1,1,False
BIN_3595998,wrapper,0,0,False
BIN_3596321,injected,1,1,False
BIN_3596322,wrapper,1,1,False
BIN_3596744,injected,1,1,False
BIN_3597659,injected,1,1,False
BIN_3598561,wrapper,0,0,False
BIN_3599501,injected,1,1,False
BIN_3599846,wrapper,1,1,False
BIN_3600638,injected,1,1,False
BIN_3602153,injected,1,1,False
BIN_3602508,wrapper,1,1,False
BIN_3602662,injected,1,1,False
BIN_3603436,injected,0,0,False
BIN_3603604,wrapper,1,1,False
BIN_3604985,wrapper,1,1,False
BIN_3605243,wrapper,1,1,False
BIN_3605391,injected,0,0,False
BIN_3605480,wrapper,1,1,False
BIN_3605972,wrapper,1,1,False
BIN_3606153,injected,1,1,False
BIN_3607141,wrapper,0,0,False
BIN_3608213,wrapper,1,1,False
BIN_3608278,wrapper,1,1,False
BIN_3608539,injected,1,1,False
BIN_3610117,injected,1,1,False
BIN_3610245,wrapper,0,0,False
BIN_3610312,wrapper,0,0,False
BIN_3610417,injected,1,1,False
BIN_3610703,wrapper,0,0,False
BIN_3611254,injected,1,1,False
BIN_3612593,wrapper,1,1,False
BIN_3612771,wrapper,1,1,False
BIN_3614543,wrapper,1,1,False
BIN_3614815,injected,1,1,False
BIN_3617707,wrapper,0,0,False
BIN_3617874,injected,1,1,False
BIN_3618834,wrapper,0,0,False
BIN_3618866,wrapper,0,0,False
BIN_3618890,wrapper,1,1,False
BIN_3619522,injected,0,0,False
BIN_3620044,wrapper,1,1,False
BIN_3621403,injected,1,1,False
BIN_3621844,wrapper,1,1,False
BIN_3621925,wrapper,0,0,False
BIN_3622094,injected,1,1,False
BIN_3622532,wrapper,1,1,False
BIN_3623036,injected,0,0,False
BIN_3623196,injected,0,0,False
BIN_3624306,wrapper,0,0,False
BIN_3624531,injected,0,0,False
BIN_3624893,wrapper,0,0,False
BIN_3624955,wrapper,0,0,False
BIN_3626987,wrapper,0,0,False
BIN_3628652,injected,0,0,False
BIN_3628760,injected,0,0,False
BIN_3628969,wrapper,0,0,False
BIN_3629516,wrapper,1,1,False
BIN_3629601,wrapper,1,1,False
BIN_3629925,wrapper,1,1,False
BIN_3630595,wrapper,1,1,False
BIN_3630823,wrapper,0,0,False
BIN_3631335,injected,1,1,False
BIN_3631347,wrapper,1,1,False
BIN_3631638,wrapper,0,0,False
BIN_3631806,wrapper,1,1,False
BIN_3632046,wrapper,0,0,False
BIN_3632121,wrapper,0,0,False
BIN_3632661,wrapper,0,0,False
BIN_3632843,injected,1,1,False
BIN_3633413,wrapper,0,0,False
BIN_3633646,wrapper,1,1,False
BIN_3633836,wrapper,0,0,False
BIN_3634431,wrapper,1,1,False
BIN_3634595,injected,1,1,False
BIN_3634958,wrapper,1,1,False
BIN_3635942,wrapper,1,1,False
BIN_3636133,wrapper,1,1,False
BIN_3637285,wrapper,1,1,False
BIN_3637647,injected,0,0,False
BIN_3637803,wrapper,1,1,False
BIN_3638010,injected,0,0,False
BIN_3639283,injected,1,1,False
BIN_3639644,injected,1,1,False
BIN_3639988,wrapper,1,1,False
BIN_3640594,wrapper,0,0,False
BIN_3641009,wrapper,0,0,False
BIN_3641684,injected,0,0,False
BIN_3642490,wrapper,0,0,False
BIN_3642847,injected,1,1,False
BIN_3643095,wrapper,1,1,False
BIN_3644941,injected,1,1,False
BIN_3645023,wrapper,0,0,False
BIN_3646279,wrapper,1,1,False
BIN_3646460,injected,1,1,False
BIN_3646901,wrapper,0,0,False
BIN_3647139,injected,0,0,False
BIN_3647554,wrapper,0,0,False
BIN_3647919,injected,1,1,False
BIN_3648316,injected,0,0,False
BIN_3648834,wrapper,0,0,False
BIN_3649385,injected,1,1,False
BIN_3649693,wrapper,0,0,False
BIN_3650061,injected,1,1,False
BIN_3650415,injected,1,1,False
BIN_3650430,wrapper,1,1,False
BIN_3650674,wrapper,1,1,False
BIN_3650791,injected,1,1,False
BIN_3651645,injected,0,0,False
BIN_3652184,wrapper,1,1,False
BIN_3652578,wrapper,1,1,False
BIN_3653163,injected,1,1,False
BIN_3654256,wrapper,0,0,False
BIN_3655659,wrapper,0,0,False
BIN_3655751,wrapper,0,0,False
BIN_3655782,injected,0,0,False
BIN_3656006,wrapper,1,1,False
BIN_3656169,wrapper,1,1,False
BIN_3657683,injected,1,1,False
BIN_3657712,wrapper,0,0,False
BIN_3658028,injected,0,0,False
BIN_3659339,injected,0,0,False
BIN_3659422,wrapper,1,1,False
BIN_3660263,injected,1,1,False
BIN_3660492,wrapper,1,1,False
BIN_3661323,injected,0,0,False
BIN_3661351,wrapper,0,0,False
BIN_3661942,wrapper,0,0,False
BIN_3661986,wrapper,1,1,False
BIN_3662175,wrapper,0,0,False
BIN_3662882,wrapper,0,0,False
BIN_3663287,wrapper,0,0,False
BIN_3666804,wrapper,1,1,False
BIN_3668667,injected,1,1,False
BIN_3668948,wrapper,0,0,False
BIN_3669421,injected,1,1,False
BIN_3670824,wrapper,0,0,False
BIN_3671001,injected,0,0,False
BIN_3671034,wrapper,0,0,False
BIN_3671679,injected,1,1,False
BIN_3671904,wrapper,0,0,False
BIN_3673951,wrapper,1,1,False
BIN_3674345,injected,0,0,False
BIN_3675502,wrapper,0,0,False
BIN_3675540,injected,1,1,False
BIN_3676077,wrapper,1,1,False
BIN_3677850,wrapper,1,1,False
BIN_3677946,wrapper,0,0,False
BIN_3678920,injected,0,0,False
BIN_3679549,wrapper,1,1,False
BIN_3679671,wrapper,0,0,False
BIN_3681278,wrapper,1,1,False
BIN_3682599,wrapper,1,1,False
BIN_3682967,wrapper,1,1,False
BIN_3683033,wrapper,1,1,False
BIN_3683710,wrapper,0,0,False
BIN_3684159,wrapper,0,0,False
BIN_3684647,wrapper,1,1,False
BIN_3684859,injected,0,0,False
BIN_3685335,wrapper,1,1,False
BIN_3686173,wrapper,0,0,False
BIN_3686308,wrapper,1,1,False
BIN_3686565,injected,0,0,False
BIN_3687382,wrapper,1,1,False
BIN_3687463,wrapper,1,1,False
BIN_3687691,injected,1,1,False
BIN_3688937,injected,0,0,False
BIN_3690363,injected,0,0,False
BIN_3690547,wrapper,1,1,False
BIN_3690944,wrapper,1,1,False
BIN_3692796,wrapper,1,1,False
BIN_3692867,wrapper,0,0,False
BIN_3693933,wrapper,1,1,False
BIN_3694317,wrapper,0,0,False
BIN_3694968,injected,0,0,False
BIN_3695431,wrapper,1,1,False
BIN_3695776,wrapper,1,1,False
BIN_3697182,wrapper,0,0,False
BIN_3697337,injected,1,1,False
BIN_3697970,injected,0,0,False
BIN_3698210,injected,0,0,False
BIN_3698885,wrapper,0,0,False
BIN_3699580,injected,1,1,False
BIN_3700806,injected,1,1,False
BIN_3701669,wrapper,1,1,False
BIN_3701792,injected,0,0,False
BIN_3701802,injected,0,0,False
BIN_3702062,wrapper,1,1,False
BIN_3702122,wrapper,0,0,False
BIN_3702565,wrapper,1,1,False
BIN_3703137,wrapper,1,1,False
BIN_3703322,wrapper,0,0,False
BIN_3703344,injected,0,0,False
BIN_3703430,wrapper,0,0,False
BIN_3703431,wrapper,0,0,False
BIN_3704254,wrapper,0,0,False
BIN_3704315,injected,0,0,False
BIN_3704425,wrapper,1,1,False
BIN_3704544,wrapper,0,0,False
BIN_3705692,injected,1,1,False
BIN_3705958,wrapper,0,0,False
BIN_3705996,wrapper,0,0,False
BIN_3706444,injected,0,0,False
BIN_3706676,wrapper,1,1,False
BIN_3706966,wrapper,1,1,False
BIN_3707263,wrapper,1,1,False
BIN_3708211,wrapper,1,1,False
BIN_3708397,injected,1,1,False
BIN_3708490,injected,1,1,False
BIN_3709047,wrapper,0,0,False
BIN_3709931,injected,0,0,False
BIN_3710798,wrapper,0,0,False
BIN_3711370,injected,0,0,False
BIN_3712009,injected,1,1,False
BIN_3712013,injected,1,1,False
BIN_3712070,injected,1,1,False
BIN_3712871,wrapper,0,0,False
BIN_3712947,wrapper,1,1,False
BIN_3713144,injected,1,1,False
BIN_3715059,injected,0,0,False
BIN_3715401,wrapper,0,0,False
BIN_3715791,wrapper,1,1,False
BIN_3716430,wrapper,0,0,False
BIN_3716775,injected,0,0,False
BIN_3717278,injected,1,1,False
BIN_3717305,wrapper,0,0,False
BIN_3717352,wrapper,0,0,False
BIN_3718127,wrapper,1,1,False
BIN_3718550,wrapper,0,0,False
BIN_3719808,injected,1,1,False
BIN_3721082,wrapper,0,0,False
BIN_3722489,injected,1,1,False
BIN_3723024,injected,0,0,False
BIN_3723264,wrapper,0,0,False
BIN_3724528,wrapper,1,1,False
BIN_3725613,wrapper,0,0,False
BIN_3725897,injected,1,1,False
BIN_3726870,wrapper,0,0,False
BIN_3728058,wrapper,1,1,False
BIN_3729221,wrapper,1,1,False
BIN_3729346,wrapper,1,1,False
BIN_3729679,wrapper,0,0,False
BIN_3730161,injected,1,1,False
BIN_3730705,injected,0,0,False
BIN_3731302,injected,1,1,False
BIN_3731377,injected,1,1,False
BIN_3731389,injected,0,0,False
BIN_3732280,injected,0,0,False
BIN_3733396,wrapper,1,1,False
BIN_3733581,wrapper,0,0,False
BIN_3733954,wrapper,1,1,False
BIN_3734142,wrapper,1,1,False
BIN_3735097,wrapper,1,1,False
BIN_3735219,wrapper,0,0,False
BIN_3735566,injected,0,0,False
BIN_3735594,injected,0,0,False
BIN_3735927,wrapper,1,1,False
BIN_3738334,wrapper,1,1,False
BIN_3738783,wrapper,1,1,False
BIN_3738889,wrapper,1,1,False
BIN_3739802,wrapper,1,1,False
BIN_3740494,injected,0,0,False
BIN_3740701,wrapper,1,1,False
BIN_3740974,injected,1,1,False
BIN_3741428,wrapper,1,1,False
BIN_3742110,injected,1,1,False
BIN_3743489,wrapper,1,1,False
BIN_3743638,injected,0,0,False
BIN_3744000,injected,1,1,False
BIN_3744219,wrapper,0,0,False
BIN_3744366,wrapper,1,1,False
BIN_3745504,wrapper,0,0,False
BIN_3746254,wrapper,0,0,False
BIN_3747319,injected,0,0,False
BIN_3748167,wrapper,1,1,False
BIN_3748200,injected,0,0,False
BIN_3748669,wrapper,1,1,False
BIN_3748824,injected,1,1,False
BIN_3748906,wrapper,0,0,False
BIN_3749323,wrapper,0,0,False
BIN_3749790,injected,1,1,False
BIN_3750746,wrapper,0,0,False
BIN_3751885,wrapper,0,0,False
BIN_3752138,wrapper,0,0,False
BIN_3752351,wrapper,1,1,False
BIN_3752396,wrapper,1,1,False
BIN_3752440,wrapper,1,1,False
BIN_3753533,wrapper,1,1,False
BIN_3754100,wrapper,0,0,False
BIN_3754374,wrapper,1,1,False
BIN_3754535,wrapper,1,1,False
BIN_3755286,injected,1,1,False
BIN_3755648,wrapper,0,0,False
BIN_3756220,injected,0,0,False
BIN_3756284,wrapper,1,1,False
BIN_3756971,injected,1,1,False
BIN_3757167,injected,1,1,False
BIN_3757251,wrapper,1,1,False
BIN_3757274,wrapper,0,0,False
BIN_3758393,wrapper,1,1,False
BIN_3758736,wrapper,0,0,False
BIN_3758778,wrapper,1,1,False
BIN_3758979,injected,1,1,False
BIN_3759183,wrapper,1,1,False
BIN_3760125,wrapper,1,1,False
BIN_3760298,wrapper,1,1,False
BIN_3760330,injected,1,1,False
BIN_3762244,wrapper,1,1,False
BIN_3762476,wrapper,0,0,False
BIN_3762480,wrapper,1,1,False
BIN_3762884,wrapper,0,0,False
BIN_3763134,injected,0,0,False
BIN_3763377,wrapper,1,1,False
BIN_3763611,wrapper,0,0,False
BIN_3764913,wrapper,0,0,False
BIN_3765269,injected,1,1,False
BIN_3765910,wrapper,0,0,False
BIN_3766152,wrapper,0,0,False
BIN_3766181,injected,1,1,False
BIN_3766541,wrapper,0,0,False
BIN_3766547,injected,0,0,False
BIN_3766704,wrapper,0,0,False
BIN_3768357,wrapper,0,0,False
BIN_3769983,wrapper,0,0,False
BIN_3770273,injected,0,0,False
BIN_3771323,wrapper,0,0,False
BIN_3772588,wrapper,0,0,False
BIN_3772675,wrapper,0,0,False
BIN_3772704,wrapper,0,0,False
BIN_3772719,wrapper,0,0,False
BIN_3773627,wrapper,0,0,False
BIN_3774628,wrapper,0,0,False
BIN_3776915,injected,1,1,False
BIN_3777155,wrapper,0,0,False
BIN_3777224,wrapper,1,1,False
BIN_3777265,wrapper,0,0,False
BIN_3777362,wrapper,0,0,False
BIN_3777708,wrapper,0,0,False
BIN_3779363,wrapper,0,0,False
BIN_3780181,wrapper,1,1,False
BIN_3780204,injected,0,0,False
BIN_3780245,wrapper,0,0,False
BIN_3780439,wrapper,1,1,False
BIN_3780793,injected,1,1,False
BIN_3781630,injected,0,0,False
BIN_3782157,wrapper,1,1,False
BIN_3782418,wrapper,0,0,False
BIN_3785660,wrapper,1,1,False
BIN_3785716,wrapper,1,1,False
BIN_3785737,wrapper,1,1,False
BIN_3786229,wrapper,1,1,False
BIN_3786684,wrapper,1,1,False
BIN_3788615,wrapper,0,0,False
BIN_3789047,injected,0,0,False
BIN_3790023,injected,0,0,False
BIN_3790528,injected,0,0,False
BIN_3790689,wrapper,0,0,False
BIN_3791144,injected,1,1,False
BIN_3792508,injected,1,1,False
BIN_3792738,injected,0,0,False
BIN_3792975,wrapper,1,1,False
BIN_3794290,wrapper,0,0,False
BIN_3795193,wrapper,1,1,False
BIN_3795365,wrapper,0,0,False
BIN_3795900,wrapper,0,0,False
BIN_3796142,wrapper,0,0,False
BIN_3796699,wrapper,0,0,False
BIN_3796945,wrapper,1,1,False
BIN_3797499,injected,0,0,False
BIN_3798063,injected,1,1,False
BIN_3798116,wrapper,1,1,False
BIN_3800370,wrapper,0,0,False
BIN_3800996,wrapper,1,1,False
BIN_3801067,wrapper,1,1,False
BIN_3801196,wrapper,0,0,False
BIN_3801923,wrapper,1,1,False
BIN_3802846,injected,0,0,False
BIN_3803122,wrapper,0,0,False
BIN_3803340,injected,1,1,False
BIN_3803694,wrapper,1,1,False
BIN_3803881,wrapper,1,1,False
BIN_3804468,injected,1,1,False
BIN_3804619,wrapper,1,1,False
BIN_3806187,injected,1,1,False
BIN_3806856,injected,0,0,False
BIN_3806870,injected,0,0,False
BIN_3807011,wrapper,1,1,False
BIN_3807389,wrapper,1,1,False
BIN_3807887,wrapper,0,0,False
BIN_3808056,injected,1,1,False
BIN_3811120,wrapper,1,1,False
BIN_3811789,wrapper,1,1,False
BIN_3812395,wrapper,0,0,False
BIN_3812401,injected,0,0,False
BIN_3813019,injected,0,0,False
BIN_3813020,injected,0,0,False
BIN_3815855,injected,0,0,False
BIN_3816313,wrapper,1,1,False
BIN_3816838,injected,1,1,False
BIN_3817213,wrapper,1,1,False
BIN_3817387,wrapper,0,0,False
BIN_3817810,wrapper,1,1,False
BIN_3819269,injected,0,0,False
BIN_3820776,injected,0,0,False
BIN_3822574,wrapper,1,1,False
BIN_3823444,injected,1,1,False
BIN_3824104,wrapper,1,1,False
BIN_3824617,wrapper,0,0,False
BIN_3824619,wrapper,0,0,False
BIN_3825261,injected,1,1,False
BIN_3825848,injected,0,0,False
BIN_3827267,injected,1,1,False
BIN_3827618,wrapper,0,0,False
BIN_3828083,wrapper,1,1,False
BIN_3828471,wrapper,1,1,False
BIN_3828621,injected,1,1,False
BIN_3828886,injected,0,0,False
BIN_3830219,wrapper,1,1,False
BIN_3830367,wrapper,1,1,False
BIN_3830377,injected,0,0,False
BIN_3830515,wrapper,0,0,False
BIN_3831136,injected,0,0,False
BIN_3833083,injected,1,1,False
BIN_3833614,wrapper,0,0,False
BIN_3834679,injected,1,1,False
BIN_3834910,wrapper,0,0,False
BIN_3835441,wrapper,0,0,False
BIN_3835740,wrapper,0,0,False
BIN_3836627,injected,0,0,False
BIN_3837054,wrapper,1,1,False
BIN_3837168,injected,0,0,False
BIN_3837214,wrapper,1,1,False
BIN_3837480,wrapper,0,0,False
BIN_3838527,injected,0,0,False
BIN_3838830,wrapper,1,1,False
BIN_3839942,wrapper,1,1,False
BIN_3840833,wrapper,1,1,False
BIN_3840842,wrapper,0,0,False
BIN_3840876,wrapper,0,0,False
BIN_3842284,injected,1,1,False
BIN_3844809,injected,0,0,False
BIN_3845139,wrapper,0,0,False
BIN_3845457,wrapper,1,1,False
BIN_3845508,injected,1,1,False
BIN_3845926,wrapper,1,1,False
BIN_3847115,wrapper,1,1,False
BIN_3847684,wrapper,0,0,False
BIN_3847786,wrapper,1,1,False
BIN_3848856,injected,0,0,False
BIN_3851375,wrapper,1,1,False
BIN_3851448,injected,1,1,False
BIN_3851804,injected,1,1,False
BIN_3852126,injected,1,1,False
BIN_3852414,injected,1,1,False
BIN_3852550,wrapper,0,0,False
BIN_3853434,injected,1,1,False
BIN_3853496,wrapper,0,0,False
BIN_3854088,injected,1,1,False
BIN_3854490,wrapper,0,0,False
BIN_3854693,wrapper,0,0,False
BIN_3855485,wrapper,1,1,False
BIN_3855681,wrapper,0,0,False
BIN_3856165,wrapper,1,1,False
BIN_3857117,wrapper,1,1,False
BIN_3857289,injected,0,0,False
BIN_3858088,injected,0,0,False
BIN_3858198,wrapper,0,0,False
BIN_3859340,injected,0,0,False
BIN_3861542,injected,0,0,False
BIN_3863314,injected,0,0,False
BIN_3863663,wrapper,0,0,False
BIN_3863766,injected,0,0,False
BIN_3864799,injected,0,0,False
BIN_3865002,wrapper,1,1,False
BIN_3866076,injected,0,0,False
BIN_3867281,wrapper,1,1,False
BIN_3867398,wrapper,1,1,False
BIN_3867919,wrapper,1,1,False
BIN_3868413,wrapper,0,0,False
BIN_3868604,wrapper,1,1,False
BIN_3868675,wrapper,0,0,False
BIN_3869052,wrapper,1,1,False
BIN_3869259,injected,1,1,False
BIN_3870102,injected,0,0,False
BIN_3871585,wrapper,0,0,False
BIN_3871833,wrapper,0,0,False
BIN_3871839,wrapper,0,0,False
BIN_3873712,wrapper,1,1,False
BIN_3873843,wrapper,0,0,False
BIN_3873894,wrapper,1,1,False
BIN_3874192,wrapper,1,1,False
BIN_3874315,wrapper,1,1,False
BIN_3874801,injected,1,1,False
BIN_3874872,wrapper,1,1,False
BIN_3874934,wrapper,1,1,False
BIN_3875202,wrapper,1,1,False
BIN_3876560,wrapper,1,1,False
BIN_3876898,wrapper,1,1,False
BIN_3877767,wrapper,1,1,False
BIN_3877789,wrapper,1,1,False
BIN_3878353,wrapper,1,1,False
BIN_3878573,injected,1,1,False
BIN_3878662,injected,1,1,False
BIN_3880320,wrapper,0,0,False
BIN_3880984,wrapper,1,1,False
BIN_3881568,injected,1,1,False
BIN_3881675,wrapper,1,1,False
BIN_3882035,wrapper,1,1,False
BIN_3882279,wrapper,1,1,False
BIN_3883330,wrapper,1,1,False
BIN_3884205,wrapper,0,0,False
BIN_3884432,wrapper,0,0,False
BIN_3884952,injected,1,1,False
BIN_3885144,injected,0,0,False
BIN_3888100,wrapper,0,0,False
BIN_3888842,wrapper,1,1,False
BIN_3889152,injected,0,0,False
BIN_3892175,injected,0,0,False
BIN_3892404,wrapper,1,1,False
BIN_3892628,wrapper,0,0,False
BIN_3893337,injected,1,1,False
BIN_3893517,injected,0,0,False
BIN_3895057,wrapper,1,1,False
BIN_3895149,wrapper,1,1,False
BIN_3895860,wrapper,0,0,False
BIN_3896170,wrapper,1,1,False
BIN_3896440,injected,1,1,False
BIN_3898134,wrapper,0,0,False
BIN_3898847,wrapper,1,1,False
BIN_3899903,injected,0,0,False
BIN_3899993,wrapper,0,0,False
BIN_3900174,injected,0,0,False
BIN_3900952,wrapper,0,0,False
BIN_3901002,wrapper,0,0,False
BIN_3902574,wrapper,1,1,False
BIN_3903259,wrapper,0,0,False
BIN_3904548,wrapper,0,0,False
BIN_3904760,wrapper,1,1,False
BIN_3905824,wrapper,1,1,False
BIN_3905905,wrapper,0,0,False
BIN_3906053,wrapper,1,1,False
BIN_3906216,wrapper,1,1,False
BIN_3907090,injected,0,0,False
BIN_3907193,wrapper,0,0,False
BIN_3907391,wrapper,1,1,False
BIN_3907497,injected,1,1,False
BIN_3908904,wrapper,0,0,False
BIN_3910976,wrapper,1,1,False
BIN_3912126,injected,0,0,False
BIN_3912296,wrapper,1,1,False
BIN_3912581,wrapper,0,0,False
BIN_3912584,injected,0,0,False
BIN_3913604,wrapper,0,0,False
BIN_3915137,wrapper,1,1,False
BIN_3915199,injected,0,0,False
BIN_3916255,wrapper,1,1,False
BIN_3916818,wrapper,1,1,False
BIN_3917142,wrapper,0,0,False
BIN_3918385,wrapper,0,0,False
BIN_3918710,wrapper,1,1,False
BIN_3919063,wrapper,1,1,False
BIN_3920963,wrapper,0,0,False
BIN_3922601,wrapper,1,1,False
BIN_3922616,wrapper,0,0,False
BIN_3923236,wrapper,1,1,False
BIN_3923710,injected,1,1,False
BIN_3924074,injected,1,1,False
BIN_3924542,injected,1,1,False
BIN_3924617,wrapper,0,0,False
BIN_3924686,injected,1,1,False
BIN_3924978,injected,0,0,False
BIN_3925362,wrapper,0,0,False
BIN_3925394,injected,1,1,False
BIN_3925549,injected,0,0,False
BIN_3925932,wrapper,0,0,False
BIN_3926134,injected,0,0,False
BIN_3927037,wrapper,0,0,False
BIN_3927053,injected,1,1,False
BIN_3927055,wrapper,0,0,False
BIN_3927850,injected,1,1,False
BIN_3928447,injected,1,1,False
BIN_3928629,wrapper,0,0,False
BIN_3930049,wrapper,0,0,False
BIN_3930088,injected,0,0,False
BIN_3930723,injected,0,0,False
BIN_3931971,injected,0,0,False
BIN_3932016,injected,1,1,False
BIN_3932168,wrapper,1,1,False
BIN_3932975,wrapper,1,1,False
BIN_3933147,wrapper,1,1,False
BIN_3935885,injected,1,1,False
BIN_3936314,injected,1,1,False
BIN_3936549,wrapper,1,1,False
BIN_3937612,wrapper,1,1,False
BIN_3937805,injected,1,1,False
BIN_3939039,injected,0,0,False
BIN_3939955,wrapper,1,1,False
BIN_3939978,wrapper,1,1,False
BIN_3940409,wrapper,1,1,False
BIN_3940432,injected,0,0,False
BIN_3941241,wrapper,0,0,False
BIN_3942245,wrapper,0,0,False
BIN_3942616,wrapper,1,1,False
BIN_3943899,wrapper,1,1,False
BIN_3943986,wrapper,0,0,False
BIN_3944367,injected,1,1,False
BIN_3944841,wrapper,0,0,False
BIN_3945077,wrapper,0,0,False
BIN_3945192,wrapper,0,0,False
BIN_3945282,wrapper,1,1,False
BIN_3945648,wrapper,0,0,False
BIN_3946141,wrapper,0,0,False
BIN_3946399,wrapper,0,0,False
BIN_3947526,wrapper,1,1,False
BIN_3947713,wrapper,0,0,False
BIN_3948351,wrapper,1,1,False
BIN_3948407,wrapper,0,0,False
BIN_3948854,wrapper,0,0,False
BIN_3948857,wrapper,1,1,False
BIN_3949798,wrapper,0,0,False
BIN_3949893,wrapper,1,1,False
BIN_3951845,wrapper,1,1,False
BIN_3952016,wrapper,0,0,False
BIN_3953503,injected,0,0,False
BIN_3954299,wrapper,0,0,False
BIN_3954861,wrapper,1,1,False
BIN_3955019,wrapper,0,0,False
BIN_3955690,wrapper,0,0,False
BIN_3956759,wrapper,1,1,False
BIN_3956806,wrapper,0,0,False
BIN_3957966,wrapper,0,0,False
BIN_3958151,injected,1,1,False
BIN_3958325,wrapper,1,1,False
BIN_3958659,injected,0,0,False
BIN_3958805,injected,0,0,False
BIN_3959711,injected,1,1,False
BIN_3959863,wrapper,0,0,False
BIN_3960149,injected,1,1,False
BIN_3961628,wrapper,0,0,False
BIN_3962012,wrapper,1,1,False
BIN_3962900,wrapper,0,0,False
BIN_3962916,wrapper,0,0,False
BIN_3964648,wrapper,1,1,False
BIN_3964683,injected,0,0,False
BIN_3967235,wrapper,1,1,False
BIN_3967532,wrapper,1,1,False
BIN_3968496,wrapper,0,0,False
BIN_3968904,wrapper,1,1,False
BIN_3969091,wrapper,1,1,False
BIN_3970837,wrapper,0,0,False
BIN_3973471,injected,0,0,False
BIN_3973483,injected,1,1,False
BIN_3973822,wrapper,0,0,False
BIN_3973841,wrapper,0,0,False
BIN_3973943,injected,0,0,False
BIN_3973989,wrapper,1,1,False
BIN_3975521,wrapper,0,0,False
BIN_3975838,wrapper,1,1,False
BIN_3976281,injected,0,0,False
BIN_3977029,wrapper,1,1,False
BIN_3977054,wrapper,0,0,False
BIN_3977102,injected,0,0,False
BIN_3977956,wrapper,1,1,False
BIN_3978316,injected,0,0,False
BIN_3978391,wrapper,0,0,False
BIN_3979406,wrapper,0,0,False
BIN_3980545,wrapper,1,1,False
BIN_3980873,wrapper,1,1,False
BIN_3981961,injected,1,1,False
BIN_3985114,wrapper,0,0,False
BIN_3986082,injected,0,0,False
BIN_3988036,wrapper,0,0,False
BIN_3988372,wrapper,0,0,False
BIN_3988528,wrapper,1,1,False
BIN_3989080,injected,1,1,False
BIN_3990509,wrapper,0,0,False
BIN_3991705,wrapper,0,0,False
BIN_3993085,wrapper,1,1,False
BIN_3994174,wrapper,0,0,False
BIN_3994677,injected,1,1,False
BIN_3995133,wrapper,0,0,False
BIN_3995885,wrapper,1,1,False
BIN_3996533,wrapper,1,1,False
BIN_3997061,wrapper,1,1,False
BIN_3997747,wrapper,0,0,False
BIN_3998338,injected,1,1,False
BIN_3999750,injected,1,1,False
BIN_4000704,wrapper,1,1,False
BIN_4000955,wrapper,1,1,False
BIN_4001032,wrapper,0,0,False
BIN_4001160,wrapper,0,0,False
BIN_4001222,wrapper,1,1,False
BIN_4001407,wrapper,0,0,False
BIN_4001466,wrapper,0,0,False
BIN_4001701,wrapper,0,0,False
BIN_4002305,wrapper,1,1,False
BIN_4002918,wrapper,0,0,False
BIN_4003162,injected,1,1,False
BIN_4003292,wrapper,0,0,False
BIN_4003326,wrapper,0,0,False
BIN_4003429,injected,1,1,False
BIN_4003604,wrapper,0,0,False
BIN_4004158,wrapper,1,1,False
BIN_4004394,injected,1,1,False
BIN_4004467,wrapper,1,1,False
BIN_4005348,wrapper,1,1,False
BIN_4006064,wrapper,1,1,False
BIN_4006574,injected,1,1,False
BIN_4007673,wrapper,0,0,False
BIN_4008113,wrapper,0,0,False
BIN_4010093,injected,1,1,False
BIN_4010489,injected,0,0,False
BIN_4010513,injected,1,1,False
BIN_4010611,injected,1,1,False
BIN_4010632,injected,0,0,False
BIN_4010789,wrapper,0,0,False
BIN_4010977,wrapper,1,1,False
BIN_4014794,wrapper,1,1,False
BIN_4015189,wrapper,1,1,False
BIN_4015290,wrapper,0,0,False
BIN_4017138,wrapper,0,0,False
BIN_4017383,wrapper,0,0,False
BIN_4017466,wrapper,1,1,False
BIN_4018432,wrapper,1,1,False
BIN_4019248,injected,1,1,False
BIN_4019277,wrapper,1,1,False
BIN_4019494,injected,1,1,False
BIN_4019765,injected,0,0,False
BIN_4022136,wrapper,0,0,False
BIN_4022520,injected,1,1,False
BIN_4023101,wrapper,0,0,False
BIN_4023204,injected,0,0,False
BIN_4023229,injected,1,1,False
BIN_4024498,wrapper,1,1,False
BIN_4024579,wrapper,1,1,False
BIN_4025074,wrapper,0,0,False
BIN_4025173,wrapper,1,1,False
BIN_4025592,wrapper,1,1,False
BIN_4025603,wrapper,0,0,False
BIN_4025689,wrapper,0,0,False
BIN_4028056,wrapper,1,1,False
BIN_4028469,wrapper,0,0,False
BIN_4028917,injected,0,0,False
BIN_4029830,wrapper,0,0,False
BIN_4031205,injected,0,0,False
BIN_4033359,wrapper,1,1,False
BIN_4034297,injected,0,0,False
BIN_4034660,wrapper,1,1,False
BIN_4035129,injected,0,0,False
BIN_4035153,wrapper,0,0,False
BIN_4036525,wrapper,1,1,False
BIN_4036527,wrapper,0,0,False
BIN_4036707,wrapper,0,0,False
BIN_4037235,wrapper,0,0,False
BIN_4037314,wrapper,0,0,False
BIN_4038826,wrapper,0,0,False
BIN_4039222,wrapper,0,0,False
BIN_4039877,injected,1,1,False
BIN_4039969,wrapper,0,0,False
BIN_4042181,wrapper,1,1,False
BIN_4042300,wrapper,1,1,False
BIN_4042747,wrapper,0,0,False
BIN_4042873,wrapper,1,1,False
BIN_4043036,wrapper,0,0,False
BIN_4044107,injected,1,1,False
BIN_4045128,injected,1,1,False
BIN_4045686,wrapper,0,0,False
BIN_4045728,injected,0,0,False
BIN_4045970,injected,1,1,False
BIN_4046482,wrapper,1,1,False
BIN_4046653,wrapper,1,1,False
BIN_4046738,wrapper,0,0,False
BIN_4047001,wrapper,0,0,False
BIN_4048071,injected,0,0,False
BIN_4048880,wrapper,1,1,False
BIN_4049054,injected,1,1,False
BIN_4049576,wrapper,0,0,False
BIN_4050052,wrapper,1,1,False
BIN_4052359,wrapper,1,1,False
BIN_4052709,wrapper,1,1,False
BIN_4053099,wrapper,0,0,False
BIN_4053212,wrapper,0,0,False
BIN_4053387,wrapper,0,0,False
BIN_4054564,wrapper,0,0,False
BIN_4054727,injected,0,0,False
BIN_4054837,wrapper,1,1,False
BIN_4054895,wrapper,1,1,False
BIN_4054908,injected,1,1,False
BIN_4055487,injected,0,0,False
BIN_4055845,wrapper,0,0,False
BIN_4055878,injected,1,1,False
BIN_4056813,wrapper,1,1,False
BIN_4058744,wrapper,1,1,False
BIN_4058843,injected,1,1,False
BIN_4059737,wrapper,1,1,False
BIN_4059825,wrapper,1,1,False
BIN_4060314,wrapper,1,1,False
BIN_4061590,wrapper,0,0,False
BIN_4062485,injected,0,0,False
BIN_4062568,injected,0,0,False
BIN_4062677,wrapper,1,1,False
BIN_4062945,injected,0,0,False
BIN_4063516,wrapper,0,0,False
BIN_4063696,injected,1,1,False
BIN_4064868,wrapper,1,1,False
BIN_4067158,wrapper,0,0,False
BIN_4067297,wrapper,0,0,False
BIN_4068932,injected,0,0,False
BIN_4069184,wrapper,0,0,False
BIN_4069639,injected,0,0,False
BIN_4070556,wrapper,1,1,False
BIN_4070675,injected,0,0,False
BIN_4071020,wrapper,0,0,False
BIN_4071205,wrapper,0,0,False
BIN_4071275,wrapper,1,1,False
BIN_4071398,wrapper,0,0,False
BIN_4071940,wrapper,0,0,False
BIN_4073680,wrapper,0,0,False
BIN_4073949,wrapper,1,1,False
BIN_4074213,wrapper,1,1,False
BIN_4074509,wrapper,1,1,False
BIN_4075590,wrapper,1,1,False
BIN_4075648,wrapper,0,0,False
BIN_4075796,injected,1,1,False
BIN_4075817,injected,1,1,False
BIN_4076562,wrapper,0,0,False
BIN_4076802,wrapper,1,1,False
BIN_4077000,wrapper,0,0,False
BIN_4077267,wrapper,0,0,False
BIN_4077331,wrapper,1,1,False
BIN_4077944,wrapper,0,0,False
BIN_4078887,wrapper,0,0,False
BIN_4079132,wrapper,1,1,False
BIN_4079418,injected,1,1,False
BIN_4079671,injected,0,0,False
BIN_4079751,wrapper,1,1,False
BIN_4080115,wrapper,0,0,False
BIN_4080198,wrapper,1,1,False
BIN_4080714,wrapper,0,0,False
BIN_4081106,injected,1,1,False
BIN_4082048,wrapper,0,0,False
BIN_4082395,injected,1,1,False
BIN_4082877,wrapper,1,1,False
BIN_4082953,wrapper,1,1,False
BIN_4083873,wrapper,1,1,False
BIN_4084447,injected,1,1,False
BIN_4085089,wrapper,1,1,False
BIN_4085179,wrapper,1,1,False
BIN_4085280,wrapper,0,0,False
BIN_4085452,injected,1,1,False
BIN_4086219,injected,1,1,False
BIN_4086914,wrapper,0,0,False
BIN_4087327,wrapper,0,0,False
BIN_4087709,injected,0,0,False
BIN_4087768,wrapper,0,0,False
BIN_4088035,wrapper,1,1,False
BIN_4088059,wrapper,0,0,False
BIN_4088743,wrapper,0,0,False
BIN_4089218,wrapper,1,1,False
BIN_4089261,injected,1,1,False
BIN_4089742,wrapper,0,0,False
BIN_4089796,injected,1,1,False
BIN_4090642,wrapper,0,0,False
BIN_4090921,injected,1,1,False
BIN_4092733,injected,1,1,False
BIN_4093276,wrapper,1,1,False
BIN_4093621,wrapper,1,1,False
BIN_4093753,injected,0,0,False
BIN_4094302,wrapper,0,0,False
BIN_4094542,wrapper,0,0,False
BIN_4096161,wrapper,0,0,False
BIN_4096324,wrapper,1,1,False
BIN_4096888,wrapper,1,1,False
BIN_4097133,injected,0,0,False
BIN_4098399,injected,1,1,False
BIN_4098595,injected,0,0,False
BIN_4099164,wrapper,0,0,False
BIN_4099336,injected,0,0,False
BIN_4099339,injected,0,0,False
BIN_4100812,wrapper,1,1,False
BIN_4101154,wrapper,1,1,False
BIN_4101264,injected,0,0,False
BIN_4101374,wrapper,1,1,False
BIN_4102784,wrapper,0,0,False
BIN_4102932,injected,1,1,False
BIN_4103388,injected,1,1,False
BIN_4103951,wrapper,0,0,False
BIN_4104842,wrapper,1,1,False
BIN_4106323,wrapper,1,1,False
BIN_4106544,wrapper,1,1,False
BIN_4107509,wrapper,0,0,False
BIN_4107736,injected,0,0,False
BIN_4107809,injected,0,0,False
BIN_4108689,wrapper,0,0,False
BIN_4108859,wrapper,1,1,False
BIN_4108931,wrapper,1,1,False
BIN_4111026,wrapper,1,1,False
BIN_4112358,wrapper,1,1,False
BIN_4113375,wrapper,1,1,False
BIN_4113795,wrapper,1,1,False
BIN_4114973,wrapper,0,0,False
BIN_4116190,injected,1,1,False
BIN_4116380,wrapper,1,1,False
BIN_4116927,wrapper,1,1,False
BIN_4119081,injected,0,0,False
BIN_4119451,wrapper,0,0,False
BIN_4119456,wrapper,0,0,False
BIN_4120001,wrapper,0,0,False
BIN_4120918,wrapper,1,1,False
BIN_4121522,wrapper,0,0,False
BIN_4122024,injected,1,1,False
BIN_4122046,wrapper,0,0,False
BIN_4122837,injected,0,0,False
BIN_4122926,injected,1,1,False
BIN_4123639,injected,0,0,False
BIN_4124611,injected,0,0,False
BIN_4124951,wrapper,1,1,False
BIN_4125123,injected,0,0,False
BIN_4125145,injected,0,0,False
BIN_4126753,wrapper,0,0,False
BIN_4127317,injected,1,1,False
BIN_4127572,wrapper,1,1,False
BIN_4127600,wrapper,1,1,False
BIN_4127779,wrapper,0,0,False
BIN_4128346,injected,1,1,False
BIN_4128379,injected,1,1,False
BIN_4129405,injected,0,0,False
BIN_4130340,injected,1,1,False
BIN_4131535,wrapper,1,1,False
BIN_4131576,wrapper,1,1,False
BIN_4132202,wrapper,0,0,False
BIN_4132676,wrapper,0,0,False
BIN_4133317,injected,1,1,False
BIN_4133419,wrapper,0,0,False
BIN_4133727,wrapper,0,0,False
BIN_4135362,wrapper,1,1,False
BIN_4135504,wrapper,1,1,False
BIN_4135735,wrapper,1,1,False
BIN_4135836,injected,1,1,False
BIN_4136737,wrapper,0,0,False
BIN_4137436,wrapper,0,0,False
BIN_4137644,injected,1,1,False
BIN_4138299,injected,0,0,False
BIN_4138428,wrapper,0,0,False
BIN_4138811,wrapper,1,1,False
BIN_4138902,wrapper,1,1,False
BIN_4139125,wrapper,1,1,False
BIN_4139468,wrapper,0,0,False
BIN_4139907,wrapper,1,1,False
BIN_4139926,wrapper,1,1,False
BIN_4140784,wrapper,0,0,False
BIN_4141202,wrapper,1,1,False
BIN_4143451,wrapper,1,1,False
BIN_4144018,wrapper,1,1,False
BIN_4144100,wrapper,1,1,False
BIN_4144241,injected,0,0,False
BIN_4144886,wrapper,1,1,False
BIN_4146824,wrapper,0,0,False
BIN_4147144,injected,1,1,False
BIN_4148139,wrapper,1,1,False
BIN_4148147,injected,0,0,False
BIN_4149707,wrapper,0,0,False
BIN_4149886,wrapper,0,0,False
BIN_4150529,injected,1,1,False
BIN_4150892,injected,0,0,False
BIN_4151501,wrapper,0,0,False
BIN_4152317,injected,1,1,False
BIN_4152918,wrapper,0,0,False
BIN_4153029,wrapper,1,1,False
BIN_4154271,wrapper,0,0,False
BIN_4154395,injected,0,0,False
BIN_4154767,injected,0,0,False
BIN_4155368,injected,0,0,False
BIN_4155709,wrapper,1,1,False
BIN_4156311,wrapper,1,1,False
BIN_4158522,injected,0,0,False
BIN_4159037,wrapper,0,0,False
BIN_4159290,wrapper,1,1,False
BIN_4159504,wrapper,0,0,False
BIN_4160796,wrapper,0,0,False
BIN_4160896,wrapper,0,0,False
BIN_4161058,wrapper,1,1,False
BIN_4161277,wrapper,1,1,False
BIN_4161645,wrapper,0,0,False
BIN_4162060,injected,1,1,False
BIN_4162124,wrapper,1,1,False
BIN_4163114,injected,0,0,False
BIN_4163147,wrapper,1,1,False
BIN_4164356,wrapper,0,0,False
BIN_4164436,wrapper,1,1,False
BIN_4165266,wrapper,1,1,False
BIN_4165341,wrapper,0,0,False
BIN_4166844,wrapper,0,0,False
BIN_4167070,injected,1,1,False
BIN_4167498,injected,1,1,False
BIN_4167574,injected,1,1,False
BIN_4167891,injected,1,1,False
BIN_4168805,injected,1,1,False
BIN_4169306,wrapper,1,1,False
BIN_4169348,injected,1,1,False
BIN_4169917,wrapper,0,0,False
BIN_4169969,injected,1,1,False
BIN_4170400,injected,1,1,False
BIN_4170457,injected,1,1,False
BIN_4170591,injected,1,1,False
BIN_4171473,wrapper,1,1,False
BIN_4173247,injected,1,1,False
BIN_4174736,wrapper,0,0,False
BIN_4176140,wrapper,1,1,False
BIN_4176746,wrapper,0,0,False
BIN_4176882,wrapper,1,1,False
BIN_4177183,wrapper,1,1,False
BIN_4179314,wrapper,1,1,False
BIN_4180111,wrapper,1,1,False
BIN_4181073,injected,0,0,False
BIN_4181631,wrapper,1,1,False
BIN_4181646,wrapper,0,0,False
BIN_4182057,wrapper,0,0,False
BIN_4182115,injected,1,1,False
BIN_4182425,injected,0,0,False
BIN_4184059,wrapper,1,1,False
BIN_4185364,wrapper,0,0,False
BIN_4186365,wrapper,0,0,False
BIN_4186931,wrapper,1,1,False
BIN_4187211,wrapper,0,0,False
BIN_4188740,wrapper,1,1,False
BIN_4188780,injected,0,0,False
BIN_4189186,wrapper,0,0,False
BIN_4190696,wrapper,1,1,False
BIN_4190710,injected,1,1,False
BIN_4191423,injected,0,0,False
BIN_4192026,wrapper,1,1,False
BIN_4192171,injected,0,0,False
BIN_4192525,injected,0,0,False
BIN_4192606,injected,0,0,False
BIN_4193056,wrapper,1,1,False
BIN_4194195,wrapper,0,0,False
BIN_4194288,injected,0,0,False
BIN_4194937,wrapper,1,1,False
BIN_4195195,injected,1,1,False
BIN_4195591,wrapper,1,1,False
BIN_4195673,wrapper,1,1,False
BIN_4196279,wrapper,0,0,False
BIN_4197222,injected,0,0,False
BIN_4198229,injected,0,0,False
BIN_4198849,wrapper,1,1,False
BIN_4199403,wrapper,1,1,False
BIN_4199411,injected,1,1,False
BIN_4199740,injected,1,1,False
BIN_4200084,wrapper,1,1,False
BIN_4200105,wrapper,1,1,False
BIN_4200132,wrapper,1,1,False
BIN_4200245,wrapper,1,1,False
BIN_4200529,wrapper,1,1,False
BIN_4200673,wrapper,0,0,False
BIN_4200827,wrapper,0,0,False
BIN_4201359,wrapper,0,0,False
BIN_4201463,injected,1,1,False
BIN_4201650,wrapper,0,0,False
BIN_4202086,wrapper,0,0,False
BIN_4203740,wrapper,0,0,False
BIN_4204724,wrapper,1,1,False
BIN_4204939,injected,1,1,False
BIN_4205093,wrapper,1,1,False
BIN_4205198,wrapper,1,1,False
BIN_4205240,wrapper,0,0,False
BIN_4206896,wrapper,1,1,False
BIN_4206983,injected,0,0,False
BIN_4207247,wrapper,0,0,False
BIN_4208008,wrapper,1,1,False
BIN_4209923,injected,0,0,False
BIN_4210507,injected,0,0,False
BIN_4210525,injected,1,1,False
BIN_4210682,wrapper,0,0,False
BIN_4211453,wrapper,0,0,False
BIN_4211580,wrapper,0,0,False
BIN_4211664,wrapper,0,0,False
BIN_4213290,injected,0,0,False
BIN_4213455,injected,0,0,False
BIN_4213603,injected,1,1,False
BIN_4213703,wrapper,0,0,False
BIN_4214132,injected,0,0,False
BIN_4214304,injected,0,0,False
BIN_4215455,injected,1,1,False
BIN_4216392,wrapper,1,1,False
BIN_4217027,wrapper,0,0,False
BIN_4217688,wrapper,1,1,False
BIN_4218463,injected,0,0,False
BIN_4218518,injected,0,0,False
BIN_4218634,injected,0,0,False
BIN_4219112,injected,0,0,False
BIN_4219298,wrapper,1,1,False
BIN_4219355,wrapper,0,0,False
BIN_4220559,wrapper,1,1,False
BIN_4222021,wrapper,1,1,False
BIN_4222208,wrapper,1,1,False
BIN_4222567,injected,1,1,False
BIN_4224328,injected,1,1,False
BIN_4224337,wrapper,0,0,False
BIN_4225759,wrapper,0,0,False
BIN_4225783,injected,0,0,False
BIN_4228180,injected,1,1,False
BIN_4228206,injected,0,0,False
BIN_4228320,wrapper,1,1,False
BIN_4228349,wrapper,0,0,False
BIN_4229523,wrapper,1,1,False
BIN_4230130,injected,1,1,False
BIN_4230793,wrapper,1,1,False
BIN_4232392,wrapper,0,0,False
BIN_4232905,wrapper,1,1,False
BIN_4233312,wrapper,1,1,False
BIN_4233542,wrapper,0,0,False
BIN_4234372,wrapper,0,0,False
BIN_4235805,wrapper,0,0,False
BIN_4237489,injected,0,0,False
BIN_4239006,wrapper,1,1,False
BIN_4239641,wrapper,0,0,False
BIN_4240007,injected,1,1,False
BIN_4240107,injected,1,1,False
BIN_4240217,wrapper,0,0,False
BIN_4241497,wrapper,0,0,False
BIN_4241498,wrapper,1,1,False
BIN_4241702,injected,0,0,False
BIN_4242389,wrapper,1,1,False
BIN_4242748,injected,0,0,False
BIN_4243175,injected,0,0,False
BIN_4244641,injected,0,0,False
BIN_4244938,wrapper,1,1,False
BIN_4245576,injected,1,1,False
BIN_4246355,injected,0,0,False
BIN_4247574,wrapper,1,1,False
BIN_4248136,wrapper,1,1,False
BIN_4249194,wrapper,1,1,False
BIN_4249284,wrapper,0,0,False
BIN_4249942,wrapper,1,1,False
BIN_4250062,wrapper,1,1,False
BIN_4250440,injected,1,1,False
BIN_4250627,injected,0,0,False
BIN_4251062,wrapper,0,0,False
BIN_4251109,wrapper,0,0,False
BIN_4252073,wrapper,0,0,False
BIN_4252150,injected,1,1,False
BIN_4252570,injected,0,0,False
BIN_4252725,wrapper,0,0,False
BIN_4253081,wrapper,0,0,False
BIN_4253513,wrapper,1,1,False
BIN_4254153,wrapper,0,0,False
BIN_4255460,wrapper,0,0,False
BIN_4255737,injected,0,0,False
BIN_4257304,injected,1,1,False
BIN_4261445,wrapper,1,1,False
BIN_4261638,wrapper,0,0,False
BIN_4262043,injected,1,1,False
BIN_4262145,wrapper,0,0,False
BIN_4263400,wrapper,1,1,False
BIN_4265038,wrapper,1,1,False
BIN_4265222,wrapper,1,1,False
BIN_4266063,injected,0,0,False
BIN_4266175,wrapper,0,0,False
BIN_4266228,wrapper,1,1,False
BIN_4267174,wrapper,0,0,False
BIN_4268285,wrapper,1,1,False
BIN_4268452,wrapper,1,1,False
BIN_4269706,wrapper,0,0,False
BIN_4269764,wrapper,1,1,False
BIN_4270157,injected,1,1,False
BIN_4270419,wrapper,0,0,False
BIN_4270967,wrapper,0,0,False
BIN_4272523,wrapper,1,1,False
BIN_4273410,wrapper,0,0,False
BIN_4274431,wrapper,1,1,False
BIN_4274857,injected,1,1,False
BIN_4275543,wrapper,1,1,False
BIN_4276354,wrapper,1,1,False
BIN_4276856,injected,0,0,False
BIN_4277120,wrapper,0,0,False
BIN_4277326,wrapper,1,1,False
BIN_4277331,injected,1,1,False
BIN_4279504,wrapper,0,0,False
BIN_4280645,wrapper,0,0,False
BIN_4281085,injected,0,0,False
BIN_4283007,injected,0,0,False
BIN_4284522,wrapper,1,1,False
BIN_4285570,injected,1,1,False
BIN_4286796,injected,0,0,False
BIN_4286852,wrapper,0,0,False
BIN_4286956,injected,0,0,False
BIN_4287086,wrapper,0,0,False
BIN_4287181,wrapper,1,1,False
BIN_4287394,wrapper,0,0,False
BIN_4288098,injected,1,1,False
BIN_4288457,injected,0,0,False
BIN_4288691,wrapper,0,0,False
BIN_4289024,wrapper,1,1,False
BIN_4289769,injected,0,0,False
BIN_4290072,injected,0,0,False
BIN_4290670,wrapper,0,0,False
BIN_4291409,wrapper,1,1,False
BIN_4292799,wrapper,1,1,False
BIN_4293267,wrapper,1,1,False
BIN_4293517,injected,0,0,False
BIN_4293661,wrapper,0,0,False
BIN_4295367,injected,1,1,False
BIN_4295780,wrapper,0,0,False
BIN_4296402,wrapper,0,0,False
BIN_4298086,wrapper,0,0,False
BIN_4298849,wrapper,0,0,False
BIN_4298865,injected,0,0,False
BIN_4298974,wrapper,1,1,False
BIN_4300645,wrapper,1,1,False
BIN_4301901,wrapper,1,1,False
BIN_4301964,wrapper,1,1,False
BIN_4302694,injected,1,1,False
BIN_4303529,wrapper,0,0,False
BIN_4303549,wrapper,0,0,False
BIN_4304060,injected,0,0,False
BIN_4304255,wrapper,1,1,False
BIN_4305208,injected,0,0,False
BIN_4305781,injected,0,0,False
BIN_4305909,wrapper,0,0,False
BIN_4306916,wrapper,0,0,False
BIN_4306918,injected,1,1,False
BIN_4307435,wrapper,1,1,False
BIN_4310156,injected,1,1,False
BIN_4310985,wrapper,0,0,False
BIN_4312209,wrapper,1,1,False
BIN_4312596,wrapper,0,0,False
BIN_4312888,wrapper,1,1,False
BIN_4314194,injected,0,0,False
BIN_4314407,wrapper,1,1,False
BIN_4315211,wrapper,0,0,False
BIN_4316722,injected,1,1,False
BIN_4317697,injected,0,0,False
BIN_4317727,wrapper,0,0,False
BIN_4318297,wrapper,0,0,False
BIN_4318401,injected,1,1,False
BIN_4319310,injected,1,1,False
BIN_4320212,injected,1,1,False
BIN_4320383,wrapper,0,0,False
BIN_4320731,injected,0,0,False
BIN_4321034,wrapper,1,1,False
BIN_4321154,injected,0,0,False
BIN_4321578,wrapper,1,1,False
BIN_4321634,injected,0,0,False
BIN_4321923,wrapper,1,1,False
BIN_4322289,injected,1,1,False
BIN_4323300,wrapper,1,1,False
BIN_4323972,wrapper,1,1,False
BIN_4324997,wrapper,0,0,False
BIN_4325570,injected,1,1,False
BIN_4326103,injected,1,1,False
BIN_4327272,wrapper,1,1,False
BIN_4328616,injected,0,0,False
BIN_4328827,wrapper,1,1,False
BIN_4329078,injected,0,0,False
BIN_4329564,wrapper,1,1,False
BIN_4330184,wrapper,1,1,False
BIN_4330356,wrapper,0,0,False
BIN_4331608,injected,0,0,False
BIN_4332070,wrapper,0,0,False
BIN_4333844,wrapper,0,0,False
BIN_4333984,wrapper,0,0,False
BIN_4334181,wrapper,1,1,False
BIN_4334354,wrapper,0,0,False
BIN_4335471,injected,0,0,False
BIN_4336455,injected,1,1,False
BIN_4337567,wrapper,0,0,False
BIN_4337696,wrapper,1,1,False
BIN_4338831,injected,1,1,False
BIN_4338884,injected,1,1,False
BIN_4339148,wrapper,1,1,False
BIN_4340158,wrapper,0,0,False
BIN_4341168,injected,1,1,False
BIN_4342217,wrapper,0,0,False
BIN_4343190,injected,0,0,False
BIN_4343753,wrapper,1,1,False
BIN_4344292,wrapper,0,0,False
BIN_4344611,wrapper,0,0,False
BIN_4345085,injected,1,1,False
BIN_4345091,injected,0,0,False
BIN_4345267,wrapper,0,0,False
BIN_4347741,wrapper,1,1,False
BIN_4347784,wrapper,1,1,False
BIN_4348167,wrapper,0,0,False
BIN_4348589,injected,0,0,False
BIN_4348653,wrapper,0,0,False
BIN_4349386,wrapper,1,1,False
BIN_4349591,wrapper,1,1,False
BIN_4349807,wrapper,1,1,False
BIN_4350300,wrapper,0,0,False
BIN_4350719,injected,0,0,False
BIN_4351308,wrapper,1,1,False
BIN_4352194,wrapper,1,1,False
BIN_4352550,injected,1,1,False
BIN_4352948,injected,0,0,False
BIN_4353131,wrapper,1,1,False
BIN_4353381,wrapper,0,0,False
BIN_4353439,wrapper,0,0,False
BIN_4353766,wrapper,0,0,False
BIN_4354024,injected,0,0,False
BIN_4354182,wrapper,1,1,False
BIN_4354872,injected,0,0,False
BIN_4356792,wrapper,1,1,False
BIN_4356867,wrapper,1,1,False
BIN_4357079,wrapper,0,0,False
BIN_4357520,injected,0,0,False
BIN_4357636,injected,0,0,False
BIN_4357808,wrapper,1,1,False
BIN_4357878,injected,1,1,False
BIN_4358564,injected,0,0,False
BIN_4358700,wrapper,0,0,False
BIN_4358839,wrapper,1,1,False
BIN_4359247,wrapper,0,0,False
BIN_4360361,wrapper,1,1,False
BIN_4360396,wrapper,1,1,False
BIN_4360952,wrapper,0,0,False
BIN_4361131,wrapper,0,0,False
BIN_4361440,wrapper,0,0,False
BIN_4361607,wrapper,1,1,False
BIN_4361787,injected,1,1,False
BIN_4361895,wrapper,1,1,False
BIN_4361978,wrapper,0,0,False
BIN_4362024,wrapper,0,0,False
BIN_4362298,wrapper,1,1,False
BIN_4362500,wrapper,1,1,False
BIN_4364486,injected,0,0,False
BIN_4364914,wrapper,1,1,False
BIN_4365431,wrapper,0,0,False
BIN_4365537,wrapper,1,1,False
BIN_4365912,wrapper,0,0,False
BIN_4366230,injected,0,0,False
BIN_4367003,injected,0,0,False
BIN_4368924,injected,1,1,False
BIN_4370429,wrapper,1,1,False
BIN_4370750,injected,0,0,False
BIN_4373036,injected,0,0,False
BIN_4373462,wrapper,1,1,False
BIN_4373896,wrapper,1,1,False
BIN_4373901,injected,1,1,False
BIN_4374164,wrapper,0,0,False
BIN_4374965,wrapper,1,1,False
BIN_4375862,injected,1,1,False
BIN_4377140,wrapper,0,0,False
BIN_4377258,wrapper,0,0,False
BIN_4377480,injected,0,0,False
BIN_4378446,wrapper,1,1,False
BIN_4378578,wrapper,1,1,False
BIN_4379813,injected,1,1,False
BIN_4379967,injected,0,0,False
BIN_4381489,wrapper,1,1,False
BIN_4381807,wrapper,1,1,False
BIN_4383269,wrapper,0,0,False
BIN_4383815,wrapper,0,0,False
BIN_4383975,wrapper,0,0,False
BIN_4385048,wrapper,0,0,False
BIN_4385373,wrapper,1,1,False
BIN_4385818,wrapper,1,1,False
BIN_4387095,wrapper,1,1,False
BIN_4387461,wrapper,1,1,False
BIN_4387686,wrapper,0,0,False
BIN_4388373,injected,0,0,False
BIN_4388535,wrapper,1,1,False
BIN_4388637,wrapper,1,1,False
BIN_4389066,wrapper,0,0,False
BIN_4389382,wrapper,0,0,False
BIN_4390572,wrapper,1,1,False
BIN_4390659,wrapper,0,0,False
BIN_4390808,wrapper,0,0,False
BIN_4391218,injected,0,0,False
BIN_4391596,wrapper,0,0,False
BIN_4393525,wrapper,0,0,False
BIN_4393668,wrapper,0,0,False
BIN_4394182,wrapper,1,1,False
BIN_4395023,wrapper,1,1,False
BIN_4395101,injected,1,1,False
BIN_4395641,wrapper,0,0,False
BIN_4396083,wrapper,1,1,False
BIN_4396869,wrapper,1,1,False
BIN_4397312,injected,0,0,False
BIN_4397650,wrapper,0,0,False
BIN_4398139,wrapper,0,0,False
BIN_4398830,injected,1,1,False
BIN_4398865,wrapper,0,0,False
BIN_4399022,wrapper,1,1,False
BIN_4399069,wrapper,1,1,False
BIN_4399571,injected,0,0,False
BIN_4400140,wrapper,1,1,False
BIN_4400464,wrapper,1,1,False
BIN_4400640,wrapper,1,1,False
BIN_4402785,wrapper,0,0,False
BIN_4404303,wrapper,0,0,False
BIN_4404458,wrapper,0,0,False
BIN_4404461,injected,0,0,False
BIN_4405086,wrapper,0,0,False
BIN_4405274,wrapper,0,0,False
BIN_4405868,wrapper,1,1,False
BIN_4407924,wrapper,1,1,False
BIN_4409056,injected,0,0,False
BIN_4409215,wrapper,1,1,False
BIN_4411066,wrapper,1,1,False
BIN_4411351,wrapper,0,0,False
BIN_4411410,injected,0,0,False
BIN_4411536,wrapper,1,1,False
BIN_4412668,wrapper,0,0,False
BIN_4412969,injected,1,1,False
BIN_4413521,wrapper,0,0,False
BIN_4414353,wrapper,0,0,False
BIN_4417172,wrapper,1,1,False
BIN_4417204,wrapper,0,0,False
BIN_4417696,wrapper,1,1,False
BIN_4417862,wrapper,1,1,False
BIN_4417887,wrapper,0,0,False
BIN_4417979,wrapper,0,0,False
BIN_4418838,wrapper,1,1,False
BIN_4419428,wrapper,1,1,False
BIN_4420399,wrapper,1,1,False
BIN_4420640,wrapper,1,1,False
BIN_4420759,wrapper,1,1,False
BIN_4421375,wrapper,0,0,False
BIN_4422325,wrapper,1,1,False
BIN_4422993,wrapper,0,0,False
BIN_4424563,wrapper,0,0,False
BIN_4425181,wrapper,0,0,False
BIN_4426076,injected,0,0,False
BIN_4426241,injected,0,0,False
BIN_4427476,wrapper,0,0,False
BIN_4427853,wrapper,0,0,False
BIN_4428052,injected,1,1,False
BIN_4428401,injected,0,0,False
BIN_4428642,wrapper,0,0,False
BIN_4432018,wrapper,1,1,False
BIN_4432637,wrapper,0,0,False
BIN_4432906,injected,1,1,False
BIN_4433264,wrapper,0,0,False
BIN_4434600,injected,1,1,False
BIN_4434795,injected,0,0,False
BIN_4435138,injected,0,0,False
BIN_4435709,injected,0,0,False
BIN_4436027,wrapper,0,0,False
BIN_4436444,injected,1,1,False
BIN_4437808,wrapper,1,1,False
BIN_4440151,wrapper,0,0,False
BIN_4440298,wrapper,0,0,False
BIN_4440703,wrapper,1,1,False
BIN_4440899,wrapper,0,0,False
BIN_4441743,wrapper,1,1,False
BIN_4441769,wrapper,1,1,False
BIN_4441789,wrapper,1,1,False
BIN_4441925,injected,0,0,False
BIN_4442625,wrapper,0,0,False
BIN_4443708,injected,0,0,False
BIN_4446724,wrapper,1,1,False
BIN_4446742,wrapper,0,0,False
BIN_4447179,wrapper,0,0,False
BIN_4447396,wrapper,0,0,False
BIN_4447575,wrapper,0,0,False
BIN_4448378,wrapper,1,1,False
BIN_4449188,injected,0,0,False
BIN_4450014,wrapper,0,0,False
BIN_4451559,injected,0,0,False
BIN_4452755,wrapper,0,0,False
BIN_4453172,injected,0,0,False
BIN_4453643,wrapper,1,1,False
BIN_4453971,wrapper,0,0,False
BIN_4454727,wrapper,1,1,False
BIN_4454867,injected,0,0,False
BIN_4455193,wrapper,1,1,False
BIN_4455717,wrapper,1,1,False
BIN_4456663,wrapper,1,1,False
BIN_4457316,wrapper,0,0,False
BIN_4457366,wrapper,1,1,False
BIN_4458257,injected,1,1,False
BIN_4459286,injected,1,1,False
BIN_4459731,wrapper,1,1,False
BIN_4461521,wrapper,1,1,False
BIN_4462162,injected,1,1,False
BIN_4462903,wrapper,1,1,False
BIN_4463135,injected,0,0,False
BIN_4464095,wrapper,1,1,False
BIN_4464182,injected,1,1,False
BIN_4465107,wrapper,0,0,False
BIN_4465957,wrapper,0,0,False
BIN_4466089,injected,0,0,False
BIN_4466165,injected,1,1,False
BIN_4466344,wrapper,1,1,False
BIN_4466932,wrapper,1,1,False
BIN_4467144,wrapper,1,1,False
BIN_4467175,wrapper,0,0,False
BIN_4468201,wrapper,0,0,False
BIN_4468618,wrapper,1,1,False
BIN_4469647,wrapper,1,1,False
BIN_4469686,wrapper,0,0,False
BIN_4469783,wrapper,1,1,False
BIN_4470128,wrapper,1,1,False
BIN_4470679,injected,0,0,False
BIN_4470834,injected,0,0,False
BIN_4472648,wrapper,0,0,False
BIN_4472678,wrapper,1,1,False
BIN_4472895,wrapper,0,0,False
BIN_4474733,wrapper,0,0,False
BIN_4476677,wrapper,0,0,False
BIN_4476961,injected,0,0,False
BIN_4477075,wrapper,0,0,False
BIN_4477349,wrapper,1,1,False
BIN_4479279,wrapper,1,1,False
BIN_4479648,injected,1,1,False
BIN_4479739,injected,1,1,False
BIN_4480106,wrapper,0,0,False
BIN_4480518,wrapper,1,1,False
BIN_4480784,injected,1,1,False
BIN_4481371,injected,1,1,False
BIN_4481558,wrapper,0,0,False
BIN_4482806,wrapper,0,0,False
BIN_4483031,injected,0,0,False
BIN_4483458,injected,0,0,False
BIN_4483847,wrapper,0,0,False
BIN_4484681,wrapper,0,0,False
BIN_4486097,wrapper,0,0,False
BIN_4486602,wrapper,0,0,False
BIN_4486987,wrapper,0,0,False
BIN_4487146,injected,0,0,False
BIN_4487759,wrapper,1,1,False
BIN_4487941,wrapper,1,1,False
BIN_4487976,injected,0,0,False
BIN_4488333,wrapper,0,0,False
BIN_4489199,wrapper,0,0,False
BIN_4489787,wrapper,1,1,False
BIN_4489855,wrapper,1,1,False
BIN_4490169,wrapper,0,0,False
BIN_4491497,wrapper,0,0,False
BIN_4492829,wrapper,1,1,False
BIN_4496252,injected,1,1,False
BIN_4497768,injected,1,1,False
BIN_4497974,wrapper,1,1,False
BIN_4498077,injected,1,1,False
BIN_4499219,wrapper,1,1,False
BIN_4499549,wrapper,1,1,False
BIN_4499615,wrapper,1,1,False
BIN_4499685,injected,0,0,False
BIN_4499690,wrapper,0,0,False
BIN_4500559,injected,0,0,False
BIN_4500682,wrapper,1,1,False
BIN_4501691,wrapper,0,0,False
BIN_4502116,wrapper,0,0,False
BIN_4502627,wrapper,0,0,False
BIN_4503992,wrapper,0,0,False
BIN_4504521,wrapper,1,1,False
BIN_4505214,wrapper,1,1,False
BIN_4506344,wrapper,1,1,False
BIN_4507362,wrapper,1,1,False
BIN_4507612,injected,0,0,False
BIN_4507831,wrapper,0,0,False
BIN_4508971,wrapper,0,0,False
BIN_4509393,wrapper,0,0,False
BIN_4509596,wrapper,1,1,False
BIN_4510429,wrapper,0,0,False
BIN_4510437,wrapper,0,0,False
BIN_4511975,wrapper,0,0,False
BIN_4512439,wrapper,0,0,False
BIN_4513113,injected,1,1,False
BIN_4513322,wrapper,0,0,False
BIN_4513388,wrapper,0,0,False
BIN_4513762,wrapper,1,1,False
BIN_4514796,wrapper,0,0,False
BIN_4515257,wrapper,1,1,False
BIN_4515486,wrapper,1,1,False
BIN_4515759,injected,0,0,False
BIN_4517055,wrapper,0,0,False
BIN_4517209,wrapper,1,1,False
BIN_4517407,injected,0,0,False
BIN_4517610,wrapper,1,1,False
BIN_4517813,wrapper,0,0,False
BIN_4518862,wrapper,1,1,False
BIN_4519525,wrapper,0,0,False
BIN_4519984,wrapper,0,0,False
BIN_4520291,injected,0,0,False
BIN_4520552,wrapper,1,1,False
BIN_4521035,wrapper,0,0,False
BIN_4522178,injected,0,0,False
BIN_4524753,wrapper,1,1,False
BIN_4525269,wrapper,0,0,False
BIN_4525395,wrapper,1,1,False
BIN_4525986,wrapper,1,1,False
BIN_4526047,injected,0,0,False
BIN_4526278,wrapper,0,0,False
BIN_4526520,wrapper,1,1,False
BIN_4526738,wrapper,1,1,False
BIN_4527019,wrapper,1,1,False
BIN_4530242,injected,1,1,False
BIN_4530772,injected,0,0,False
BIN_4530808,injected,0,0,False
BIN_4531189,injected,0,0,False
BIN_4531756,wrapper,1,1,False
BIN_4531988,wrapper,1,1,False
BIN_4532533,wrapper,0,0,False
BIN_4532833,wrapper,0,0,False
BIN_4533578,injected,1,1,False
BIN_4533612,injected,1,1,False
BIN_4534371,injected,1,1,False
BIN_4534380,wrapper,0,0,False
BIN_4535325,injected,1,1,False
BIN_4536059,wrapper,1,1,False
BIN_4536589,wrapper,0,0,False
BIN_4537036,injected,1,1,False
BIN_4538251,injected,0,0,False
BIN_4539527,injected,0,0,False
BIN_4540506,wrapper,0,0,False
BIN_4540868,wrapper,0,0,False
BIN_4541128,wrapper,1,1,False
BIN_4542360,wrapper,1,1,False
BIN_4543154,wrapper,0,0,False
BIN_4543931,injected,0,0,False
BIN_4544012,wrapper,1,1,False
BIN_4544262,wrapper,1,1,False
BIN_4544595,wrapper,1,1,False
BIN_4544715,wrapper,1,1,False
BIN_4544788,wrapper,1,1,False
BIN_4545525,wrapper,0,0,False
BIN_4546433,wrapper,1,1,False
BIN_4547076,wrapper,0,0,False
BIN_4547258,wrapper,1,1,False
BIN_4547901,wrapper,0,0,False
BIN_4550753,wrapper,1,1,False
BIN_4551365,wrapper,0,0,False
BIN_4552474,wrapper,1,1,False
BIN_4552934,injected,1,1,False
BIN_4554338,wrapper,0,0,False
BIN_4554666,injected,1,1,False
BIN_4554696,injected,0,0,False
BIN_4555349,wrapper,1,1,False
BIN_4555483,injected,0,0,False
BIN_4555764,injected,0,0,False
BIN_4556246,wrapper,1,1,False
BIN_4557181,injected,0,0,False
BIN_4557802,wrapper,1,1,False
BIN_4558522,wrapper,1,1,False
BIN_4558832,injected,0,0,False
BIN_4559254,wrapper,0,0,False
BIN_4560044,wrapper,1,1,False
BIN_4560082,wrapper,0,0,False
BIN_4560924,wrapper,1,1,False
BIN_4561850,injected,1,1,False
BIN_4562876,injected,0,0,False
BIN_4563734,wrapper,1,1,False
BIN_4563928,injected,1,1,False
BIN_4564039,wrapper,1,1,False
BIN_4564046,wrapper,1,1,False
BIN_4564081,injected,1,1,False
BIN_4565855,wrapper,0,0,False
BIN_4566282,wrapper,0,0,False
BIN_4566995,wrapper,0,0,False
BIN_4568277,wrapper,0,0,False
BIN_4569104,wrapper,1,1,False
BIN_4569852,wrapper,1,1,False
BIN_4569894,wrapper,0,0,False
BIN_4570688,wrapper,1,1,False
BIN_4572122,wrapper,0,0,False
BIN_4572328,wrapper,1,1,False
BIN_4573035,wrapper,1,1,False
BIN_4573051,wrapper,1,1,False
BIN_4573080,injected,0,0,False
BIN_4573296,wrapper,1,1,False
BIN_4573562,injected,1,1,False
BIN_4573926,wrapper,1,1,False
BIN_4574354,injected,0,0,False
BIN_4574822,wrapper,1,1,False
BIN_4575013,wrapper,0,0,False
BIN_4575044,injected,0,0,False
BIN_4575082,wrapper,1,1,False
BIN_4576493,injected,0,0,False
BIN_4576784,injected,0,0,False
BIN_4576844,injected,1,1,False
BIN_4578982,wrapper,0,0,False
BIN_4579817,wrapper,1,1,False
BIN_4580809,wrapper,1,1,False
BIN_4581161,wrapper,1,1,False
BIN_4581263,injected,1,1,False
BIN_4582012,wrapper,0,0,False
BIN_4582103,wrapper,1,1,False
BIN_4582592,wrapper,1,1,False
BIN_4583030,injected,1,1,False
BIN_4583257,injected,0,0,False
BIN_4583920,injected,1,1,False
BIN_4584039,wrapper,0,0,False
BIN_4584250,wrapper,1,1,False
BIN_4584559,wrapper,1,1,False
BIN_4586111,injected,0,0,False
BIN_4587548,wrapper,1,1,False
BIN_4587957,wrapper,0,0,False
BIN_4588562,wrapper,1,1,False
BIN_4588754,wrapper,1,1,False
BIN_4588957,wrapper,0,0,False
BIN_4589066,injected,0,0,False
BIN_4590520,wrapper,1,1,False
BIN_4590754,injected,0,0,False
BIN_4590811,injected,1,1,False
BIN_4593159,wrapper,1,1,False
BIN_4593698,injected,0,0,False
BIN_4593809,wrapper,0,0,False
BIN_4593826,wrapper,0,0,False
BIN_4593885,wrapper,0,0,False
BIN_4594682,wrapper,1,1,False
BIN_4596500,injected,1,1,False
BIN_4596800,wrapper,0,0,False
BIN_4597173,wrapper,1,1,False
BIN_4597639,wrapper,1,1,False
BIN_4598244,wrapper,0,0,False
BIN_4598507,injected,0,0,False
BIN_4598547,wrapper,0,0,False
BIN_4600011,injected,1,1,False
BIN_4600559,wrapper,0,0,False
BIN_4600646,wrapper,1,1,False
BIN_4602090,wrapper,1,1,False
BIN_4603486,injected,0,0,False
BIN_4604330,injected,0,0,False
BIN_4604903,wrapper,0,0,False
BIN_4607780,wrapper,0,0,False
BIN_4610959,injected,0,0,False
BIN_4611264,wrapper,0,0,False
BIN_4611734,wrapper,1,1,False
BIN_4612473,injected,0,0,False
BIN_4612814,wrapper,1,1,False
BIN_4613015,wrapper,1,1,False
BIN_4614640,wrapper,0,0,False
BIN_4614684,wrapper,0,0,False
BIN_4614971,wrapper,0,0,False
BIN_4615612,wrapper,1,1,False
BIN_4615687,wrapper,1,1,False
BIN_4616341,wrapper,0,0,False
BIN_4616542,wrapper,0,0,False
BIN_4616875,wrapper,0,0,False
BIN_4617259,wrapper,1,1,False
BIN_4618006,wrapper,0,0,False
BIN_4620175,wrapper,0,0,False
BIN_4621470,wrapper,0,0,False
BIN_4621500,wrapper,1,1,False
BIN_4621899,wrapper,1,1,False
BIN_4622460,injected,0,0,False
BIN_4622976,wrapper,1,1,False
BIN_4625280,wrapper,1,1,False
BIN_4626186,wrapper,1,1,False
BIN_4626463,injected,0,0,False
BIN_4626791,wrapper,0,0,False
BIN_4627593,injected,0,0,False
BIN_4627705,wrapper,1,1,False
BIN_4627761,injected,0,0,False
BIN_4628824,wrapper,1,1,False
BIN_4630652,wrapper,0,0,False
BIN_4630676,injected,0,0,False
BIN_4630687,injected,0,0,False
BIN_4631097,wrapper,0,0,False
BIN_4631665,injected,0,0,False
BIN_4631846,wrapper,0,0,False
BIN_4631888,wrapper,0,0,False
BIN_4631965,injected,0,0,False
BIN_4632613,injected,1,1,False
BIN_4632965,wrapper,0,0,False
BIN_4633603,injected,0,0,False
BIN_4634026,wrapper,1,1,False
BIN_4634082,wrapper,0,0,False
BIN_4635135,wrapper,0,0,False
BIN_4635807,wrapper,1,1,False
BIN_4635905,wrapper,1,1,False
BIN_4636255,wrapper,0,0,False
BIN_4637178,injected,1,1,False
BIN_4637650,wrapper,0,0,False
BIN_4638952,wrapper,1,1,False
BIN_4639367,injected,0,0,False
BIN_4639392,injected,0,0,False
BIN_4639721,wrapper,0,0,False
BIN_4640859,injected,0,0,False
BIN_4641169,wrapper,1,1,False
BIN_4641387,wrapper,0,0,False
BIN_4642645,injected,0,0,False
BIN_4642919,wrapper,1,1,False
BIN_4644679,wrapper,0,0,False
BIN_4646048,wrapper,1,1,False
BIN_4646144,wrapper,1,1,False
BIN_4646586,wrapper,1,1,False
BIN_4647063,injected,0,0,False
BIN_4647141,injected,1,1,False
BIN_4647259,injected,1,1,False
BIN_4647613,wrapper,1,1,False
BIN_4648179,injected,0,0,False
BIN_4650068,injected,1,1,False
BIN_4650141,wrapper,1,1,False
BIN_4651390,wrapper,1,1,False
BIN_4652144,wrapper,0,0,False
BIN_4652269,wrapper,0,0,False
BIN_4652833,wrapper,0,0,False
BIN_4653141,wrapper,1,1,False
BIN_4653705,wrapper,0,0,False
BIN_4654486,wrapper,0,0,False
BIN_4655668,wrapper,0,0,False
BIN_4657956,injected,0,0,False
BIN_4658504,wrapper,1,1,False
BIN_4658564,injected,0,0,False
BIN_4659425,wrapper,0,0,False
BIN_4659539,wrapper,0,0,False
BIN_4660480,wrapper,1,1,False
BIN_4660605,wrapper,0,0,False
BIN_4661076,wrapper,1,1,False
BIN_4661566,wrapper,1,1,False
BIN_4661571,wrapper,0,0,False
BIN_4661859,injected,0,0,False
BIN_4662209,wrapper,0,0,False
BIN_4662740,wrapper,0,0,False
BIN_4663765,injected,0,0,False
BIN_4664252,wrapper,1,1,False
BIN_4665720,wrapper,1,1,False
BIN_4668592,wrapper,0,0,False
BIN_4668967,injected,0,0,False
BIN_4669332,wrapper,0,0,False
BIN_4671979,injected,0,0,False
BIN_4672048,wrapper,0,0,False
BIN_4672476,wrapper,1,1,False
BIN_4673015,wrapper,1,1,False
BIN_4673041,injected,0,0,False
BIN_4674667,wrapper,1,1,False
BIN_4675825,injected,1,1,False
BIN_4676134,wrapper,0,0,False
BIN_4677205,wrapper,1,1,False
BIN_4678375,wrapper,0,0,False
BIN_4678601,wrapper,1,1,False
BIN_4678623,wrapper,1,1,False
BIN_4679034,wrapper,0,0,False
BIN_4679481,injected,1,1,False
BIN_4679624,wrapper,0,0,False
BIN_4679715,wrapper,1,1,False
BIN_4680435,injected,1,1,False
BIN_4681755,injected,0,0,False
BIN_4682765,injected,0,0,False
BIN_4682940,injected,0,0,False
BIN_4683458,wrapper,1,1,False
BIN_4683669,wrapper,1,1,False
BIN_4684158,injected,0,0,False
BIN_4684392,wrapper,1,1,False
BIN_4684446,injected,0,0,False
BIN_4684794,wrapper,1,1,False
BIN_4685372,wrapper,0,0,False
BIN_4685377,injected,0,0,False
BIN_4685542,wrapper,1,1,False
BIN_4686693,wrapper,1,1,False
BIN_4687114,wrapper,0,0,False
BIN_4687737,injected,0,0,False
BIN_4687981,injected,1,1,False
BIN_4688614,wrapper,0,0,False
BIN_4689588,wrapper,0,0,False
BIN_4689674,wrapper,0,0,False
BIN_4690057,wrapper,0,0,False
BIN_4690516,injected,1,1,False
BIN_4690908,injected,1,1,False
BIN_4690974,injected,0,0,False
BIN_4690993,wrapper,0,0,False
BIN_4692587,wrapper,0,0,False
BIN_4692842,wrapper,0,0,False
BIN_4693351,injected,1,1,False
BIN_4693558,injected,1,1,False
BIN_4694939,wrapper,1,1,False
BIN_4695231,wrapper,1,1,False
BIN_4695246,wrapper,0,0,False
BIN_4696110,wrapper,0,0,False
BIN_4696884,injected,1,1,False
BIN_4698581,wrapper,0,0,False
BIN_4698694,wrapper,0,0,False
BIN_4699820,wrapper,0,0,False
BIN_4699852,injected,1,1,False
BIN_4699859,wrapper,0,0,False
BIN_4700597,wrapper,0,0,False
BIN_4700625,wrapper,0,0,False
BIN_4701229,wrapper,1,1,False
BIN_4701470,injected,1,1,False
BIN_4701878,wrapper,1,1,False
BIN_4702277,injected,0,0,False
BIN_4702280,injected,0,0,False
BIN_4703400,wrapper,1,1,False
BIN_4703624,wrapper,0,0,False
BIN_4704007,wrapper,0,0,False
BIN_4704590,wrapper,1,1,False
BIN_4704985,wrapper,0,0,False
BIN_4705135,injected,0,0,False
BIN_4705323,wrapper,0,0,False
BIN_4705576,injected,1,1,False
BIN_4705823,wrapper,1,1,False
BIN_4706230,wrapper,0,0,False
BIN_4706649,wrapper,0,0,False
BIN_4707361,wrapper,0,0,False
BIN_4707672,wrapper,1,1,False
BIN_4711163,wrapper,0,0,False
BIN_4711322,wrapper,0,0,False
BIN_4712893,wrapper,1,1,False
BIN_4713169,wrapper,1,1,False
BIN_4713475,wrapper,0,0,False
BIN_4713830,wrapper,1,1,False
BIN_4714862,wrapper,1,1,False
BIN_4715823,wrapper,0,0,False
BIN_4716142,injected,0,0,False
BIN_4717231,wrapper,1,1,False
BIN_4717443,wrapper,1,1,False
BIN_4718054,injected,0,0,False
BIN_4718130,wrapper,1,1,False
BIN_4718160,wrapper,0,0,False
BIN_4718937,wrapper,1,1,False
BIN_4719431,wrapper,0,0,False
BIN_4719487,wrapper,0,0,False
BIN_4719496,injected,1,1,False
BIN_4719926,wrapper,1,1,False
BIN_4721064,wrapper,0,0,False
BIN_4722954,wrapper,0,0,False
BIN_4723867,injected,1,1,False
BIN_4725169,injected,1,1,False
BIN_4725430,wrapper,0,0,False
BIN_4725487,wrapper,0,0,False
BIN_4726104,wrapper,0,0,False
BIN_4726827,wrapper,0,0,False
BIN_4727699,wrapper,0,0,False
BIN_4728806,wrapper,1,1,False
BIN_4729058,injected,1,1,False
BIN_4730236,wrapper,0,0,False
BIN_4730433,injected,1,1,False
BIN_4730969,wrapper,1,1,False
BIN_4731180,wrapper,1,1,False
BIN_4731258,wrapper,0,0,False
BIN_4731905,wrapper,1,1,False
BIN_4732147,wrapper,1,1,False
BIN_4734518,wrapper,1,1,False
BIN_4735157,injected,0,0,False
BIN_4737033,injected,1,1,False
BIN_4738519,injected,0,0,False
BIN_4739186,wrapper,0,0,False
BIN_4739893,wrapper,1,1,False
BIN_4739899,wrapper,1,1,False
BIN_4740810,wrapper,1,1,False
BIN_4741161,wrapper,0,0,False
BIN_4741499,wrapper,1,1,False
BIN_4742585,wrapper,0,0,False
BIN_4743673,wrapper,0,0,False
BIN_4743779,injected,0,0,False
BIN_4746843,wrapper,0,0,False
BIN_4747292,injected,1,1,False
BIN_4747310,wrapper,1,1,False
BIN_4747855,wrapper,1,1,False
BIN_4748050,injected,1,1,False
BIN_4748253,wrapper,0,0,False
BIN_4748355,injected,0,0,False
BIN_4748779,wrapper,0,0,False
BIN_4749168,wrapper,1,1,False
BIN_4749493,wrapper,0,0,False
BIN_4749549,wrapper,0,0,False
BIN_4749693,wrapper,1,1,False
BIN_4750289,wrapper,0,0,False
BIN_4751741,wrapper,1,1,False
BIN_4752044,injected,1,1,False
BIN_4752494,wrapper,1,1,False
BIN_4753578,wrapper,0,0,False
BIN_4754041,wrapper,1,1,False
BIN_4756004,wrapper,0,0,False
BIN_4756035,wrapper,0,0,False
BIN_4756058,wrapper,1,1,False
BIN_4756191,wrapper,1,1,False
BIN_4756410,wrapper,1,1,False
BIN_4756610,wrapper,1,1,False
BIN_4756726,wrapper,0,0,False
BIN_4757048,injected,0,0,False
BIN_4757229,wrapper,1,1,False
BIN_4757817,wrapper,0,0,False
BIN_4757968,wrapper,0,0,False
BIN_4758163,wrapper,1,1,False
BIN_4758315,wrapper,1,1,False
BIN_4758723,injected,1,1,False
BIN_4759257,wrapper,1,1,False
BIN_4760565,wrapper,1,1,False
BIN_4760586,injected,0,0,False
BIN_4760779,wrapper,1,1,False
BIN_4762735,wrapper,1,1,False
BIN_4763617,wrapper,1,1,False
BIN_4763841,wrapper,1,1,False
BIN_4765652,injected,0,0,False
BIN_4765696,wrapper,1,1,False
BIN_4766113,wrapper,1,1,False
BIN_4766695,injected,0,0,False
BIN_4766930,injected,1,1,False
BIN_4766973,injected,0,0,False
BIN_4767933,wrapper,0,0,False
BIN_4768025,wrapper,1,1,False
BIN_4769100,wrapper,1,1,False
BIN_4769984,wrapper,1,1,False
BIN_4770724,wrapper,1,1,False
BIN_4771167,injected,1,1,False
BIN_4772134,wrapper,0,0,False
BIN_4772899,wrapper,1,1,False
BIN_4773358,wrapper,1,1,False
BIN_4774678,wrapper,0,0,False
BIN_4775131,injected,1,1,False
BIN_4775875,wrapper,1,1,False
BIN_4776237,wrapper,1,1,False
BIN_4776467,wrapper,1,1,False
BIN_4776745,wrapper,0,0,False
BIN_4777338,injected,1,1,False
BIN_4779004,injected,1,1,False
BIN_4779300,injected,0,0,False
BIN_4779372,wrapper,0,0,False
BIN_4779518,wrapper,0,0,False
BIN_4779560,wrapper,1,1,False
BIN_4779799,wrapper,1,1,False
BIN_4780818,wrapper,0,0,False
BIN_4781807,injected,0,0,False
BIN_4782063,wrapper,1,1,False
BIN_4782448,wrapper,1,1,False
BIN_4782949,wrapper,0,0,False
BIN_4783916,injected,1,1,False
BIN_4784355,injected,0,0,False
BIN_4784382,wrapper,0,0,False
BIN_4785074,wrapper,1,1,False
BIN_4785168,wrapper,0,0,False
BIN_4785351,injected,0,0,False
BIN_4786696,wrapper,0,0,False
BIN_4787209,injected,0,0,False
BIN_4787813,wrapper,0,0,False
BIN_4790487,injected,0,0,False
BIN_4790531,injected,0,0,False
BIN_4790891,wrapper,0,0,False
BIN_4791066,wrapper,1,1,False
BIN_4791422,wrapper,0,0,False
BIN_4792264,wrapper,1,1,False
BIN_4793211,wrapper,1,1,False
BIN_4793279,injected,1,1,False
BIN_4793477,injected,0,0,False
BIN_4794324,wrapper,0,0,False
BIN_4795022,wrapper,1,1,False
BIN_4797141,wrapper,1,1,False
BIN_4797302,wrapper,1,1,False
BIN_4797433,injected,0,0,False
BIN_4797442,wrapper,1,1,False
BIN_4797769,injected,0,0,False
BIN_4798532,injected,0,0,False
BIN_4798949,injected,1,1,False
BIN_4799505,wrapper,1,1,False
BIN_4801819,wrapper,1,1,False
BIN_4802766,wrapper,0,0,False
BIN_4803097,wrapper,0,0,False
BIN_4803849,wrapper,1,1,False
BIN_4804590,wrapper,0,0,False
BIN_4804657,wrapper,0,0,False
BIN_4804825,wrapper,0,0,False
BIN_4806400,wrapper,0,0,False
BIN_4806525,wrapper,0,0,False
BIN_4806956,injected,0,0,False
BIN_4807048,wrapper,1,1,False
BIN_4808389,injected,1,1,False
BIN_4808962,injected,0,0,False
BIN_4809318,injected,0,0,False
BIN_4810437,injected,1,1,False
BIN_4810627,injected,1,1,False
BIN_4810871,wrapper,0,0,False
BIN_4810890,wrapper,0,0,False
BIN_4813025,wrapper,0,0,False
BIN_4813529,injected,0,0,False
BIN_4813802,wrapper,0,0,False
BIN_4814272,wrapper,0,0,False
BIN_4814541,wrapper,0,0,False
BIN_4815229,wrapper,1,1,False
BIN_4816051,wrapper,1,1,False
BIN_4816274,wrapper,0,0,False
BIN_4817057,injected,1,1,False
BIN_4817237,wrapper,0,0,False
BIN_4817466,wrapper,1,1,False
BIN_4817522,wrapper,1,1,False
BIN_4817582,wrapper,0,0,False
BIN_4818325,injected,1,1,False
BIN_4819628,injected,0,0,False
BIN_4819773,wrapper,0,0,False
BIN_4820618,injected,1,1,False
BIN_4820776,wrapper,0,0,False
BIN_4820971,wrapper,0,0,False
BIN_4821018,wrapper,1,1,False
BIN_4821998,injected,1,1,False
BIN_4822807,injected,0,0,False
BIN_4823811,wrapper,0,0,False
BIN_4824014,wrapper,1,1,False
BIN_4824861,injected,1,1,False
BIN_4825065,injected,1,1,False
BIN_4825634,injected,0,0,False
BIN_4826320,injected,1,1,False
BIN_4826403,injected,0,0,False
BIN_4826815,wrapper,1,1,False
BIN_4826949,injected,0,0,False
BIN_4827209,wrapper,0,0,False
BIN_4827819,wrapper,1,1,False
BIN_4828013,wrapper,0,0,False
BIN_4828752,wrapper,0,0,False
BIN_4829381,injected,1,1,False
BIN_4829653,wrapper,0,0,False
BIN_4830113,wrapper,1,1,False
BIN_4831407,wrapper,1,1,False
BIN_4832690,wrapper,1,1,False
BIN_4833344,wrapper,1,1,False
BIN_4833643,wrapper,1,1,False
BIN_4833713,injected,1,1,False
BIN_4833747,wrapper,1,1,False
BIN_4834111,injected,0,0,False
BIN_4834838,injected,0,0,False
BIN_4835099,injected,0,0,False
BIN_4835434,wrapper,1,1,False
BIN_4835527,wrapper,0,0,False
BIN_4835952,wrapper,0,0,False
BIN_4836161,wrapper,1,1,False
BIN_4837181,wrapper,0,0,False
BIN_4837334,wrapper,0,0,False
BIN_4838686,wrapper,0,0,False
BIN_4839453,wrapper,1,1,False
BIN_4839889,injected,0,0,False
BIN_4840196,wrapper,0,0,False
BIN_4840565,wrapper,0,0,False
BIN_4841464,injected,0,0,False
BIN_4842068,wrapper,0,0,False
BIN_4842178,injected,0,0,False
BIN_4843153,wrapper,1,1,False
BIN_4844627,wrapper,1,1,False
BIN_4845379,wrapper,1,1,False
BIN_4845424,wrapper,1,1,False
BIN_4845718,wrapper,1,1,False
BIN_4846625,injected,1,1,False
BIN_4846713,injected,1,1,False
BIN_4846863,wrapper,1,1,False
BIN_4847276,injected,1,1,False
BIN_4847384,wrapper,1,1,False
BIN_4848113,injected,0,0,False
BIN_4849316,wrapper,1,1,False
BIN_4850188,wrapper,1,1,False
BIN_4850552,wrapper,1,1,False
BIN_4851373,injected,0,0,False
BIN_4852807,wrapper,0,0,False
BIN_4852831,wrapper,1,1,False
BIN_4853544,wrapper,0,0,False
BIN_4854072,wrapper,0,0,False
BIN_4855991,wrapper,0,0,False
BIN_4858039,wrapper,0,0,False
BIN_4858455,wrapper,1,1,False
BIN_4859126,injected,0,0,False
BIN_4859299,wrapper,0,0,False
BIN_4859367,wrapper,1,1,False
BIN_4860258,injected,1,1,False
BIN_4860348,wrapper,1,1,False
BIN_4860567,injected,0,0,False
BIN_4861599,wrapper,0,0,False
BIN_4862642,wrapper,0,0,False
BIN_4862874,wrapper,1,1,False
BIN_4863280,wrapper,1,1,False
BIN_4863752,wrapper,0,0,False
BIN_4863826,injected,0,0,False
BIN_4864656,wrapper,1,1,False
BIN_4864658,injected,0,0,False
BIN_4864986,injected,0,0,False
BIN_4865238,wrapper,1,1,False
BIN_4865561,wrapper,1,1,False
BIN_4866114,wrapper,0,0,False
BIN_4866466,wrapper,1,1,False
BIN_4866823,wrapper,1,1,False
BIN_4869005,wrapper,0,0,False
BIN_4869298,wrapper,1,1,False
BIN_4870652,wrapper,0,0,False
BIN_4871171,injected,1,1,False
BIN_4871298,injected,0,0,False
BIN_4871724,wrapper,0,0,False
BIN_4871798,wrapper,0,0,False
BIN_4871883,injected,0,0,False
BIN_4872499,wrapper,1,1,False
BIN_4873053,wrapper,1,1,False
BIN_4873459,wrapper,1,1,False
BIN_4874661,injected,0,0,False
BIN_4875406,wrapper,0,0,False
BIN_4875515,wrapper,1,1,False
BIN_4875520,wrapper,1,1,False
BIN_4875808,wrapper,0,0,False
BIN_4876356,wrapper,1,1,False
BIN_4876553,wrapper,1,1,False
BIN_4876795,injected,1,1,False
BIN_4877337,injected,1,1,False
BIN_4877550,wrapper,0,0,False
BIN_4877656,wrapper,0,0,False
BIN_4878165,wrapper,0,0,False
BIN_4878432,injected,0,0,False
BIN_4878657,wrapper,1,1,False
BIN_4878975,injected,0,0,False
BIN_4879427,wrapper,1,1,False
BIN_4879722,wrapper,0,0,False
BIN_4881228,injected,0,0,False
BIN_4881460,injected,1,1,False
BIN_4881601,wrapper,0,0,False
BIN_4881902,wrapper,1,1,False
BIN_4882197,wrapper,1,1,False
BIN_4882945,wrapper,1,1,False
BIN_4883002,wrapper,1,1,False
BIN_4883932,injected,0,0,False
BIN_4884135,wrapper,0,0,False
BIN_4884480,wrapper,0,0,False
BIN_4884795,injected,1,1,False
BIN_4885394,wrapper,1,1,False
BIN_4887960,injected,0,0,False
BIN_4888633,wrapper,1,1,False
BIN_4888644,injected,1,1,False
BIN_4888815,wrapper,1,1,False
BIN_4888992,wrapper,0,0,False
BIN_4891355,injected,1,1,False
BIN_4892424,injected,0,0,False
BIN_4892580,wrapper,0,0,False
BIN_4893092,injected,1,1,False
BIN_4893983,injected,1,1,False
BIN_4894064,wrapper,1,1,False
BIN_4894139,wrapper,1,1,False
BIN_4894667,injected,0,0,False
BIN_4895663,injected,1,1,False
BIN_4896336,injected,1,1,False
BIN_4896589,wrapper,0,0,False
BIN_4897688,wrapper,0,0,False
BIN_4898078,wrapper,1,1,False
BIN_4898529,wrapper,0,0,False
BIN_4899529,wrapper,0,0,False
BIN_4899903,wrapper,1,1,False
BIN_4899933,injected,0,0,False
BIN_4900325,wrapper,1,1,False
BIN_4901287,wrapper,0,0,False
BIN_4901288,wrapper,0,0,False
BIN_4901691,wrapper,0,0,False
BIN_4901986,wrapper,1,1,False
BIN_4902351,wrapper,0,0,False
BIN_4902403,injected,1,1,False
BIN_4902755,injected,1,1,False
BIN_4903419,wrapper,0,0,False
BIN_4903623,wrapper,1,1,False
BIN_4904327,wrapper,0,0,False
BIN_4904545,wrapper,0,0,False
BIN_4904749,wrapper,1,1,False
BIN_4904816,wrapper,0,0,False
BIN_4905064,wrapper,0,0,False
BIN_4905440,injected,1,1,False
BIN_4905572,injected,0,0,False
BIN_4906061,wrapper,1,1,False
BIN_4907484,wrapper,0,0,False
BIN_4908511,wrapper,1,1,False
BIN_4908722,injected,1,1,False
BIN_4908836,wrapper,1,1,False
BIN_4908948,wrapper,0,0,False
BIN_4909357,wrapper,1,1,False
BIN_4910143,injected,1,1,False
BIN_4911518,wrapper,0,0,False
BIN_4912323,wrapper,1,1,False
BIN_4912516,wrapper,0,0,False
BIN_4912843,wrapper,1,1,False
BIN_4912892,wrapper,1,1,False
BIN_4913167,injected,0,0,False
BIN_4914292,injected,0,0,False
BIN_4915073,wrapper,1,1,False
BIN_4915424,wrapper,1,1,False
BIN_4916024,injected,1,1,False
BIN_4916286,wrapper,1,1,False
BIN_4917876,wrapper,1,1,False
BIN_4918169,injected,0,0,False
BIN_4918214,injected,0,0,False
BIN_4918441,wrapper,0,0,False
BIN_4918673,injected,0,0,False
BIN_4918871,injected,0,0,False
BIN_4919105,wrapper,0,0,False
BIN_4919123,wrapper,0,0,False
BIN_4919394,injected,1,1,False
BIN_4920059,injected,1,1,False
BIN_4920191,wrapper,1,1,False
BIN_4920330,injected,1,1,False
BIN_4920398,wrapper,1,1,False
BIN_4920813,wrapper,0,0,False
BIN_4921107,wrapper,0,0,False
BIN_4921411,injected,1,1,False
BIN_4921572,wrapper,0,0,False
BIN_4921628,wrapper,1,1,False
BIN_4922177,injected,0,0,False
BIN_4922247,injected,1,1,False
BIN_4922393,wrapper,1,1,False
BIN_4922777,wrapper,1,1,False
BIN_4923108,wrapper,1,1,False
BIN_4923163,wrapper,1,1,False
BIN_4923768,injected,0,0,False
BIN_4924375,injected,0,0,False
BIN_4924391,wrapper,0,0,False
BIN_4924697,wrapper,0,0,False
BIN_4928169,wrapper,1,1,False
BIN_4928775,wrapper,1,1,False
BIN_4929221,wrapper,0,0,False
BIN_4929947,wrapper,1,1,False
BIN_4930180,wrapper,0,0,False
BIN_4931808,injected,1,1,False
BIN_4932191,wrapper,0,0,False
BIN_4934055,injected,1,1,False
BIN_4934538,wrapper,0,0,False
BIN_4934632,injected,1,1,False
BIN_4935927,wrapper,1,1,False
BIN_4936481,injected,0,0,False
BIN_4937284,injected,1,1,False
BIN_4937900,wrapper,0,0,False
BIN_4938010,injected,1,1,False
BIN_4943370,injected,0,0,False
BIN_4943791,injected,1,1,False
BIN_4944182,wrapper,0,0,False
BIN_4944592,wrapper,0,0,False
BIN_4945192,wrapper,0,0,False
BIN_4946197,wrapper,0,0,False
BIN_4947832,injected,0,0,False
BIN_4949453,wrapper,0,0,False
BIN_4950129,wrapper,1,1,False
BIN_4951105,injected,0,0,False
BIN_4951649,wrapper,1,1,False
BIN_4953611,wrapper,1,1,False
BIN_4953698,injected,1,1,False
BIN_4954331,injected,1,1,False
BIN_4955490,wrapper,0,0,False
BIN_4955762,wrapper,1,1,False
BIN_4955911,wrapper,1,1,False
BIN_4957021,injected,0,0,False
BIN_4957577,wrapper,0,0,False
BIN_4957667,injected,0,0,False
BIN_4957739,wrapper,1,1,False
BIN_4957853,wrapper,1,1,False
BIN_4958057,wrapper,0,0,False
BIN_4958720,injected,0,0,False
BIN_4959750,injected,1,1,False
BIN_4959829,injected,0,0,False
BIN_4959971,injected,1,1,False
BIN_4959990,injected,1,1,False
BIN_4960660,wrapper,1,1,False
BIN_4961642,wrapper,0,0,False
BIN_4962211,injected,1,1,False
BIN_4962884,wrapper,0,0,False
BIN_4963271,wrapper,1,1,False
BIN_4963845,injected,1,1,False
BIN_4966730,injected,1,1,False
BIN_4967071,injected,1,1,False
BIN_4967291,injected,1,1,False
BIN_4967366,injected,1,1,False
BIN_4967391,wrapper,0,0,False
BIN_4968301,wrapper,1,1,False
BIN_4968690,injected,0,0,False
BIN_4968885,wrapper,0,0,False
BIN_4969813,wrapper,0,0,False
BIN_4970430,wrapper,1,1,False
BIN_4971172,wrapper,0,0,False
BIN_4972201,wrapper,0,0,False
BIN_4975298,wrapper,1,1,False
BIN_4977579,wrapper,1,1,False
BIN_4977938,wrapper,0,0,False
BIN_4979126,wrapper,0,0,False
BIN_4979728,wrapper,0,0,False
BIN_4980161,wrapper,0,0,False
BIN_4980721,wrapper,0,0,False
BIN_4981096,injected,0,0,False
BIN_4981192,wrapper,1,1,False
BIN_4981487,injected,0,0,False
BIN_4982187,wrapper,1,1,False
BIN_4982563,wrapper,0,0,False
BIN_4982569,wrapper,0,0,False
BIN_4982618,injected,1,1,False
BIN_4982687,wrapper,1,1,False
BIN_4983490,wrapper,1,1,False
BIN_4983756,injected,0,0,False
BIN_4984184,wrapper,0,0,False
BIN_4984856,wrapper,1,1,False
BIN_4984930,injected,0,0,False
BIN_4985142,wrapper,1,1,False
BIN_4985485,wrapper,0,0,False
BIN_4987543,wrapper,1,1,False
BIN_4988308,injected,0,0,False
BIN_4988325,wrapper,1,1,False
BIN_4988684,injected,0,0,False
BIN_4988713,wrapper,0,0,False
BIN_4989439,wrapper,1,1,False
BIN_4989782,injected,0,0,False
BIN_4989787,wrapper,1,1,False
BIN_4989814,injected,1,1,False
BIN_4990117,wrapper,1,1,False
BIN_4990190,injected,0,0,False
BIN_4990777,wrapper,1,1,False
BIN_4991792,wrapper,1,1,False
BIN_4992455,injected,1,1,False
BIN_4993441,wrapper,1,1,False
BIN_4993727,wrapper,0,0,False
BIN_4994077,wrapper,0,0,False
BIN_4995589,wrapper,1,1,False
BIN_4996681,wrapper,0,0,False
BIN_4996856,injected,1,1,False
BIN_4999039,wrapper,1,1,False
BIN_4999583,wrapper,0,0,False
BIN_5000199,injected,0,0,False
BIN_5000298,wrapper,1,1,False
BIN_5001462,injected,1,1,False
BIN_5001653,injected,0,0,False
BIN_5003296,wrapper,1,1,False
BIN_5004712,wrapper,1,1,False
BIN_5005164,wrapper,0,0,False
BIN_5005332,injected,0,0,False
BIN_5006105,wrapper,0,0,False
BIN_5006257,wrapper,1,1,False
BIN_5006655,injected,1,1,False
BIN_5007887,wrapper,1,1,False
BIN_5008127,wrapper,1,1,False
BIN_5008312,wrapper,0,0,False
BIN_5009957,wrapper,0,0,False
BIN_5011336,wrapper,0,0,False
BIN_5011638,wrapper,0,0,False
BIN_5012922,wrapper,1,1,False
BIN_5012962,wrapper,1,1,False
BIN_5013499,wrapper,1,1,False
BIN_5014166,wrapper,1,1,False
BIN_5014255,wrapper,1,1,False
BIN_5014858,wrapper,0,0,False
BIN_5016056,wrapper,0,0,False
BIN_5017338,wrapper,1,1,False
BIN_5017380,wrapper,1,1,False
BIN_5018494,injected,0,0,False
BIN_5019247,wrapper,1,1,False
BIN_5020814,wrapper,1,1,False
BIN_5021566,injected,0,0,False
BIN_5023538,wrapper,1,1,False
BIN_5024032,injected,0,0,False
BIN_5024703,wrapper,0,0,False
BIN_5025727,wrapper,1,1,False
BIN_5026113,wrapper,0,0,False
BIN_5026126,wrapper,1,1,False
BIN_5026639,wrapper,1,1,False
BIN_5027038,injected,0,0,False
BIN_5028850,wrapper,1,1,False
BIN_5029417,wrapper,1,1,False
BIN_5030815,injected,0,0,False
BIN_5031157,wrapper,1,1,False
BIN_5031177,wrapper,0,0,False
BIN_5031251,injected,1,1,False
BIN_5031260,wrapper,1,1,False
BIN_5031535,injected,0,0,False
BIN_5032585,wrapper,0,0,False
BIN_5033070,wrapper,1,1,False
BIN_5033128,injected,1,1,False
BIN_5033410,injected,0,0,False
BIN_5033631,wrapper,1,1,False
BIN_5033789,injected,1,1,False
BIN_5034352,injected,1,1,False
BIN_5034865,injected,1,1,False
BIN_5035581,wrapper,0,0,False
BIN_5035700,wrapper,1,1,False
BIN_5035861,wrapper,1,1,False
BIN_5035897,wrapper,0,0,False
BIN_5037854,wrapper,0,0,False
BIN_5039526,wrapper,0,0,False
BIN_5039748,wrapper,0,0,False
BIN_5039829,wrapper,0,0,False
BIN_5040428,wrapper,1,1,False
BIN_5040479,wrapper,1,1,False
BIN_5043218,injected,1,1,False
BIN_5044460,wrapper,0,0,False
BIN_5044527,injected,1,1,False
BIN_5047184,wrapper,0,0,False
BIN_5048193,wrapper,0,0,False
BIN_5048681,wrapper,0,0,False
BIN_5049387,wrapper,0,0,False
BIN_5051042,wrapper,1,1,False
BIN_5052271,wrapper,1,1,False
BIN_5052286,wrapper,1,1,False
BIN_5053539,wrapper,0,0,False
BIN_5055076,wrapper,0,0,False
BIN_5055300,injected,1,1,False
BIN_5055373,injected,0,0,False
BIN_5055435,wrapper,0,0,False
BIN_5056173,wrapper,1,1,False
BIN_5057328,wrapper,1,1,False
BIN_5057361,wrapper,1,1,False
BIN_5057705,wrapper,1,1,False
BIN_5057860,wrapper,1,1,False
BIN_5058422,wrapper,0,0,False
BIN_5059419,injected,0,0,False
BIN_5059532,wrapper,1,1,False
BIN_5059660,injected,0,0,False
BIN_5060671,wrapper,0,0,False
BIN_5061285,wrapper,0,0,False
BIN_5061940,wrapper,0,0,False
BIN_5062304,wrapper,0,0,False
BIN_5063367,wrapper,0,0,False
BIN_5063685,wrapper,0,0,False
BIN_5064157,wrapper,0,0,False
BIN_5065067,injected,1,1,False
BIN_5065606,injected,0,0,False
BIN_5066099,injected,1,1,False
BIN_5067087,wrapper,0,0,False
BIN_5067751,injected,1,1,False
BIN_5068983,injected,1,1,False
BIN_5069354,injected,0,0,False
BIN_5069454,injected,0,0,False
BIN_5071086,injected,1,1,False
BIN_5071217,wrapper,0,0,False
BIN_5071816,injected,1,1,False
BIN_5071927,wrapper,0,0,False
BIN_5071946,injected,1,1,False
BIN_5072173,wrapper,0,0,False
BIN_5072422,wrapper,1,1,False
BIN_5072598,wrapper,0,0,False
BIN_5072743,injected,0,0,False
BIN_5072999,injected,0,0,False
BIN_5074525,wrapper,0,0,False
BIN_5075564,wrapper,1,1,False
BIN_5075663,wrapper,1,1,False
BIN_5075972,injected,1,1,False
BIN_5076067,wrapper,0,0,False
BIN_5076558,wrapper,0,0,False
BIN_5076690,wrapper,0,0,False
BIN_5077481,injected,0,0,False
BIN_5079159,wrapper,1,1,False
BIN_5080215,wrapper,0,0,False
BIN_5080430,wrapper,0,0,False
BIN_5080695,wrapper,1,1,False
BIN_5080803,wrapper,0,0,False
BIN_5081275,wrapper,1,1,False
BIN_5081693,wrapper,0,0,False
BIN_5082210,wrapper,1,1,False
BIN_5082397,wrapper,1,1,False
BIN_5083098,wrapper,0,0,False
BIN_5083296,wrapper,0,0,False
BIN_5083429,wrapper,0,0,False
BIN_5084028,wrapper,0,0,False
BIN_5084862,wrapper,0,0,False
BIN_5086794,injected,0,0,False
BIN_5087661,wrapper,1,1,False
BIN_5087969,wrapper,1,1,False
BIN_5088640,wrapper,0,0,False
BIN_5089274,injected,1,1,False
BIN_5089309,injected,0,0,False
BIN_5089909,injected,0,0,False
BIN_5089910,wrapper,1,1,False
BIN_5090299,wrapper,1,1,False
BIN_5091056,wrapper,0,0,False
BIN_5091331,injected,0,0,False
BIN_5091731,wrapper,1,1,False
BIN_5092807,injected,0,0,False
BIN_5093708,wrapper,1,1,False
BIN_5094397,injected,1,1,False
BIN_5095111,wrapper,0,0,False
BIN_5095330,injected,0,0,False
BIN_5095468,injected,0,0,False
BIN_5095595,wrapper,0,0,False
BIN_5095682,injected,0,0,False
BIN_5095714,injected,1,1,False
BIN_5095865,wrapper,0,0,False
BIN_5097300,injected,1,1,False
BIN_5097736,wrapper,0,0,False
BIN_5098718,injected,1,1,False
BIN_5098802,wrapper,1,1,False
BIN_5098931,injected,0,0,False
BIN_5099307,wrapper,1,1,False
BIN_5100203,wrapper,0,0,False
BIN_5100514,wrapper,1,1,False
BIN_5101586,wrapper,0,0,False
BIN_5102335,wrapper,0,0,False
BIN_5102629,wrapper,1,1,False
BIN_5103985,injected,0,0,False
BIN_5104196,wrapper,0,0,False
BIN_5104411,wrapper,0,0,False
BIN_5104504,wrapper,0,0,False
BIN_5104524,wrapper,0,0,False
BIN_5105095,injected,0,0,False
BIN_5105922,injected,1,1,False
BIN_5106162,injected,0,0,False
BIN_5106337,wrapper,0,0,False
BIN_5106614,wrapper,0,0,False
BIN_5106976,wrapper,0,0,False
BIN_5108609,wrapper,1,1,False
BIN_5109318,injected,0,0,False
BIN_5110502,wrapper,0,0,False
BIN_5111032,injected,0,0,False
BIN_5111073,wrapper,0,0,False
BIN_5111922,wrapper,1,1,False
BIN_5112456,wrapper,1,1,False
BIN_5113069,wrapper,0,0,False
BIN_5113569,injected,0,0,False
BIN_5114054,injected,1,1,False
BIN_5114537,wrapper,1,1,False
BIN_5114617,injected,0,0,False
BIN_5116269,injected,1,1,False
BIN_5116366,wrapper,1,1,False
BIN_5117168,injected,0,0,False
BIN_5117426,wrapper,0,0,False
BIN_5117808,wrapper,1,1,False
BIN_5118225,wrapper,1,1,False
BIN_5118907,injected,0,0,False
BIN_5118946,wrapper,0,0,False
BIN_5119565,wrapper,1,1,False
BIN_5119928,wrapper,1,1,False
BIN_5120036,injected,1,1,False
BIN_5120939,wrapper,0,0,False
BIN_5121333,wrapper,0,0,False
BIN_5122037,injected,0,0,False
BIN_5122458,wrapper,0,0,False
BIN_5123866,wrapper,1,1,False
BIN_5124003,wrapper,1,1,False
BIN_5124239,wrapper,0,0,False
BIN_5124466,injected,0,0,False
BIN_5125047,injected,0,0,False
BIN_5125270,wrapper,1,1,False
BIN_5125273,wrapper,0,0,False
BIN_5126448,injected,1,1,False
BIN_5126522,wrapper,1,1,False
BIN_5126749,wrapper,0,0,False
BIN_5128469,injected,0,0,False
BIN_5128722,wrapper,0,0,False
BIN_5129142,wrapper,1,1,False
BIN_5129388,wrapper,1,1,False
BIN_5129746,injected,1,1,False
BIN_5129901,wrapper,0,0,False
BIN_5129912,injected,1,1,False
BIN_5130715,injected,1,1,False
BIN_5131060,wrapper,0,0,False
BIN_5131903,wrapper,0,0,False
BIN_5133303,wrapper,1,1,False
BIN_5133355,injected,0,0,False
BIN_5134373,wrapper,1,1,False
BIN_5135015,wrapper,0,0,False
BIN_5135251,wrapper,1,1,False
BIN_5135318,wrapper,0,0,False
BIN_5135550,injected,1,1,False
BIN_5136539,wrapper,0,0,False
BIN_5137647,wrapper,1,1,False
BIN_5137919,wrapper,1,1,False
BIN_5138346,wrapper,1,1,False
BIN_5140601,wrapper,0,0,False
BIN_5141300,injected,1,1,False
BIN_5141830,injected,1,1,False
BIN_5143862,wrapper,0,0,False
BIN_5144202,wrapper,0,0,False
BIN_5144312,injected,0,0,False
BIN_5145627,wrapper,0,0,False
BIN_5146811,injected,0,0,False
BIN_5148180,wrapper,0,0,False
BIN_5148264,wrapper,1,1,False
BIN_5148989,injected,0,0,False
BIN_5149179,wrapper,0,0,False
BIN_5149361,wrapper,0,0,False
BIN_5149547,injected,1,1,False
BIN_5149962,wrapper,0,0,False
BIN_5150354,wrapper,1,1,False
BIN_5151592,wrapper,0,0,False
BIN_5151857,injected,1,1,False
BIN_5152365,injected,0,0,False
BIN_5152403,injected,0,0,False
BIN_5152663,injected,1,1,False
BIN_5152848,wrapper,0,0,False
BIN_5153805,wrapper,1,1,False
BIN_5153953,injected,0,0,False
BIN_5154800,wrapper,1,1,False
BIN_5154862,wrapper,1,1,False
BIN_5155135,injected,0,0,False
BIN_5155407,injected,1,1,False
BIN_5155461,wrapper,1,1,False
BIN_5156177,wrapper,1,1,False
BIN_5156236,wrapper,1,1,False
BIN_5156722,wrapper,1,1,False
BIN_5157539,wrapper,1,1,False
BIN_5157921,wrapper,0,0,False
BIN_5158669,wrapper,1,1,False
BIN_5159295,wrapper,0,0,False
BIN_5159601,wrapper,0,0,False
BIN_5159792,injected,0,0,False
BIN_5160696,wrapper,0,0,False
BIN_5161978,wrapper,1,1,False
BIN_5163300,wrapper,1,1,False
BIN_5163971,wrapper,0,0,False
BIN_5164182,wrapper,1,1,False
BIN_5164495,wrapper,1,1,False
BIN_5165035,injected,1,1,False
BIN_5165583,wrapper,1,1,False
BIN_5166402,injected,0,0,False
BIN_5166769,injected,0,0,False
BIN_5168147,wrapper,0,0,False
BIN_5169060,wrapper,1,1,False
BIN_5169556,wrapper,1,1,False
BIN_5169887,wrapper,1,1,False
BIN_5170159,wrapper,1,1,False
BIN_5170944,wrapper,1,1,False
BIN_5171530,wrapper,0,0,False
BIN_5171626,wrapper,1,1,False
BIN_5172165,wrapper,0,0,False
BIN_5172262,wrapper,1,1,False
BIN_5173300,injected,1,1,False
BIN_5173438,wrapper,0,0,False
BIN_5173589,wrapper,0,0,False
BIN_5176220,injected,1,1,False
BIN_5177797,wrapper,0,0,False
BIN_5178246,wrapper,1,1,False
BIN_5179557,wrapper,1,1,False
BIN_5179901,injected,0,0,False
BIN_5179997,wrapper,0,0,False
BIN_5180960,wrapper,0,0,False
BIN_5181312,wrapper,1,1,False
BIN_5181345,wrapper,1,1,False
BIN_5181601,wrapper,0,0,False
BIN_5183939,wrapper,1,1,False
BIN_5183985,wrapper,0,0,False
BIN_5184594,injected,1,1,False
BIN_5184908,injected,1,1,False
BIN_5185031,wrapper,0,0,False
BIN_5185674,wrapper,0,0,False
BIN_5186334,wrapper,0,0,False
BIN_5186479,wrapper,1,1,False
BIN_5186775,wrapper,1,1,False
BIN_5187109,wrapper,1,1,False
BIN_5187534,injected,1,1,False
BIN_5187630,wrapper,0,0,False
BIN_5187891,injected,1,1,False
BIN_5189140,wrapper,0,0,False
BIN_5190246,injected,0,0,False
BIN_5190431,wrapper,0,0,False
BIN_5191382,wrapper,1,1,False
BIN_5191536,wrapper,0,0,False
BIN_5191567,wrapper,1,1,False
BIN_5192191,wrapper,0,0,False
BIN_5192616,injected,1,1,False
BIN_5193818,wrapper,1,1,False
BIN_5195123,wrapper,0,0,False
BIN_5195230,injected,1,1,False
BIN_5195383,injected,0,0,False
BIN_5195936,wrapper,0,0,False
BIN_5196078,wrapper,0,0,False
BIN_5196259,injected,1,1,False
BIN_5196477,wrapper,1,1,False
BIN_5197467,wrapper,1,1,False
BIN_5198015,injected,1,1,False
BIN_5198510,wrapper,1,1,False
BIN_5198548,wrapper,0,0,False
BIN_5198775,injected,0,0,False
BIN_5199272,wrapper,1,1,False
BIN_5199490,injected,0,0,False
BIN_5199921,wrapper,0,0,False
BIN_5200018,injected,1,1,False
BIN_5200959,injected,1,1,False
BIN_5201953,wrapper,0,0,False
BIN_5202080,wrapper,0,0,False
BIN_5202108,wrapper,1,1,False
BIN_5203228,wrapper,0,0,False
BIN_5203322,injected,0,0,False
BIN_5203656,wrapper,1,1,False
BIN_5203692,injected,1,1,False
BIN_5203990,wrapper,1,1,False
BIN_5204059,wrapper,1,1,False
BIN_5204254,injected,0,0,False
BIN_5205979,injected,0,0,False
BIN_5206923,wrapper,1,1,False
BIN_5207812,wrapper,0,0,False
BIN_5208929,injected,0,0,False
BIN_5210193,wrapper,1,1,False
BIN_5211037,wrapper,1,1,False
BIN_5211082,injected,0,0,False
BIN_5211603,wrapper,0,0,False
BIN_5211866,injected,1,1,False
BIN_5211937,wrapper,0,0,False
BIN_5212107,wrapper,1,1,False
BIN_5212850,wrapper,1,1,False
BIN_5213292,injected,1,1,False
BIN_5213554,wrapper,0,0,False
BIN_5213977,wrapper,1,1,False
BIN_5214322,injected,1,1,False
BIN_5214548,wrapper,1,1,False
BIN_5214549,wrapper,1,1,False
BIN_5216372,injected,0,0,False
BIN_5216434,wrapper,1,1,False
BIN_5217240,wrapper,0,0,False
BIN_5217468,wrapper,0,0,False
BIN_5217660,injected,0,0,False
BIN_5217785,wrapper,0,0,False
BIN_5218073,wrapper,0,0,False
BIN_5218651,wrapper,0,0,False
BIN_5219384,injected,0,0,False
BIN_5219766,wrapper,0,0,False
BIN_5220736,wrapper,1,1,False
BIN_5221173,wrapper,1,1,False
BIN_5221375,wrapper,1,1,False
BIN_5221842,injected,1,1,False
BIN_5222846,injected,0,0,False
BIN_5223082,wrapper,1,1,False
BIN_5224252,wrapper,1,1,False
BIN_5225714,wrapper,1,1,False
BIN_5226206,wrapper,1,1,False
BIN_5226798,injected,0,0,False
BIN_5227547,injected,1,1,False
BIN_5228026,injected,1,1,False
BIN_5229131,wrapper,0,0,False
BIN_5229695,injected,0,0,False
BIN_5232032,wrapper,1,1,False
BIN_5234093,wrapper,1,1,False
BIN_5234904,wrapper,1,1,False
BIN_5235987,injected,1,1,False
BIN_5236943,wrapper,0,0,False
BIN_5237175,wrapper,1,1,False
BIN_5237908,injected,1,1,False
BIN_5238077,wrapper,0,0,False
BIN_5238940,injected,1,1,False
BIN_5239047,injected,0,0,False
BIN_5239485,injected,1,1,False
BIN_5239702,injected,1,1,False
BIN_5239731,injected,0,0,False
BIN_5240578,wrapper,0,0,False
BIN_5240915,injected,0,0,False
BIN_5241404,wrapper,0,0,False
BIN_5242287,wrapper,0,0,False
BIN_5242635,injected,1,1,False
BIN_5243272,wrapper,0,0,False
BIN_5243353,wrapper,1,1,False
BIN_5243793,wrapper,1,1,False
BIN_5243934,injected,1,1,False
BIN_5244400,injected,0,0,False
BIN_5245229,injected,0,0,False
BIN_5246263,injected,0,0,False
BIN_5247074,wrapper,0,0,False
BIN_5247576,wrapper,0,0,False
BIN_5247650,injected,0,0,False
BIN_5247801,wrapper,0,0,False
BIN_5248992,injected,0,0,False
BIN_5249736,wrapper,0,0,False
BIN_5250390,wrapper,1,1,False
BIN_5250906,wrapper,1,1,False
BIN_5251260,wrapper,0,0,False
BIN_5252385,wrapper,1,1,False
BIN_5252429,injected,1,1,False
BIN_5253822,wrapper,1,1,False
BIN_5255090,wrapper,0,0,False
BIN_5255344,wrapper,0,0,False
BIN_5255981,injected,1,1,False
BIN_5256930,wrapper,0,0,False
BIN_5257293,wrapper,0,0,False
BIN_5257668,wrapper,1,1,False
BIN_5258040,wrapper,1,1,False
BIN_5258327,wrapper,0,0,False
BIN_5258462,wrapper,0,0,False
BIN_5260206,wrapper,0,0,False
BIN_5260286,injected,1,1,False
BIN_5260480,wrapper,0,0,False
BIN_5260790,wrapper,1,1,False
BIN_5261213,wrapper,0,0,False
BIN_5261655,wrapper,0,0,False
BIN_5261730,injected,0,0,False
BIN_5262363,wrapper,0,0,False
BIN_5262957,injected,1,1,False
BIN_5263250,injected,1,1,False
BIN_5263823,injected,1,1,False
BIN_5264268,wrapper,0,0,False
BIN_5264863,wrapper,0,0,False
BIN_5266160,wrapper,0,0,False
BIN_5266854,injected,1,1,False
BIN_5267147,wrapper,0,0,False
BIN_5268406,wrapper,0,0,False
BIN_5269285,wrapper,1,1,False
BIN_5269431,wrapper,0,0,False
BIN_5269686,injected,0,0,False
BIN_5270208,wrapper,0,0,False
BIN_5271445,wrapper,1,1,False
BIN_5272301,wrapper,1,1,False
BIN_5272428,injected,0,0,False
BIN_5272525,wrapper,0,0,False
BIN_5273338,wrapper,1,1,False
BIN_5274830,wrapper,0,0,False
BIN_5275960,wrapper,0,0,False
BIN_5275975,wrapper,0,0,False
BIN_5276071,injected,1,1,False
BIN_5276678,wrapper,1,1,False
BIN_5276900,wrapper,1,1,False
BIN_5277470,wrapper,0,0,False
BIN_5278814,wrapper,1,1,False
BIN_5278930,injected,1,1,False
BIN_5279945,injected,0,0,False
BIN_5280748,injected,0,0,False
BIN_5280955,wrapper,1,1,False
BIN_5280967,injected,1,1,False
BIN_5281502,injected,0,0,False
BIN_5282744,wrapper,0,0,False
BIN_5283351,wrapper,1,1,False
BIN_5285249,wrapper,0,0,False
BIN_5285629,wrapper,1,1,False
BIN_5286084,wrapper,0,0,False
BIN_5286103,injected,0,0,False
BIN_5286227,wrapper,1,1,False
BIN_5286301,injected,1,1,False
BIN_5286530,injected,1,1,False
BIN_5287489,injected,1,1,False
BIN_5287714,wrapper,0,0,False
BIN_5288154,injected,0,0,False
BIN_5288507,wrapper,1,1,False
BIN_5288886,wrapper,0,0,False
BIN_5289076,injected,0,0,False
BIN_5290474,injected,1,1,False
BIN_5290914,injected,1,1,False
BIN_5290957,wrapper,1,1,False
BIN_5291319,wrapper,1,1,False
BIN_5292759,wrapper,1,1,False
BIN_5292890,wrapper,1,1,False
BIN_5293944,wrapper,1,1,False
BIN_5294669,wrapper,1,1,False
BIN_5294987,wrapper,0,0,False
BIN_5295093,injected,0,0,False
BIN_5295245,injected,1,1,False
BIN_5296504,injected,1,1,False
BIN_5296737,wrapper,1,1,False
BIN_5296742,wrapper,1,1,False
BIN_5297653,wrapper,1,1,False
BIN_5298120,wrapper,0,0,False
BIN_5299204,injected,1,1,False
BIN_5299376,wrapper,1,1,False
BIN_5299614,wrapper,0,0,False
BIN_5299675,injected,1,1,False
BIN_5301233,injected,0,0,False
BIN_5301310,injected,0,0,False
BIN_5302550,injected,1,1,False
BIN_5303120,wrapper,1,1,False
BIN_5303621,wrapper,0,0,False
BIN_5303849,wrapper,0,0,False
BIN_5304719,wrapper,1,1,False
BIN_5307357,wrapper,0,0,False
BIN_5307788,wrapper,0,0,False
BIN_5308310,wrapper,0,0,False
BIN_5309938,injected,1,1,False
BIN_5309987,wrapper,1,1,False
BIN_5310083,wrapper,0,0,False
BIN_5310258,wrapper,1,1,False
BIN_5311083,injected,0,0,False
BIN_5311088,injected,0,0,False
BIN_5312280,wrapper,0,0,False
BIN_5312614,wrapper,0,0,False
BIN_5312955,wrapper,1,1,False
BIN_5315522,wrapper,0,0,False
BIN_5315879,injected,0,0,False
BIN_5316233,wrapper,1,1,False
BIN_5316738,injected,1,1,False
BIN_5316870,wrapper,1,1,False
BIN_5317203,wrapper,0,0,False
BIN_5318752,injected,1,1,False
BIN_5320768,injected,1,1,False
BIN_5320871,wrapper,1,1,False
BIN_5321127,wrapper,1,1,False
BIN_5321739,injected,0,0,False
BIN_5321744,injected,1,1,False
BIN_5322853,injected,1,1,False
BIN_5322962,wrapper,0,0,False
BIN_5323340,injected,1,1,False
BIN_5323546,injected,1,1,False
BIN_5323860,injected,0,0,False
BIN_5324809,injected,0,0,False
BIN_5325663,injected,1,1,False
BIN_5325835,wrapper,0,0,False
BIN_5325990,injected,1,1,False
BIN_5327966,wrapper,0,0,False
BIN_5328893,injected,0,0,False
BIN_5329711,wrapper,0,0,False
BIN_5329803,wrapper,0,0,False
BIN_5329920,wrapper,1,1,False
BIN_5330322,injected,1,1,False
BIN_5330827,wrapper,1,1,False
BIN_5330889,wrapper,1,1,False
BIN_5331181,injected,1,1,False
BIN_5331568,wrapper,0,0,False
BIN_5331766,wrapper,1,1,False
BIN_5332350,injected,0,0,False
BIN_5332500,wrapper,0,0,False
BIN_5332584,wrapper,1,1,False
BIN_5333121,injected,1,1,False
BIN_5336987,injected,1,1,False
BIN_5338155,wrapper,0,0,False
BIN_5338225,injected,1,1,False
BIN_5339896,wrapper,1,1,False
BIN_5340465,wrapper,0,0,False
BIN_5340691,wrapper,0,0,False
BIN_5341342,injected,0,0,False
BIN_5341931,wrapper,0,0,False
BIN_5342095,wrapper,1,1,False
BIN_5343140,wrapper,0,0,False
BIN_5344007,wrapper,1,1,False
BIN_5344640,wrapper,1,1,False
BIN_5344963,wrapper,0,0,False
BIN_5346613,injected,0,0,False
BIN_5346695,wrapper,0,0,False
BIN_5347051,injected,1,1,False
BIN_5348413,injected,1,1,False
BIN_5348468,wrapper,1,1,False
BIN_5349239,injected,1,1,False
BIN_5349594,wrapper,0,0,False
BIN_5350081,wrapper,0,0,False
BIN_5350274,wrapper,1,1,False
BIN_5350510,injected,1,1,False
BIN_5350934,injected,0,0,False
BIN_5351084,wrapper,1,1,False
BIN_5352842,wrapper,0,0,False
BIN_5352944,wrapper,1,1,False
BIN_5352991,wrapper,1,1,False
BIN_5353542,wrapper,1,1,False
BIN_5354495,injected,0,0,False
BIN_5354852,injected,0,0,False
BIN_5354970,injected,1,1,False
BIN_5355066,injected,1,1,False
BIN_5355238,injected,1,1,False
BIN_5356161,wrapper,0,0,False
BIN_5356623,injected,0,0,False
BIN_5358964,wrapper,0,0,False
BIN_5359144,wrapper,1,1,False
BIN_5359810,injected,0,0,False
BIN_5360198,injected,1,1,False
BIN_5360503,wrapper,1,1,False
BIN_5360584,wrapper,0,0,False
BIN_5361244,wrapper,0,0,False
BIN_5362207,injected,0,0,False
BIN_5362635,wrapper,0,0,False
BIN_5362870,wrapper,0,0,False
BIN_5363943,wrapper,1,1,False
BIN_5364892,wrapper,0,0,False
BIN_5365809,wrapper,1,1,False
BIN_5366155,injected,0,0,False
BIN_5366309,wrapper,1,1,False
BIN_5366523,wrapper,1,1,False
BIN_5368220,injected,0,0,False
BIN_5368731,injected,0,0,False
BIN_5369416,wrapper,1,1,False
BIN_5369474,wrapper,0,0,False
BIN_5370887,wrapper,0,0,False
BIN_5370961,injected,1,1,False
BIN_5370980,injected,1,1,False
BIN_5371151,injected,0,0,False
BIN_5371544,wrapper,0,0,False
BIN_5372071,injected,1,1,False
BIN_5372327,wrapper,1,1,False
BIN_5373744,wrapper,1,1,False
BIN_5373908,wrapper,0,0,False
BIN_5375032,injected,1,1,False
BIN_5375993,wrapper,1,1,False
BIN_5376037,injected,0,0,False
BIN_5376809,wrapper,1,1,False
BIN_5377054,wrapper,0,0,False
BIN_5377160,wrapper,0,0,False
BIN_5377463,wrapper,0,0,False
BIN_5377626,injected,0,0,False
BIN_5377775,wrapper,1,1,False
BIN_5378596,wrapper,1,1,False
BIN_5378674,injected,0,0,False
BIN_5379595,injected,0,0,False
BIN_5379920,injected,1,1,False
BIN_5380342,wrapper,1,1,False
BIN_5381565,wrapper,0,0,False
BIN_5382729,injected,1,1,False
BIN_5383481,wrapper,0,0,False
BIN_5384649,injected,0,0,False
BIN_5386042,wrapper,0,0,False
BIN_5386206,wrapper,1,1,False
BIN_5388036,wrapper,1,1,False
BIN_5388597,injected,0,0,False
BIN_5389740,wrapper,1,1,False
BIN_5389962,wrapper,1,1,False
BIN_5391807,wrapper,1,1,False
BIN_5391921,wrapper,1,1,False
BIN_5392438,injected,1,1,False
BIN_5392769,injected,0,0,False
BIN_5393627,wrapper,1,1,False
BIN_5393886,wrapper,1,1,False
BIN_5394508,wrapper,0,0,False
BIN_5395194,wrapper,0,0,False
BIN_5395677,wrapper,1,1,False
BIN_5398767,wrapper,0,0,False
BIN_5399641,wrapper,1,1,False
BIN_5400146,injected,0,0,False
BIN_5400221,wrapper,0,0,False
BIN_5401865,wrapper,0,0,False
BIN_5403263,wrapper,0,0,False
BIN_5403442,wrapper,0,0,False
BIN_5403878,injected,1,1,False
BIN_5404433,wrapper,0,0,False
BIN_5404456,injected,0,0,False
BIN_5404859,wrapper,0,0,False
BIN_5405324,wrapper,1,1,False
BIN_5405658,injected,0,0,False
BIN_5405934,wrapper,1,1,False
BIN_5406404,wrapper,1,1,False
BIN_5406671,wrapper,1,1,False
BIN_5408114,injected,0,0,False
BIN_5408272,wrapper,1,1,False
BIN_5408332,wrapper,0,0,False
BIN_5408791,wrapper,0,0,False
BIN_5408983,wrapper,0,0,False
BIN_5409036,wrapper,0,0,False
BIN_5409280,wrapper,1,1,False
BIN_5409785,wrapper,0,0,False
BIN_5410073,wrapper,1,1,False
BIN_5410773,wrapper,1,1,False
BIN_5411396,wrapper,1,1,False
BIN_5411577,wrapper,1,1,False
BIN_5411762,wrapper,0,0,False
BIN_5412060,injected,0,0,False
BIN_5412915,injected,1,1,False
BIN_5413089,wrapper,0,0,False
BIN_5414300,injected,0,0,False
BIN_5416007,wrapper,0,0,False
BIN_5416458,wrapper,0,0,False
BIN_5417759,wrapper,1,1,False
BIN_5418293,wrapper,1,1,False
BIN_5419396,injected,1,1,False
BIN_5420166,wrapper,0,0,False
BIN_5420533,wrapper,1,1,False
BIN_5420970,injected,1,1,False
BIN_5421170,injected,0,0,False
BIN_5421492,wrapper,1,1,False
BIN_5421602,injected,0,0,False
BIN_5422462,injected,1,1,False
BIN_5423127,wrapper,1,1,False
BIN_5424098,injected,1,1,False
BIN_5424434,wrapper,1,1,False
BIN_5424898,wrapper,0,0,False
BIN_5426405,wrapper,1,1,False
BIN_5428264,wrapper,0,0,False
BIN_5428782,injected,1,1,False
BIN_5428901,wrapper,0,0,False
BIN_5429264,wrapper,0,0,False
BIN_5429544,wrapper,0,0,False
BIN_5431200,wrapper,1,1,False
BIN_5432537,wrapper,1,1,False
BIN_5434446,injected,0,0,False
BIN_5434515,wrapper,0,0,False
BIN_5435333,injected,0,0,False
BIN_5435960,wrapper,1,1,False
BIN_5436066,wrapper,1,1,False
BIN_5436731,wrapper,1,1,False
BIN_5436752,wrapper,0,0,False
BIN_5438012,wrapper,0,0,False
BIN_5438120,injected,1,1,False
BIN_5438884,wrapper,1,1,False
BIN_5439010,injected,0,0,False
BIN_5440862,injected,0,0,False
BIN_5441722,wrapper,1,1,False
BIN_5442040,wrapper,0,0,False
BIN_5442415,wrapper,0,0,False
BIN_5442632,wrapper,0,0,False
BIN_5444150,wrapper,0,0,False
BIN_5445702,wrapper,0,0,False
BIN_5446082,injected,0,0,False
BIN_5446873,injected,1,1,False
BIN_5447288,wrapper,1,1,False
BIN_5447658,wrapper,1,1,False
BIN_5447702,injected,0,0,False
BIN_5448697,injected,0,0,False
BIN_5448787,wrapper,1,1,False
BIN_5449483,wrapper,1,1,False
BIN_5449601,injected,1,1,False
BIN_5451048,wrapper,0,0,False
BIN_5451360,wrapper,1,1,False
BIN_5454766,wrapper,1,1,False
BIN_5456080,wrapper,0,0,False
BIN_5457194,wrapper,0,0,False
BIN_5458072,wrapper,1,1,False
BIN_5458308,wrapper,0,0,False
BIN_5458393,wrapper,0,0,False
BIN_5460247,wrapper,1,1,False
BIN_5460847,wrapper,0,0,False
BIN_5460930,wrapper,0,0,False
BIN_5461993,injected,1,1,False
BIN_5462509,wrapper,1,1,False
BIN_5465091,wrapper,0,0,False
BIN_5465849,injected,0,0,False
BIN_5467191,injected,1,1,False
BIN_5467276,wrapper,0,0,False
BIN_5468228,wrapper,0,0,False
BIN_5468978,wrapper,0,0,False
BIN_5469951,wrapper,0,0,False
BIN_5470994,wrapper,1,1,False
BIN_5471442,wrapper,1,1,False
BIN_5471653,wrapper,1,1,False
BIN_5472113,wrapper,1,1,False
BIN_5472262,injected,1,1,False
BIN_5472735,injected,0,0,False
BIN_5473382,injected,1,1,False
BIN_5473553,wrapper,1,1,False
BIN_5473776,wrapper,1,1,False
BIN_5474303,wrapper,1,1,False
BIN_5474899,wrapper,1,1,False
BIN_5474982,wrapper,0,0,False
BIN_5475454,injected,1,1,False
BIN_5475476,wrapper,0,0,False
BIN_5476646,wrapper,0,0,False
BIN_5477429,wrapper,1,1,False
BIN_5478555,wrapper,0,0,False
BIN_5479060,wrapper,0,0,False
BIN_5479760,wrapper,0,0,False
BIN_5480279,injected,1,1,False
BIN_5480953,wrapper,1,1,False
BIN_5481011,wrapper,0,0,False
BIN_5482848,wrapper,1,1,False
BIN_5483034,injected,1,1,False
BIN_5483795,wrapper,1,1,False
BIN_5484140,injected,1,1,False
BIN_5484341,wrapper,0,0,False
BIN_5484719,injected,1,1,False
BIN_5485083,wrapper,0,0,False
BIN_5485390,injected,0,0,False
BIN_5485655,wrapper,0,0,False
BIN_5485850,wrapper,0,0,False
BIN_5488514,wrapper,1,1,False
BIN_5488564,wrapper,0,0,False
BIN_5489871,wrapper,0,0,False
BIN_5490260,wrapper,0,0,False
BIN_5490302,wrapper,0,0,False
BIN_5490357,injected,1,1,False
BIN_5491301,wrapper,1,1,False
BIN_5492215,wrapper,0,0,False
BIN_5492464,wrapper,0,0,False
BIN_5492487,wrapper,0,0,False
BIN_5495299,wrapper,0,0,False
BIN_5496482,wrapper,0,0,False
BIN_5497351,injected,1,1,False
BIN_5498454,wrapper,0,0,False
BIN_5499540,injected,1,1,False
BIN_5499577,wrapper,1,1,False
BIN_5499801,injected,0,0,False
BIN_5500190,injected,0,0,False
BIN_5500395,wrapper,1,1,False
BIN_5501936,wrapper,0,0,False
BIN_5502228,wrapper,1,1,False
BIN_5502403,wrapper,1,1,False
BIN_5502582,wrapper,1,1,False
BIN_5502682,wrapper,1,1,False
BIN_5502952,injected,1,1,False
BIN_5503484,injected,0,0,False
BIN_5503670,wrapper,1,1,False
BIN_5504915,wrapper,1,1,False
BIN_5505499,wrapper,1,1,False
BIN_5507477,wrapper,1,1,False
BIN_5507661,wrapper,1,1,False
BIN_5507814,wrapper,0,0,False
BIN_5508232,injected,0,0,False
BIN_5509931,wrapper,1,1,False
BIN_5510383,wrapper,1,1,False
BIN_5510530,wrapper,0,0,False
BIN_5511120,wrapper,1,1,False
BIN_5511150,injected,1,1,False
BIN_5511546,wrapper,0,0,False
BIN_5511819,wrapper,0,0,False
BIN_5512327,wrapper,0,0,False
BIN_5513284,injected,1,1,False
BIN_5513335,wrapper,1,1,False
BIN_5513340,wrapper,0,0,False
BIN_5513965,wrapper,0,0,False
BIN_5515767,wrapper,1,1,False
BIN_5516597,wrapper,1,1,False
BIN_5517325,wrapper,0,0,False
BIN_5517862,injected,1,1,False
BIN_5518560,wrapper,0,0,False
BIN_5520205,injected,0,0,False
BIN_5521216,wrapper,0,0,False
BIN_5522241,wrapper,1,1,False
BIN_5522876,injected,0,0,False
BIN_5523572,wrapper,0,0,False
BIN_5523617,wrapper,0,0,False
BIN_5523990,wrapper,0,0,False
BIN_5524504,wrapper,1,1,False
BIN_5524568,injected,1,1,False
BIN_5524606,wrapper,1,1,False
BIN_5524925,injected,1,1,False
BIN_5526082,injected,0,0,False
BIN_5526110,wrapper,1,1,False
BIN_5526142,injected,1,1,False
BIN_5527060,wrapper,1,1,False
BIN_5527187,injected,0,0,False
BIN_5528366,wrapper,1,1,False
BIN_5528697,wrapper,1,1,False
BIN_5529562,wrapper,0,0,False
BIN_5530230,wrapper,1,1,False
BIN_5530237,wrapper,1,1,False
BIN_5531892,wrapper,1,1,False
BIN_5532614,wrapper,0,0,False
BIN_5532895,injected,1,1,False
BIN_5533240,wrapper,0,0,False
BIN_5533708,injected,0,0,False
BIN_5533768,injected,0,0,False
BIN_5534094,wrapper,0,0,False
BIN_5534664,injected,0,0,False
BIN_5534865,wrapper,0,0,False
BIN_5535642,wrapper,0,0,False
BIN_5535732,injected,1,1,False
BIN_5536111,injected,1,1,False
BIN_5536974,wrapper,1,1,False
BIN_5537106,wrapper,0,0,False
BIN_5537135,injected,1,1,False
BIN_5537512,wrapper,1,1,False
BIN_5537840,wrapper,1,1,False
BIN_5540128,injected,0,0,False
BIN_5540282,wrapper,0,0,False
BIN_5540691,wrapper,0,0,False
BIN_5541427,injected,1,1,False
BIN_5541439,wrapper,1,1,False
BIN_5542340,injected,1,1,False
BIN_5542706,wrapper,1,1,False
BIN_5542979,wrapper,1,1,False
BIN_5544931,injected,0,0,False
BIN_5546563,injected,0,0,False
BIN_5546876,injected,1,1,False
BIN_5547712,injected,1,1,False
BIN_5547795,injected,1,1,False
BIN_5548601,wrapper,0,0,False
BIN_5549219,injected,0,0,False
BIN_5550023,wrapper,1,1,False
BIN_5550698,wrapper,0,0,False
BIN_5551077,wrapper,0,0,False
BIN_5551614,wrapper,0,0,False
BIN_5552118,wrapper,0,0,False
BIN_5552400,wrapper,1,1,False
BIN_5552603,injected,1,1,False
BIN_5553285,wrapper,0,0,False
BIN_5554115,wrapper,0,0,False
BIN_5554710,injected,0,0,False
BIN_5556131,injected,1,1,False
BIN_5558715,wrapper,0,0,False
BIN_5558731,wrapper,1,1,False
BIN_5559221,injected,0,0,False
BIN_5559770,wrapper,1,1,False
BIN_5559926,wrapper,1,1,False
BIN_5560875,injected,1,1,False
BIN_5561496,injected,1,1,False
BIN_5562692,injected,0,0,False
BIN_5563539,wrapper,0,0,False
BIN_5563620,wrapper,1,1,False
BIN_5563816,injected,1,1,False
BIN_5564771,wrapper,1,1,False
BIN_5566060,wrapper,1,1,False
BIN_5566675,injected,0,0,False
BIN_5566838,wrapper,0,0,False
BIN_5566984,wrapper,0,0,False
BIN_5567052,wrapper,0,0,False
BIN_5568084,wrapper,0,0,False
BIN_5568093,injected,0,0,False
BIN_5569397,wrapper,0,0,False
BIN_5570400,wrapper,0,0,False
BIN_5571013,injected,1,1,False
BIN_5571791,wrapper,1,1,False
BIN_5572135,injected,1,1,False
BIN_5572418,wrapper,1,1,False
BIN_5572723,wrapper,0,0,False
BIN_5573020,wrapper,0,0,False
BIN_5573390,injected,1,1,False
BIN_5573561,injected,0,0,False
BIN_5573660,wrapper,1,1,False
BIN_5574008,wrapper,1,1,False
BIN_5574382,wrapper,0,0,False
BIN_5574408,injected,1,1,False
BIN_5574591,wrapper,1,1,False
BIN_5574920,wrapper,1,1,False
BIN_5575814,wrapper,1,1,False
BIN_5576333,wrapper,1,1,False
BIN_5576494,wrapper,1,1,False
BIN_5576654,wrapper,0,0,False
BIN_5576709,injected,0,0,False
BIN_5577491,wrapper,0,0,False
BIN_5578237,injected,1,1,False
BIN_5578392,injected,1,1,False
BIN_5578457,injected,0,0,False
BIN_5579562,wrapper,1,1,False
BIN_5579692,wrapper,1,1,False
BIN_5579937,injected,0,0,False
BIN_5580630,wrapper,0,0,False
BIN_5581655,wrapper,0,0,False
BIN_5582074,wrapper,0,0,False
BIN_5583421,injected,1,1,False
BIN_5584048,wrapper,1,1,False
BIN_5584337,injected,0,0,False
BIN_5585056,wrapper,1,1,False
BIN_5587145,wrapper,1,1,False
BIN_5587954,injected,1,1,False
BIN_5588244,wrapper,1,1,False
BIN_5588675,injected,1,1,False
BIN_5588785,wrapper,0,0,False
BIN_5589821,wrapper,1,1,False
BIN_5591744,injected,0,0,False
BIN_5592400,injected,0,0,False
BIN_5592832,wrapper,1,1,False
BIN_5592913,wrapper,0,0,False
BIN_5593511,wrapper,1,1,False
BIN_5593580,wrapper,0,0,False
BIN_5593669,wrapper,1,1,False
BIN_5594147,wrapper,0,0,False
BIN_5594208,wrapper,1,1,False
BIN_5596160,injected,0,0,False
BIN_5596475,wrapper,1,1,False
BIN_5596656,injected,0,0,False
BIN_5597824,wrapper,0,0,False
BIN_5598329,wrapper,1,1,False
BIN_5599813,wrapper,1,1,False
BIN_5600170,wrapper,0,0,False
BIN_5600930,wrapper,0,0,False
BIN_5601565,wrapper,0,0,False
BIN_5602134,wrapper,1,1,False
BIN_5602871,wrapper,0,0,False
BIN_5603159,wrapper,1,1,False
BIN_5603622,injected,0,0,False
BIN_5604440,wrapper,0,0,False
BIN_5604996,wrapper,0,0,False
BIN_5605584,wrapper,1,1,False
BIN_5606555,wrapper,1,1,False
BIN_5606972,wrapper,0,0,False
BIN_5607454,wrapper,1,1,False
BIN_5607802,wrapper,1,1,False
BIN_5610163,wrapper,1,1,False
BIN_5610174,wrapper,0,0,False
BIN_5610502,wrapper,0,0,False
BIN_5610633,injected,0,0,False
BIN_5611865,wrapper,0,0,False
BIN_5612202,injected,1,1,False
BIN_5613711,wrapper,1,1,False
BIN_5614555,injected,0,0,False
BIN_5614610,wrapper,0,0,False
BIN_5615044,wrapper,0,0,False
BIN_5615168,wrapper,0,0,False
BIN_5615477,injected,0,0,False
BIN_5615864,wrapper,1,1,False
BIN_5616219,injected,0,0,False
BIN_5620218,wrapper,1,1,False
BIN_5620546,wrapper,1,1,False
BIN_5620891,wrapper,0,0,False
BIN_5621731,wrapper,1,1,False
BIN_5621870,wrapper,1,1,False
BIN_5621888,wrapper,0,0,False
BIN_5622018,injected,1,1,False
BIN_5622624,wrapper,1,1,False
BIN_5625012,wrapper,1,1,False
BIN_5625584,wrapper,1,1,False
BIN_5626663,wrapper,0,0,False
BIN_5626799,wrapper,0,0,False
BIN_5627189,injected,0,0,False
BIN_5628197,wrapper,0,0,False
BIN_5628310,wrapper,1,1,False
BIN_5629504,wrapper,0,0,False
BIN_5629960,wrapper,0,0,False
BIN_5630173,wrapper,0,0,False
BIN_5630574,wrapper,0,0,False
BIN_5630584,wrapper,0,0,False
BIN_5630851,wrapper,0,0,False
BIN_5631488,wrapper,1,1,False
BIN_5632677,injected,1,1,False
BIN_5633536,injected,0,0,False
BIN_5634128,wrapper,0,0,False
BIN_5635146,wrapper,0,0,False
BIN_5635225,wrapper,1,1,False
BIN_5635721,wrapper,1,1,False
BIN_5640085,injected,1,1,False
BIN_5640415,wrapper,1,1,False
BIN_5641051,wrapper,0,0,False
BIN_5641323,injected,1,1,False
BIN_5642558,wrapper,1,1,False
BIN_5643967,wrapper,1,1,False
BIN_5644122,wrapper,1,1,False
BIN_5644340,wrapper,1,1,False
BIN_5644895,wrapper,1,1,False
BIN_5645488,wrapper,0,0,False
BIN_5645613,injected,0,0,False
BIN_5647178,wrapper,0,0,False
BIN_5647558,wrapper,0,0,False
BIN_5647913,wrapper,1,1,False
BIN_5648012,wrapper,0,0,False
BIN_5648560,wrapper,0,0,False
BIN_5648638,wrapper,0,0,False
BIN_5649070,injected,0,0,False
BIN_5649361,wrapper,0,0,False
BIN_5649856,injected,0,0,False
BIN_5650722,wrapper,0,0,False
BIN_5651388,injected,1,1,False
BIN_5651750,wrapper,0,0,False
BIN_5652651,wrapper,1,1,False
BIN_5654118,wrapper,0,0,False
BIN_5654417,wrapper,0,0,False
BIN_5656565,wrapper,1,1,False
BIN_5657125,wrapper,0,0,False
BIN_5657479,wrapper,1,1,False
BIN_5657771,wrapper,1,1,False
BIN_5658328,wrapper,1,1,False
BIN_5658429,wrapper,0,0,False
BIN_5659046,wrapper,1,1,False
BIN_5659268,wrapper,1,1,False
BIN_5659865,wrapper,0,0,False
BIN_5661343,wrapper,0,0,False
BIN_5661748,wrapper,0,0,False
BIN_5662251,injected,1,1,False
BIN_5662354,wrapper,1,1,False
BIN_5663032,wrapper,1,1,False
BIN_5663156,wrapper,0,0,False
BIN_5663703,wrapper,1,1,False
BIN_5664066,wrapper,0,0,False
BIN_5664667,wrapper,1,1,False
BIN_5665512,wrapper,1,1,False
BIN_5665516,wrapper,0,0,False
BIN_5665789,injected,0,0,False
BIN_5666139,wrapper,0,0,False
BIN_5667234,wrapper,1,1,False
BIN_5667509,wrapper,0,0,False
BIN_5668237,injected,0,0,False
BIN_5669932,wrapper,1,1,False
BIN_5670008,wrapper,1,1,False
BIN_5670101,wrapper,1,1,False
BIN_5670517,injected,0,0,False
BIN_5670795,wrapper,1,1,False
BIN_5670921,injected,0,0,False
BIN_5671699,wrapper,0,0,False
BIN_5673410,wrapper,0,0,False
BIN_5673608,injected,1,1,False
BIN_5674111,injected,1,1,False
BIN_5674393,injected,0,0,False
BIN_5674554,wrapper,1,1,False
BIN_5674911,wrapper,1,1,False
BIN_5676593,wrapper,0,0,False
BIN_5676914,injected,0,0,False
BIN_5677285,wrapper,1,1,False
BIN_5677496,wrapper,0,0,False
BIN_5678029,wrapper,0,0,False
BIN_5679086,wrapper,1,1,False
BIN_5679367,wrapper,1,1,False
BIN_5680163,wrapper,1,1,False
BIN_5680346,wrapper,0,0,False
BIN_5681812,wrapper,1,1,False
BIN_5682052,wrapper,0,0,False
BIN_5682707,wrapper,0,0,False
BIN_5683241,wrapper,1,1,False
BIN_5683280,injected,0,0,False
BIN_5683552,wrapper,0,0,False
BIN_5683568,injected,0,0,False
BIN_5683583,wrapper,0,0,False
BIN_5684058,wrapper,1,1,False
BIN_5684090,wrapper,1,1,False
BIN_5684743,wrapper,0,0,False
BIN_5684930,injected,1,1,False
BIN_5685558,injected,1,1,False
BIN_5686004,injected,1,1,False
BIN_5687477,wrapper,1,1,False
BIN_5687729,wrapper,0,0,False
BIN_5687897,wrapper,0,0,False
BIN_5688433,injected,1,1,False
BIN_5689021,wrapper,0,0,False
BIN_5689365,injected,0,0,False
BIN_5689463,injected,1,1,False
BIN_5689560,wrapper,0,0,False
BIN_5690506,wrapper,0,0,False
BIN_5690639,wrapper,0,0,False
BIN_5690778,wrapper,1,1,False
BIN_5691085,wrapper,0,0,False
BIN_5691465,injected,1,1,False
BIN_5691527,wrapper,0,0,False
BIN_5692206,wrapper,0,0,False
BIN_5692442,wrapper,1,1,False
BIN_5692735,wrapper,0,0,False
BIN_5692838,wrapper,1,1,False
BIN_5694353,wrapper,0,0,False
BIN_5694625,injected,1,1,False
BIN_5695272,wrapper,0,0,False
BIN_5695779,wrapper,1,1,False
BIN_5698347,injected,0,0,False
BIN_5699804,wrapper,0,0,False
BIN_5699836,injected,0,0,False
BIN_5700994,injected,0,0,False
BIN_5701939,wrapper,0,0,False
BIN_5703121,wrapper,1,1,False
BIN_5703204,wrapper,0,0,False
BIN_5703500,wrapper,0,0,False
BIN_5704562,wrapper,1,1,False
BIN_5704591,injected,0,0,False
BIN_5704694,injected,0,0,False
BIN_5704741,wrapper,1,1,False
BIN_5705067,wrapper,1,1,False
BIN_5706150,wrapper,1,1,False
BIN_5708166,injected,1,1,False
BIN_5708584,wrapper,0,0,False
BIN_5709895,injected,1,1,False
BIN_5709928,wrapper,0,0,False
BIN_5710427,injected,1,1,False
BIN_5710910,wrapper,0,0,False
BIN_5711462,wrapper,0,0,False
BIN_5711721,injected,1,1,False
BIN_5712295,wrapper,0,0,False
BIN_5712959,wrapper,1,1,False
BIN_5713162,wrapper,0,0,False
BIN_5714620,wrapper,0,0,False
BIN_5714677,wrapper,1,1,False
BIN_5715212,wrapper,1,1,False
BIN_5715216,wrapper,1,1,False
BIN_5715561,wrapper,0,0,False
BIN_5715601,wrapper,1,1,False
BIN_5716238,wrapper,1,1,False
BIN_5716938,wrapper,1,1,False
BIN_5717337,injected,0,0,False
BIN_5718361,wrapper,0,0,False
BIN_5718585,injected,1,1,False
BIN_5719007,wrapper,0,0,False
BIN_5720160,injected,1,1,False
BIN_5720874,injected,1,1,False
BIN_5722173,wrapper,0,0,False
BIN_5722738,wrapper,0,0,False
BIN_5723614,wrapper,0,0,False
BIN_5723710,wrapper,1,1,False
BIN_5724488,wrapper,1,1,False
BIN_5724573,wrapper,1,1,False
BIN_5725005,wrapper,1,1,False
BIN_5725105,wrapper,1,1,False
BIN_5727204,wrapper,0,0,False
BIN_5727368,wrapper,0,0,False
BIN_5727379,injected,0,0,False
BIN_5727824,injected,1,1,False
BIN_5727866,wrapper,1,1,False
BIN_5728503,injected,0,0,False
BIN_5728904,injected,1,1,False
BIN_5729148,wrapper,0,0,False
BIN_5729769,wrapper,1,1,False
BIN_5730382,injected,0,0,False
BIN_5730466,injected,1,1,False
BIN_5730753,wrapper,0,0,False
BIN_5730761,injected,1,1,False
BIN_5732075,wrapper,1,1,False
BIN_5733257,wrapper,0,0,False
BIN_5733347,wrapper,0,0,False
BIN_5734450,wrapper,1,1,False
BIN_5736069,wrapper,0,0,False
BIN_5736723,wrapper,1,1,False
BIN_5736981,wrapper,0,0,False
BIN_5738929,wrapper,1,1,False
BIN_5739422,wrapper,1,1,False
BIN_5739529,wrapper,1,1,False
BIN_5740258,wrapper,1,1,False
BIN_5740980,wrapper,1,1,False
BIN_5742258,injected,0,0,False
BIN_5742960,wrapper,1,1,False
BIN_5744107,wrapper,1,1,False
BIN_5744508,wrapper,1,1,False
BIN_5744869,wrapper,0,0,False
BIN_5746815,injected,0,0,False
BIN_5747210,wrapper,1,1,False
BIN_5747534,wrapper,1,1,False
BIN_5747731,injected,1,1,False
BIN_5748889,wrapper,1,1,False
BIN_5750068,wrapper,0,0,False
BIN_5750594,injected,1,1,False
BIN_5750797,wrapper,0,0,False
BIN_5751251,wrapper,1,1,False
BIN_5751801,injected,0,0,False
BIN_5752288,injected,1,1,False
BIN_5752404,wrapper,1,1,False
BIN_5752636,wrapper,0,0,False
BIN_5752819,wrapper,1,1,False
BIN_5754088,wrapper,1,1,False
BIN_5754154,wrapper,0,0,False
BIN_5756214,wrapper,1,1,False
BIN_5756265,injected,1,1,False
BIN_5756594,wrapper,1,1,False
BIN_5757869,wrapper,0,0,False
BIN_5758100,injected,1,1,False
BIN_5758618,wrapper,0,0,False
BIN_5759038,wrapper,1,1,False
BIN_5759422,wrapper,0,0,False
BIN_5759718,wrapper,1,1,False
BIN_5760361,injected,0,0,False
BIN_5760657,wrapper,1,1,False
BIN_5762937,wrapper,0,0,False
BIN_5763558,injected,0,0,False
BIN_5763584,wrapper,0,0,False
BIN_5763689,wrapper,1,1,False
BIN_5764190,wrapper,0,0,False
BIN_5764394,injected,0,0,False
BIN_5765296,injected,0,0,False
BIN_5765361,wrapper,1,1,False
BIN_5765657,wrapper,0,0,False
BIN_5765728,wrapper,1,1,False
BIN_5766301,injected,0,0,False
BIN_5767185,injected,1,1,False
BIN_5767268,wrapper,0,0,False
BIN_5768020,wrapper,1,1,False
BIN_5768205,wrapper,1,1,False
BIN_5768260,wrapper,1,1,False
BIN_5768697,wrapper,0,0,False
BIN_5770693,injected,1,1,False
BIN_5771074,wrapper,1,1,False
BIN_5771245,wrapper,0,0,False
BIN_5771390,wrapper,1,1,False
BIN_5772511,injected,1,1,False
BIN_5773170,wrapper,0,0,False
BIN_5775119,wrapper,0,0,False
BIN_5775140,wrapper,1,1,False
BIN_5775609,wrapper,0,0,False
BIN_5776675,wrapper,0,0,False
BIN_5777124,injected,1,1,False
BIN_5778705,wrapper,0,0,False
BIN_5779638,wrapper,1,1,False
BIN_5780072,wrapper,1,1,False
BIN_5781535,injected,1,1,False
BIN_5781618,wrapper,0,0,False
BIN_5782258,wrapper,0,0,False
BIN_5782504,wrapper,0,0,False
BIN_5782579,wrapper,0,0,False
BIN_5782683,injected,0,0,False
BIN_5784281,injected,1,1,False
BIN_5785341,injected,0,0,False
BIN_5785481,wrapper,0,0,False
BIN_5785626,injected,0,0,False
BIN_5785751,wrapper,0,0,False
BIN_5787030,wrapper,0,0,False
BIN_5787616,wrapper,1,1,False
BIN_5787695,wrapper,0,0,False
BIN_5787787,injected,1,1,False
BIN_5788133,wrapper,0,0,False
BIN_5788280,wrapper,0,0,False
BIN_5788398,injected,1,1,False
BIN_5789600,injected,1,1,False
BIN_5789946,wrapper,0,0,False
BIN_5790857,injected,1,1,False
BIN_5791175,injected,0,0,False
BIN_5791357,wrapper,1,1,False
BIN_5791879,injected,0,0,False
BIN_5794693,wrapper,0,0,False
BIN_5794703,wrapper,1,1,False
BIN_5795023,injected,1,1,False
BIN_5795248,wrapper,0,0,False
BIN_5795446,wrapper,0,0,False
BIN_5795517,injected,0,0,False
BIN_5795603,wrapper,0,0,False
BIN_5795921,wrapper,0,0,False
BIN_5796689,wrapper,0,0,False
BIN_5798916,wrapper,0,0,False
BIN_5799513,wrapper,0,0,False
BIN_5799711,wrapper,0,0,False
BIN_5799767,wrapper,0,0,False
BIN_5800724,wrapper,1,1,False
BIN_5800754,wrapper,0,0,False
BIN_5800886,wrapper,1,1,False
BIN_5801259,wrapper,0,0,False
BIN_5801765,wrapper,1,1,False
BIN_5802357,wrapper,1,1,False
BIN_5802362,wrapper,0,0,False
BIN_5802846,wrapper,1,1,False
BIN_5803095,wrapper,1,1,False
BIN_5803247,injected,0,0,False
BIN_5803703,wrapper,1,1,False
BIN_5803797,injected,0,0,False
BIN_5803972,injected,0,0,False
BIN_5804837,wrapper,1,1,False
BIN_5804930,injected,1,1,False
BIN_5805042,wrapper,0,0,False
BIN_5805256,wrapper,0,0,False
BIN_5805672,wrapper,1,1,False
BIN_5806961,wrapper,0,0,False
BIN_5807648,wrapper,0,0,False
BIN_5808482,injected,0,0,False
BIN_5808739,wrapper,0,0,False
BIN_5810885,wrapper,1,1,False
BIN_5810972,wrapper,0,0,False
BIN_5811252,wrapper,1,1,False
BIN_5811267,wrapper,0,0,False
BIN_5811730,wrapper,1,1,False
BIN_5811919,wrapper,1,1,False
BIN_5811922,wrapper,1,1,False
BIN_5812351,wrapper,1,1,False
BIN_5813469,wrapper,1,1,False
BIN_5813491,wrapper,1,1,False
BIN_5813539,wrapper,0,0,False
BIN_5814226,injected,0,0,False
BIN_5814799,injected,0,0,False
BIN_5817949,wrapper,1,1,False
BIN_5818404,wrapper,0,0,False
BIN_5818642,injected,0,0,False
BIN_5819534,wrapper,1,1,False
BIN_5821924,wrapper,0,0,False
BIN_5821956,wrapper,1,1,False
BIN_5822695,injected,0,0,False
BIN_5822884,injected,1,1,False
BIN_5824131,wrapper,1,1,False
BIN_5824451,injected,1,1,False
BIN_5824946,wrapper,1,1,False
BIN_5825148,injected,0,0,False
BIN_5825442,wrapper,1,1,False
BIN_5825662,wrapper,1,1,False
BIN_5825952,wrapper,1,1,False
BIN_5826205,injected,0,0,False
BIN_5827533,injected,1,1,False
BIN_5827644,wrapper,1,1,False
BIN_5828375,injected,1,1,False
BIN_5828623,wrapper,0,0,False
BIN_5829263,wrapper,1,1,False
BIN_5829397,injected,1,1,False
BIN_5829601,injected,0,0,False
BIN_5829626,wrapper,1,1,False
BIN_5829821,wrapper,0,0,False
BIN_5830605,wrapper,1,1,False
BIN_5831111,wrapper,1,1,False
BIN_5831530,injected,1,1,False
BIN_5832266,injected,1,1,False
BIN_5833583,injected,1,1,False
BIN_5833837,wrapper,1,1,False
BIN_5834495,wrapper,1,1,False
BIN_5834779,wrapper,1,1,False
BIN_5836343,wrapper,0,0,False
BIN_5837213,injected,1,1,False
BIN_5838138,wrapper,0,0,False
BIN_5838602,injected,1,1,False
BIN_5839522,wrapper,1,1,False
BIN_5839523,wrapper,0,0,False
BIN_5840972,injected,0,0,False
BIN_5841321,injected,1,1,False
BIN_5841748,wrapper,0,0,False
BIN_5842832,wrapper,0,0,False
BIN_5844452,injected,0,0,False
BIN_5844691,wrapper,0,0,False
BIN_5845220,injected,0,0,False
BIN_5846197,wrapper,1,1,False
BIN_5846297,wrapper,0,0,False
BIN_5846865,injected,1,1,False
BIN_5847178,wrapper,1,1,False
BIN_5847593,wrapper,1,1,False
BIN_5849060,wrapper,1,1,False
BIN_5849073,injected,1,1,False
BIN_5850511,wrapper,1,1,False
BIN_5850971,wrapper,0,0,False
BIN_5851614,wrapper,0,0,False
BIN_5851761,wrapper,0,0,False
BIN_5851822,wrapper,0,0,False
BIN_5852059,injected,1,1,False
BIN_5852060,injected,1,1,False
BIN_5852545,wrapper,0,0,False
BIN_5853853,wrapper,0,0,False
BIN_5854137,wrapper,0,0,False
BIN_5854605,injected,1,1,False
BIN_5854732,wrapper,1,1,False
BIN_5855090,wrapper,0,0,False
BIN_5857592,injected,0,0,False
BIN_5858310,wrapper,1,1,False
BIN_5858695,wrapper,1,1,False
BIN_5859471,wrapper,0,0,False
BIN_5859728,wrapper,0,0,False
BIN_5860236,wrapper,0,0,False
BIN_5860398,injected,0,0,False
BIN_5861162,wrapper,1,1,False
BIN_5861163,wrapper,1,1,False
BIN_5861319,injected,1,1,False
BIN_5861773,injected,0,0,False
BIN_5861945,wrapper,0,0,False
BIN_5862224,wrapper,1,1,False
BIN_5862295,wrapper,0,0,False
BIN_5862711,injected,0,0,False
BIN_5862988,injected,1,1,False
BIN_5863357,injected,1,1,False
BIN_5863488,injected,0,0,False
BIN_5864307,injected,0,0,False
BIN_5865019,injected,1,1,False
BIN_5865601,injected,0,0,False
BIN_5866022,injected,0,0,False
BIN_5866958,wrapper,1,1,False
BIN_5868128,wrapper,1,1,False
BIN_5868286,injected,0,0,False
BIN_5869646,wrapper,0,0,False
BIN_5870914,injected,1,1,False
BIN_5871247,wrapper,1,1,False
BIN_5871353,wrapper,1,1,False
BIN_5872068,injected,0,0,False
BIN_5872086,wrapper,1,1,False
BIN_5872590,wrapper,1,1,False
BIN_5872711,injected,0,0,False
BIN_5873952,wrapper,1,1,False
BIN_5874424,wrapper,0,0,False
BIN_5874892,wrapper,0,0,False
BIN_5875517,injected,0,0,False
BIN_5875619,wrapper,1,1,False
BIN_5876528,wrapper,1,1,False
BIN_5877271,injected,1,1,False
BIN_5877486,wrapper,1,1,False
BIN_5878309,wrapper,1,1,False
BIN_5878720,wrapper,1,1,False
BIN_5878730,injected,0,0,False
BIN_5879047,wrapper,1,1,False
BIN_5881460,injected,1,1,False
BIN_5882273,injected,1,1,False
BIN_5882279,injected,1,1,False
BIN_5882810,wrapper,0,0,False
BIN_5882899,wrapper,0,0,False
BIN_5882935,wrapper,0,0,False
BIN_5883716,injected,1,1,False
BIN_5884151,wrapper,0,0,False
BIN_5884362,injected,0,0,False
BIN_5885052,wrapper,1,1,False
BIN_5885683,wrapper,1,1,False
BIN_5886130,wrapper,0,0,False
BIN_5886273,wrapper,1,1,False
BIN_5886555,injected,0,0,False
BIN_5887125,wrapper,0,0,False
BIN_5887693,wrapper,1,1,False
BIN_5889324,wrapper,1,1,False
BIN_5889650,wrapper,0,0,False
BIN_5890266,wrapper,0,0,False
BIN_5890456,wrapper,0,0,False
BIN_5890719,wrapper,1,1,False
BIN_5890836,injected,1,1,False
BIN_5891015,injected,1,1,False
BIN_5892307,injected,0,0,False
BIN_5895101,injected,1,1,False
BIN_5895693,wrapper,1,1,False
BIN_5896339,injected,0,0,False
BIN_5897232,wrapper,0,0,False
BIN_5897665,wrapper,1,1,False
BIN_5897830,wrapper,0,0,False
BIN_5897929,wrapper,0,0,False
BIN_5899434,wrapper,0,0,False
BIN_5900432,wrapper,0,0,False
BIN_5902844,injected,1,1,False
BIN_5903220,wrapper,1,1,False
BIN_5904021,injected,0,0,False
BIN_5904275,injected,1,1,False
BIN_5904787,wrapper,1,1,False
BIN_5905154,wrapper,1,1,False
BIN_5905412,wrapper,0,0,False
BIN_5906290,wrapper,0,0,False
BIN_5906363,wrapper,0,0,False
BIN_5906593,injected,1,1,False
BIN_5906641,wrapper,1,1,False
BIN_5906879,wrapper,0,0,False
BIN_5907033,wrapper,1,1,False
BIN_5908542,wrapper,1,1,False
BIN_5908610,wrapper,0,0,False
BIN_5912107,wrapper,0,0,False
BIN_5913577,wrapper,0,0,False
BIN_5913893,wrapper,0,0,False
BIN_5913989,injected,1,1,False
BIN_5914319,wrapper,0,0,False
BIN_5914338,wrapper,0,0,False
BIN_5914366,injected,1,1,False
BIN_5915509,injected,1,1,False
BIN_5915704,wrapper,0,0,False
BIN_5915740,injected,0,0,False
BIN_5915860,wrapper,1,1,False
BIN_5916279,injected,1,1,False
BIN_5916627,wrapper,1,1,False
BIN_5917887,wrapper,1,1,False
BIN_5918206,wrapper,1,1,False
BIN_5918531,wrapper,1,1,False
BIN_5919053,wrapper,0,0,False
BIN_5921532,wrapper,0,0,False
BIN_5923506,wrapper,1,1,False
BIN_5923902,injected,0,0,False
BIN_5924176,injected,1,1,False
BIN_5924262,wrapper,1,1,False
BIN_5924298,wrapper,0,0,False
BIN_5924407,wrapper,1,1,False
BIN_5925303,wrapper,0,0,False
BIN_5927115,wrapper,0,0,False
BIN_5927778,wrapper,1,1,False
BIN_5928098,wrapper,1,1,False
BIN_5928844,injected,1,1,False
BIN_5928922,injected,1,1,False
BIN_5929315,wrapper,1,1,False
BIN_5930216,wrapper,1,1,False
BIN_5932230,wrapper,0,0,False
BIN_5934134,wrapper,1,1,False
BIN_5935460,wrapper,0,0,False
BIN_5935561,injected,0,0,False
BIN_5935887,wrapper,0,0,False
BIN_5936115,injected,0,0,False
BIN_5936404,wrapper,1,1,False
BIN_5937227,injected,1,1,False
BIN_5937715,injected,0,0,False
BIN_5937988,wrapper,1,1,False
BIN_5938720,wrapper,0,0,False
BIN_5939153,wrapper,1,1,False
BIN_5939430,injected,1,1,False
BIN_5939580,wrapper,1,1,False
BIN_5939741,wrapper,1,1,False
BIN_5939985,wrapper,0,0,False
BIN_5940109,injected,1,1,False
BIN_5940425,wrapper,0,0,False
BIN_5940983,wrapper,1,1,False
BIN_5943106,wrapper,0,0,False
BIN_5943384,wrapper,0,0,False
BIN_5943537,injected,0,0,False
BIN_5943704,wrapper,0,0,False
BIN_5943936,wrapper,0,0,False
BIN_5944081,wrapper,1,1,False
BIN_5946222,wrapper,1,1,False
BIN_5946774,wrapper,0,0,False
BIN_5946957,injected,0,0,False
BIN_5947740,wrapper,1,1,False
BIN_5947862,wrapper,0,0,False
BIN_5948621,injected,1,1,False
BIN_5949554,wrapper,1,1,False
BIN_5950127,wrapper,1,1,False
BIN_5950196,wrapper,0,0,False
BIN_5950282,wrapper,1,1,False
BIN_5950512,wrapper,1,1,False
BIN_5951884,wrapper,1,1,False
BIN_5953559,wrapper,0,0,False
BIN_5953604,wrapper,0,0,False
BIN_5953639,wrapper,0,0,False
BIN_5953720,wrapper,0,0,False
BIN_5953885,wrapper,0,0,False
BIN_5954538,wrapper,0,0,False
BIN_5954578,wrapper,0,0,False
BIN_5954588,wrapper,1,1,False
BIN_5955411,injected,0,0,False
BIN_5955513,injected,0,0,False
BIN_5955523,injected,1,1,False
BIN_5955680,injected,1,1,False
BIN_5957021,wrapper,1,1,False
BIN_5957223,wrapper,1,1,False
BIN_5957385,wrapper,0,0,False
BIN_5958365,wrapper,0,0,False
BIN_5959757,wrapper,1,1,False
BIN_5959839,injected,1,1,False
BIN_5959842,wrapper,0,0,False
BIN_5960363,injected,1,1,False
BIN_5960846,wrapper,0,0,False
BIN_5961235,wrapper,1,1,False
BIN_5961602,wrapper,0,0,False
BIN_5962237,wrapper,0,0,False
BIN_5963277,wrapper,0,0,False
BIN_5964399,wrapper,1,1,False
BIN_5964796,wrapper,0,0,False
BIN_5967581,wrapper,0,0,False
BIN_5968381,wrapper,0,0,False
BIN_5969131,wrapper,0,0,False
BIN_5969233,injected,1,1,False
BIN_5969701,injected,1,1,False
BIN_5969800,injected,0,0,False
BIN_5970045,wrapper,1,1,False
BIN_5970291,injected,0,0,False
BIN_5970292,wrapper,1,1,False
BIN_5972200,wrapper,0,0,False
BIN_5972337,injected,1,1,False
BIN_5972642,wrapper,0,0,False
BIN_5973114,injected,1,1,False
BIN_5973837,wrapper,1,1,False
BIN_5974690,injected,0,0,False
BIN_5975839,wrapper,1,1,False
BIN_5975866,wrapper,0,0,False
BIN_5976176,wrapper,1,1,False
BIN_5976244,wrapper,1,1,False
BIN_5976281,wrapper,1,1,False
BIN_5976562,injected,0,0,False
BIN_5976939,wrapper,1,1,False
BIN_5978584,wrapper,0,0,False
BIN_5979373,injected,1,1,False
BIN_5979660,wrapper,1,1,False
BIN_5980485,wrapper,1,1,False
BIN_5980859,wrapper,0,0,False
BIN_5981287,injected,1,1,False
BIN_5982171,wrapper,0,0,False
BIN_5982194,injected,1,1,False
BIN_5982963,injected,1,1,False
BIN_5983650,injected,1,1,False
BIN_5984861,wrapper,0,0,False
BIN_5986527,wrapper,1,1,False
BIN_5986679,injected,0,0,False
BIN_5987555,wrapper,0,0,False
BIN_5987939,injected,1,1,False
BIN_5988146,wrapper,0,0,False
BIN_5988149,wrapper,1,1,False
BIN_5988477,wrapper,1,1,False
BIN_5988815,injected,1,1,False
BIN_5990125,wrapper,0,0,False
BIN_5993398,wrapper,1,1,False
BIN_5994281,wrapper,1,1,False
BIN_5994400,wrapper,1,1,False
BIN_5994431,wrapper,0,0,False
BIN_5994512,injected,0,0,False
BIN_5994837,injected,0,0,False
BIN_5995372,injected,1,1,False
BIN_5995496,wrapper,1,1,False
BIN_5995634,wrapper,1,1,False
BIN_5996207,wrapper,0,0,False
BIN_5996390,wrapper,0,0,False
BIN_5996477,wrapper,0,0,False
BIN_5996503,injected,0,0,False
BIN_5996881,wrapper,0,0,False
BIN_5998393,wrapper,0,0,False
BIN_5998747,injected,0,0,False
BIN_5999361,injected,0,0,False
BIN_6000130,injected,1,1,False
BIN_6000877,wrapper,1,1,False
BIN_6001815,wrapper,1,1,False
BIN_6002312,injected,0,0,False
BIN_6004180,wrapper,1,1,False
BIN_6004751,wrapper,1,1,False
BIN_6006943,wrapper,0,0,False
BIN_6008229,wrapper,1,1,False
BIN_6009266,wrapper,1,1,False
BIN_6009413,wrapper,0,0,False
BIN_6010920,injected,0,0,False
BIN_6011121,wrapper,0,0,False
BIN_6011529,wrapper,1,1,False
BIN_6012304,wrapper,0,0,False
BIN_6012493,wrapper,1,1,False
BIN_6012579,injected,1,1,False
BIN_6012943,injected,1,1,False
BIN_6015561,injected,0,0,False
BIN_6015666,injected,1,1,False
BIN_6015876,wrapper,1,1,False
BIN_6016309,wrapper,1,1,False
BIN_6017739,wrapper,1,1,False
BIN_6018106,injected,1,1,False
BIN_6021843,injected,0,0,False
BIN_6021981,injected,1,1,False
BIN_6022917,injected,0,0,False
BIN_6023514,wrapper,0,0,False
BIN_6024466,injected,1,1,False
BIN_6024519,wrapper,1,1,False
BIN_6025159,injected,0,0,False
BIN_6025471,injected,1,1,False
BIN_6026705,wrapper,1,1,False
BIN_6028228,wrapper,0,0,False
BIN_6029777,injected,1,1,False
BIN_6030116,wrapper,1,1,False
BIN_6031176,injected,0,0,False
BIN_6031728,wrapper,0,0,False
BIN_6032007,wrapper,1,1,False
BIN_6032192,injected,1,1,False
BIN_6032626,injected,0,0,False
BIN_6033402,wrapper,0,0,False
BIN_6033678,injected,0,0,False
BIN_6034045,wrapper,1,1,False
BIN_6034387,injected,1,1,False
BIN_6034928,wrapper,1,1,False
BIN_6036153,injected,1,1,False
BIN_6036565,wrapper,0,0,False
BIN_6036906,injected,0,0,False
BIN_6036938,injected,1,1,False
BIN_6037383,wrapper,1,1,False
BIN_6038171,wrapper,0,0,False
BIN_6038587,injected,0,0,False
BIN_6039095,wrapper,0,0,False
BIN_6039182,wrapper,0,0,False
BIN_6039419,injected,1,1,False
BIN_6039580,wrapper,1,1,False
BIN_6039835,wrapper,1,1,False
BIN_6041209,wrapper,0,0,False
BIN_6041281,wrapper,1,1,False
BIN_6042207,wrapper,1,1,False
BIN_6042490,wrapper,0,0,False
BIN_6042551,wrapper,0,0,False
BIN_6044366,wrapper,1,1,False
BIN_6044380,wrapper,0,0,False
BIN_6045018,wrapper,1,1,False
BIN_6045557,injected,0,0,False
BIN_6045977,wrapper,0,0,False
BIN_6046000,wrapper,1,1,False
BIN_6046184,wrapper,1,1,False
BIN_6046430,wrapper,0,0,False
BIN_6046759,wrapper,0,0,False
BIN_6049193,injected,1,1,False
BIN_6050464,wrapper,0,0,False
BIN_6050536,wrapper,0,0,False
BIN_6050836,wrapper,1,1,False
BIN_6051003,injected,1,1,False
BIN_6051193,injected,0,0,False
BIN_6051354,wrapper,1,1,False
BIN_6051400,wrapper,1,1,False
BIN_6052432,wrapper,0,0,False
BIN_6052888,wrapper,0,0,False
BIN_6053228,injected,1,1,False
BIN_6053336,injected,1,1,False
BIN_6053396,wrapper,0,0,False
BIN_6054743,injected,1,1,False
BIN_6055227,injected,0,0,False
BIN_6055265,wrapper,0,0,False
BIN_6055509,wrapper,1,1,False
BIN_6055588,wrapper,1,1,False
BIN_6055628,injected,1,1,False
BIN_6056184,injected,1,1,False
BIN_6056711,wrapper,1,1,False
BIN_6056760,wrapper,0,0,False
BIN_6057210,wrapper,1,1,False
BIN_6058885,injected,1,1,False
BIN_6059530,wrapper,1,1,False
BIN_6060654,injected,0,0,False
BIN_6060783,wrapper,1,1,False
BIN_6061093,wrapper,0,0,False
BIN_6061134,injected,0,0,False
BIN_6061362,wrapper,1,1,False
BIN_6061969,injected,1,1,False
BIN_6062051,wrapper,0,0,False
BIN_6062767,injected,1,1,False
BIN_6063330,wrapper,0,0,False
BIN_6064033,wrapper,0,0,False
BIN_6064983,wrapper,0,0,False
BIN_6065486,injected,0,0,False
BIN_6065867,wrapper,0,0,False
BIN_6066006,wrapper,0,0,False
BIN_6066074,wrapper,0,0,False
BIN_6066776,wrapper,0,0,False
BIN_6068355,wrapper,0,0,False
BIN_6068794,injected,0,0,False
BIN_6069331,wrapper,0,0,False
BIN_6069681,wrapper,0,0,False
BIN_6070067,injected,0,0,False
BIN_6070764,injected,1,1,False
BIN_6071184,wrapper,1,1,False
BIN_6072148,wrapper,1,1,False
BIN_6072477,injected,1,1,False
BIN_6072815,injected,1,1,False
BIN_6074899,wrapper,1,1,False
BIN_6075192,injected,0,0,False
BIN_6075217,wrapper,1,1,False
BIN_6075402,wrapper,0,0,False
BIN_6076003,wrapper,0,0,False
BIN_6076018,wrapper,1,1,False
BIN_6076401,wrapper,1,1,False
BIN_6076517,wrapper,0,0,False
BIN_6077127,wrapper,1,1,False
BIN_6078282,wrapper,1,1,False
BIN_6080173,wrapper,0,0,False
BIN_6080260,wrapper,0,0,False
BIN_6081753,wrapper,1,1,False
BIN_6082607,wrapper,1,1,False
BIN_6084084,injected,1,1,False
BIN_6084092,wrapper,0,0,False
BIN_6084399,wrapper,0,0,False
BIN_6085267,wrapper,1,1,False
BIN_6085736,wrapper,1,1,False
BIN_6086483,injected,0,0,False
BIN_6086602,wrapper,0,0,False
BIN_6087001,wrapper,0,0,False
BIN_6087048,wrapper,0,0,False
BIN_6088782,injected,0,0,False
BIN_6089472,wrapper,0,0,False
BIN_6090233,injected,1,1,False
BIN_6090384,injected,0,0,False
BIN_6091384,injected,1,1,False
BIN_6091560,injected,1,1,False
BIN_6093395,injected,0,0,False
BIN_6093684,wrapper,0,0,False
BIN_6093718,wrapper,1,1,False
BIN_6096371,wrapper,1,1,False
BIN_6096777,wrapper,1,1,False
BIN_6097661,injected,1,1,False
BIN_6097906,wrapper,1,1,False
BIN_6098590,wrapper,1,1,False
BIN_6099398,wrapper,0,0,False
BIN_6099619,wrapper,0,0,False
BIN_6100000,wrapper,0,0,False
BIN_6101514,wrapper,0,0,False
BIN_6101716,wrapper,1,1,False
BIN_6102054,wrapper,1,1,False
BIN_6102456,injected,0,0,False
BIN_6104588,wrapper,0,0,False
BIN_6104896,injected,0,0,False
BIN_6105452,wrapper,0,0,False
BIN_6105590,injected,1,1,False
BIN_6106020,wrapper,1,1,False
BIN_6106112,wrapper,0,0,False
BIN_6106471,injected,0,0,False
BIN_6107576,wrapper,1,1,False
BIN_6108648,injected,0,0,False
BIN_6108925,injected,0,0,False
BIN_6109036,wrapper,0,0,False
BIN_6109201,wrapper,0,0,False
BIN_6109394,wrapper,1,1,False
BIN_6110824,wrapper,1,1,False
BIN_6111042,wrapper,0,0,False
BIN_6113399,wrapper,0,0,False
BIN_6113431,injected,1,1,False
BIN_6113874,injected,1,1,False
BIN_6113895,wrapper,0,0,False
BIN_6115352,wrapper,1,1,False
BIN_6116057,wrapper,1,1,False
BIN_6116156,wrapper,0,0,False
BIN_6116418,injected,0,0,False
BIN_6116433,injected,0,0,False
BIN_6117404,wrapper,1,1,False
BIN_6119367,injected,0,0,False
BIN_6120011,wrapper,1,1,False
BIN_6120113,wrapper,0,0,False
BIN_6121373,wrapper,1,1,False
BIN_6121687,wrapper,1,1,False
BIN_6122492,wrapper,0,0,False
BIN_6122735,injected,0,0,False
BIN_6123430,wrapper,0,0,False
BIN_6123453,wrapper,1,1,False
BIN_6123766,injected,1,1,False
BIN_6123895,wrapper,1,1,False
BIN_6125139,injected,0,0,False
BIN_6125429,wrapper,0,0,False
BIN_6126250,wrapper,1,1,False
BIN_6126881,wrapper,0,0,False
BIN_6127215,injected,0,0,False
BIN_6127228,wrapper,1,1,False
BIN_6127844,injected,1,1,False
BIN_6128516,wrapper,1,1,False
BIN_6128700,wrapper,1,1,False
BIN_6128803,wrapper,0,0,False
BIN_6129456,wrapper,1,1,False
BIN_6129596,wrapper,1,1,False
BIN_6129677,wrapper,0,0,False
BIN_6130822,injected,1,1,False
BIN_6132562,injected,0,0,False
BIN_6133018,injected,0,0,False
BIN_6133939,wrapper,0,0,False
BIN_6134422,wrapper,1,1,False
BIN_6135108,wrapper,0,0,False
BIN_6135604,wrapper,0,0,False
BIN_6137461,injected,1,1,False
BIN_6137934,wrapper,0,0,False
BIN_6137976,wrapper,1,1,False
BIN_6138063,wrapper,0,0,False
BIN_6138317,injected,1,1,False
BIN_6138938,wrapper,1,1,False
BIN_6138943,injected,1,1,False
BIN_6139158,injected,0,0,False
BIN_6141258,injected,1,1,False
BIN_6142985,injected,1,1,False
BIN_6144129,wrapper,0,0,False
BIN_6144553,injected,1,1,False
BIN_6144614,wrapper,0,0,False
BIN_6145203,wrapper,0,0,False
BIN_6145968,wrapper,0,0,False
BIN_6146001,wrapper,1,1,False
BIN_6147799,injected,0,0,False
BIN_6148244,wrapper,1,1,False
BIN_6151146,injected,0,0,False
BIN_6151857,wrapper,1,1,False
BIN_6151994,wrapper,0,0,False
BIN_6152474,wrapper,1,1,False
BIN_6152502,wrapper,0,0,False
BIN_6153364,wrapper,1,1,False
BIN_6153661,injected,1,1,False
BIN_6154282,wrapper,1,1,False
BIN_6155386,injected,1,1,False
BIN_6155488,wrapper,0,0,False
BIN_6155710,injected,1,1,False
BIN_6155849,wrapper,1,1,False
BIN_6156677,injected,1,1,False
BIN_6158104,injected,0,0,False
BIN_6159203,wrapper,0,0,False
BIN_6159309,wrapper,0,0,False
BIN_6159816,wrapper,0,0,False
BIN_6159944,wrapper,1,1,False
BIN_6160256,wrapper,0,0,False
BIN_6160783,wrapper,0,0,False
BIN_6161440,wrapper,0,0,False
BIN_6161630,wrapper,1,1,False
BIN_6161731,wrapper,1,1,False
BIN_6161750,wrapper,1,1,False
BIN_6162020,wrapper,1,1,False
BIN_6162099,injected,0,0,False
BIN_6162774,wrapper,0,0,False
BIN_6163992,wrapper,1,1,False
BIN_6164283,wrapper,1,1,False
BIN_6165517,wrapper,1,1,False
BIN_6165753,wrapper,1,1,False
BIN_6166033,wrapper,0,0,False
BIN_6167603,wrapper,0,0,False
BIN_6167845,injected,0,0,False
BIN_6167988,wrapper,1,1,False
BIN_6168703,wrapper,0,0,False
BIN_6169029,wrapper,1,1,False
BIN_6170276,injected,1,1,False
BIN_6170446,injected,0,0,False
BIN_6171022,injected,1,1,False
BIN_6171354,wrapper,0,0,False
BIN_6171909,injected,1,1,False
BIN_6174260,injected,0,0,False
BIN_6175068,wrapper,1,1,False
BIN_6175208,injected,0,0,False
BIN_6176950,wrapper,1,1,False
BIN_6178102,wrapper,0,0,False
BIN_6179614,wrapper,0,0,False
BIN_6180327,injected,1,1,False
BIN_6181379,wrapper,1,1,False
BIN_6181577,wrapper,0,0,False
BIN_6182127,wrapper,0,0,False
BIN_6182850,wrapper,0,0,False
BIN_6182873,wrapper,0,0,False
BIN_6183030,injected,0,0,False
BIN_6184323,wrapper,0,0,False
BIN_6184462,wrapper,0,0,False
BIN_6184990,wrapper,0,0,False
BIN_6185809,wrapper,0,0,False
BIN_6185833,injected,1,1,False
BIN_6186265,wrapper,1,1,False
BIN_6186422,injected,0,0,False
BIN_6187422,wrapper,1,1,False
BIN_6188712,injected,0,0,False
BIN_6189355,injected,0,0,False
BIN_6190926,wrapper,0,0,False
BIN_6191624,wrapper,0,0,False
BIN_6192297,injected,0,0,False
BIN_6192502,injected,1,1,False
BIN_6192762,wrapper,0,0,False
BIN_6192917,injected,1,1,False
BIN_6192941,wrapper,1,1,False
BIN_6193037,wrapper,0,0,False
BIN_6193097,wrapper,1,1,False
BIN_6193842,injected,1,1,False
BIN_6194325,injected,0,0,False
BIN_6194581,wrapper,1,1,False
BIN_6196004,wrapper,1,1,False
BIN_6196137,injected,0,0,False
BIN_6196252,wrapper,0,0,False
BIN_6196357,injected,1,1,False
BIN_6196621,wrapper,1,1,False
BIN_6198770,injected,0,0,False
BIN_6198772,wrapper,0,0,False
BIN_6199272,wrapper,0,0,False
BIN_6200118,wrapper,0,0,False
BIN_6200855,wrapper,0,0,False
BIN_6201366,wrapper,1,1,False
BIN_6201670,wrapper,0,0,False
BIN_6201678,injected,0,0,False
BIN_6201709,injected,1,1,False
BIN_6202165,wrapper,1,1,False
BIN_6202307,wrapper,1,1,False
BIN_6202336,wrapper,1,1,False
BIN_6203723,injected,1,1,False
BIN_6203816,wrapper,0,0,False
BIN_6204318,wrapper,1,1,False
BIN_6204821,wrapper,1,1,False
BIN_6205364,wrapper,1,1,False
BIN_6205861,wrapper,0,0,False
BIN_6206832,wrapper,0,0,False
BIN_6206979,wrapper,1,1,False
BIN_6207047,wrapper,1,1,False
BIN_6207435,wrapper,0,0,False
BIN_6208879,wrapper,0,0,False
BIN_6209115,injected,0,0,False
BIN_6209518,injected,0,0,False
BIN_6209612,wrapper,1,1,False
BIN_6211218,wrapper,0,0,False
BIN_6211268,wrapper,0,0,False
BIN_6211344,injected,0,0,False
BIN_6211627,wrapper,1,1,False
BIN_6211664,injected,0,0,False
BIN_6212143,wrapper,0,0,False
BIN_6213439,wrapper,1,1,False
BIN_6213517,wrapper,1,1,False
BIN_6214598,wrapper,1,1,False
BIN_6214689,wrapper,0,0,False
BIN_6215182,wrapper,0,0,False
BIN_6215775,wrapper,1,1,False
BIN_6216053,wrapper,1,1,False
BIN_6216065,wrapper,1,1,False
BIN_6216263,wrapper,1,1,False
BIN_6216733,wrapper,1,1,False
BIN_6216973,wrapper,0,0,False
BIN_6218712,wrapper,1,1,False
BIN_6219810,wrapper,0,0,False
BIN_6221258,wrapper,0,0,False
BIN_6221419,wrapper,1,1,False
BIN_6221563,injected,0,0,False
BIN_6221660,injected,0,0,False
BIN_6224062,wrapper,0,0,False
BIN_6225007,wrapper,1,1,False
BIN_6225597,injected,0,0,False
BIN_6227364,wrapper,0,0,False
BIN_6227675,wrapper,0,0,False
BIN_6227929,injected,0,0,False
BIN_6228823,wrapper,0,0,False
BIN_6230069,wrapper,0,0,False
BIN_6230434,injected,0,0,False
BIN_6230597,wrapper,1,1,False
BIN_6231030,injected,1,1,False
BIN_6232886,injected,1,1,False
BIN_6233280,wrapper,1,1,False
BIN_6233482,wrapper,0,0,False
BIN_6233816,wrapper,0,0,False
BIN_6234566,wrapper,1,1,False
BIN_6234661,injected,1,1,False
BIN_6236676,wrapper,1,1,False
BIN_6236749,wrapper,1,1,False
BIN_6237096,injected,1,1,False
BIN_6237134,injected,1,1,False
BIN_6237436,injected,1,1,False
BIN_6237499,wrapper,1,1,False
BIN_6238028,wrapper,0,0,False
BIN_6238390,injected,0,0,False
BIN_6238683,wrapper,1,1,False
BIN_6238764,injected,1,1,False
BIN_6239177,injected,0,0,False
BIN_6239807,wrapper,1,1,False
BIN_6239974,injected,0,0,False
BIN_6240023,wrapper,0,0,False
BIN_6240089,wrapper,1,1,False
BIN_6242676,injected,1,1,False
BIN_6242786,wrapper,1,1,False
BIN_6243785,injected,0,0,False
BIN_6244319,wrapper,1,1,False
BIN_6244783,wrapper,1,1,False
BIN_6244902,injected,1,1,False
BIN_6245240,wrapper,1,1,False
BIN_6245377,injected,1,1,False
BIN_6245764,wrapper,1,1,False
BIN_6246490,injected,0,0,False
BIN_6246795,injected,0,0,False
BIN_6248130,injected,0,0,False
BIN_6249070,wrapper,0,0,False
BIN_6250993,wrapper,0,0,False
BIN_6251651,injected,1,1,False
BIN_6252142,wrapper,0,0,False
BIN_6252295,wrapper,0,0,False
BIN_6252442,injected,0,0,False
BIN_6253232,injected,1,1,False
BIN_6253852,wrapper,1,1,False
BIN_6255269,wrapper,0,0,False
BIN_6255303,wrapper,0,0,False
BIN_6255784,injected,1,1,False
BIN_6256923,wrapper,1,1,False
BIN_6257358,wrapper,0,0,False
BIN_6257363,wrapper,0,0,False
BIN_6259493,injected,1,1,False
BIN_6259583,wrapper,0,0,False
BIN_6259912,injected,0,0,False
BIN_6259936,wrapper,0,0,False
BIN_6260108,injected,0,0,False
BIN_6261873,wrapper,0,0,False
BIN_6263089,wrapper,0,0,False
BIN_6263410,wrapper,0,0,False
BIN_6263989,injected,0,0,False
BIN_6265544,injected,1,1,False
BIN_6267605,injected,1,1,False
BIN_6267626,wrapper,0,0,False
BIN_6267866,wrapper,0,0,False
BIN_6268693,wrapper,0,0,False
BIN_6269005,wrapper,1,1,False
BIN_6269346,injected,1,1,False
BIN_6269372,injected,1,1,False
BIN_6271372,wrapper,1,1,False
BIN_6271865,injected,1,1,False
BIN_6271902,injected,1,1,False
BIN_6272016,wrapper,1,1,False
BIN_6272046,injected,0,0,False
BIN_6272149,wrapper,0,0,False
BIN_6272532,wrapper,1,1,False
BIN_6273484,injected,0,0,False
BIN_6274262,wrapper,0,0,False
BIN_6275926,wrapper,1,1,False
BIN_6276640,wrapper,1,1,False
BIN_6277662,wrapper,1,1,False
BIN_6278109,wrapper,1,1,False
BIN_6278799,injected,1,1,False
BIN_6280123,wrapper,1,1,False
BIN_6280209,injected,0,0,False
BIN_6281060,wrapper,1,1,False
BIN_6281275,wrapper,1,1,False
BIN_6281811,wrapper,0,0,False
BIN_6282200,wrapper,1,1,False
BIN_6282390,injected,0,0,False
BIN_6282470,wrapper,0,0,False
BIN_6282665,wrapper,1,1,False
BIN_6283214,wrapper,1,1,False
BIN_6283325,wrapper,0,0,False
BIN_6283478,wrapper,0,0,False
BIN_6283783,wrapper,1,1,False
BIN_6283789,wrapper,1,1,False
BIN_6284259,wrapper,1,1,False
BIN_6285989,wrapper,0,0,False
BIN_6286277,wrapper,1,1,False
BIN_6286400,wrapper,1,1,False
BIN_6287915,wrapper,1,1,False
BIN_6288092,wrapper,1,1,False
BIN_6288485,wrapper,0,0,False
BIN_6289020,injected,1,1,False
BIN_6289930,injected,0,0,False
BIN_6290681,wrapper,1,1,False
BIN_6290858,wrapper,1,1,False
BIN_6290879,wrapper,1,1,False
BIN_6290940,injected,1,1,False
BIN_6291190,injected,1,1,False
BIN_6292988,wrapper,1,1,False
BIN_6293266,injected,0,0,False
BIN_6293441,injected,1,1,False
BIN_6293474,wrapper,0,0,False
BIN_6293897,wrapper,0,0,False
BIN_6294156,injected,1,1,False
BIN_6294625,injected,0,0,False
BIN_6294871,wrapper,1,1,False
BIN_6294993,wrapper,0,0,False
BIN_6296241,injected,0,0,False
BIN_6296691,wrapper,1,1,False
BIN_6297182,injected,0,0,False
BIN_6297213,wrapper,1,1,False
BIN_6297679,wrapper,0,0,False
BIN_6297930,wrapper,0,0,False
BIN_6298955,wrapper,1,1,False
BIN_6299025,wrapper,1,1,False
BIN_6299375,wrapper,1,1,False
BIN_6300482,wrapper,1,1,False
BIN_6300717,injected,0,0,False
BIN_6300782,wrapper,1,1,False
BIN_6301693,wrapper,1,1,False
BIN_6301776,wrapper,1,1,False
BIN_6302430,wrapper,0,0,False
BIN_6303283,wrapper,1,1,False
BIN_6304775,injected,0,0,False
BIN_6304909,injected,0,0,False
BIN_6306120,injected,0,0,False
BIN_6306688,wrapper,1,1,False
BIN_6308031,wrapper,1,1,False
BIN_6308056,wrapper,0,0,False
BIN_6308192,wrapper,1,1,False
BIN_6309058,wrapper,1,1,False
BIN_6309426,injected,1,1,False
BIN_6309557,injected,1,1,False
BIN_6309573,wrapper,0,0,False
BIN_6310256,injected,1,1,False
BIN_6310260,wrapper,0,0,False
BIN_6310467,wrapper,1,1,False
BIN_6313080,wrapper,0,0,False
BIN_6314825,wrapper,0,0,False
BIN_6315790,wrapper,1,1,False
BIN_6316349,wrapper,1,1,False
BIN_6318986,wrapper,1,1,False
BIN_6319106,wrapper,0,0,False
BIN_6320297,wrapper,1,1,False
BIN_6320344,injected,1,1,False
BIN_6321225,wrapper,1,1,False
BIN_6322013,wrapper,1,1,False
BIN_6324548,wrapper,1,1,False
BIN_6325778,wrapper,1,1,False
BIN_6325859,injected,1,1,False
BIN_6327852,wrapper,0,0,False
BIN_6328218,injected,0,0,False
BIN_6328456,wrapper,1,1,False
BIN_6329035,wrapper,0,0,False
BIN_6330097,wrapper,0,0,False
BIN_6330192,wrapper,1,1,False
BIN_6330522,injected,1,1,False
BIN_6331521,wrapper,1,1,False
BIN_6331632,wrapper,1,1,False
BIN_6332427,wrapper,0,0,False
BIN_6332442,wrapper,0,0,False
BIN_6333339,injected,1,1,False
BIN_6334871,injected,0,0,False
BIN_6334934,injected,0,0,False
BIN_6335652,injected,1,1,False
BIN_6335767,wrapper,1,1,False
BIN_6336333,wrapper,1,1,False
BIN_6336356,wrapper,0,0,False
BIN_6336681,wrapper,0,0,False
BIN_6337323,injected,1,1,False
BIN_6339249,wrapper,0,0,False
BIN_6339581,wrapper,0,0,False
BIN_6339822,wrapper,0,0,False
BIN_6339848,wrapper,1,1,False
BIN_6339977,wrapper,1,1,False
BIN_6341581,injected,1,1,False
BIN_6342189,wrapper,0,0,False
BIN_6342375,wrapper,1,1,False
BIN_6342383,wrapper,0,0,False
BIN_6342821,wrapper,1,1,False
BIN_6343340,injected,0,0,False
BIN_6343528,wrapper,0,0,False
BIN_6345030,wrapper,0,0,False
BIN_6345303,wrapper,1,1,False
BIN_6345367,wrapper,1,1,False
BIN_6346082,wrapper,0,0,False
BIN_6346225,wrapper,0,0,False
BIN_6347130,wrapper,1,1,False
BIN_6347184,wrapper,1,1,False
BIN_6347365,injected,1,1,False
BIN_6347623,injected,1,1,False
BIN_6347875,wrapper,1,1,False
BIN_6347899,injected,1,1,False
BIN_6348759,wrapper,1,1,False
BIN_6349106,injected,0,0,False
BIN_6349224,wrapper,0,0,False
BIN_6350914,wrapper,1,1,False
BIN_6350988,injected,0,0,False
BIN_6351198,wrapper,1,1,False
BIN_6351753,injected,1,1,False
BIN_6352661,injected,0,0,False
BIN_6352758,wrapper,1,1,False
BIN_6354680,injected,0,0,False
BIN_6354774,wrapper,1,1,False
BIN_6354893,injected,0,0,False
BIN_6355422,injected,0,0,False
BIN_6356067,wrapper,0,0,False
BIN_6357085,wrapper,1,1,False
BIN_6357894,injected,1,1,False
BIN_6358507,injected,0,0,False
BIN_6358673,wrapper,0,0,False
BIN_6359324,injected,1,1,False
BIN_6359454,wrapper,1,1,False
BIN_6360910,wrapper,0,0,False
BIN_6362344,injected,1,1,False
BIN_6363227,injected,0,0,False
BIN_6363398,wrapper,1,1,False
BIN_6363469,injected,1,1,False
BIN_6363682,injected,0,0,False
BIN_6364611,injected,0,0,False
BIN_6364903,wrapper,0,0,False
BIN_6366408,injected,0,0,False
BIN_6366956,injected,1,1,False
BIN_6367020,wrapper,1,1,False
BIN_6367066,wrapper,0,0,False
BIN_6367182,wrapper,0,0,False
BIN_6367377,wrapper,1,1,False
BIN_6369103,injected,1,1,False
BIN_6369417,wrapper,0,0,False
BIN_6370593,injected,1,1,False
BIN_6371492,wrapper,0,0,False
BIN_6371686,wrapper,1,1,False
BIN_6372477,wrapper,1,1,False
BIN_6373776,wrapper,0,0,False
BIN_6375885,injected,0,0,False
BIN_6376167,wrapper,0,0,False
BIN_6376308,wrapper,1,1,False
BIN_6376439,injected,0,0,False
BIN_6376726,injected,1,1,False
BIN_6377159,injected,1,1,False
BIN_6377260,wrapper,1,1,False
BIN_6377502,wrapper,0,0,False
BIN_6378825,wrapper,1,1,False
BIN_6379589,injected,1,1,False
BIN_6380474,injected,1,1,False
BIN_6380726,wrapper,0,0,False
BIN_6382679,wrapper,1,1,False
BIN_6384548,wrapper,0,0,False
BIN_6384633,injected,0,0,False
BIN_6386716,wrapper,1,1,False
BIN_6387096,wrapper,0,0,False
BIN_6387102,wrapper,0,0,False
BIN_6387463,wrapper,0,0,False
BIN_6387871,injected,1,1,False
BIN_6387970,wrapper,1,1,False
BIN_6389126,wrapper,1,1,False
BIN_6389376,injected,1,1,False
BIN_6390534,wrapper,1,1,False
BIN_6390846,wrapper,0,0,False
BIN_6390882,wrapper,0,0,False
BIN_6391442,injected,1,1,False
BIN_6391485,injected,1,1,False
BIN_6391537,wrapper,1,1,False
BIN_6391755,injected,1,1,False
BIN_6392744,wrapper,1,1,False
BIN_6392847,wrapper,1,1,False
BIN_6393215,wrapper,0,0,False
BIN_6393528,wrapper,0,0,False
BIN_6393821,injected,0,0,False
BIN_6393911,injected,0,0,False
BIN_6395656,wrapper,0,0,False
BIN_6395689,wrapper,1,1,False
BIN_6396219,injected,0,0,False
BIN_6396501,injected,0,0,False
BIN_6398174,wrapper,1,1,False
BIN_6398295,wrapper,1,1,False
BIN_6398399,wrapper,0,0,False
BIN_6398549,wrapper,1,1,False
BIN_6399922,injected,1,1,False
BIN_6400710,wrapper,1,1,False
BIN_6401450,wrapper,0,0,False
BIN_6401733,injected,1,1,False
BIN_6401983,wrapper,1,1,False
BIN_6402509,wrapper,0,0,False
BIN_6402633,injected,0,0,False
BIN_6402634,injected,1,1,False
BIN_6403211,wrapper,0,0,False
BIN_6403895,wrapper,1,1,False
BIN_6405095,wrapper,1,1,False
BIN_6406053,wrapper,0,0,False
BIN_6406753,wrapper,0,0,False
BIN_6406922,injected,1,1,False
BIN_6407067,wrapper,1,1,False
BIN_6407759,wrapper,1,1,False
BIN_6408609,wrapper,0,0,False
BIN_6409126,wrapper,1,1,False
BIN_6409534,wrapper,0,0,False
BIN_6409855,wrapper,0,0,False
BIN_6410221,injected,1,1,False
BIN_6410476,wrapper,0,0,False
BIN_6410583,wrapper,1,1,False
BIN_6411621,wrapper,0,0,False
BIN_6411976,wrapper,0,0,False
BIN_6412272,injected,1,1,False
BIN_6413015,injected,1,1,False
BIN_6413239,injected,0,0,False
BIN_6413467,wrapper,1,1,False
BIN_6414179,wrapper,1,1,False
BIN_6414821,injected,1,1,False
BIN_6415406,injected,1,1,False
BIN_6417997,wrapper,0,0,False
BIN_6418170,wrapper,0,0,False
BIN_6418978,injected,0,0,False
BIN_6419306,wrapper,0,0,False
BIN_6419319,wrapper,0,0,False
BIN_6419593,wrapper,1,1,False
BIN_6420305,wrapper,0,0,False
BIN_6421561,wrapper,1,1,False
BIN_6422957,wrapper,1,1,False
BIN_6424667,wrapper,0,0,False
BIN_6425030,wrapper,1,1,False
BIN_6425275,wrapper,0,0,False
BIN_6425645,injected,0,0,False
BIN_6425978,injected,1,1,False
BIN_6426175,injected,0,0,False
BIN_6426216,wrapper,1,1,False
BIN_6426821,wrapper,0,0,False
BIN_6426975,injected,1,1,False
BIN_6427315,wrapper,1,1,False
BIN_6427505,wrapper,0,0,False
BIN_6427593,injected,1,1,False
BIN_6428349,wrapper,1,1,False
BIN_6430259,wrapper,0,0,False
BIN_6431179,wrapper,0,0,False
BIN_6431872,wrapper,1,1,False
BIN_6432860,injected,0,0,False
BIN_6433431,wrapper,0,0,False
BIN_6433802,wrapper,1,1,False
BIN_6435001,injected,1,1,False
BIN_6435972,wrapper,1,1,False
BIN_6436285,injected,1,1,False
BIN_6436397,wrapper,1,1,False
BIN_6436527,wrapper,0,0,False
BIN_6437397,wrapper,1,1,False
BIN_6437770,injected,1,1,False
BIN_6438023,injected,1,1,False
BIN_6438456,injected,0,0,False
BIN_6438773,injected,1,1,False
BIN_6439697,injected,0,0,False
BIN_6439848,wrapper,0,0,False
BIN_6439979,wrapper,1,1,False
BIN_6440437,wrapper,0,0,False
BIN_6440460,injected,1,1,False
BIN_6440553,injected,1,1,False
BIN_6440574,wrapper,1,1,False
BIN_6440832,wrapper,1,1,False
BIN_6440934,wrapper,0,0,False
BIN_6442117,wrapper,0,0,False
BIN_6443770,wrapper,1,1,False
BIN_6445216,wrapper,0,0,False
BIN_6446418,wrapper,0,0,False
BIN_6448674,wrapper,0,0,False
BIN_6448755,wrapper,1,1,False
BIN_6448787,wrapper,0,0,False
BIN_6449322,injected,0,0,False
BIN_6449490,wrapper,0,0,False
BIN_6449992,wrapper,0,0,False
BIN_6450060,injected,0,0,False
BIN_6450169,wrapper,0,0,False
BIN_6450244,wrapper,0,0,False
BIN_6450686,injected,0,0,False
BIN_6450718,injected,0,0,False
BIN_6451723,wrapper,0,0,False
BIN_6451791,wrapper,1,1,False
BIN_6452005,wrapper,1,1,False
BIN_6452054,wrapper,0,0,False
BIN_6452119,injected,0,0,False
BIN_6452569,injected,0,0,False
BIN_6452604,wrapper,1,1,False
BIN_6452904,wrapper,1,1,False
BIN_6453317,wrapper,0,0,False
BIN_6453787,wrapper,1,1,False
BIN_6453993,wrapper,0,0,False
BIN_6454735,wrapper,1,1,False
BIN_6454878,wrapper,1,1,False
BIN_6455415,wrapper,1,1,False
BIN_6455622,wrapper,0,0,False
BIN_6455710,wrapper,0,0,False
BIN_6457035,injected,0,0,False
BIN_6457094,wrapper,1,1,False
BIN_6457137,injected,1,1,False
BIN_6457176,wrapper,0,0,False
BIN_6457690,wrapper,0,0,False
BIN_6458528,wrapper,0,0,False
BIN_6458568,wrapper,0,0,False
BIN_6460172,injected,0,0,False
BIN_6460179,injected,1,1,False
BIN_6460420,wrapper,1,1,False
BIN_6460505,wrapper,0,0,False
BIN_6462289,wrapper,0,0,False
BIN_6462308,wrapper,0,0,False
BIN_6462343,wrapper,1,1,False
BIN_6464300,wrapper,1,1,False
BIN_6464311,wrapper,1,1,False
BIN_6464396,injected,0,0,False
BIN_6464582,injected,1,1,False
BIN_6465180,wrapper,0,0,False
BIN_6465243,wrapper,1,1,False
BIN_6465548,wrapper,1,1,False
BIN_6465906,injected,0,0,False
BIN_6466028,wrapper,1,1,False
BIN_6467355,wrapper,0,0,False
BIN_6467831,wrapper,0,0,False
BIN_6468351,injected,0,0,False
BIN_6469062,wrapper,0,0,False
BIN_6470293,wrapper,0,0,False
BIN_6473418,wrapper,1,1,False
BIN_6474088,injected,1,1,False
BIN_6474433,wrapper,1,1,False
BIN_6474568,injected,1,1,False
BIN_6474945,injected,0,0,False
BIN_6475454,injected,0,0,False
BIN_6477167,wrapper,0,0,False
BIN_6477717,wrapper,0,0,False
BIN_6477974,wrapper,0,0,False
BIN_6478351,wrapper,1,1,False
BIN_6478579,wrapper,0,0,False
BIN_6479051,wrapper,0,0,False
BIN_6479504,wrapper,1,1,False
BIN_6479545,wrapper,1,1,False
BIN_6479738,wrapper,1,1,False
BIN_6479946,injected,0,0,False
BIN_6480763,wrapper,0,0,False
BIN_6481107,wrapper,0,0,False
BIN_6481252,wrapper,0,0,False
BIN_6481331,wrapper,1,1,False
BIN_6481636,injected,1,1,False
BIN_6481890,wrapper,0,0,False
BIN_6482003,injected,1,1,False
BIN_6482251,wrapper,0,0,False
BIN_6485286,wrapper,0,0,False
BIN_6486092,wrapper,1,1,False
BIN_6486838,wrapper,1,1,False
BIN_6487172,wrapper,0,0,False
BIN_6487253,wrapper,1,1,False
BIN_6487727,wrapper,0,0,False
BIN_6487752,injected,0,0,False
BIN_6488394,wrapper,0,0,False
BIN_6488849,injected,1,1,False
BIN_6489414,wrapper,0,0,False
BIN_6490121,injected,0,0,False
BIN_6491952,injected,1,1,False
BIN_6492160,wrapper,1,1,False
BIN_6492242,wrapper,1,1,False
BIN_6492275,wrapper,0,0,False
BIN_6492345,wrapper,1,1,False
BIN_6492759,injected,1,1,False
BIN_6493978,injected,1,1,False
BIN_6494270,wrapper,0,0,False
BIN_6494305,wrapper,1,1,False
BIN_6495387,wrapper,0,0,False
BIN_6495604,injected,1,1,False
BIN_6496145,injected,0,0,False
BIN_6496598,wrapper,0,0,False
BIN_6497131,injected,0,0,False
BIN_6497322,wrapper,0,0,False
BIN_6497909,wrapper,1,1,False
BIN_6498370,injected,0,0,False
BIN_6498467,wrapper,0,0,False
BIN_6500643,wrapper,0,0,False
BIN_6500822,injected,1,1,False
BIN_6500869,wrapper,1,1,False
BIN_6501127,wrapper,1,1,False
BIN_6501171,wrapper,0,0,False
BIN_6502646,injected,0,0,False
BIN_6503748,wrapper,0,0,False
BIN_6503920,wrapper,1,1,False
BIN_6504300,wrapper,0,0,False
BIN_6505789,injected,0,0,False
BIN_6506093,wrapper,0,0,False
BIN_6506473,wrapper,1,1,False
BIN_6507267,wrapper,0,0,False
BIN_6508768,wrapper,1,1,False
BIN_6509756,wrapper,1,1,False
BIN_6509919,wrapper,1,1,False
BIN_6510059,wrapper,1,1,False
BIN_6510110,wrapper,0,0,False
BIN_6510534,injected,1,1,False
BIN_6510557,wrapper,0,0,False
BIN_6511336,wrapper,1,1,False
BIN_6512589,wrapper,0,0,False
BIN_6513064,injected,1,1,False
BIN_6513725,wrapper,0,0,False
BIN_6514721,wrapper,0,0,False
BIN_6514849,wrapper,1,1,False
BIN_6515211,injected,0,0,False
BIN_6515971,wrapper,0,0,False
BIN_6516171,injected,1,1,False
BIN_6517139,injected,0,0,False
BIN_6518015,wrapper,1,1,False
BIN_6518280,injected,1,1,False
BIN_6519087,wrapper,1,1,False
BIN_6519172,wrapper,1,1,False
BIN_6519257,injected,1,1,False
BIN_6519575,wrapper,1,1,False
BIN_6519930,wrapper,1,1,False
BIN_6519981,wrapper,1,1,False
BIN_6520274,injected,0,0,False
BIN_6520973,wrapper,1,1,False
BIN_6521994,wrapper,1,1,False
BIN_6522603,injected,0,0,False
BIN_6522683,wrapper,0,0,False
BIN_6523251,wrapper,1,1,False
BIN_6524164,injected,0,0,False
BIN_6524873,wrapper,1,1,False
BIN_6525966,wrapper,0,0,False
BIN_6527594,injected,1,1,False
BIN_6527726,injected,0,0,False
BIN_6527994,injected,1,1,False
BIN_6529133,injected,0,0,False
BIN_6529341,wrapper,1,1,False
BIN_6530264,wrapper,0,0,False
BIN_6530433,wrapper,0,0,False
BIN_6530959,wrapper,0,0,False
BIN_6531793,wrapper,0,0,False
BIN_6533330,injected,1,1,False
BIN_6534777,wrapper,1,1,False
BIN_6535189,wrapper,1,1,False
BIN_6535307,injected,0,0,False
BIN_6536901,wrapper,1,1,False
BIN_6537300,wrapper,0,0,False
BIN_6537772,wrapper,1,1,False
BIN_6539532,wrapper,1,1,False
BIN_6540392,injected,1,1,False
BIN_6540718,wrapper,0,0,False
BIN_6540730,wrapper,0,0,False
BIN_6542419,wrapper,1,1,False
BIN_6544637,wrapper,1,1,False
BIN_6544780,wrapper,0,0,False
BIN_6544867,wrapper,1,1,False
BIN_6545119,injected,1,1,False
BIN_6545645,injected,0,0,False
BIN_6545696,wrapper,1,1,False
BIN_6546740,wrapper,1,1,False
BIN_6546752,injected,1,1,False
BIN_6547974,wrapper,0,0,False
BIN_6548277,wrapper,1,1,False
BIN_6548281,injected,1,1,False
BIN_6548458,injected,0,0,False
BIN_6548562,wrapper,1,1,False
BIN_6548666,wrapper,1,1,False
BIN_6551539,injected,1,1,False
BIN_6551568,injected,0,0,False
BIN_6551663,wrapper,0,0,False
BIN_6551917,injected,0,0,False
BIN_6552023,wrapper,0,0,False
BIN_6553467,wrapper,0,0,False
BIN_6553727,wrapper,1,1,False
BIN_6553814,injected,0,0,False
BIN_6555618,wrapper,0,0,False
BIN_6555667,wrapper,1,1,False
BIN_6555998,wrapper,1,1,False
BIN_6556030,wrapper,0,0,False
BIN_6556517,injected,1,1,False
BIN_6557858,injected,1,1,False
BIN_6557926,injected,1,1,False
BIN_6558161,injected,0,0,False
BIN_6558994,wrapper,0,0,False
BIN_6559027,injected,1,1,False
BIN_6559138,injected,0,0,False
BIN_6559164,wrapper,0,0,False
BIN_6559864,wrapper,0,0,False
BIN_6559975,injected,1,1,False
BIN_6559993,wrapper,1,1,False
BIN_6561470,wrapper,0,0,False
BIN_6563249,wrapper,0,0,False
BIN_6564464,injected,1,1,False
BIN_6564614,wrapper,1,1,False
BIN_6565348,wrapper,1,1,False
BIN_6565552,wrapper,1,1,False
BIN_6565682,wrapper,1,1,False
BIN_6566236,wrapper,1,1,False
BIN_6567095,injected,0,0,False
BIN_6567541,wrapper,1,1,False
BIN_6568408,wrapper,1,1,False
BIN_6568693,wrapper,1,1,False
BIN_6569942,wrapper,1,1,False
BIN_6570487,injected,0,0,False
BIN_6570530,wrapper,0,0,False
BIN_6571135,wrapper,0,0,False
BIN_6571828,injected,1,1,False
BIN_6572163,wrapper,0,0,False
BIN_6572210,injected,1,1,False
BIN_6572230,wrapper,0,0,False
BIN_6572294,wrapper,0,0,False
BIN_6574592,wrapper,1,1,False
BIN_6574742,injected,1,1,False
BIN_6575183,injected,0,0,False
BIN_6576466,wrapper,1,1,False
BIN_6576545,wrapper,1,1,False
BIN_6577110,wrapper,0,0,False
BIN_6577767,injected,1,1,False
BIN_6577914,wrapper,0,0,False
BIN_6578208,wrapper,1,1,False
BIN_6578350,wrapper,0,0,False
BIN_6578449,injected,1,1,False
BIN_6579842,injected,1,1,False
BIN_6580865,wrapper,0,0,False
BIN_6580923,wrapper,0,0,False
BIN_6580973,wrapper,1,1,False
BIN_6581743,wrapper,0,0,False
BIN_6581772,wrapper,0,0,False
BIN_6582678,injected,1,1,False
BIN_6583066,wrapper,1,1,False
BIN_6584007,injected,0,0,False
BIN_6586345,injected,1,1,False
BIN_6586542,wrapper,0,0,False
BIN_6586667,injected,1,1,False
BIN_6586854,wrapper,1,1,False
BIN_6587346,injected,1,1,False
BIN_6587347,wrapper,1,1,False
BIN_6587695,injected,1,1,False
BIN_6587736,injected,1,1,False
BIN_6588067,injected,0,0,False
BIN_6588373,wrapper,1,1,False
BIN_6589548,wrapper,1,1,False
BIN_6590037,injected,0,0,False
BIN_6590887,injected,0,0,False
BIN_6591097,injected,0,0,False
BIN_6592703,injected,0,0,False
BIN_6593221,wrapper,0,0,False
BIN_6594052,wrapper,1,1,False
BIN_6594545,injected,0,0,False
BIN_6595105,injected,0,0,False
BIN_6595337,wrapper,1,1,False
BIN_6595503,wrapper,0,0,False
BIN_6595835,wrapper,1,1,False
BIN_6596352,wrapper,0,0,False
BIN_6596615,wrapper,1,1,False
BIN_6596978,wrapper,1,1,False
BIN_6598353,wrapper,1,1,False
BIN_6599212,wrapper,1,1,False
BIN_6600210,injected,1,1,False
BIN_6600490,wrapper,1,1,False
BIN_6600827,injected,0,0,False
BIN_6600948,injected,1,1,False
BIN_6601127,wrapper,0,0,False
BIN_6603175,wrapper,0,0,False
BIN_6603485,injected,1,1,False
BIN_6604042,injected,1,1,False
BIN_6604047,wrapper,1,1,False
BIN_6606549,wrapper,0,0,False
BIN_6607447,injected,0,0,False
BIN_6607818,wrapper,1,1,False
BIN_6609743,injected,0,0,False
BIN_6611003,injected,1,1,False
BIN_6611077,injected,1,1,False
BIN_6611180,wrapper,0,0,False
BIN_6611267,injected,1,1,False
BIN_6612110,wrapper,0,0,False
BIN_6613626,injected,1,1,False
BIN_6614335,injected,1,1,False
BIN_6614631,wrapper,0,0,False
BIN_6615481,injected,0,0,False
BIN_6615704,injected,0,0,False
BIN_6615808,wrapper,0,0,False
BIN_6616110,injected,0,0,False
BIN_6616154,wrapper,1,1,False
BIN_6617433,wrapper,0,0,False
BIN_6617622,wrapper,1,1,False
BIN_6618762,wrapper,0,0,False
BIN_6618771,injected,1,1,False
BIN_6618930,injected,1,1,False
BIN_6619943,wrapper,0,0,False
BIN_6620074,injected,0,0,False
BIN_6622066,wrapper,1,1,False
BIN_6622453,wrapper,1,1,False
BIN_6622696,wrapper,0,0,False
BIN_6622914,wrapper,0,0,False
BIN_6623551,wrapper,0,0,False
BIN_6624120,wrapper,1,1,False
BIN_6625452,wrapper,0,0,False
BIN_6625836,wrapper,0,0,False
BIN_6626473,wrapper,1,1,False
BIN_6627602,wrapper,0,0,False
BIN_6629332,injected,0,0,False
BIN_6629523,wrapper,0,0,False
BIN_6629604,wrapper,0,0,False
BIN_6630166,wrapper,0,0,False
BIN_6631461,injected,1,1,False
BIN_6631523,wrapper,0,0,False
BIN_6632088,injected,0,0,False
BIN_6632258,injected,0,0,False
BIN_6632261,wrapper,0,0,False
BIN_6632562,wrapper,0,0,False
BIN_6634258,wrapper,1,1,False
BIN_6635792,wrapper,1,1,False
BIN_6635845,wrapper,0,0,False
BIN_6636259,wrapper,1,1,False
BIN_6636500,wrapper,1,1,False
BIN_6637226,wrapper,1,1,False
BIN_6637280,wrapper,0,0,False
BIN_6637576,wrapper,0,0,False
BIN_6638104,wrapper,0,0,False
BIN_6638373,wrapper,1,1,False
BIN_6638628,wrapper,1,1,False
BIN_6639029,wrapper,0,0,False
BIN_6639442,wrapper,1,1,False
BIN_6639974,wrapper,0,0,False
BIN_6640756,injected,1,1,False
BIN_6641115,wrapper,0,0,False
BIN_6641291,wrapper,1,1,False
BIN_6643120,wrapper,1,1,False
BIN_6644014,injected,1,1,False
BIN_6644488,injected,0,0,False
BIN_6644555,wrapper,0,0,False
BIN_6645467,injected,0,0,False
BIN_6646755,wrapper,1,1,False
BIN_6648674,injected,1,1,False
BIN_6650062,wrapper,1,1,False
BIN_6650467,wrapper,0,0,False
BIN_6651637,injected,0,0,False
BIN_6651916,wrapper,0,0,False
BIN_6652849,wrapper,1,1,False
BIN_6653098,wrapper,0,0,False
BIN_6653648,wrapper,1,1,False
BIN_6653969,wrapper,1,1,False
BIN_6655008,wrapper,0,0,False
BIN_6655071,injected,0,0,False
BIN_6655454,injected,1,1,False
BIN_6655782,injected,0,0,False
BIN_6656483,wrapper,1,1,False
BIN_6656826,wrapper,0,0,False
BIN_6656860,wrapper,1,1,False
BIN_6656997,wrapper,1,1,False
BIN_6658059,wrapper,0,0,False
BIN_6659200,injected,0,0,False
BIN_6659486,wrapper,1,1,False
BIN_6659529,wrapper,1,1,False
BIN_6659672,wrapper,1,1,False
BIN_6659942,wrapper,1,1,False
BIN_6661054,injected,1,1,False
BIN_6661226,injected,0,0,False
BIN_6661316,wrapper,1,1,False
BIN_6661344,wrapper,1,1,False
BIN_6661509,wrapper,0,0,False
BIN_6661542,wrapper,0,0,False
BIN_6661722,injected,1,1,False
BIN_6662350,wrapper,1,1,False
BIN_6662517,wrapper,1,1,False
BIN_6663453,injected,1,1,False
BIN_6663835,wrapper,1,1,False
BIN_6664078,injected,1,1,False
BIN_6664578,injected,0,0,False
BIN_6664811,wrapper,1,1,False
BIN_6665491,injected,0,0,False
BIN_6666739,wrapper,0,0,False
BIN_6667148,wrapper,0,0,False
BIN_6667812,wrapper,0,0,False
BIN_6668017,wrapper,0,0,False
BIN_6668118,wrapper,0,0,False
BIN_6668403,wrapper,0,0,False
BIN_6670193,wrapper,1,1,False
BIN_6670288,wrapper,1,1,False
BIN_6670792,injected,0,0,False
BIN_6671403,injected,0,0,False
BIN_6671960,injected,0,0,False
BIN_6671975,injected,1,1,False
BIN_6672719,wrapper,1,1,False
BIN_6672896,wrapper,1,1,False
BIN_6672946,wrapper,0,0,False
BIN_6674057,injected,1,1,False
BIN_6674239,injected,1,1,False
BIN_6674797,wrapper,0,0,False
BIN_6675117,wrapper,1,1,False
BIN_6675212,wrapper,1,1,False
BIN_6675419,wrapper,1,1,False
BIN_6675439,wrapper,1,1,False
BIN_6676278,wrapper,0,0,False
BIN_6676577,injected,0,0,False
BIN_6676587,wrapper,1,1,False
BIN_6676675,wrapper,1,1,False
BIN_6676707,injected,1,1,False
BIN_6677414,wrapper,1,1,False
BIN_6677577,injected,1,1,False
BIN_6677713,wrapper,1,1,False
BIN_6678147,injected,0,0,False
BIN_6678280,wrapper,0,0,False
BIN_6678399,injected,1,1,False
BIN_6678504,injected,0,0,False
BIN_6678528,wrapper,0,0,False
BIN_6678926,injected,1,1,False
BIN_6679953,injected,0,0,False
BIN_6680214,injected,1,1,False
BIN_6680582,wrapper,1,1,False
BIN_6680853,wrapper,1,1,False
BIN_6682016,wrapper,0,0,False
BIN_6682133,wrapper,1,1,False
BIN_6683089,wrapper,1,1,False
BIN_6684353,injected,0,0,False
BIN_6684448,wrapper,1,1,False
BIN_6684902,wrapper,0,0,False
BIN_6685104,wrapper,0,0,False
BIN_6688294,wrapper,1,1,False
BIN_6688385,wrapper,1,1,False
BIN_6688578,wrapper,0,0,False
BIN_6689358,wrapper,1,1,False
BIN_6690709,injected,1,1,False
BIN_6691072,wrapper,0,0,False
BIN_6691562,injected,0,0,False
BIN_6691654,injected,0,0,False
BIN_6692808,wrapper,1,1,False
BIN_6693218,injected,0,0,False
BIN_6693350,wrapper,0,0,False
BIN_6693394,wrapper,0,0,False
BIN_6695107,wrapper,1,1,False
BIN_6695451,injected,0,0,False
BIN_6696116,wrapper,0,0,False
BIN_6696607,wrapper,0,0,False
BIN_6697219,injected,0,0,False
BIN_6697235,wrapper,1,1,False
BIN_6697489,wrapper,0,0,False
BIN_6698086,wrapper,0,0,False
BIN_6698834,wrapper,1,1,False
BIN_6699070,wrapper,1,1,False
BIN_6700317,wrapper,1,1,False
BIN_6701545,wrapper,1,1,False
BIN_6701606,injected,1,1,False
BIN_6701804,wrapper,1,1,False
BIN_6702064,wrapper,1,1,False
BIN_6702154,injected,0,0,False
BIN_6702166,injected,1,1,False
BIN_6702185,wrapper,0,0,False
BIN_6702757,wrapper,0,0,False
BIN_6703219,wrapper,1,1,False
BIN_6703706,wrapper,1,1,False
BIN_6704195,wrapper,1,1,False
BIN_6705749,wrapper,1,1,False
BIN_6705772,wrapper,1,1,False
BIN_6706157,wrapper,1,1,False
BIN_6706203,injected,1,1,False
BIN_6706328,wrapper,0,0,False
BIN_6706491,injected,0,0,False
BIN_6707356,injected,0,0,False
BIN_6707381,wrapper,1,1,False
BIN_6707794,wrapper,1,1,False
BIN_6707860,injected,0,0,False
BIN_6709121,wrapper,1,1,False
BIN_6709704,wrapper,1,1,False
BIN_6711323,wrapper,0,0,False
BIN_6711718,wrapper,1,1,False
BIN_6711801,injected,0,0,False
BIN_6711893,wrapper,0,0,False
BIN_6713323,wrapper,0,0,False
BIN_6713994,injected,1,1,False
BIN_6714444,wrapper,1,1,False
BIN_6714658,wrapper,1,1,False
BIN_6714995,wrapper,0,0,False
BIN_6716052,wrapper,1,1,False
BIN_6716995,wrapper,1,1,False
BIN_6717370,wrapper,1,1,False
BIN_6717527,wrapper,0,0,False
BIN_6717747,wrapper,0,0,False
BIN_6720239,wrapper,1,1,False
BIN_6720434,injected,1,1,False
BIN_6720675,injected,1,1,False
BIN_6721575,wrapper,1,1,False
BIN_6721949,wrapper,0,0,False
BIN_6723937,wrapper,0,0,False
BIN_6724234,injected,0,0,False
BIN_6724358,wrapper,1,1,False
BIN_6724666,injected,0,0,False
BIN_6725224,wrapper,1,1,False
BIN_6725480,wrapper,1,1,False
BIN_6726441,wrapper,1,1,False
BIN_6726570,injected,1,1,False
BIN_6726596,injected,1,1,False
BIN_6726690,wrapper,0,0,False
BIN_6727550,wrapper,1,1,False
BIN_6727842,wrapper,0,0,False
BIN_6728911,injected,1,1,False
BIN_6729724,wrapper,1,1,False
BIN_6730507,injected,0,0,False
BIN_6730894,wrapper,1,1,False
BIN_6731274,injected,1,1,False
BIN_6731709,injected,1,1,False
BIN_6731875,injected,0,0,False
BIN_6733429,wrapper,1,1,False
BIN_6734115,wrapper,0,0,False
BIN_6734182,wrapper,1,1,False
BIN_6734320,injected,0,0,False
BIN_6734710,wrapper,1,1,False
BIN_6735395,wrapper,0,0,False
BIN_6735662,injected,1,1,False
BIN_6735686,wrapper,1,1,False
BIN_6737312,wrapper,0,0,False
BIN_6739409,wrapper,0,0,False
BIN_6739526,injected,1,1,False
BIN_6740242,injected,1,1,False
BIN_6740831,injected,0,0,False
BIN_6740884,wrapper,1,1,False
BIN_6741175,injected,0,0,False
BIN_6741667,injected,0,0,False
BIN_6741701,injected,0,0,False
BIN_6743438,wrapper,1,1,False
BIN_6743826,wrapper,0,0,False
BIN_6744310,injected,1,1,False
BIN_6745078,wrapper,0,0,False
BIN_6745560,wrapper,0,0,False
BIN_6745568,injected,0,0,False
BIN_6747270,wrapper,1,1,False
BIN_6748403,wrapper,1,1,False
BIN_6749350,wrapper,0,0,False
BIN_6750313,wrapper,0,0,False
BIN_6750683,wrapper,0,0,False
BIN_6751030,injected,1,1,False
BIN_6751311,wrapper,1,1,False
BIN_6751468,wrapper,1,1,False
BIN_6753794,wrapper,0,0,False
BIN_6753816,wrapper,0,0,False
BIN_6754072,injected,1,1,False
BIN_6754529,injected,0,0,False
BIN_6754558,injected,0,0,False
BIN_6754565,wrapper,1,1,False
BIN_6755977,wrapper,0,0,False
BIN_6756549,wrapper,1,1,False
BIN_6758408,injected,0,0,False
BIN_6758698,wrapper,1,1,False
BIN_6759688,wrapper,1,1,False
BIN_6760133,wrapper,1,1,False
BIN_6760505,wrapper,1,1,False
BIN_6761149,wrapper,0,0,False
BIN_6762808,wrapper,0,0,False
BIN_6763272,injected,1,1,False
BIN_6763389,wrapper,1,1,False
BIN_6763470,injected,1,1,False
BIN_6764384,wrapper,1,1,False
BIN_6764823,injected,0,0,False
BIN_6765700,wrapper,1,1,False
BIN_6766102,wrapper,0,0,False
BIN_6767017,wrapper,1,1,False
BIN_6767192,wrapper,1,1,False
BIN_6767439,injected,0,0,False
BIN_6767463,injected,1,1,False
BIN_6767608,wrapper,0,0,False
BIN_6768734,injected,1,1,False
BIN_6769155,injected,1,1,False
BIN_6770765,wrapper,1,1,False
BIN_6771726,wrapper,0,0,False
BIN_6772187,injected,0,0,False
BIN_6772647,injected,0,0,False
BIN_6772723,wrapper,1,1,False
BIN_6772928,wrapper,0,0,False
BIN_6773769,wrapper,1,1,False
BIN_6774327,wrapper,1,1,False
BIN_6774635,wrapper,1,1,False
BIN_6776922,wrapper,1,1,False
BIN_6777295,injected,1,1,False
BIN_6777364,wrapper,1,1,False
BIN_6777704,injected,1,1,False
BIN_6779298,wrapper,1,1,False
BIN_6779444,wrapper,0,0,False
BIN_6779937,wrapper,1,1,False
BIN_6779984,injected,1,1,False
BIN_6780937,wrapper,0,0,False
BIN_6782134,wrapper,0,0,False
BIN_6782463,wrapper,1,1,False
BIN_6783394,wrapper,1,1,False
BIN_6784227,wrapper,0,0,False
BIN_6785020,injected,1,1,False
BIN_6785032,wrapper,1,1,False
BIN_6785548,wrapper,0,0,False
BIN_6785726,wrapper,1,1,False
BIN_6786553,injected,0,0,False
BIN_6786754,wrapper,0,0,False
BIN_6787763,wrapper,0,0,False
BIN_6787944,wrapper,1,1,False
BIN_6788142,injected,1,1,False
BIN_6788427,wrapper,1,1,False
BIN_6788698,wrapper,1,1,False
BIN_6789033,injected,0,0,False
BIN_6789055,wrapper,1,1,False
BIN_6789270,wrapper,0,0,False
BIN_6790661,wrapper,0,0,False
BIN_6791545,wrapper,1,1,False
BIN_6791729,wrapper,1,1,False
BIN_6792208,wrapper,1,1,False
BIN_6792612,injected,1,1,False
BIN_6792624,injected,1,1,False
BIN_6792970,wrapper,1,1,False
BIN_6793006,wrapper,1,1,False
BIN_6793326,injected,1,1,False
BIN_6793613,wrapper,1,1,False
BIN_6793647,wrapper,0,0,False
BIN_6793801,injected,0,0,False
BIN_6793879,wrapper,1,1,False
BIN_6794128,wrapper,0,0,False
BIN_6794766,wrapper,0,0,False
BIN_6795457,wrapper,1,1,False
BIN_6795857,wrapper,1,1,False
BIN_6796429,injected,1,1,False
BIN_6797324,wrapper,1,1,False
BIN_6797363,injected,0,0,False
BIN_6797417,injected,1,1,False
BIN_6797761,injected,0,0,False
BIN_6797975,wrapper,1,1,False
BIN_6798982,wrapper,1,1,False
BIN_6800274,injected,0,0,False
BIN_6801136,wrapper,0,0,False
BIN_6801523,wrapper,1,1,False
BIN_6801896,wrapper,1,1,False
BIN_6802985,wrapper,0,0,False
BIN_6804301,injected,1,1,False
BIN_6806557,wrapper,1,1,False
BIN_6806727,injected,0,0,False
BIN_6807416,wrapper,0,0,False
BIN_6807513,wrapper,0,0,False
BIN_6808497,wrapper,1,1,False
BIN_6808568,wrapper,1,1,False
BIN_6808800,wrapper,1,1,False
BIN_6808954,injected,1,1,False
BIN_6810701,wrapper,1,1,False
BIN_6811154,wrapper,1,1,False
BIN_6811571,injected,1,1,False
BIN_6811708,injected,0,0,False
BIN_6812422,wrapper,0,0,False
BIN_6812858,wrapper,0,0,False
BIN_6813099,injected,0,0,False
BIN_6813665,injected,1,1,False
BIN_6813905,wrapper,0,0,False
BIN_6814824,wrapper,0,0,False
BIN_6815148,injected,0,0,False
BIN_6815177,injected,1,1,False
BIN_6815882,wrapper,0,0,False
BIN_6816488,wrapper,1,1,False
BIN_6816624,wrapper,1,1,False
BIN_6817305,wrapper,0,0,False
BIN_6817709,wrapper,1,1,False
BIN_6817830,injected,0,0,False
BIN_6818495,wrapper,0,0,False
BIN_6819233,injected,0,0,False
BIN_6819279,wrapper,0,0,False
BIN_6819371,wrapper,1,1,False
BIN_6819916,injected,1,1,False
BIN_6820862,injected,1,1,False
BIN_6820941,injected,1,1,False
BIN_6821938,wrapper,1,1,False
BIN_6823337,wrapper,0,0,False
BIN_6824622,injected,0,0,False
BIN_6825061,injected,0,0,False
BIN_6825319,wrapper,1,1,False
BIN_6826490,injected,0,0,False
BIN_6826608,wrapper,0,0,False
BIN_6827770,wrapper,0,0,False
BIN_6827900,injected,1,1,False
BIN_6827922,wrapper,0,0,False
BIN_6827996,wrapper,0,0,False
BIN_6828081,wrapper,1,1,False
BIN_6828710,injected,1,1,False
BIN_6829361,wrapper,0,0,False
BIN_6829444,wrapper,0,0,False
BIN_6830028,wrapper,0,0,False
BIN_6830250,wrapper,1,1,False
BIN_6830385,wrapper,1,1,False
BIN_6832312,wrapper,1,1,False
BIN_6832658,wrapper,1,1,False
BIN_6833125,wrapper,0,0,False
BIN_6834314,wrapper,1,1,False
BIN_6834844,wrapper,0,0,False
BIN_6834928,wrapper,0,0,False
BIN_6835427,wrapper,1,1,False
BIN_6835970,wrapper,1,1,False
BIN_6836233,wrapper,0,0,False
BIN_6836945,wrapper,1,1,False
BIN_6837127,injected,1,1,False
BIN_6837190,injected,0,0,False
BIN_6838035,injected,1,1,False
BIN_6839591,wrapper,0,0,False
BIN_6839813,wrapper,0,0,False
BIN_6840415,wrapper,0,0,False
BIN_6841887,injected,0,0,False
BIN_6844467,injected,0,0,False
BIN_6845003,wrapper,1,1,False
BIN_6845309,wrapper,1,1,False
BIN_6846509,injected,1,1,False
BIN_6846618,injected,1,1,False
BIN_6846879,injected,0,0,False
BIN_6847422,wrapper,0,0,False
BIN_6847544,wrapper,0,0,False
BIN_6847601,injected,1,1,False
BIN_6848141,wrapper,1,1,False
BIN_6848361,wrapper,1,1,False
BIN_6849622,injected,0,0,False
BIN_6849666,injected,1,1,False
BIN_6849917,wrapper,0,0,False
BIN_6849926,wrapper,0,0,False
BIN_6850874,injected,1,1,False
BIN_6850888,wrapper,0,0,False
BIN_6850893,wrapper,1,1,False
BIN_6851435,wrapper,1,1,False
BIN_6851604,injected,0,0,False
BIN_6851844,wrapper,0,0,False
BIN_6852292,wrapper,1,1,False
BIN_6853613,wrapper,0,0,False
BIN_6854059,wrapper,0,0,False
BIN_6854213,wrapper,0,0,False
BIN_6854983,wrapper,1,1,False
BIN_6855112,wrapper,0,0,False
BIN_6855756,wrapper,1,1,False
BIN_6858003,injected,0,0,False
BIN_6858709,injected,1,1,False
BIN_6859158,injected,0,0,False
BIN_6859661,wrapper,0,0,False
BIN_6859841,wrapper,1,1,False
BIN_6862273,injected,1,1,False
BIN_6863441,injected,1,1,False
BIN_6863673,injected,1,1,False
BIN_6863794,wrapper,0,0,False
BIN_6863989,wrapper,0,0,False
BIN_6864429,injected,1,1,False
BIN_6864654,wrapper,1,1,False
BIN_6864818,wrapper,0,0,False
BIN_6865985,injected,1,1,False
BIN_6866045,injected,0,0,False
BIN_6866071,wrapper,0,0,False
BIN_6867546,wrapper,1,1,False
BIN_6867674,wrapper,1,1,False
BIN_6868400,wrapper,0,0,False
BIN_6869152,wrapper,0,0,False
BIN_6869384,injected,0,0,False
BIN_6870990,wrapper,1,1,False
BIN_6871110,wrapper,0,0,False
BIN_6871580,injected,0,0,False
BIN_6871831,wrapper,0,0,False
BIN_6872320,wrapper,0,0,False
BIN_6872689,injected,0,0,False
BIN_6872770,wrapper,0,0,False
BIN_6872892,wrapper,0,0,False
BIN_6873469,wrapper,0,0,False
BIN_6873536,wrapper,0,0,False
BIN_6873561,injected,1,1,False
BIN_6874685,wrapper,1,1,False
BIN_6875077,wrapper,1,1,False
BIN_6875181,wrapper,1,1,False
BIN_6875335,wrapper,0,0,False
BIN_6875493,wrapper,1,1,False
BIN_6875870,wrapper,1,1,False
BIN_6876376,injected,0,0,False
BIN_6876667,wrapper,0,0,False
BIN_6876978,injected,1,1,False
BIN_6877940,injected,1,1,False
BIN_6878006,injected,0,0,False
BIN_6878144,injected,1,1,False
BIN_6878656,wrapper,0,0,False
BIN_6878658,wrapper,0,0,False
BIN_6878822,wrapper,0,0,False
BIN_6878851,injected,0,0,False
BIN_6878864,wrapper,0,0,False
BIN_6879056,wrapper,1,1,False
BIN_6880410,wrapper,0,0,False
BIN_6880516,wrapper,0,0,False
BIN_6880872,injected,1,1,False
BIN_6881870,injected,1,1,False
BIN_6883254,injected,0,0,False
BIN_6883673,wrapper,1,1,False
BIN_6884722,wrapper,0,0,False
BIN_6888221,wrapper,0,0,False
BIN_6888490,injected,1,1,False
BIN_6889618,injected,0,0,False
BIN_6890219,wrapper,1,1,False
BIN_6890839,wrapper,0,0,False
BIN_6891252,wrapper,0,0,False
BIN_6891743,wrapper,0,0,False
BIN_6892428,injected,0,0,False
BIN_6892815,wrapper,1,1,False
BIN_6893425,wrapper,0,0,False
BIN_6893457,injected,0,0,False
BIN_6894357,wrapper,0,0,False
BIN_6895171,injected,0,0,False
BIN_6895957,wrapper,1,1,False
BIN_6896326,wrapper,0,0,False
BIN_6897134,injected,0,0,False
BIN_6897587,wrapper,0,0,False
BIN_6897615,wrapper,1,1,False
BIN_6898000,wrapper,0,0,False
BIN_6898554,injected,0,0,False
BIN_6899330,wrapper,1,1,False
BIN_6899335,wrapper,0,0,False
BIN_6899903,wrapper,1,1,False
BIN_6900136,wrapper,0,0,False
BIN_6900167,wrapper,0,0,False
BIN_6900313,injected,0,0,False
BIN_6900609,wrapper,0,0,False
BIN_6901149,wrapper,0,0,False
BIN_6902088,wrapper,1,1,False
BIN_6902627,wrapper,0,0,False
BIN_6903784,injected,1,1,False
BIN_6904151,injected,0,0,False
BIN_6904439,wrapper,1,1,False
BIN_6904714,injected,0,0,False
BIN_6904942,wrapper,1,1,False
BIN_6905030,injected,0,0,False
BIN_6905229,wrapper,0,0,False
BIN_6906031,injected,0,0,False
BIN_6907806,wrapper,0,0,False
BIN_6908280,injected,0,0,False
BIN_6908863,injected,1,1,False
BIN_6908947,injected,0,0,False
BIN_6909076,wrapper,1,1,False
BIN_6909453,wrapper,1,1,False
BIN_6909920,wrapper,0,0,False
BIN_6910191,wrapper,0,0,False
BIN_6910687,wrapper,1,1,False
BIN_6910783,wrapper,0,0,False
BIN_6910804,injected,1,1,False
BIN_6911292,injected,1,1,False
BIN_6911374,wrapper,1,1,False
BIN_6911572,injected,0,0,False
BIN_6911900,wrapper,0,0,False
BIN_6913544,wrapper,1,1,False
BIN_6914463,wrapper,1,1,False
BIN_6915145,injected,1,1,False
BIN_6915761,wrapper,0,0,False
BIN_6916106,wrapper,1,1,False
BIN_6916780,injected,1,1,False
BIN_6917016,injected,1,1,False
BIN_6917165,wrapper,1,1,False
BIN_6917241,wrapper,0,0,False
BIN_6918140,injected,1,1,False
BIN_6918439,wrapper,0,0,False
BIN_6918991,wrapper,1,1,False
BIN_6919566,wrapper,0,0,False
BIN_6919568,wrapper,0,0,False
BIN_6920980,wrapper,0,0,False
BIN_6921006,injected,0,0,False
BIN_6922332,wrapper,0,0,False
BIN_6922616,wrapper,0,0,False
BIN_6923409,wrapper,0,0,False
BIN_6923445,wrapper,0,0,False
BIN_6924698,wrapper,1,1,False
BIN_6925334,wrapper,1,1,False
BIN_6926638,wrapper,0,0,False
BIN_6926682,wrapper,1,1,False
BIN_6927208,injected,0,0,False
BIN_6927462,wrapper,0,0,False
BIN_6927705,injected,0,0,False
BIN_6927804,wrapper,0,0,False
BIN_6928430,injected,0,0,False
BIN_6928513,wrapper,1,1,False
BIN_6928891,wrapper,0,0,False
BIN_6929275,injected,1,1,False
BIN_6929539,injected,1,1,False
BIN_6929674,wrapper,1,1,False
BIN_6929956,wrapper,0,0,False
BIN_6931192,wrapper,1,1,False
BIN_6931961,wrapper,0,0,False
BIN_6931994,injected,1,1,False
BIN_6932021,wrapper,1,1,False
BIN_6933898,wrapper,0,0,False
BIN_6934356,wrapper,0,0,False
BIN_6934623,injected,0,0,False
BIN_6935179,injected,0,0,False
BIN_6935335,injected,0,0,False
BIN_6935366,wrapper,1,1,False
BIN_6935507,wrapper,0,0,False
BIN_6936018,injected,0,0,False
BIN_6936691,injected,0,0,False
BIN_6938549,injected,0,0,False
BIN_6938663,injected,0,0,False
BIN_6938685,injected,1,1,False
BIN_6940149,wrapper,0,0,False
BIN_6940615,wrapper,0,0,False
BIN_6941171,wrapper,1,1,False
BIN_6941441,wrapper,0,0,False
BIN_6944406,wrapper,0,0,False
BIN_6944678,injected,0,0,False
BIN_6944722,wrapper,1,1,False
BIN_6944986,wrapper,0,0,False
BIN_6945146,wrapper,0,0,False
BIN_6946002,wrapper,1,1,False
BIN_6946140,injected,0,0,False
BIN_6946285,wrapper,0,0,False
BIN_6946317,injected,1,1,False
BIN_6946992,wrapper,0,0,False
BIN_6947524,injected,1,1,False
BIN_6947645,injected,1,1,False
BIN_6947690,injected,0,0,False
BIN_6947865,injected,1,1,False
BIN_6950360,wrapper,1,1,False
BIN_6950482,wrapper,1,1,False
BIN_6951943,injected,0,0,False
BIN_6952316,injected,0,0,False
BIN_6952978,wrapper,0,0,False
BIN_6953798,wrapper,0,0,False
BIN_6953988,wrapper,1,1,False
BIN_6954304,wrapper,0,0,False
BIN_6954410,injected,1,1,False
BIN_6954780,wrapper,1,1,False
BIN_6956375,wrapper,1,1,False
BIN_6956685,wrapper,1,1,False
BIN_6958334,wrapper,0,0,False
BIN_6959904,wrapper,0,0,False
BIN_6959957,wrapper,0,0,False
BIN_6960117,wrapper,1,1,False
BIN_6960164,wrapper,0,0,False
BIN_6960733,injected,0,0,False
BIN_6962454,wrapper,1,1,False
BIN_6963918,wrapper,0,0,False
BIN_6963924,wrapper,1,1,False
BIN_6966100,wrapper,0,0,False
BIN_6966121,injected,0,0,False
BIN_6966448,wrapper,0,0,False
BIN_6966587,injected,1,1,False
BIN_6967503,wrapper,0,0,False
BIN_6967926,wrapper,0,0,False
BIN_6968081,wrapper,0,0,False
BIN_6968371,wrapper,1,1,False
BIN_6969235,injected,0,0,False
BIN_6970866,injected,1,1,False
BIN_6971055,wrapper,1,1,False
BIN_6971838,injected,0,0,False
BIN_6972022,injected,1,1,False
BIN_6972224,wrapper,0,0,False
BIN_6972276,wrapper,1,1,False
BIN_6974085,wrapper,0,0,False
BIN_6974119,wrapper,1,1,False
BIN_6974127,wrapper,0,0,False
BIN_6974332,wrapper,0,0,False
BIN_6975456,wrapper,1,1,False
BIN_6975565,wrapper,0,0,False
BIN_6975900,wrapper,0,0,False
BIN_6977401,wrapper,1,1,False
BIN_6977716,injected,0,0,False
BIN_6978555,wrapper,1,1,False
BIN_6978578,injected,1,1,False
BIN_6979474,wrapper,1,1,False
BIN_6979475,wrapper,0,0,False
BIN_6981441,wrapper,1,1,False
BIN_6982576,wrapper,1,1,False
BIN_6985203,injected,1,1,False
BIN_6985780,injected,0,0,False
BIN_6986056,wrapper,0,0,False
BIN_6986373,wrapper,0,0,False
BIN_6986977,wrapper,0,0,False
BIN_6988472,wrapper,0,0,False
BIN_6989989,injected,0,0,False
BIN_6990151,injected,1,1,False
BIN_6990282,injected,1,1,False
BIN_6990323,injected,1,1,False
BIN_6990329,wrapper,1,1,False
BIN_6990819,wrapper,0,0,False
BIN_6992135,wrapper,1,1,False
BIN_6993831,wrapper,0,0,False
BIN_6994745,injected,0,0,False
BIN_6995321,injected,0,0,False
BIN_6997126,wrapper,1,1,False
BIN_6997145,injected,0,0,False
BIN_6997445,wrapper,0,0,False
BIN_6998459,wrapper,1,1,False
BIN_6998594,wrapper,0,0,False
BIN_6999000,wrapper,0,0,False
BIN_6999956,wrapper,1,1,False
BIN_7001218,wrapper,1,1,False
BIN_7001472,wrapper,0,0,False
BIN_7001548,wrapper,0,0,False
BIN_7002347,wrapper,0,0,False
BIN_7004281,injected,0,0,False
BIN_7004608,wrapper,1,1,False
BIN_7004756,injected,0,0,False
BIN_7005076,wrapper,0,0,False
BIN_7005351,wrapper,1,1,False
BIN_7006328,wrapper,1,1,False
BIN_7006429,wrapper,0,0,False
BIN_7007617,injected,0,0,False
BIN_7007668,injected,1,1,False
BIN_7007733,wrapper,0,0,False
BIN_7008375,injected,1,1,False
BIN_7008433,wrapper,1,1,False
BIN_7009222,wrapper,0,0,False
BIN_7009775,injected,1,1,False
BIN_7010441,wrapper,1,1,False
BIN_7013471,wrapper,1,1,False
BIN_7013866,wrapper,1,1,False
BIN_7013913,injected,1,1,False
BIN_7014002,injected,1,1,False
BIN_7014239,wrapper,1,1,False
BIN_7015094,wrapper,1,1,False
BIN_7016558,injected,1,1,False
BIN_7016763,wrapper,0,0,False
BIN_7017807,injected,1,1,False
BIN_7018350,injected,0,0,False
BIN_7018392,injected,0,0,False
BIN_7018641,wrapper,1,1,False
BIN_7020005,injected,0,0,False
BIN_7020025,wrapper,1,1,False
BIN_7020539,wrapper,0,0,False
BIN_7020627,injected,0,0,False
BIN_7020683,wrapper,0,0,False
BIN_7020871,wrapper,1,1,False
BIN_7020961,injected,1,1,False
BIN_7022709,wrapper,1,1,False
BIN_7022921,wrapper,0,0,False
BIN_7023078,wrapper,0,0,False
BIN_7023177,wrapper,0,0,False
BIN_7023407,wrapper,1,1,False
BIN_7024065,wrapper,0,0,False
BIN_7024535,wrapper,1,1,False
BIN_7024922,wrapper,0,0,False
BIN_7025318,wrapper,1,1,False
BIN_7025937,injected,0,0,False
BIN_7026191,wrapper,1,1,False
BIN_7027234,wrapper,1,1,False
BIN_7027511,injected,0,0,False
BIN_7027646,wrapper,1,1,False
BIN_7027877,wrapper,0,0,False
BIN_7028735,wrapper,0,0,False
BIN_7029035,injected,0,0,False
BIN_7029268,wrapper,0,0,False
BIN_7029382,wrapper,1,1,False
BIN_7029494,injected,0,0,False
BIN_7029786,injected,1,1,False
BIN_7030209,wrapper,1,1,False
BIN_7030697,wrapper,1,1,False
BIN_7031459,wrapper,0,0,False
BIN_7031600,wrapper,1,1,False
BIN_7032258,wrapper,0,0,False
BIN_7032413,wrapper,1,1,False
BIN_7033769,wrapper,0,0,False
BIN_7034088,wrapper,0,0,False
BIN_7034626,wrapper,1,1,False
BIN_7034661,injected,0,0,False
BIN_7035443,wrapper,1,1,False
BIN_7035487,wrapper,0,0,False
BIN_7036214,wrapper,0,0,False
BIN_7036264,injected,0,0,False
BIN_7037043,wrapper,1,1,False
BIN_7037083,wrapper,0,0,False
BIN_7038290,wrapper,1,1,False
BIN_7038430,wrapper,0,0,False
BIN_7039660,injected,1,1,False
BIN_7039726,injected,1,1,False
BIN_7039845,wrapper,0,0,False
BIN_7039851,injected,1,1,False
BIN_7039860,injected,1,1,False
BIN_7041132,wrapper,1,1,False
BIN_7041308,wrapper,1,1,False
BIN_7041794,wrapper,0,0,False
BIN_7041877,injected,1,1,False
BIN_7043260,injected,0,0,False
BIN_7043848,wrapper,0,0,False
BIN_7044378,injected,1,1,False
BIN_7044622,wrapper,0,0,False
BIN_7045440,wrapper,1,1,False
BIN_7047118,wrapper,1,1,False
BIN_7047214,wrapper,0,0,False
BIN_7048542,injected,0,0,False
BIN_7049118,wrapper,1,1,False
BIN_7051112,injected,0,0,False
BIN_7051847,wrapper,0,0,False
BIN_7052153,wrapper,0,0,False
BIN_7053221,injected,0,0,False
BIN_7053399,wrapper,1,1,False
BIN_7053553,injected,0,0,False
BIN_7053639,injected,0,0,False
BIN_7054953,injected,1,1,False
BIN_7055015,wrapper,0,0,False
BIN_7055771,wrapper,1,1,False
BIN_7056199,wrapper,1,1,False
BIN_7056289,injected,1,1,False
BIN_7056389,wrapper,1,1,False
BIN_7056545,injected,1,1,False
BIN_7056852,wrapper,0,0,False
BIN_7058297,wrapper,0,0,False
BIN_7058347,injected,0,0,False
BIN_7058381,injected,1,1,False
BIN_7059138,wrapper,1,1,False
BIN_7060428,wrapper,0,0,False
BIN_7061051,injected,0,0,False
BIN_7061252,wrapper,1,1,False
BIN_7061729,injected,1,1,False
BIN_7061953,wrapper,0,0,False
BIN_7062341,wrapper,1,1,False
BIN_7063568,wrapper,0,0,False
BIN_7064765,injected,0,0,False
BIN_7065236,injected,1,1,False
BIN_7066125,wrapper,1,1,False
BIN_7066661,injected,1,1,False
BIN_7066856,injected,0,0,False
BIN_7067415,wrapper,0,0,False
BIN_7068101,injected,1,1,False
BIN_7068693,wrapper,0,0,False
BIN_7069770,wrapper,1,1,False
BIN_7070078,wrapper,0,0,False
BIN_7070081,wrapper,0,0,False
BIN_7070359,injected,1,1,False
BIN_7071061,wrapper,0,0,False
BIN_7071471,wrapper,0,0,False
BIN_7071938,injected,1,1,False
BIN_7073496,wrapper,0,0,False
BIN_7074699,wrapper,0,0,False
BIN_7075255,wrapper,0,0,False
BIN_7076505,injected,1,1,False
BIN_7077127,wrapper,1,1,False
BIN_7078401,wrapper,0,0,False
BIN_7078490,injected,1,1,False
BIN_7078789,injected,1,1,False
BIN_7080138,wrapper,1,1,False
BIN_7081802,injected,0,0,False
BIN_7081887,injected,0,0,False
BIN_7082610,wrapper,1,1,False
BIN_7082690,injected,1,1,False
BIN_7083312,wrapper,0,0,False
BIN_7083708,injected,1,1,False
BIN_7084577,injected,0,0,False
BIN_7086413,wrapper,1,1,False
BIN_7086549,wrapper,1,1,False
BIN_7087034,wrapper,0,0,False
BIN_7088434,injected,0,0,False
BIN_7090535,wrapper,1,1,False
BIN_7090905,injected,0,0,False
BIN_7091282,wrapper,0,0,False
BIN_7091624,wrapper,0,0,False
BIN_7092181,injected,0,0,False
BIN_7093274,wrapper,0,0,False
BIN_7093838,wrapper,1,1,False
BIN_7096110,injected,1,1,False
BIN_7096213,wrapper,0,0,False
BIN_7096593,wrapper,0,0,False
BIN_7098605,injected,0,0,False
BIN_7099243,wrapper,0,0,False
BIN_7099962,injected,1,1,False
BIN_7100330,wrapper,0,0,False
BIN_7100385,injected,0,0,False
BIN_7100526,wrapper,1,1,False
BIN_7100655,wrapper,0,0,False
BIN_7101096,wrapper,1,1,False
BIN_7101209,injected,0,0,False
BIN_7101373,wrapper,0,0,False
BIN_7101835,injected,1,1,False
BIN_7101919,wrapper,1,1,False
BIN_7101921,wrapper,0,0,False
BIN_7102365,wrapper,0,0,False
BIN_7102498,injected,1,1,False
BIN_7102784,wrapper,1,1,False
BIN_7102989,wrapper,1,1,False
BIN_7104777,wrapper,1,1,False
BIN_7106387,wrapper,1,1,False
BIN_7106418,wrapper,1,1,False
BIN_7106718,injected,1,1,False
BIN_7107282,injected,0,0,False
BIN_7108228,wrapper,0,0,False
BIN_7108543,wrapper,0,0,False
BIN_7108568,wrapper,1,1,False
BIN_7109864,wrapper,1,1,False
BIN_7110137,wrapper,0,0,False
BIN_7110298,wrapper,0,0,False
BIN_7110588,wrapper,1,1,False
BIN_7111196,wrapper,0,0,False
BIN_7112932,wrapper,0,0,False
BIN_7112998,injected,1,1,False
BIN_7113354,wrapper,1,1,False
BIN_7113712,wrapper,0,0,False
BIN_7113831,wrapper,0,0,False
BIN_7114038,wrapper,1,1,False
BIN_7114183,injected,1,1,False
BIN_7114781,wrapper,1,1,False
BIN_7115148,wrapper,1,1,False
BIN_7115597,wrapper,1,1,False
BIN_7117184,wrapper,1,1,False
BIN_7118147,wrapper,0,0,False
BIN_7120238,wrapper,1,1,False
BIN_7120252,wrapper,0,0,False
BIN_7120853,wrapper,0,0,False
BIN_7122601,wrapper,1,1,False
BIN_7123011,wrapper,1,1,False
BIN_7123340,wrapper,1,1,False
BIN_7123988,injected,0,0,False
BIN_7124329,wrapper,1,1,False
BIN_7124479,wrapper,0,0,False
BIN_7124866,injected,0,0,False
BIN_7129385,wrapper,1,1,False
BIN_7130750,injected,0,0,False
BIN_7130955,wrapper,1,1,False
BIN_7131035,wrapper,1,1,False
BIN_7131468,wrapper,0,0,False
BIN_7131864,wrapper,0,0,False
BIN_7132173,wrapper,1,1,False
BIN_7132189,wrapper,1,1,False
BIN_7132314,wrapper,1,1,False
BIN_7132942,wrapper,0,0,False
BIN_7133303,wrapper,1,1,False
BIN_7133435,wrapper,0,0,False
BIN_7133439,wrapper,1,1,False
BIN_7133844,injected,1,1,False
BIN_7134117,wrapper,1,1,False
BIN_7134330,wrapper,0,0,False
BIN_7137255,injected,0,0,False
BIN_7137537,wrapper,1,1,False
BIN_7138165,wrapper,0,0,False
BIN_7138500,injected,0,0,False
BIN_7138854,wrapper,0,0,False
BIN_7139440,wrapper,1,1,False
BIN_7139672,injected,0,0,False
BIN_7139879,injected,1,1,False
BIN_7140102,wrapper,1,1,False
BIN_7140110,injected,1,1,False
BIN_7140160,wrapper,1,1,False
BIN_7140540,wrapper,1,1,False
BIN_7140710,wrapper,0,0,False
BIN_7141053,wrapper,0,0,False
BIN_7141231,injected,1,1,False
BIN_7143095,injected,1,1,False
BIN_7143727,wrapper,1,1,False
BIN_7146341,wrapper,1,1,False
BIN_7146502,injected,1,1,False
BIN_7146662,wrapper,1,1,False
BIN_7147287,wrapper,0,0,False
BIN_7147917,injected,1,1,False
BIN_7149299,wrapper,0,0,False
BIN_7150718,wrapper,0,0,False
BIN_7150905,wrapper,0,0,False
BIN_7151175,wrapper,1,1,False
BIN_7151995,injected,1,1,False
BIN_7152259,wrapper,0,0,False
BIN_7152860,injected,1,1,False
BIN_7154103,injected,0,0,False
BIN_7154394,injected,0,0,False
BIN_7154605,injected,0,0,False
BIN_7155213,wrapper,0,0,False
BIN_7155399,wrapper,0,0,False
BIN_7155430,wrapper,0,0,False
BIN_7155784,injected,1,1,False
BIN_7158597,injected,0,0,False
BIN_7158674,wrapper,0,0,False
BIN_7159246,wrapper,0,0,False
BIN_7159706,wrapper,1,1,False
BIN_7159865,injected,0,0,False
BIN_7160127,wrapper,0,0,False
BIN_7160489,injected,0,0,False
BIN_7160949,wrapper,0,0,False
BIN_7161813,injected,0,0,False
BIN_7163641,injected,1,1,False
BIN_7165610,wrapper,0,0,False
BIN_7166475,wrapper,0,0,False
BIN_7167211,wrapper,0,0,False
BIN_7167370,wrapper,0,0,False
BIN_7168129,wrapper,0,0,False
BIN_7168683,wrapper,1,1,False
BIN_7168885,wrapper,0,0,False
BIN_7169882,injected,1,1,False
BIN_7171504,wrapper,0,0,False
BIN_7172062,wrapper,1,1,False
BIN_7172774,wrapper,1,1,False
BIN_7174610,injected,0,0,False
BIN_7174634,injected,0,0,False
BIN_7174693,wrapper,0,0,False
BIN_7176383,wrapper,0,0,False
BIN_7177328,wrapper,1,1,False
BIN_7177681,injected,1,1,False
BIN_7177832,injected,0,0,False
BIN_7178050,wrapper,1,1,False
BIN_7178913,wrapper,1,1,False
BIN_7179710,injected,0,0,False
BIN_7179795,wrapper,1,1,False
BIN_7180012,wrapper,0,0,False
BIN_7180929,wrapper,0,0,False
BIN_7181658,injected,0,0,False
BIN_7181677,wrapper,0,0,False
BIN_7181894,wrapper,0,0,False
BIN_7182317,wrapper,0,0,False
BIN_7182433,wrapper,1,1,False
BIN_7182611,wrapper,1,1,False
BIN_7183050,wrapper,1,1,False
BIN_7183389,injected,1,1,False
BIN_7183432,injected,1,1,False
BIN_7183678,wrapper,0,0,False
BIN_7183907,wrapper,1,1,False
BIN_7184013,injected,0,0,False
BIN_7184085,wrapper,0,0,False
BIN_7185738,injected,0,0,False
BIN_7186314,wrapper,0,0,False
BIN_7187925,wrapper,0,0,False
BIN_7187965,wrapper,0,0,False
BIN_7189068,injected,0,0,False
BIN_7190475,injected,1,1,False
BIN_7190797,injected,1,1,False
BIN_7190826,wrapper,0,0,False
BIN_7192211,wrapper,0,0,False
BIN_7192583,wrapper,1,1,False
BIN_7192633,wrapper,0,0,False
BIN_7193465,wrapper,1,1,False
BIN_7193687,wrapper,0,0,False
BIN_7194262,wrapper,0,0,False
BIN_7194302,wrapper,0,0,False
BIN_7194374,wrapper,1,1,False
BIN_7194463,injected,1,1,False
BIN_7194723,injected,0,0,False
BIN_7195488,wrapper,1,1,False
BIN_7196511,wrapper,0,0,False
BIN_7198213,wrapper,1,1,False
BIN_7198327,wrapper,1,1,False
BIN_7198653,wrapper,1,1,False
BIN_7200856,injected,0,0,False
BIN_7201442,wrapper,1,1,False
BIN_7201739,wrapper,0,0,False
BIN_7201845,wrapper,0,0,False
BIN_7202112,wrapper,0,0,False
BIN_7203834,wrapper,0,0,False
BIN_7203996,injected,1,1,False
BIN_7204261,wrapper,1,1,False
BIN_7205417,wrapper,0,0,False
BIN_7205419,wrapper,0,0,False
BIN_7205889,injected,0,0,False
BIN_7206795,injected,0,0,False
BIN_7208466,wrapper,0,0,False
BIN_7210543,wrapper,0,0,False
BIN_7211144,injected,0,0,False
BIN_7211197,injected,1,1,False
BIN_7211736,wrapper,0,0,False
BIN_7212877,wrapper,1,1,False
BIN_7213234,injected,0,0,False
BIN_7213575,injected,1,1,False
BIN_7213781,injected,1,1,False
BIN_7213933,injected,0,0,False
BIN_7214449,wrapper,0,0,False
BIN_7214518,wrapper,1,1,False
BIN_7215162,wrapper,1,1,False
BIN_7215413,wrapper,1,1,False
BIN_7215675,wrapper,0,0,False
BIN_7216626,wrapper,1,1,False
BIN_7217627,wrapper,1,1,False
BIN_7219035,wrapper,0,0,False
BIN_7219511,wrapper,1,1,False
BIN_7219714,wrapper,0,0,False
BIN_7220190,wrapper,0,0,False
BIN_7220534,wrapper,1,1,False
BIN_7221362,wrapper,0,0,False
BIN_7221819,wrapper,1,1,False
BIN_7222623,wrapper,0,0,False
BIN_7223045,injected,1,1,False
BIN_7223825,wrapper,0,0,False
BIN_7224014,injected,0,0,False
BIN_7224064,wrapper,0,0,False
BIN_7224423,injected,0,0,False
BIN_7224595,wrapper,1,1,False
BIN_7227549,wrapper,1,1,False
BIN_7228437,injected,0,0,False
BIN_7228574,wrapper,1,1,False
BIN_7229669,injected,0,0,False
BIN_7230157,injected,1,1,False
BIN_7230447,wrapper,1,1,False
BIN_7230950,wrapper,1,1,False
BIN_7232128,wrapper,1,1,False
BIN_7232731,injected,1,1,False
BIN_7233054,injected,1,1,False
BIN_7233290,injected,0,0,False
BIN_7233497,wrapper,1,1,False
BIN_7233864,injected,1,1,False
BIN_7233993,injected,1,1,False
BIN_7234126,wrapper,0,0,False
BIN_7234419,wrapper,0,0,False
BIN_7237012,injected,1,1,False
BIN_7237891,wrapper,0,0,False
BIN_7238951,wrapper,1,1,False
BIN_7239397,injected,1,1,False
BIN_7239655,injected,0,0,False
BIN_7241617,injected,1,1,False
BIN_7241880,wrapper,1,1,False
BIN_7242410,injected,0,0,False
BIN_7242902,injected,1,1,False
BIN_7243932,wrapper,0,0,False
BIN_7244046,wrapper,0,0,False
BIN_7244436,wrapper,0,0,False
BIN_7244684,wrapper,1,1,False
BIN_7245375,wrapper,1,1,False
BIN_7246489,wrapper,0,0,False
BIN_7247480,injected,0,0,False
BIN_7248818,wrapper,0,0,False
BIN_7249484,wrapper,0,0,False
BIN_7249524,injected,1,1,False
BIN_7251279,wrapper,0,0,False
BIN_7251295,injected,0,0,False
BIN_7251626,wrapper,1,1,False
BIN_7251786,injected,0,0,False
BIN_7253047,injected,0,0,False
BIN_7253518,injected,1,1,False
BIN_7253736,injected,0,0,False
BIN_7254815,wrapper,1,1,False
BIN_7255630,wrapper,0,0,False
BIN_7257399,injected,1,1,False
BIN_7259653,injected,0,0,False
BIN_7259911,wrapper,1,1,False
BIN_7260072,wrapper,1,1,False
BIN_7260546,wrapper,1,1,False
BIN_7261135,wrapper,0,0,False
BIN_7261503,wrapper,1,1,False
BIN_7264619,wrapper,0,0,False
BIN_7264707,injected,0,0,False
BIN_7265330,wrapper,1,1,False
BIN_7265740,injected,1,1,False
BIN_7266387,wrapper,0,0,False
BIN_7266522,wrapper,1,1,False
BIN_7266670,injected,1,1,False
BIN_7266791,wrapper,1,1,False
BIN_7267802,wrapper,1,1,False
BIN_7268059,wrapper,0,0,False
BIN_7268196,wrapper,1,1,False
BIN_7269133,wrapper,1,1,False
BIN_7269362,wrapper,0,0,False
BIN_7270205,wrapper,1,1,False
BIN_7270504,wrapper,0,0,False
BIN_7271132,wrapper,1,1,False
BIN_7271606,wrapper,0,0,False
BIN_7272195,injected,1,1,False
BIN_7272665,wrapper,0,0,False
BIN_7272806,wrapper,1,1,False
BIN_7273650,injected,0,0,False
BIN_7273745,injected,0,0,False
BIN_7275670,wrapper,0,0,False
BIN_7275848,wrapper,1,1,False
BIN_7276434,injected,1,1,False
BIN_7277257,wrapper,1,1,False
BIN_7278548,injected,1,1,False
BIN_7279290,wrapper,1,1,False
BIN_7279430,wrapper,0,0,False
BIN_7280866,injected,1,1,False
BIN_7281002,wrapper,0,0,False
BIN_7281222,wrapper,0,0,False
BIN_7281635,wrapper,1,1,False
BIN_7282052,wrapper,1,1,False
BIN_7282079,wrapper,0,0,False
BIN_7282308,wrapper,0,0,False
BIN_7282820,wrapper,0,0,False
BIN_7283384,injected,0,0,False
BIN_7283586,wrapper,0,0,False
BIN_7285423,wrapper,1,1,False
BIN_7285977,wrapper,0,0,False
BIN_7286107,wrapper,0,0,False
BIN_7286340,injected,0,0,False
BIN_7286817,wrapper,1,1,False
BIN_7287191,wrapper,1,1,False
BIN_7287877,wrapper,1,1,False
BIN_7289133,wrapper,1,1,False
BIN_7289715,wrapper,0,0,False
BIN_7289750,wrapper,1,1,False
BIN_7290141,wrapper,1,1,False
BIN_7290168,wrapper,0,0,False
BIN_7290414,wrapper,1,1,False
BIN_7290575,wrapper,1,1,False
BIN_7291557,wrapper,1,1,False
BIN_7291769,wrapper,1,1,False
BIN_7291924,wrapper,1,1,False
BIN_7292074,wrapper,1,1,False
BIN_7293168,injected,0,0,False
BIN_7293412,injected,1,1,False
BIN_7293569,injected,1,1,False
BIN_7293792,wrapper,0,0,False
BIN_7293958,injected,0,0,False
BIN_7295342,injected,1,1,False
BIN_7295686,injected,0,0,False
BIN_7296768,wrapper,1,1,False
BIN_7297277,wrapper,1,1,False
BIN_7298339,injected,0,0,False
BIN_7299568,injected,0,0,False
BIN_7300024,wrapper,1,1,False
BIN_7300705,wrapper,1,1,False
BIN_7300982,wrapper,1,1,False
BIN_7301588,wrapper,0,0,False
BIN_7302882,wrapper,1,1,False
BIN_7303718,injected,0,0,False
BIN_7304155,wrapper,0,0,False
BIN_7304434,wrapper,1,1,False
BIN_7305146,injected,0,0,False
BIN_7306315,wrapper,0,0,False
BIN_7306601,wrapper,1,1,False
BIN_7306769,wrapper,0,0,False
BIN_7307351,wrapper,0,0,False
BIN_7308364,injected,0,0,False
BIN_7308633,injected,0,0,False
BIN_7308747,wrapper,0,0,False
BIN_7309040,wrapper,1,1,False
BIN_7309511,injected,0,0,False
BIN_7309551,wrapper,0,0,False
BIN_7309797,wrapper,0,0,False
BIN_7310119,wrapper,0,0,False
BIN_7311290,injected,0,0,False
BIN_7311673,injected,0,0,False
BIN_7311982,wrapper,0,0,False
BIN_7313753,wrapper,0,0,False
BIN_7313962,wrapper,1,1,False
BIN_7315311,wrapper,1,1,False
BIN_7315628,wrapper,1,1,False
BIN_7316407,wrapper,0,0,False
BIN_7316677,wrapper,1,1,False
BIN_7317631,injected,0,0,False
BIN_7318380,injected,0,0,False
BIN_7319013,wrapper,1,1,False
BIN_7319795,wrapper,0,0,False
BIN_7319833,wrapper,0,0,False
BIN_7319875,wrapper,1,1,False
BIN_7320453,wrapper,1,1,False
BIN_7320946,wrapper,1,1,False
BIN_7321453,injected,0,0,False
BIN_7321565,wrapper,1,1,False
BIN_7321787,wrapper,1,1,False
BIN_7321908,wrapper,1,1,False
BIN_7322262,injected,0,0,False
BIN_7322407,wrapper,0,0,False
BIN_7323343,wrapper,0,0,False
BIN_7323510,wrapper,1,1,False
BIN_7323858,injected,1,1,False
BIN_7324277,wrapper,0,0,False
BIN_7324303,wrapper,0,0,False
BIN_7324369,wrapper,0,0,False
BIN_7325163,injected,1,1,False
BIN_7325490,wrapper,0,0,False
BIN_7325595,injected,1,1,False
BIN_7326285,injected,0,0,False
BIN_7326362,injected,1,1,False
BIN_7327518,injected,1,1,False
BIN_7329403,wrapper,1,1,False
BIN_7330217,wrapper,1,1,False
BIN_7330346,wrapper,0,0,False
BIN_7331034,wrapper,0,0,False
BIN_7333683,injected,0,0,False
BIN_7334045,injected,1,1,False
BIN_7334807,wrapper,1,1,False
BIN_7335459,injected,0,0,False
BIN_7335609,injected,0,0,False
BIN_7335822,wrapper,0,0,False
BIN_7336101,injected,1,1,False
BIN_7336701,injected,0,0,False
BIN_7336803,wrapper,1,1,False
BIN_7337415,wrapper,1,1,False
BIN_7338127,wrapper,1,1,False
BIN_7339794,wrapper,1,1,False
BIN_7339914,injected,1,1,False
BIN_7340886,wrapper,0,0,False
BIN_7341953,wrapper,0,0,False
BIN_7341991,wrapper,0,0,False
BIN_7342796,injected,1,1,False
BIN_7342945,injected,1,1,False
BIN_7343560,wrapper,0,0,False
BIN_7344071,wrapper,0,0,False
BIN_7344276,wrapper,1,1,False
BIN_7344971,injected,1,1,False
BIN_7345434,wrapper,1,1,False
BIN_7345496,wrapper,0,0,False
BIN_7345510,wrapper,0,0,False
BIN_7345837,wrapper,0,0,False
BIN_7346267,wrapper,1,1,False
BIN_7347024,wrapper,1,1,False
BIN_7349090,wrapper,0,0,False
BIN_7349225,injected,0,0,False
BIN_7350076,wrapper,1,1,False
BIN_7350085,wrapper,1,1,False
BIN_7352391,injected,1,1,False
BIN_7354099,wrapper,1,1,False
BIN_7354212,wrapper,1,1,False
BIN_7354334,wrapper,0,0,False
BIN_7354923,wrapper,0,0,False
BIN_7356126,wrapper,0,0,False
BIN_7357035,wrapper,0,0,False
BIN_7357420,wrapper,1,1,False
BIN_7359547,wrapper,1,1,False
BIN_7359827,wrapper,1,1,False
BIN_7359842,injected,1,1,False
BIN_7360875,injected,0,0,False
BIN_7361777,wrapper,0,0,False
BIN_7361999,wrapper,1,1,False
BIN_7362718,wrapper,0,0,False
BIN_7362973,wrapper,1,1,False
BIN_7363665,wrapper,0,0,False
BIN_7363939,wrapper,0,0,False
BIN_7364204,injected,0,0,False
BIN_7364294,injected,1,1,False
BIN_7365267,wrapper,0,0,False
BIN_7366760,wrapper,1,1,False
BIN_7367273,injected,0,0,False
BIN_7367365,wrapper,1,1,False
BIN_7368724,wrapper,0,0,False
BIN_7369356,injected,0,0,False
BIN_7370421,wrapper,1,1,False
BIN_7370586,wrapper,0,0,False
BIN_7370592,wrapper,0,0,False
BIN_7373100,injected,1,1,False
BIN_7375070,injected,0,0,False
BIN_7376219,wrapper,0,0,False
BIN_7376949,wrapper,0,0,False
BIN_7376954,injected,0,0,False
BIN_7377262,wrapper,1,1,False
BIN_7379173,wrapper,0,0,False
BIN_7379179,injected,1,1,False
BIN_7380356,wrapper,1,1,False
BIN_7380988,wrapper,0,0,False
BIN_7382674,wrapper,0,0,False
BIN_7383567,injected,0,0,False
BIN_7384132,wrapper,0,0,False
BIN_7384616,injected,0,0,False
BIN_7385263,wrapper,1,1,False
BIN_7386116,injected,1,1,False
BIN_7386662,wrapper,1,1,False
BIN_7386696,wrapper,0,0,False
BIN_7387004,wrapper,0,0,False
BIN_7387243,injected,1,1,False
BIN_7387259,wrapper,1,1,False
BIN_7388469,wrapper,0,0,False
BIN_7389423,wrapper,1,1,False
BIN_7390298,wrapper,0,0,False
BIN_7390675,injected,1,1,False
BIN_7391314,injected,1,1,False
BIN_7392395,injected,1,1,False
BIN_7392556,wrapper,1,1,False
BIN_7393150,injected,1,1,False
BIN_7394487,injected,0,0,False
BIN_7395136,wrapper,0,0,False
BIN_7395382,wrapper,0,0,False
BIN_7396799,wrapper,1,1,False
BIN_7397874,wrapper,1,1,False
BIN_7398286,wrapper,1,1,False
BIN_7398585,wrapper,1,1,False
BIN_7399767,wrapper,1,1,False
BIN_7399836,wrapper,0,0,False
BIN_7401557,injected,0,0,False
BIN_7402061,injected,1,1,False
BIN_7403839,wrapper,1,1,False
BIN_7405824,wrapper,1,1,False
BIN_7405854,wrapper,0,0,False
BIN_7405923,injected,0,0,False
BIN_7406317,wrapper,0,0,False
BIN_7406402,wrapper,1,1,False
BIN_7407207,wrapper,0,0,False
BIN_7407904,wrapper,1,1,False
BIN_7408302,injected,0,0,False
BIN_7408536,wrapper,0,0,False
BIN_7408991,injected,0,0,False
BIN_7409914,wrapper,1,1,False
BIN_7410305,wrapper,1,1,False
BIN_7410390,wrapper,0,0,False
BIN_7410778,wrapper,0,0,False
BIN_7411169,wrapper,0,0,False
BIN_7411613,wrapper,1,1,False
BIN_7413312,injected,0,0,False
BIN_7414309,wrapper,0,0,False
BIN_7414715,wrapper,1,1,False
BIN_7415308,wrapper,1,1,False
BIN_7415884,injected,0,0,False
BIN_7417930,wrapper,0,0,False
BIN_7418020,injected,0,0,False
BIN_7418505,wrapper,0,0,False
BIN_7419458,wrapper,0,0,False
BIN_7419901,wrapper,0,0,False
BIN_7420585,injected,0,0,False
BIN_7421063,wrapper,1,1,False
BIN_7421142,wrapper,1,1,False
BIN_7421597,wrapper,1,1,False
BIN_7422748,wrapper,0,0,False
BIN_7423828,injected,0,0,False
BIN_7424196,wrapper,0,0,False
BIN_7425563,injected,0,0,False
BIN_7425946,wrapper,1,1,False
BIN_7427396,injected,0,0,False
BIN_7428622,wrapper,1,1,False
BIN_7428909,wrapper,1,1,False
BIN_7429812,injected,0,0,False
BIN_7430345,wrapper,1,1,False
BIN_7431723,wrapper,0,0,False
BIN_7432042,wrapper,1,1,False
BIN_7432597,injected,0,0,False
BIN_7432897,wrapper,0,0,False
BIN_7433229,injected,1,1,False
BIN_7433488,injected,1,1,False
BIN_7433544,wrapper,1,1,False
BIN_7433695,injected,1,1,False
BIN_7434117,wrapper,1,1,False
BIN_7434539,wrapper,1,1,False
BIN_7434700,wrapper,1,1,False
BIN_7434751,wrapper,1,1,False
BIN_7435049,wrapper,0,0,False
BIN_7435248,injected,0,0,False
BIN_7436333,injected,1,1,False
BIN_7437182,wrapper,1,1,False
BIN_7437424,wrapper,1,1,False
BIN_7438204,wrapper,1,1,False
BIN_7438597,wrapper,1,1,False
BIN_7439482,wrapper,1,1,False
BIN_7439710,wrapper,0,0,False
BIN_7439748,wrapper,0,0,False
BIN_7440959,injected,0,0,False
BIN_7442718,wrapper,0,0,False
BIN_7443339,injected,1,1,False
BIN_7443743,injected,0,0,False
BIN_7444134,wrapper,1,1,False
BIN_7445476,wrapper,1,1,False
BIN_7446398,injected,1,1,False
BIN_7446531,injected,0,0,False
BIN_7446765,wrapper,0,0,False
BIN_7446847,wrapper,0,0,False
BIN_7447741,wrapper,0,0,False
BIN_7447829,wrapper,1,1,False
BIN_7448286,injected,1,1,False
BIN_7449810,wrapper,0,0,False
BIN_7449990,wrapper,0,0,False
BIN_7450240,wrapper,1,1,False
BIN_7450262,wrapper,1,1,False
BIN_7450358,injected,0,0,False
BIN_7450680,injected,0,0,False
BIN_7450958,injected,0,0,False
BIN_7451051,wrapper,1,1,False
BIN_7452767,wrapper,1,1,False
BIN_7452838,wrapper,0,0,False
BIN_7453452,injected,1,1,False
BIN_7453729,injected,1,1,False
BIN_7454154,injected,0,0,False
BIN_7454462,wrapper,1,1,False
BIN_7455100,injected,0,0,False
BIN_7455539,wrapper,1,1,False
BIN_7456049,wrapper,0,0,False
BIN_7458053,wrapper,1,1,False
BIN_7458812,wrapper,0,0,False
BIN_7459608,wrapper,0,0,False
BIN_7459755,wrapper,1,1,False
BIN_7460179,wrapper,0,0,False
BIN_7460690,wrapper,1,1,False
BIN_7461231,wrapper,0,0,False
BIN_7461323,wrapper,0,0,False
BIN_7461452,wrapper,0,0,False
BIN_7461535,wrapper,0,0,False
BIN_7461680,injected,0,0,False
BIN_7461819,wrapper,1,1,False
BIN_7461902,wrapper,0,0,False
BIN_7462820,wrapper,1,1,False
BIN_7462857,wrapper,1,1,False
BIN_7463394,injected,0,0,False
BIN_7465123,wrapper,0,0,False
BIN_7466192,wrapper,1,1,False
BIN_7467388,wrapper,0,0,False
BIN_7467496,injected,0,0,False
BIN_7467540,wrapper,0,0,False
BIN_7467550,wrapper,1,1,False
BIN_7467826,injected,0,0,False
BIN_7468695,wrapper,0,0,False
BIN_7469032,wrapper,1,1,False
BIN_7469065,wrapper,0,0,False
BIN_7469487,wrapper,0,0,False
BIN_7469694,injected,1,1,False
BIN_7470299,wrapper,1,1,False
BIN_7470370,injected,1,1,False
BIN_7470429,injected,0,0,False
BIN_7470474,injected,0,0,False
BIN_7471662,wrapper,0,0,False
BIN_7472264,wrapper,0,0,False
BIN_7472493,injected,0,0,False
BIN_7473453,injected,0,0,False
BIN_7473844,wrapper,0,0,False
BIN_7474129,injected,1,1,False
BIN_7474269,wrapper,1,1,False
BIN_7474759,injected,1,1,False
BIN_7474882,wrapper,1,1,False
BIN_7475188,wrapper,0,0,False
BIN_7476104,wrapper,1,1,False
BIN_7476130,injected,1,1,False
BIN_7479381,wrapper,1,1,False
BIN_7479494,injected,1,1,False
BIN_7479617,wrapper,1,1,False
BIN_7480847,injected,1,1,False
BIN_7481514,injected,1,1,False
BIN_7482272,wrapper,1,1,False
BIN_7482476,wrapper,0,0,False
BIN_7482784,wrapper,0,0,False
BIN_7483747,wrapper,0,0,False
BIN_7483809,wrapper,1,1,False
BIN_7484408,wrapper,0,0,False
BIN_7485271,wrapper,1,1,False
BIN_7485999,wrapper,0,0,False
BIN_7486208,wrapper,0,0,False
BIN_7486378,injected,0,0,False
BIN_7486447,injected,0,0,False
BIN_7486463,wrapper,0,0,False
BIN_7486660,wrapper,1,1,False
BIN_7487241,injected,0,0,False
BIN_7488428,wrapper,0,0,False
BIN_7488797,wrapper,0,0,False
BIN_7488907,wrapper,1,1,False
BIN_7489307,wrapper,0,0,False
BIN_7489323,wrapper,0,0,False
BIN_7490152,wrapper,1,1,False
BIN_7490744,wrapper,1,1,False
BIN_7491170,wrapper,0,0,False
BIN_7491292,injected,1,1,False
BIN_7492970,wrapper,1,1,False
BIN_7493438,wrapper,0,0,False
BIN_7493762,wrapper,1,1,False
BIN_7494018,injected,0,0,False
BIN_7494461,wrapper,0,0,False
BIN_7495885,wrapper,1,1,False
BIN_7496308,injected,0,0,False
BIN_7496512,injected,1,1,False
BIN_7497777,injected,0,0,False
BIN_7498709,injected,0,0,False
BIN_7498754,wrapper,0,0,False
BIN_7499518,wrapper,1,1,False
BIN_7499526,wrapper,0,0,False
BIN_7500063,wrapper,1,1,False
BIN_7500075,wrapper,0,0,False
BIN_7500098,injected,0,0,False
BIN_7500433,injected,1,1,False
BIN_7500457,injected,0,0,False
BIN_7500984,injected,1,1,False
BIN_7501549,wrapper,1,1,False
BIN_7502423,injected,1,1,False
BIN_7502471,wrapper,0,0,False
BIN_7503294,wrapper,1,1,False
BIN_7505580,wrapper,0,0,False
BIN_7506478,wrapper,1,1,False
BIN_7506902,injected,1,1,False
BIN_7507073,injected,0,0,False
BIN_7507352,wrapper,1,1,False
BIN_7507572,injected,1,1,False
BIN_7508375,injected,1,1,False
BIN_7510856,wrapper,1,1,False
BIN_7511265,wrapper,0,0,False
BIN_7511627,wrapper,1,1,False
BIN_7511686,injected,0,0,False
BIN_7511779,wrapper,1,1,False
BIN_7511964,wrapper,1,1,False
BIN_7512283,injected,1,1,False
BIN_7512770,injected,0,0,False
BIN_7513882,wrapper,0,0,False
BIN_7514284,wrapper,0,0,False
BIN_7515031,injected,1,1,False
BIN_7515091,injected,0,0,False
BIN_7515407,injected,0,0,False
BIN_7516303,wrapper,1,1,False
BIN_7516765,injected,1,1,False
BIN_7516836,injected,1,1,False
BIN_7517028,wrapper,1,1,False
BIN_7517065,injected,1,1,False
BIN_7517177,wrapper,0,0,False
BIN_7517831,wrapper,1,1,False
BIN_7518085,injected,1,1,False
BIN_7518508,wrapper,1,1,False
BIN_7518626,wrapper,0,0,False
BIN_7518839,injected,1,1,False
BIN_7518853,injected,1,1,False
BIN_7519045,injected,1,1,False
BIN_7519074,wrapper,0,0,False
BIN_7519250,wrapper,0,0,False
BIN_7519679,wrapper,0,0,False
BIN_7519736,wrapper,0,0,False
BIN_7520327,injected,0,0,False
BIN_7520534,wrapper,0,0,False
BIN_7522070,wrapper,0,0,False
BIN_7523814,injected,0,0,False
BIN_7524230,injected,1,1,False
BIN_7524320,injected,0,0,False
BIN_7525274,wrapper,1,1,False
BIN_7525370,injected,1,1,False
BIN_7527220,injected,0,0,False
BIN_7527273,wrapper,1,1,False
BIN_7528475,injected,0,0,False
BIN_7528575,injected,0,0,False
BIN_7530032,wrapper,1,1,False
BIN_7530369,wrapper,1,1,False
BIN_7531345,wrapper,1,1,False
BIN_7531930,wrapper,0,0,False
BIN_7532158,injected,1,1,False
BIN_7532376,wrapper,0,0,False
BIN_7532486,injected,1,1,False
BIN_7533634,wrapper,0,0,False
BIN_7534533,wrapper,0,0,False
BIN_7534849,injected,1,1,False
BIN_7536523,wrapper,1,1,False
BIN_7536758,wrapper,0,0,False
BIN_7537299,wrapper,0,0,False
BIN_7537479,injected,1,1,False
BIN_7538851,wrapper,0,0,False
BIN_7539170,wrapper,1,1,False
BIN_7539594,injected,0,0,False
BIN_7539762,wrapper,0,0,False
BIN_7540883,injected,0,0,False
BIN_7543034,wrapper,0,0,False
BIN_7543264,wrapper,0,0,False
BIN_7543550,injected,1,1,False
BIN_7543628,injected,1,1,False
BIN_7546193,injected,1,1,False
BIN_7546520,wrapper,0,0,False
BIN_7546676,injected,0,0,False
BIN_7546889,wrapper,1,1,False
BIN_7547768,wrapper,0,0,False
BIN_7549050,wrapper,0,0,False
BIN_7549770,wrapper,1,1,False
BIN_7550005,wrapper,1,1,False
BIN_7550266,wrapper,0,0,False
BIN_7550994,wrapper,0,0,False
BIN_7551691,injected,1,1,False
BIN_7551867,wrapper,0,0,False
BIN_7552249,wrapper,0,0,False
BIN_7553290,wrapper,0,0,False
BIN_7554558,wrapper,1,1,False
BIN_7554725,wrapper,0,0,False
BIN_7556337,wrapper,0,0,False
BIN_7556545,wrapper,1,1,False
BIN_7557906,wrapper,1,1,False
BIN_7558010,injected,1,1,False
BIN_7559048,wrapper,0,0,False
BIN_7559668,wrapper,1,1,False
BIN_7559702,injected,0,0,False
BIN_7560158,wrapper,1,1,False
BIN_7561118,wrapper,0,0,False
BIN_7561142,wrapper,1,1,False
BIN_7561511,wrapper,0,0,False
BIN_7561624,injected,1,1,False
BIN_7563148,wrapper,1,1,False
BIN_7563690,wrapper,1,1,False
BIN_7564211,wrapper,1,1,False
BIN_7567515,injected,0,0,False
BIN_7568259,wrapper,1,1,False
BIN_7568423,wrapper,0,0,False
BIN_7569271,injected,1,1,False
BIN_7570358,wrapper,0,0,False
BIN_7570850,wrapper,0,0,False
BIN_7571763,injected,0,0,False
BIN_7572372,wrapper,1,1,False
BIN_7572643,wrapper,0,0,False
BIN_7573576,wrapper,0,0,False
BIN_7573579,wrapper,0,0,False
BIN_7573742,injected,1,1,False
BIN_7573747,wrapper,1,1,False
BIN_7575716,wrapper,1,1,False
BIN_7576138,wrapper,1,1,False
BIN_7576225,injected,1,1,False
BIN_7576470,wrapper,1,1,False
BIN_7576528,wrapper,1,1,False
BIN_7576919,wrapper,0,0,False
BIN_7578151,injected,1,1,False
BIN_7578377,wrapper,0,0,False
BIN_7579201,injected,0,0,False
BIN_7580772,injected,1,1,False
BIN_7581567,wrapper,0,0,False
BIN_7581835,wrapper,1,1,False
BIN_7581939,injected,1,1,False
BIN_7582886,injected,0,0,False
BIN_7582953,injected,1,1,False
BIN_7583665,injected,1,1,False
BIN_7583904,wrapper,0,0,False
BIN_7585428,wrapper,1,1,False
BIN_7585675,wrapper,1,1,False
BIN_7585870,wrapper,1,1,False
BIN_7586309,injected,0,0,False
BIN_7586859,wrapper,1,1,False
BIN_7587225,wrapper,0,0,False
BIN_7587541,wrapper,0,0,False
BIN_7589302,wrapper,1,1,False
BIN_7589716,wrapper,0,0,False
BIN_7590607,wrapper,0,0,False
BIN_7591008,wrapper,1,1,False
BIN_7591263,injected,0,0,False
BIN_7591956,wrapper,0,0,False
BIN_7592163,wrapper,1,1,False
BIN_7592318,wrapper,0,0,False
BIN_7593134,injected,1,1,False
BIN_7593145,wrapper,0,0,False
BIN_7593152,wrapper,0,0,False
BIN_7593252,injected,0,0,False
BIN_7593292,wrapper,0,0,False
BIN_7593713,wrapper,0,0,False
BIN_7594207,wrapper,1,1,False
BIN_7594691,wrapper,1,1,False
BIN_7595042,wrapper,1,1,False
BIN_7595409,injected,1,1,False
BIN_7596489,injected,1,1,False
BIN_7596678,injected,1,1,False
BIN_7597784,wrapper,0,0,False
BIN_7598727,injected,1,1,False
BIN_7600133,wrapper,0,0,False
BIN_7600179,injected,0,0,False
BIN_7600964,wrapper,0,0,False
BIN_7601297,injected,0,0,False
BIN_7602192,wrapper,0,0,False
BIN_7604304,wrapper,0,0,False
BIN_7604518,wrapper,1,1,False
BIN_7604848,wrapper,0,0,False
BIN_7605444,injected,0,0,False
BIN_7605599,wrapper,0,0,False
BIN_7605994,wrapper,0,0,False
BIN_7606396,wrapper,0,0,False
BIN_7606787,wrapper,0,0,False
BIN_7606798,injected,1,1,False
BIN_7606889,wrapper,0,0,False
BIN_7606938,injected,0,0,False
BIN_7607108,injected,0,0,False
BIN_7609677,wrapper,1,1,False
BIN_7609928,wrapper,1,1,False
BIN_7610211,wrapper,0,0,False
BIN_7610276,wrapper,0,0,False
BIN_7610319,injected,1,1,False
BIN_7610760,injected,1,1,False
BIN_7611677,injected,1,1,False
BIN_7611942,wrapper,1,1,False
BIN_7612349,injected,1,1,False
BIN_7613532,wrapper,1,1,False
BIN_7613656,wrapper,1,1,False
BIN_7613973,wrapper,1,1,False
BIN_7614640,wrapper,0,0,False
BIN_7615059,injected,0,0,False
BIN_7616199,wrapper,0,0,False
BIN_7616671,wrapper,0,0,False
BIN_7616695,wrapper,1,1,False
BIN_7616750,wrapper,0,0,False
BIN_7618229,wrapper,0,0,False
BIN_7618299,wrapper,0,0,False
BIN_7620196,injected,0,0,False
BIN_7620697,wrapper,1,1,False
BIN_7621791,injected,1,1,False
BIN_7621884,injected,0,0,False
BIN_7622545,wrapper,0,0,False
BIN_7622946,wrapper,1,1,False
BIN_7624350,wrapper,1,1,False
BIN_7624488,injected,1,1,False
BIN_7624697,injected,0,0,False
BIN_7625233,injected,0,0,False
BIN_7625751,injected,1,1,False
BIN_7625918,injected,0,0,False
BIN_7625961,injected,1,1,False
BIN_7629279,injected,0,0,False
BIN_7629467,wrapper,1,1,False
BIN_7629623,wrapper,1,1,False
BIN_7631026,injected,0,0,False
BIN_7631205,wrapper,1,1,False
BIN_7631983,wrapper,1,1,False
BIN_7632076,wrapper,1,1,False
BIN_7632368,wrapper,0,0,False
BIN_7632399,wrapper,1,1,False
BIN_7633207,wrapper,1,1,False
BIN_7633759,wrapper,0,0,False
BIN_7634559,wrapper,0,0,False
BIN_7635018,wrapper,1,1,False
BIN_7635139,wrapper,0,0,False
BIN_7635969,wrapper,0,0,False
BIN_7636287,wrapper,1,1,False
BIN_7636820,wrapper,1,1,False
BIN_7637104,wrapper,0,0,False
BIN_7637828,wrapper,0,0,False
BIN_7639469,injected,1,1,False
BIN_7639708,injected,1,1,False
BIN_7640099,wrapper,1,1,False
BIN_7640183,wrapper,1,1,False
BIN_7640907,injected,0,0,False
BIN_7641068,wrapper,1,1,False
BIN_7641624,wrapper,0,0,False
BIN_7642724,injected,0,0,False
BIN_7642821,wrapper,1,1,False
BIN_7643038,injected,1,1,False
BIN_7643081,injected,1,1,False
BIN_7643666,injected,0,0,False
BIN_7643734,injected,0,0,False
BIN_7644601,injected,1,1,False
BIN_7644963,wrapper,0,0,False
BIN_7645029,injected,1,1,False
BIN_7645509,wrapper,1,1,False
BIN_7646289,injected,1,1,False
BIN_7647005,wrapper,1,1,False
BIN_7647272,wrapper,0,0,False
BIN_7647536,injected,1,1,False
BIN_7647998,wrapper,1,1,False
BIN_7648315,wrapper,0,0,False
BIN_7648406,injected,0,0,False
BIN_7648518,wrapper,1,1,False
BIN_7648565,wrapper,0,0,False
BIN_7649326,wrapper,0,0,False
BIN_7649397,wrapper,0,0,False
BIN_7649590,injected,0,0,False
BIN_7650122,injected,1,1,False
BIN_7650801,injected,1,1,False
BIN_7652078,injected,0,0,False
BIN_7652397,injected,1,1,False
BIN_7653015,injected,0,0,False
BIN_7654687,wrapper,1,1,False
BIN_7654851,wrapper,1,1,False
BIN_7656418,wrapper,0,0,False
BIN_7657702,wrapper,0,0,False
BIN_7657892,injected,1,1,False
BIN_7658345,injected,0,0,False
BIN_7658754,wrapper,0,0,False
BIN_7659015,injected,0,0,False
BIN_7659557,wrapper,1,1,False
BIN_7660145,injected,0,0,False
BIN_7660261,injected,1,1,False
BIN_7660826,wrapper,1,1,False
BIN_7660938,wrapper,1,1,False
BIN_7662874,wrapper,1,1,False
BIN_7663395,wrapper,1,1,False
BIN_7663622,injected,0,0,False
BIN_7664965,wrapper,1,1,False
BIN_7665512,wrapper,0,0,False
BIN_7665872,injected,1,1,False
BIN_7666437,wrapper,0,0,False
BIN_7667538,wrapper,1,1,False
BIN_7667787,injected,1,1,False
BIN_7669706,wrapper,0,0,False
BIN_7670186,injected,1,1,False
BIN_7670552,wrapper,0,0,False
BIN_7670932,wrapper,0,0,False
BIN_7672352,wrapper,1,1,False
BIN_7672725,wrapper,0,0,False
BIN_7672950,wrapper,1,1,False
BIN_7673285,injected,1,1,False
BIN_7673423,wrapper,0,0,False
BIN_7675059,wrapper,1,1,False
BIN_7676003,injected,1,1,False
BIN_7677072,wrapper,0,0,False
BIN_7678036,wrapper,0,0,False
BIN_7679367,injected,0,0,False
BIN_7679579,wrapper,1,1,False
BIN_7680837,injected,0,0,False
BIN_7683352,wrapper,1,1,False
BIN_7683599,injected,0,0,False
BIN_7684471,wrapper,1,1,False
BIN_7684830,wrapper,0,0,False
BIN_7685311,injected,1,1,False
BIN_7686559,wrapper,1,1,False
BIN_7686607,injected,0,0,False
BIN_7686768,wrapper,1,1,False
BIN_7687682,injected,1,1,False
BIN_7687793,wrapper,1,1,False
BIN_7688948,injected,1,1,False
BIN_7690349,wrapper,0,0,False
BIN_7690559,injected,1,1,False
BIN_7690772,injected,0,0,False
BIN_7691421,wrapper,0,0,False
BIN_7691723,wrapper,1,1,False
BIN_7693007,wrapper,0,0,False
BIN_7694216,injected,0,0,False
BIN_7694418,injected,0,0,False
BIN_7694995,injected,1,1,False
BIN_7695148,wrapper,1,1,False
BIN_7695330,wrapper,1,1,False
BIN_7695728,wrapper,1,1,False
BIN_7697141,injected,0,0,False
BIN_7697764,injected,1,1,False
BIN_7698455,wrapper,1,1,False
BIN_7698747,injected,0,0,False
BIN_7699062,wrapper,1,1,False
BIN_7699336,wrapper,0,0,False
BIN_7700011,wrapper,0,0,False
BIN_7701808,wrapper,0,0,False
BIN_7701834,wrapper,0,0,False
BIN_7702889,wrapper,0,0,False
BIN_7703033,injected,1,1,False
BIN_7704102,wrapper,0,0,False
BIN_7704351,injected,0,0,False
BIN_7705382,injected,0,0,False
BIN_7705752,wrapper,0,0,False
BIN_7706151,wrapper,0,0,False
BIN_7707232,wrapper,1,1,False
BIN_7708393,wrapper,0,0,False
BIN_7708970,injected,0,0,False
BIN_7710696,wrapper,1,1,False
BIN_7711431,injected,1,1,False
BIN_7712087,wrapper,1,1,False
BIN_7712509,wrapper,0,0,False
BIN_7712590,wrapper,1,1,False
BIN_7712879,wrapper,1,1,False
BIN_7713723,injected,1,1,False
BIN_7715033,wrapper,0,0,False
BIN_7715189,injected,0,0,False
BIN_7715253,wrapper,0,0,False
BIN_7715438,wrapper,1,1,False
BIN_7715846,wrapper,0,0,False
BIN_7716175,injected,1,1,False
BIN_7716701,wrapper,1,1,False
BIN_7717631,wrapper,1,1,False
BIN_7718539,wrapper,0,0,False
BIN_7718762,injected,0,0,False
BIN_7718925,wrapper,1,1,False
BIN_7719438,wrapper,1,1,False
BIN_7719786,injected,1,1,False
BIN_7719834,wrapper,0,0,False
BIN_7720534,wrapper,0,0,False
BIN_7720871,wrapper,0,0,False
BIN_7721889,wrapper,1,1,False
BIN_7725090,wrapper,0,0,False
BIN_7725223,wrapper,1,1,False
BIN_7725756,wrapper,1,1,False
BIN_7726540,injected,0,0,False
BIN_7727468,injected,0,0,False
BIN_7728634,wrapper,0,0,False
BIN_7729015,wrapper,1,1,False
BIN_7729319,injected,1,1,False
BIN_7729802,wrapper,0,0,False
BIN_7730372,wrapper,1,1,False
BIN_7730956,wrapper,1,1,False
BIN_7731218,wrapper,1,1,False
BIN_7732216,wrapper,1,1,False
BIN_7734576,wrapper,1,1,False
BIN_7734837,injected,1,1,False
BIN_7735650,wrapper,0,0,False
BIN_7735960,injected,0,0,False
BIN_7736354,injected,1,1,False
BIN_7736745,injected,0,0,False
BIN_7737056,injected,1,1,False
BIN_7737448,wrapper,0,0,False
BIN_7738100,wrapper,0,0,False
BIN_7738295,wrapper,0,0,False
BIN_7738439,injected,0,0,False
BIN_7738971,injected,0,0,False
BIN_7740066,injected,1,1,False
BIN_7740851,wrapper,0,0,False
BIN_7742138,wrapper,1,1,False
BIN_7742973,wrapper,1,1,False
BIN_7743217,wrapper,0,0,False
BIN_7743335,wrapper,1,1,False
BIN_7743823,wrapper,0,0,False
BIN_7744134,wrapper,0,0,False
BIN_7745467,wrapper,1,1,False
BIN_7746098,injected,1,1,False
BIN_7746384,wrapper,1,1,False
BIN_7746633,wrapper,0,0,False
BIN_7747768,wrapper,0,0,False
BIN_7748041,injected,0,0,False
BIN_7749100,injected,0,0,False
BIN_7749943,injected,1,1,False
BIN_7752211,injected,1,1,False
BIN_7752676,injected,0,0,False
BIN_7753338,wrapper,1,1,False
BIN_7753356,wrapper,1,1,False
BIN_7754515,wrapper,1,1,False
BIN_7755802,wrapper,1,1,False
BIN_7756238,injected,0,0,False
BIN_7756790,wrapper,1,1,False
BIN_7757822,wrapper,0,0,False
BIN_7758231,wrapper,0,0,False
BIN_7759044,injected,0,0,False
BIN_7759604,injected,0,0,False
BIN_7759797,wrapper,1,1,False
BIN_7761965,injected,0,0,False
BIN_7762417,wrapper,0,0,False
BIN_7762685,wrapper,1,1,False
BIN_7762708,wrapper,0,0,False
BIN_7763286,wrapper,0,0,False
BIN_7763574,wrapper,1,1,False
BIN_7763657,wrapper,1,1,False
BIN_7764839,wrapper,1,1,False
BIN_7765779,injected,1,1,False
BIN_7766420,wrapper,1,1,False
BIN_7766584,wrapper,0,0,False
BIN_7766966,wrapper,1,1,False
BIN_7767213,wrapper,1,1,False
BIN_7767382,wrapper,1,1,False
BIN_7767891,wrapper,0,0,False
BIN_7768093,wrapper,1,1,False
BIN_7769092,injected,0,0,False
BIN_7769314,wrapper,1,1,False
BIN_7770102,injected,1,1,False
BIN_7771315,wrapper,0,0,False
BIN_7771411,wrapper,0,0,False
BIN_7771761,injected,0,0,False
BIN_7771887,wrapper,1,1,False
BIN_7771906,injected,0,0,False
BIN_7772493,wrapper,1,1,False
BIN_7772936,injected,0,0,False
BIN_7773028,injected,0,0,False
BIN_7774026,injected,1,1,False
BIN_7774986,wrapper,0,0,False
BIN_7775601,injected,0,0,False
BIN_7776079,wrapper,0,0,False
BIN_7776252,wrapper,1,1,False
BIN_7776619,wrapper,1,1,False
BIN_7777029,wrapper,1,1,False
BIN_7778017,wrapper,1,1,False
BIN_7778088,wrapper,0,0,False
BIN_7778245,wrapper,1,1,False
BIN_7778571,wrapper,1,1,False
BIN_7779236,wrapper,1,1,False
BIN_7780653,wrapper,1,1,False
BIN_7781125,injected,1,1,False
BIN_7783075,injected,0,0,False
BIN_7783324,wrapper,0,0,False
BIN_7784261,injected,1,1,False
BIN_7786499,injected,0,0,False
BIN_7788322,wrapper,0,0,False
BIN_7788768,wrapper,0,0,False
BIN_7789488,wrapper,1,1,False
BIN_7789811,injected,0,0,False
BIN_7791178,injected,0,0,False
BIN_7791860,wrapper,1,1,False
BIN_7793121,wrapper,1,1,False
BIN_7794073,wrapper,1,1,False
BIN_7794149,wrapper,0,0,False
BIN_7794895,injected,0,0,False
BIN_7795444,wrapper,0,0,False
BIN_7796054,injected,1,1,False
BIN_7796286,wrapper,0,0,False
BIN_7796986,wrapper,0,0,False
BIN_7797321,wrapper,1,1,False
BIN_7798422,injected,0,0,False
BIN_7798868,wrapper,1,1,False
BIN_7799988,wrapper,1,1,False
BIN_7800304,injected,1,1,False
BIN_7800783,injected,1,1,False
BIN_7802120,wrapper,1,1,False
BIN_7802676,injected,1,1,False
BIN_7802938,wrapper,1,1,False
BIN_7804340,wrapper,1,1,False
BIN_7805195,injected,0,0,False
BIN_7807385,injected,1,1,False
BIN_7808660,wrapper,1,1,False
BIN_7808671,wrapper,1,1,False
BIN_7808912,wrapper,1,1,False
BIN_7809002,wrapper,1,1,False
BIN_7809689,wrapper,1,1,False
BIN_7810663,injected,1,1,False
BIN_7811043,wrapper,1,1,False
BIN_7812165,injected,1,1,False
BIN_7812894,wrapper,0,0,False
BIN_7813105,wrapper,0,0,False
BIN_7813116,wrapper,1,1,False
BIN_7813261,wrapper,1,1,False
BIN_7814389,wrapper,1,1,False
BIN_7814767,wrapper,1,1,False
BIN_7814968,wrapper,1,1,False
BIN_7817091,injected,0,0,False
BIN_7817346,wrapper,0,0,False
BIN_7817514,wrapper,1,1,False
BIN_7818236,wrapper,0,0,False
BIN_7818697,wrapper,1,1,False
BIN_7818719,wrapper,1,1,False
BIN_7819075,injected,0,0,False
BIN_7819626,wrapper,0,0,False
BIN_7820094,wrapper,0,0,False
BIN_7820348,injected,0,0,False
BIN_7821975,wrapper,1,1,False
BIN_7824992,wrapper,1,1,False
BIN_7825318,wrapper,1,1,False
BIN_7825409,wrapper,1,1,False
BIN_7827202,injected,0,0,False
BIN_7827562,wrapper,0,0,False
BIN_7827617,wrapper,0,0,False
BIN_7827710,wrapper,1,1,False
BIN_7828682,wrapper,0,0,False
BIN_7829196,wrapper,0,0,False
BIN_7829559,injected,0,0,False
BIN_7830624,wrapper,0,0,False
BIN_7831243,injected,0,0,False
BIN_7831299,injected,1,1,False
BIN_7832526,injected,1,1,False
BIN_7833306,wrapper,1,1,False
BIN_7833521,wrapper,0,0,False
BIN_7833788,wrapper,0,0,False
BIN_7834154,wrapper,1,1,False
BIN_7834750,wrapper,1,1,False
BIN_7835914,wrapper,0,0,False
BIN_7836056,injected,0,0,False
BIN_7837129,wrapper,0,0,False
BIN_7837175,injected,1,1,False
BIN_7837633,injected,1,1,False
BIN_7838003,wrapper,1,1,False
BIN_7838323,wrapper,1,1,False
BIN_7839584,wrapper,1,1,False
BIN_7839985,injected,0,0,False
BIN_7840965,wrapper,0,0,False
BIN_7841190,wrapper,0,0,False
BIN_7842006,injected,0,0,False
BIN_7842489,wrapper,0,0,False
BIN_7842771,wrapper,1,1,False
BIN_7844099,wrapper,1,1,False
BIN_7844225,injected,0,0,False
BIN_7844397,wrapper,0,0,False
BIN_7844414,wrapper,0,0,False
BIN_7844886,injected,1,1,False
BIN_7847306,wrapper,0,0,False
BIN_7847381,wrapper,0,0,False
BIN_7848835,injected,0,0,False
BIN_7849625,injected,0,0,False
BIN_7849702,wrapper,1,1,False
BIN_7849757,injected,1,1,False
BIN_7850582,injected,1,1,False
BIN_7851041,injected,0,0,False
BIN_7851149,wrapper,0,0,False
BIN_7852046,wrapper,1,1,False
BIN_7852484,injected,0,0,False
BIN_7852549,injected,1,1,False
BIN_7852789,injected,0,0,False
BIN_7852821,wrapper,1,1,False
BIN_7853113,injected,0,0,False
BIN_7854434,wrapper,0,0,False
BIN_7855001,wrapper,0,0,False
BIN_7855018,wrapper,0,0,False
BIN_7857793,wrapper,0,0,False
BIN_7859274,wrapper,0,0,False
BIN_7859599,injected,1,1,False
BIN_7860159,injected,1,1,False
BIN_7860361,wrapper,0,0,False
BIN_7860428,wrapper,1,1,False
BIN_7862012,wrapper,1,1,False
BIN_7862362,injected,1,1,False
BIN_7862656,injected,1,1,False
BIN_7862936,injected,1,1,False
BIN_7863064,wrapper,1,1,False
BIN_7863752,wrapper,1,1,False
BIN_7864048,injected,1,1,False
BIN_7864998,injected,0,0,False
BIN_7865317,injected,0,0,False
BIN_7866036,injected,0,0,False
BIN_7866388,wrapper,0,0,False
BIN_7867100,wrapper,0,0,False
BIN_7867208,wrapper,0,0,False
BIN_7867459,wrapper,1,1,False
BIN_7867878,wrapper,1,1,False
BIN_7868025,wrapper,1,1,False
BIN_7868202,wrapper,0,0,False
BIN_7869604,injected,1,1,False
BIN_7869822,injected,0,0,False
BIN_7870647,wrapper,0,0,False
BIN_7870690,wrapper,0,0,False
BIN_7871284,injected,1,1,False
BIN_7872838,wrapper,0,0,False
BIN_7873046,wrapper,1,1,False
BIN_7873180,wrapper,0,0,False
BIN_7873698,wrapper,1,1,False
BIN_7873797,wrapper,1,1,False
BIN_7874777,wrapper,0,0,False
BIN_7874975,wrapper,1,1,False
BIN_7876225,injected,1,1,False
BIN_7876583,wrapper,1,1,False
BIN_7877034,injected,1,1,False
BIN_7877673,wrapper,0,0,False
BIN_7877700,wrapper,1,1,False
BIN_7880180,wrapper,1,1,False
BIN_7880400,injected,1,1,False
BIN_7880786,wrapper,0,0,False
BIN_7881305,wrapper,0,0,False
BIN_7881565,wrapper,0,0,False
BIN_7882909,wrapper,1,1,False
BIN_7882984,wrapper,1,1,False
BIN_7884627,wrapper,1,1,False
BIN_7885018,wrapper,0,0,False
BIN_7885068,wrapper,0,0,False
BIN_7885145,wrapper,1,1,False
BIN_7886378,wrapper,1,1,False
BIN_7886488,wrapper,1,1,False
BIN_7887338,wrapper,0,0,False
BIN_7887428,injected,0,0,False
BIN_7888075,wrapper,1,1,False
BIN_7888489,wrapper,0,0,False
BIN_7888917,injected,1,1,False
BIN_7889099,injected,1,1,False
BIN_7891120,injected,1,1,False
BIN_7891147,wrapper,0,0,False
BIN_7892768,wrapper,0,0,False
BIN_7893563,wrapper,0,0,False
BIN_7893735,wrapper,1,1,False
BIN_7893741,wrapper,0,0,False
BIN_7894192,injected,1,1,False
BIN_7894467,wrapper,0,0,False
BIN_7894479,wrapper,0,0,False
BIN_7895645,wrapper,1,1,False
BIN_7895699,wrapper,1,1,False
BIN_7896546,wrapper,0,0,False
BIN_7896912,wrapper,1,1,False
BIN_7897107,wrapper,1,1,False
BIN_7897780,wrapper,1,1,False
BIN_7898205,wrapper,1,1,False
BIN_7898271,wrapper,1,1,False
BIN_7898740,injected,0,0,False
BIN_7899299,injected,0,0,False
BIN_7899848,wrapper,1,1,False
BIN_7900216,wrapper,1,1,False
BIN_7900633,injected,0,0,False
BIN_7900781,wrapper,0,0,False
BIN_7901097,injected,0,0,False
BIN_7901559,wrapper,1,1,False
BIN_7901562,injected,0,0,False
BIN_7901710,wrapper,1,1,False
BIN_7901937,injected,1,1,False
BIN_7902206,injected,1,1,False
BIN_7902417,injected,0,0,False
BIN_7902584,wrapper,0,0,False
BIN_7902731,wrapper,1,1,False
BIN_7903268,wrapper,0,0,False
BIN_7903849,wrapper,1,1,False
BIN_7906193,wrapper,1,1,False
BIN_7906323,wrapper,0,0,False
BIN_7907642,wrapper,1,1,False
BIN_7908037,wrapper,0,0,False
BIN_7908418,injected,1,1,False
BIN_7908939,wrapper,1,1,False
BIN_7910516,wrapper,1,1,False
BIN_7911125,wrapper,0,0,False
BIN_7911206,injected,0,0,False
BIN_7912059,injected,1,1,False
BIN_7912551,wrapper,0,0,False
BIN_7913430,injected,1,1,False
BIN_7913509,wrapper,1,1,False
BIN_7913523,injected,1,1,False
BIN_7913992,wrapper,1,1,False
BIN_7915262,wrapper,0,0,False
BIN_7916082,wrapper,1,1,False
BIN_7916405,injected,1,1,False
BIN_7916562,wrapper,0,0,False
BIN_7916832,wrapper,0,0,False
BIN_7917580,wrapper,0,0,False
BIN_7918200,injected,0,0,False
BIN_7920132,wrapper,1,1,False
BIN_7920328,wrapper,1,1,False
BIN_7920388,wrapper,0,0,False
BIN_7920525,wrapper,1,1,False
BIN_7920535,injected,1,1,False
BIN_7921226,wrapper,1,1,False
BIN_7922172,wrapper,0,0,False
BIN_7923826,injected,1,1,False
BIN_7924144,wrapper,0,0,False
BIN_7924388,wrapper,0,0,False
BIN_7925534,wrapper,0,0,False
BIN_7926129,injected,1,1,False
BIN_7926181,wrapper,1,1,False
BIN_7926288,injected,1,1,False
BIN_7926516,injected,0,0,False
BIN_7926597,injected,1,1,False
BIN_7927259,injected,1,1,False
BIN_7927472,wrapper,0,0,False
BIN_7927553,wrapper,1,1,False
BIN_7928141,injected,1,1,False
BIN_7928319,wrapper,0,0,False
BIN_7928354,wrapper,1,1,False
BIN_7928808,wrapper,1,1,False
BIN_7929217,wrapper,1,1,False
BIN_7930821,wrapper,1,1,False
BIN_7931899,wrapper,0,0,False
BIN_7933633,injected,0,0,False
BIN_7933707,wrapper,1,1,False
BIN_7933721,wrapper,0,0,False
BIN_7934121,injected,1,1,False
BIN_7934135,injected,0,0,False
BIN_7934519,wrapper,0,0,False
BIN_7935283,wrapper,1,1,False
BIN_7935834,wrapper,0,0,False
BIN_7936634,wrapper,1,1,False
BIN_7937108,wrapper,1,1,False
BIN_7937705,injected,0,0,False
BIN_7938203,wrapper,0,0,False
BIN_7938733,injected,0,0,False
BIN_7939120,wrapper,0,0,False
BIN_7939221,wrapper,1,1,False
BIN_7940364,wrapper,1,1,False
BIN_7940948,wrapper,1,1,False
BIN_7941251,wrapper,0,0,False
BIN_7941255,wrapper,1,1,False
BIN_7942028,wrapper,0,0,False
BIN_7942732,wrapper,1,1,False
BIN_7942879,injected,1,1,False
BIN_7944369,wrapper,0,0,False
BIN_7944376,wrapper,1,1,False
BIN_7944611,wrapper,1,1,False
BIN_7944788,wrapper,1,1,False
BIN_7945276,wrapper,0,0,False
BIN_7946502,wrapper,0,0,False
BIN_7947489,injected,1,1,False
BIN_7947543,wrapper,0,0,False
BIN_7947619,injected,1,1,False
BIN_7948341,wrapper,0,0,False
BIN_7948812,wrapper,0,0,False
BIN_7949081,wrapper,0,0,False
BIN_7951233,wrapper,0,0,False
BIN_7952805,injected,0,0,False
BIN_7953082,wrapper,1,1,False
BIN_7953578,wrapper,0,0,False
BIN_7954468,injected,0,0,False
BIN_7955884,injected,0,0,False
BIN_7956578,wrapper,0,0,False
BIN_7957025,wrapper,1,1,False
BIN_7959466,wrapper,0,0,False
BIN_7959478,wrapper,1,1,False
BIN_7960155,wrapper,0,0,False
BIN_7960548,wrapper,0,0,False
BIN_7961276,injected,1,1,False
BIN_7961338,wrapper,0,0,False
BIN_7961650,wrapper,1,1,False
BIN_7962138,injected,0,0,False
BIN_7962633,wrapper,0,0,False
BIN_7962708,wrapper,1,1,False
BIN_7962721,injected,0,0,False
BIN_7963047,wrapper,1,1,False
BIN_7963906,injected,0,0,False
BIN_7964014,wrapper,0,0,False
BIN_7964130,injected,0,0,False
BIN_7964592,injected,0,0,False
BIN_7964607,injected,1,1,False
BIN_7964877,injected,0,0,False
BIN_7965010,wrapper,1,1,False
BIN_7966984,wrapper,0,0,False
BIN_7967012,injected,1,1,False
BIN_7967078,wrapper,1,1,False
BIN_7967466,wrapper,1,1,False
BIN_7967483,wrapper,0,0,False
BIN_7968025,wrapper,1,1,False
BIN_7968324,wrapper,0,0,False
BIN_7969293,wrapper,1,1,False
BIN_7969740,injected,0,0,False
BIN_7969842,wrapper,1,1,False
BIN_7971189,injected,0,0,False
BIN_7971605,wrapper,0,0,False
BIN_7972915,wrapper,0,0,False
BIN_7972951,injected,0,0,False
BIN_7976266,injected,0,0,False
BIN_7976511,wrapper,1,1,False
BIN_7977970,injected,0,0,False
BIN_7978148,injected,1,1,False
BIN_7979283,injected,1,1,False
BIN_7979353,injected,0,0,False
BIN_7980533,wrapper,0,0,False
BIN_7982230,wrapper,1,1,False
BIN_7982336,wrapper,1,1,False
BIN_7982431,wrapper,0,0,False
BIN_7983233,injected,1,1,False
BIN_7984183,wrapper,1,1,False
BIN_7985376,wrapper,1,1,False
BIN_7986667,wrapper,1,1,False
BIN_7986959,wrapper,0,0,False
BIN_7987948,injected,0,0,False
BIN_7990115,injected,0,0,False
BIN_7990915,wrapper,1,1,False
BIN_7991095,injected,0,0,False
BIN_7991880,wrapper,1,1,False
BIN_7992593,wrapper,0,0,False
BIN_7993091,wrapper,0,0,False
BIN_7993379,injected,1,1,False
BIN_7993435,injected,1,1,False
BIN_7993839,wrapper,0,0,False
BIN_7993862,wrapper,1,1,False
BIN_7994396,wrapper,1,1,False
BIN_7994554,injected,0,0,False
BIN_7995062,injected,0,0,False
BIN_7996456,wrapper,1,1,False
BIN_7996617,wrapper,1,1,False
BIN_7997242,wrapper,0,0,False
BIN_7997899,wrapper,1,1,False
BIN_7998327,injected,1,1,False
BIN_7999725,wrapper,0,0,False
BIN_7999747,wrapper,1,1,False
BIN_7999845,injected,0,0,False
BIN_8000297,injected,0,0,False
BIN_8000322,injected,1,1,False
BIN_8000652,wrapper,1,1,False
BIN_8000948,wrapper,1,1,False
BIN_8001731,injected,1,1,False
BIN_8002048,wrapper,0,0,False
BIN_8002318,wrapper,0,0,False
BIN_8003578,wrapper,0,0,False
BIN_8004000,injected,0,0,False
BIN_8004122,wrapper,1,1,False
BIN_8005322,injected,1,1,False
BIN_8006900,wrapper,1,1,False
BIN_8007522,injected,0,0,False
BIN_8008137,wrapper,0,0,False
BIN_8008706,injected,1,1,False
BIN_8008892,injected,1,1,False
BIN_8011289,injected,0,0,False
BIN_8011782,injected,0,0,False
BIN_8012093,wrapper,0,0,False
BIN_8012972,wrapper,0,0,False
BIN_8013606,wrapper,0,0,False
BIN_8013864,injected,0,0,False
BIN_8014386,wrapper,1,1,False
BIN_8014560,wrapper,0,0,False
BIN_8014796,wrapper,0,0,False
BIN_8014957,wrapper,0,0,False
BIN_8015257,wrapper,1,1,False
BIN_8015708,wrapper,1,1,False
BIN_8016277,wrapper,0,0,False
BIN_8016676,injected,1,1,False
BIN_8017787,wrapper,1,1,False
BIN_8017821,wrapper,1,1,False
BIN_8018032,wrapper,0,0,False
BIN_8018535,wrapper,1,1,False
BIN_8018591,wrapper,0,0,False
BIN_8019813,wrapper,0,0,False
BIN_8020251,wrapper,1,1,False
BIN_8020256,injected,0,0,False
BIN_8020916,wrapper,0,0,False
BIN_8020924,wrapper,1,1,False
BIN_8021517,wrapper,0,0,False
BIN_8021596,wrapper,1,1,False
BIN_8021889,injected,0,0,False
BIN_8022596,wrapper,0,0,False
BIN_8023537,injected,0,0,False
BIN_8023670,injected,1,1,False
BIN_8024274,injected,0,0,False
BIN_8024563,wrapper,0,0,False
BIN_8025148,wrapper,1,1,False
BIN_8025394,wrapper,0,0,False
BIN_8025811,wrapper,1,1,False
BIN_8025905,wrapper,1,1,False
BIN_8026182,wrapper,1,1,False
BIN_8026341,wrapper,0,0,False
BIN_8026436,injected,1,1,False
BIN_8026841,wrapper,1,1,False
BIN_8027886,wrapper,0,0,False
BIN_8028051,wrapper,1,1,False
BIN_8028435,wrapper,1,1,False
BIN_8029529,wrapper,1,1,False
BIN_8029647,wrapper,1,1,False
BIN_8030388,wrapper,0,0,False
BIN_8030823,injected,0,0,False
BIN_8031188,injected,1,1,False
BIN_8031264,wrapper,0,0,False
BIN_8032168,wrapper,0,0,False
BIN_8034112,wrapper,0,0,False
BIN_8034179,wrapper,1,1,False
BIN_8034218,wrapper,0,0,False
BIN_8035727,injected,0,0,False
BIN_8036560,wrapper,1,1,False
BIN_8036871,wrapper,1,1,False
BIN_8037093,injected,0,0,False
BIN_8037966,wrapper,1,1,False
BIN_8038225,injected,0,0,False
BIN_8038340,wrapper,1,1,False
BIN_8038853,injected,0,0,False
BIN_8039666,injected,1,1,False
BIN_8040175,injected,1,1,False
BIN_8040408,wrapper,1,1,False
BIN_8040755,wrapper,1,1,False
BIN_8040777,wrapper,0,0,False
BIN_8041146,wrapper,0,0,False
BIN_8042502,injected,1,1,False
BIN_8043386,wrapper,0,0,False
BIN_8043609,wrapper,1,1,False
BIN_8044894,wrapper,0,0,False
BIN_8045155,wrapper,0,0,False
BIN_8045421,wrapper,1,1,False
BIN_8045500,wrapper,1,1,False
BIN_8045633,wrapper,1,1,False
BIN_8045662,wrapper,0,0,False
BIN_8046590,wrapper,1,1,False
BIN_8046827,wrapper,0,0,False
BIN_8046829,injected,1,1,False
BIN_8046931,wrapper,0,0,False
BIN_8047995,injected,1,1,False
BIN_8050256,wrapper,0,0,False
BIN_8050545,wrapper,1,1,False
BIN_8050648,wrapper,1,1,False
BIN_8050813,injected,1,1,False
BIN_8051372,wrapper,1,1,False
BIN_8051570,injected,0,0,False
BIN_8051725,wrapper,1,1,False
BIN_8052444,wrapper,0,0,False
BIN_8054409,wrapper,1,1,False
BIN_8054556,injected,1,1,False
BIN_8054814,wrapper,1,1,False
BIN_8055624,wrapper,1,1,False
BIN_8055965,wrapper,0,0,False
BIN_8056349,injected,1,1,False
BIN_8057759,wrapper,1,1,False
BIN_8058560,wrapper,0,0,False
BIN_8059805,injected,1,1,False
BIN_8059821,wrapper,1,1,False
BIN_8060673,injected,1,1,False
BIN_8061386,wrapper,0,0,False
BIN_8062776,wrapper,0,0,False
BIN_8063390,wrapper,0,0,False
BIN_8065643,injected,0,0,False
BIN_8066519,wrapper,1,1,False
BIN_8066688,wrapper,1,1,False
BIN_8068182,wrapper,0,0,False
BIN_8068377,injected,0,0,False
BIN_8068394,wrapper,0,0,False
BIN_8068938,wrapper,0,0,False
BIN_8069295,injected,1,1,False
BIN_8070209,wrapper,0,0,False
BIN_8070694,wrapper,0,0,False
BIN_8070886,wrapper,1,1,False
BIN_8071027,wrapper,0,0,False
BIN_8071070,injected,0,0,False
BIN_8071305,wrapper,0,0,False
BIN_8072945,wrapper,0,0,False
BIN_8073058,wrapper,0,0,False
BIN_8073326,injected,1,1,False
BIN_8073820,injected,1,1,False
BIN_8074549,wrapper,1,1,False
BIN_8075697,wrapper,0,0,False
BIN_8075747,injected,0,0,False
BIN_8076504,wrapper,1,1,False
BIN_8079525,wrapper,1,1,False
BIN_8080089,wrapper,1,1,False
BIN_8080481,wrapper,1,1,False
BIN_8080519,injected,0,0,False
BIN_8081394,wrapper,1,1,False
BIN_8081646,wrapper,0,0,False
BIN_8081854,injected,0,0,False
BIN_8082057,wrapper,1,1,False
BIN_8082638,wrapper,1,1,False
BIN_8083188,injected,1,1,False
BIN_8083754,wrapper,1,1,False
BIN_8084444,injected,1,1,False
BIN_8084457,wrapper,0,0,False
BIN_8089427,wrapper,0,0,False
BIN_8089472,wrapper,0,0,False
BIN_8090458,wrapper,0,0,False
BIN_8091939,wrapper,0,0,False
BIN_8092303,wrapper,1,1,False
BIN_8093638,wrapper,0,0,False
BIN_8094494,wrapper,0,0,False
BIN_8094923,wrapper,0,0,False
BIN_8095593,injected,1,1,False
BIN_8097374,wrapper,0,0,False
BIN_8098436,wrapper,0,0,False
BIN_8098869,wrapper,0,0,False
BIN_8099651,injected,1,1,False
BIN_8100372,injected,1,1,False
BIN_8101230,wrapper,0,0,False
BIN_8101561,wrapper,1,1,False
BIN_8102248,wrapper,0,0,False
BIN_8102898,injected,0,0,False
BIN_8103310,wrapper,1,1,False
BIN_8103551,wrapper,1,1,False
BIN_8103917,injected,1,1,False
BIN_8104059,wrapper,0,0,False
BIN_8104119,wrapper,0,0,False
BIN_8104438,wrapper,0,0,False
BIN_8104883,wrapper,1,1,False
BIN_8105033,wrapper,0,0,False
BIN_8105549,wrapper,0,0,False
BIN_8105798,wrapper,0,0,False
BIN_8106863,wrapper,1,1,False
BIN_8107032,wrapper,0,0,False
BIN_8107483,wrapper,0,0,False
BIN_8107484,wrapper,1,1,False
BIN_8107839,wrapper,1,1,False
BIN_8107997,injected,1,1,False
BIN_8108091,wrapper,0,0,False
BIN_8108322,wrapper,0,0,False
BIN_8108677,wrapper,1,1,False
BIN_8109867,wrapper,1,1,False
BIN_8110102,wrapper,0,0,False
BIN_8111554,wrapper,0,0,False
BIN_8112060,wrapper,0,0,False
BIN_8112831,wrapper,0,0,False
BIN_8114077,wrapper,0,0,False
BIN_8114476,wrapper,0,0,False
BIN_8115013,injected,0,0,False
BIN_8116534,wrapper,0,0,False
BIN_8117012,wrapper,1,1,False
BIN_8117971,wrapper,1,1,False
BIN_8118272,wrapper,1,1,False
BIN_8118542,injected,0,0,False
BIN_8118733,wrapper,1,1,False
BIN_8119449,injected,1,1,False
BIN_8119743,injected,0,0,False
BIN_8122291,wrapper,1,1,False
BIN_8122528,wrapper,1,1,False
BIN_8123023,wrapper,1,1,False
BIN_8123451,wrapper,0,0,False
BIN_8123601,injected,1,1,False
BIN_8124000,injected,0,0,False
BIN_8124146,wrapper,1,1,False
BIN_8124180,wrapper,1,1,False
BIN_8125032,wrapper,0,0,False
BIN_8125325,wrapper,1,1,False
BIN_8126282,wrapper,0,0,False
BIN_8126338,injected,1,1,False
BIN_8126473,wrapper,0,0,False
BIN_8126839,wrapper,0,0,False
BIN_8127651,injected,0,0,False
BIN_8127839,wrapper,1,1,False
BIN_8128231,wrapper,1,1,False
BIN_8130317,wrapper,0,0,False
BIN_8131876,wrapper,0,0,False
BIN_8134246,injected,0,0,False
BIN_8134743,wrapper,1,1,False
BIN_8135840,wrapper,0,0,False
BIN_8136012,wrapper,1,1,False
BIN_8136776,wrapper,1,1,False
BIN_8137059,wrapper,1,1,False
BIN_8137083,wrapper,0,0,False
BIN_8138424,wrapper,0,0,False
BIN_8139287,wrapper,1,1,False
BIN_8139526,wrapper,1,1,False
BIN_8139601,wrapper,0,0,False
BIN_8140081,wrapper,0,0,False
BIN_8140818,injected,1,1,False
BIN_8142794,wrapper,0,0,False
BIN_8143202,wrapper,1,1,False
BIN_8143766,wrapper,0,0,False
BIN_8143951,wrapper,0,0,False
BIN_8144395,wrapper,1,1,False
BIN_8144694,wrapper,1,1,False
BIN_8144807,wrapper,1,1,False
BIN_8145754,injected,1,1,False
BIN_8147035,injected,1,1,False
BIN_8147380,wrapper,0,0,False
BIN_8147973,wrapper,0,0,False
BIN_8148384,wrapper,1,1,False
BIN_8149347,wrapper,0,0,False
BIN_8149669,wrapper,0,0,False
BIN_8150006,wrapper,0,0,False
BIN_8151954,injected,1,1,False
BIN_8153081,injected,1,1,False
BIN_8154241,wrapper,0,0,False
BIN_8154632,wrapper,0,0,False
BIN_8155446,wrapper,1,1,False
BIN_8155488,injected,0,0,False
BIN_8156312,injected,1,1,False
BIN_8157073,wrapper,1,1,False
BIN_8157343,injected,1,1,False
BIN_8160035,injected,0,0,False
BIN_8160065,injected,1,1,False
BIN_8160177,injected,0,0,False
BIN_8160492,wrapper,1,1,False
BIN_8161484,injected,0,0,False
BIN_8161978,wrapper,0,0,False
BIN_8162011,injected,1,1,False
BIN_8162162,injected,0,0,False
BIN_8162500,wrapper,0,0,False
BIN_8163643,wrapper,0,0,False
BIN_8163763,injected,0,0,False
BIN_8164509,wrapper,0,0,False
BIN_8164834,injected,0,0,False
BIN_8164856,wrapper,0,0,False
BIN_8165561,wrapper,0,0,False
BIN_8167037,wrapper,1,1,False
BIN_8167079,wrapper,0,0,False
BIN_8167129,wrapper,1,1,False
BIN_8167151,injected,0,0,False
BIN_8167293,wrapper,0,0,False
BIN_8169418,wrapper,1,1,False
BIN_8169523,wrapper,0,0,False
BIN_8169757,wrapper,1,1,False
BIN_8171535,wrapper,0,0,False
BIN_8174496,wrapper,0,0,False
BIN_8174539,wrapper,0,0,False
BIN_8174954,injected,1,1,False
BIN_8176205,wrapper,0,0,False
BIN_8176957,injected,0,0,False
BIN_8176982,injected,0,0,False
BIN_8178357,wrapper,1,1,False
BIN_8178645,wrapper,0,0,False
BIN_8178661,injected,1,1,False
BIN_8178901,wrapper,0,0,False
BIN_8179572,wrapper,0,0,False
BIN_8180073,wrapper,0,0,False
BIN_8180174,injected,0,0,False
BIN_8180319,injected,1,1,False
BIN_8180343,wrapper,0,0,False
BIN_8180479,injected,0,0,False
BIN_8181270,wrapper,1,1,False
BIN_8181962,injected,0,0,False
BIN_8182254,injected,1,1,False
BIN_8182592,wrapper,0,0,False
BIN_8183627,wrapper,0,0,False
BIN_8183966,wrapper,1,1,False
BIN_8185638,wrapper,1,1,False
BIN_8185843,wrapper,0,0,False
BIN_8186276,wrapper,0,0,False
BIN_8187022,wrapper,1,1,False
BIN_8187142,injected,0,0,False
BIN_8187485,wrapper,1,1,False
BIN_8187831,wrapper,1,1,False
BIN_8188091,injected,0,0,False
BIN_8188111,injected,0,0,False
BIN_8188466,wrapper,1,1,False
BIN_8188550,wrapper,1,1,False
BIN_8188588,injected,1,1,False
BIN_8189467,wrapper,1,1,False
BIN_8189534,wrapper,1,1,False
BIN_8190207,wrapper,0,0,False
BIN_8190487,wrapper,0,0,False
BIN_8190919,injected,0,0,False
BIN_8191082,injected,0,0,False
BIN_8192120,wrapper,0,0,False
BIN_8192407,wrapper,0,0,False
BIN_8193120,wrapper,1,1,False
BIN_8194128,wrapper,1,1,False
BIN_8194306,injected,0,0,False
BIN_8194494,wrapper,0,0,False
BIN_8195793,wrapper,1,1,False
BIN_8196058,injected,1,1,False
BIN_8196225,wrapper,1,1,False
BIN_8198010,wrapper,0,0,False
BIN_8198101,injected,0,0,False
BIN_8198532,injected,1,1,False
BIN_8198566,wrapper,0,0,False
BIN_8199133,injected,0,0,False
BIN_8199342,wrapper,0,0,False
BIN_8199545,injected,0,0,False
BIN_8199753,wrapper,0,0,False
BIN_8200398,wrapper,0,0,False
BIN_8200620,wrapper,0,0,False
BIN_8201466,wrapper,0,0,False
BIN_8202141,wrapper,0,0,False
BIN_8203011,injected,0,0,False
BIN_8205963,wrapper,1,1,False
BIN_8206486,injected,0,0,False
BIN_8207474,injected,1,1,False
BIN_8208040,wrapper,0,0,False
BIN_8208491,injected,0,0,False
BIN_8209505,wrapper,1,1,False
BIN_8210013,injected,0,0,False
BIN_8211075,wrapper,1,1,False
BIN_8211231,wrapper,0,0,False
BIN_8212182,wrapper,1,1,False
BIN_8212658,wrapper,0,0,False
BIN_8213141,wrapper,0,0,False
BIN_8213476,wrapper,0,0,False
BIN_8213885,wrapper,1,1,False
BIN_8214315,wrapper,0,0,False
BIN_8214657,wrapper,1,1,False
BIN_8214806,wrapper,0,0,False
BIN_8214836,wrapper,1,1,False
BIN_8214937,injected,1,1,False
BIN_8215142,wrapper,1,1,False
BIN_8215823,wrapper,1,1,False
BIN_8216131,injected,0,0,False
BIN_8217884,wrapper,0,0,False
BIN_8218266,wrapper,1,1,False
BIN_8219177,wrapper,1,1,False
BIN_8220209,wrapper,0,0,False
BIN_8220378,wrapper,1,1,False
BIN_8222010,injected,0,0,False
BIN_8222787,injected,0,0,False
BIN_8222889,wrapper,1,1,False
BIN_8223659,wrapper,1,1,False
BIN_8224065,wrapper,0,0,False
BIN_8224455,wrapper,1,1,False
BIN_8224777,injected,1,1,False
BIN_8225070,injected,1,1,False
BIN_8226590,wrapper,0,0,False
BIN_8228064,wrapper,0,0,False
BIN_8228413,wrapper,0,0,False
BIN_8229134,wrapper,0,0,False
BIN_8232725,wrapper,0,0,False
BIN_8232943,wrapper,1,1,False
BIN_8233072,wrapper,0,0,False
BIN_8234288,wrapper,0,0,False
BIN_8234439,wrapper,0,0,False
BIN_8234842,injected,0,0,False
BIN_8235074,wrapper,0,0,False
BIN_8235421,wrapper,1,1,False
BIN_8235473,wrapper,1,1,False
BIN_8236061,wrapper,0,0,False
BIN_8236512,wrapper,0,0,False
BIN_8236919,injected,1,1,False
BIN_8237133,wrapper,0,0,False
BIN_8239103,wrapper,0,0,False
BIN_8239593,wrapper,1,1,False
BIN_8242207,wrapper,1,1,False
BIN_8242264,injected,0,0,False
BIN_8242323,wrapper,0,0,False
BIN_8246761,injected,0,0,False
BIN_8247246,wrapper,0,0,False
BIN_8247559,wrapper,1,1,False
BIN_8247925,injected,0,0,False
BIN_8248349,wrapper,1,1,False
BIN_8248657,injected,1,1,False
BIN_8249306,wrapper,0,0,False
BIN_8249464,wrapper,0,0,False
BIN_8249526,wrapper,1,1,False
BIN_8249916,wrapper,0,0,False
BIN_8251504,wrapper,1,1,False
BIN_8251656,wrapper,1,1,False
BIN_8251963,injected,0,0,False
BIN_8252129,wrapper,1,1,False
BIN_8252372,wrapper,0,0,False
BIN_8252503,wrapper,0,0,False
BIN_8253439,wrapper,1,1,False
BIN_8253661,wrapper,1,1,False
BIN_8253984,wrapper,1,1,False
BIN_8254001,wrapper,1,1,False
BIN_8254005,wrapper,1,1,False
BIN_8254059,injected,0,0,False
BIN_8254276,wrapper,0,0,False
BIN_8254479,wrapper,0,0,False
BIN_8254598,wrapper,0,0,False
BIN_8254876,wrapper,0,0,False
BIN_8255874,injected,1,1,False
BIN_8256024,wrapper,0,0,False
BIN_8256561,wrapper,0,0,False
BIN_8256656,wrapper,1,1,False
BIN_8258222,injected,1,1,False
BIN_8258764,wrapper,0,0,False
BIN_8259338,wrapper,0,0,False
BIN_8260510,wrapper,0,0,False
BIN_8261017,wrapper,0,0,False
BIN_8261250,wrapper,0,0,False
BIN_8261452,injected,0,0,False
BIN_8262035,wrapper,1,1,False
BIN_8262054,wrapper,0,0,False
BIN_8262055,wrapper,1,1,False
BIN_8262293,wrapper,0,0,False
BIN_8262419,wrapper,0,0,False
BIN_8262934,injected,1,1,False
BIN_8263012,wrapper,1,1,False
BIN_8264269,injected,1,1,False
BIN_8264883,wrapper,1,1,False
BIN_8265386,injected,1,1,False
BIN_8265901,wrapper,1,1,False
BIN_8267030,wrapper,1,1,False
BIN_8267816,injected,1,1,False
BIN_8268147,wrapper,1,1,False
BIN_8268365,wrapper,0,0,False
BIN_8269415,injected,1,1,False
BIN_8270612,wrapper,1,1,False
BIN_8270871,wrapper,1,1,False
BIN_8272379,injected,0,0,False
BIN_8274511,injected,1,1,False
BIN_8274782,wrapper,0,0,False
BIN_8275265,wrapper,0,0,False
BIN_8275808,wrapper,0,0,False
BIN_8276022,wrapper,0,0,False
BIN_8276025,wrapper,1,1,False
BIN_8276054,wrapper,1,1,False
BIN_8276299,wrapper,1,1,False
BIN_8277220,injected,1,1,False
BIN_8277537,injected,1,1,False
BIN_8278391,wrapper,1,1,False
BIN_8279470,wrapper,1,1,False
BIN_8280067,wrapper,0,0,False
BIN_8280275,injected,1,1,False
BIN_8281801,injected,0,0,False
BIN_8282900,wrapper,1,1,False
BIN_8283713,injected,0,0,False
BIN_8284281,wrapper,0,0,False
BIN_8284694,wrapper,1,1,False
BIN_8287195,injected,1,1,False
BIN_8287489,wrapper,0,0,False
BIN_8287863,injected,0,0,False
BIN_8288866,wrapper,0,0,False
BIN_8289615,injected,0,0,False
BIN_8289624,wrapper,1,1,False
BIN_8289731,wrapper,0,0,False
BIN_8289771,wrapper,0,0,False
BIN_8290202,injected,0,0,False
BIN_8290957,wrapper,0,0,False
BIN_8292208,wrapper,0,0,False
BIN_8292429,injected,0,0,False
BIN_8292438,injected,0,0,False
BIN_8292474,wrapper,0,0,False
BIN_8294824,wrapper,0,0,False
BIN_8294927,injected,0,0,False
BIN_8295614,wrapper,0,0,False
BIN_8295645,wrapper,0,0,False
BIN_8296177,wrapper,0,0,False
BIN_8296636,wrapper,0,0,False
BIN_8298167,injected,1,1,False
BIN_8298199,wrapper,0,0,False
BIN_8298316,wrapper,0,0,False
BIN_8298909,wrapper,1,1,False
BIN_8299006,injected,1,1,False
BIN_8299030,wrapper,1,1,False
BIN_8300289,wrapper,0,0,False
BIN_8301230,injected,1,1,False
BIN_8301648,wrapper,0,0,False
BIN_8302362,wrapper,0,0,False
BIN_8302416,injected,0,0,False
BIN_8303798,wrapper,0,0,False
BIN_8303958,wrapper,1,1,False
BIN_8304052,injected,0,0,False
BIN_8304090,injected,0,0,False
BIN_8304432,wrapper,1,1,False
BIN_8304526,wrapper,1,1,False
BIN_8305190,wrapper,1,1,False
BIN_8306072,wrapper,0,0,False
BIN_8306166,wrapper,1,1,False
BIN_8306848,wrapper,0,0,False
BIN_8307342,wrapper,1,1,False
BIN_8307792,wrapper,1,1,False
BIN_8309324,wrapper,0,0,False
BIN_8309359,injected,1,1,False
BIN_8309456,injected,1,1,False
BIN_8310131,wrapper,0,0,False
BIN_8310243,wrapper,0,0,False
BIN_8310627,wrapper,0,0,False
BIN_8310799,injected,0,0,False
BIN_8310896,wrapper,0,0,False
BIN_8313018,injected,0,0,False
BIN_8313389,wrapper,1,1,False
BIN_8314172,injected,1,1,False
BIN_8314971,wrapper,0,0,False
BIN_8315685,wrapper,1,1,False
BIN_8315704,wrapper,1,1,False
BIN_8315976,wrapper,1,1,False
BIN_8316306,wrapper,0,0,False
BIN_8316917,injected,0,0,False
BIN_8317743,wrapper,1,1,False
BIN_8317956,wrapper,1,1,False
BIN_8318303,wrapper,0,0,False
BIN_8318790,wrapper,0,0,False
BIN_8319322,wrapper,0,0,False
BIN_8320556,injected,0,0,False
BIN_8320766,injected,0,0,False
BIN_8321492,wrapper,0,0,False
BIN_8322652,wrapper,0,0,False
BIN_8323303,wrapper,1,1,False
BIN_8323534,wrapper,1,1,False
BIN_8324680,wrapper,0,0,False
BIN_8325634,injected,0,0,False
BIN_8326997,wrapper,1,1,False
BIN_8327868,wrapper,0,0,False
BIN_8329407,wrapper,1,1,False
BIN_8330829,wrapper,0,0,False
BIN_8331836,wrapper,0,0,False
BIN_8333230,injected,1,1,False
BIN_8333387,wrapper,0,0,False
BIN_8334258,wrapper,1,1,False
BIN_8335037,wrapper,0,0,False
BIN_8335371,wrapper,1,1,False
BIN_8336672,wrapper,0,0,False
BIN_8336760,wrapper,0,0,False
BIN_8338629,injected,0,0,False
BIN_8339815,injected,0,0,False
BIN_8340289,wrapper,1,1,False
BIN_8341316,wrapper,1,1,False
BIN_8341408,wrapper,0,0,False
BIN_8342257,wrapper,1,1,False
BIN_8342649,injected,0,0,False
BIN_8343166,wrapper,0,0,False
BIN_8343213,wrapper,0,0,False
BIN_8343551,wrapper,0,0,False
BIN_8344357,wrapper,1,1,False
BIN_8344400,injected,1,1,False
BIN_8344996,wrapper,0,0,False
BIN_8345103,wrapper,0,0,False
BIN_8345317,wrapper,1,1,False
BIN_8345464,wrapper,1,1,False
BIN_8345706,injected,1,1,False
BIN_8346012,wrapper,0,0,False
BIN_8346661,injected,1,1,False
BIN_8346998,injected,1,1,False
BIN_8347360,wrapper,0,0,False
BIN_8347830,injected,1,1,False
BIN_8348075,injected,1,1,False
BIN_8348876,wrapper,0,0,False
BIN_8349152,wrapper,0,0,False
BIN_8349315,wrapper,0,0,False
BIN_8350575,wrapper,0,0,False
BIN_8350611,injected,1,1,False
BIN_8351359,injected,1,1,False
BIN_8351887,injected,0,0,False
BIN_8353227,wrapper,0,0,False
BIN_8353872,wrapper,0,0,False
BIN_8354473,injected,0,0,False
BIN_8354518,wrapper,1,1,False
BIN_8354706,injected,1,1,False
BIN_8354940,injected,0,0,False
BIN_8355524,wrapper,1,1,False
BIN_8356180,wrapper,0,0,False
BIN_8356607,wrapper,0,0,False
BIN_8356855,wrapper,1,1,False
BIN_8357771,wrapper,1,1,False
BIN_8357873,wrapper,0,0,False
BIN_8358903,wrapper,1,1,False
BIN_8359196,wrapper,0,0,False
BIN_8361086,wrapper,0,0,False
BIN_8361395,injected,1,1,False
BIN_8362123,wrapper,1,1,False
BIN_8363554,wrapper,0,0,False
BIN_8363727,wrapper,1,1,False
BIN_8363877,wrapper,1,1,False
BIN_8363997,wrapper,0,0,False
BIN_8364355,wrapper,1,1,False
BIN_8364385,wrapper,0,0,False
BIN_8365301,wrapper,0,0,False
BIN_8365689,wrapper,1,1,False
BIN_8365846,injected,0,0,False
BIN_8366239,wrapper,0,0,False
BIN_8368085,injected,1,1,False
BIN_8368325,wrapper,0,0,False
BIN_8370750,injected,1,1,False
BIN_8372555,injected,1,1,False
BIN_8372720,injected,1,1,False
BIN_8373077,wrapper,1,1,False
BIN_8373727,wrapper,1,1,False
BIN_8373961,injected,0,0,False
BIN_8374141,injected,0,0,False
BIN_8374938,injected,0,0,False
BIN_8375567,injected,0,0,False
BIN_8375772,injected,1,1,False
BIN_8376241,wrapper,1,1,False
BIN_8377525,wrapper,1,1,False
BIN_8378972,wrapper,1,1,False
BIN_8379177,wrapper,1,1,False
BIN_8379584,wrapper,0,0,False
BIN_8381536,injected,0,0,False
BIN_8382066,wrapper,1,1,False
BIN_8383733,injected,1,1,False
BIN_8385184,injected,0,0,False
BIN_8385323,injected,0,0,False
BIN_8385652,wrapper,0,0,False
BIN_8386221,injected,0,0,False
BIN_8386492,injected,1,1,False
BIN_8387291,wrapper,0,0,False
BIN_8387357,wrapper,0,0,False
BIN_8387467,injected,1,1,False
BIN_8387570,injected,0,0,False
BIN_8387924,wrapper,0,0,False
BIN_8388299,wrapper,0,0,False
BIN_8388365,wrapper,1,1,False
BIN_8389242,wrapper,1,1,False
BIN_8389398,wrapper,1,1,False
BIN_8389433,wrapper,0,0,False
BIN_8389615,injected,0,0,False
BIN_8389703,wrapper,1,1,False
BIN_8389789,wrapper,0,0,False
BIN_8389799,wrapper,0,0,False
BIN_8390916,wrapper,1,1,False
BIN_8390979,wrapper,1,1,False
BIN_8391216,wrapper,0,0,False
BIN_8391321,wrapper,1,1,False
BIN_8392669,wrapper,1,1,False
BIN_8392990,wrapper,0,0,False
BIN_8393528,injected,1,1,False
BIN_8396038,wrapper,0,0,False
BIN_8397443,wrapper,0,0,False
BIN_8397736,wrapper,1,1,False
BIN_8397911,wrapper,1,1,False
BIN_8398792,wrapper,1,1,False
BIN_8399467,injected,0,0,False
BIN_8399517,injected,1,1,False
BIN_8399814,injected,1,1,False
BIN_8401412,injected,0,0,False
BIN_8401805,wrapper,0,0,False
BIN_8402546,injected,1,1,False
BIN_8402570,injected,1,1,False
BIN_8403009,wrapper,1,1,False
BIN_8403039,wrapper,1,1,False
BIN_8403210,wrapper,1,1,False
BIN_8403216,wrapper,1,1,False
BIN_8403714,wrapper,0,0,False
BIN_8403904,wrapper,0,0,False
BIN_8404006,wrapper,1,1,False
BIN_8404934,wrapper,1,1,False
BIN_8405086,wrapper,1,1,False
BIN_8405150,wrapper,1,1,False
BIN_8405811,wrapper,1,1,False
BIN_8405949,wrapper,1,1,False
BIN_8406860,wrapper,0,0,False
BIN_8410054,wrapper,1,1,False
BIN_8410067,injected,1,1,False
BIN_8410132,wrapper,0,0,False
BIN_8410410,injected,1,1,False
BIN_8412277,wrapper,1,1,False
BIN_8412409,wrapper,1,1,False
BIN_8412472,wrapper,0,0,False
BIN_8412588,wrapper,1,1,False
BIN_8413287,wrapper,1,1,False
BIN_8413612,wrapper,1,1,False
BIN_8413615,wrapper,1,1,False
BIN_8413665,wrapper,0,0,False
BIN_8413918,wrapper,0,0,False
BIN_8415009,wrapper,0,0,False
BIN_8415045,wrapper,0,0,False
BIN_8415076,injected,1,1,False
BIN_8415134,wrapper,1,1,False
BIN_8416577,wrapper,1,1,False
BIN_8416782,wrapper,0,0,False
BIN_8417786,injected,0,0,False
BIN_8418990,injected,0,0,False
BIN_8419112,wrapper,1,1,False
BIN_8419597,wrapper,1,1,False
BIN_8419992,wrapper,0,0,False
BIN_8420023,injected,1,1,False
BIN_8420343,wrapper,0,0,False
BIN_8420435,wrapper,0,0,False
BIN_8421027,injected,1,1,False
BIN_8421201,wrapper,1,1,False
BIN_8421452,wrapper,1,1,False
BIN_8422549,wrapper,1,1,False
BIN_8422669,wrapper,0,0,False
BIN_8423175,injected,1,1,False
BIN_8423540,injected,0,0,False
BIN_8424322,injected,0,0,False
BIN_8424377,wrapper,1,1,False
BIN_8426048,injected,0,0,False
BIN_8426284,injected,1,1,False
BIN_8427330,wrapper,1,1,False
BIN_8427668,injected,1,1,False
BIN_8428053,wrapper,0,0,False
BIN_8428507,injected,0,0,False
BIN_8428685,wrapper,1,1,False
BIN_8429907,injected,0,0,False
BIN_8431167,wrapper,1,1,False
BIN_8432401,injected,0,0,False
BIN_8432422,injected,0,0,False
BIN_8432698,injected,0,0,False
BIN_8433186,injected,0,0,False
BIN_8433396,injected,1,1,False
BIN_8433623,injected,1,1,False
BIN_8434212,wrapper,1,1,False
BIN_8434529,wrapper,1,1,False
BIN_8435116,wrapper,1,1,False
BIN_8436500,wrapper,1,1,False
BIN_8437129,injected,1,1,False
BIN_8437167,injected,1,1,False
BIN_8437983,wrapper,0,0,False
BIN_8438305,wrapper,0,0,False
BIN_8438646,wrapper,1,1,False
BIN_8439428,injected,0,0,False
BIN_8441719,wrapper,1,1,False
BIN_8442205,injected,0,0,False
BIN_8442542,injected,0,0,False
BIN_8442825,injected,0,0,False
BIN_8443719,wrapper,0,0,False
BIN_8443779,wrapper,1,1,False
BIN_8444969,injected,0,0,False
BIN_8445417,wrapper,1,1,False
BIN_8446279,wrapper,1,1,False
BIN_8446450,injected,1,1,False
BIN_8447249,injected,0,0,False
BIN_8447940,wrapper,0,0,False
BIN_8449849,wrapper,0,0,False
BIN_8449876,wrapper,0,0,False
BIN_8450637,wrapper,1,1,False
BIN_8450879,injected,0,0,False
BIN_8450943,injected,1,1,False
BIN_8451110,wrapper,0,0,False
BIN_8451331,wrapper,1,1,False
BIN_8451617,wrapper,0,0,False
BIN_8452636,injected,0,0,False
BIN_8452902,wrapper,0,0,False
BIN_8454344,wrapper,0,0,False
BIN_8455138,wrapper,1,1,False
BIN_8455863,injected,1,1,False
BIN_8456000,injected,1,1,False
BIN_8456269,wrapper,1,1,False
BIN_8456284,wrapper,1,1,False
BIN_8456799,wrapper,0,0,False
BIN_8457499,wrapper,0,0,False
BIN_8457739,wrapper,0,0,False
BIN_8458154,wrapper,0,0,False
BIN_8458506,injected,1,1,False
BIN_8458681,wrapper,1,1,False
BIN_8459941,wrapper,0,0,False
BIN_8460811,injected,1,1,False
BIN_8461121,wrapper,0,0,False
BIN_8462423,wrapper,0,0,False
BIN_8462508,wrapper,1,1,False
BIN_8462975,wrapper,0,0,False
BIN_8463709,wrapper,1,1,False
BIN_8463833,injected,1,1,False
BIN_8464342,wrapper,0,0,False
BIN_8468081,injected,0,0,False
BIN_8469135,injected,1,1,False
BIN_8470254,wrapper,1,1,False
BIN_8471082,injected,0,0,False
BIN_8471568,wrapper,1,1,False
BIN_8473515,wrapper,1,1,False
BIN_8473525,wrapper,1,1,False
BIN_8473789,wrapper,0,0,False
BIN_8473814,wrapper,0,0,False
BIN_8473927,wrapper,0,0,False
BIN_8474107,wrapper,0,0,False
BIN_8475213,injected,1,1,False
BIN_8476453,injected,1,1,False
BIN_8476934,wrapper,1,1,False
BIN_8477183,wrapper,0,0,False
BIN_8477684,wrapper,0,0,False
BIN_8477813,injected,1,1,False
BIN_8478439,wrapper,0,0,False
BIN_8480008,wrapper,0,0,False
BIN_8480445,injected,1,1,False
BIN_8480800,wrapper,1,1,False
BIN_8482758,injected,1,1,False
BIN_8482945,wrapper,0,0,False
BIN_8483919,injected,1,1,False
BIN_8484816,wrapper,0,0,False
BIN_8485285,injected,1,1,False
BIN_8486131,wrapper,1,1,False
BIN_8486903,injected,1,1,False
BIN_8487081,wrapper,1,1,False
BIN_8487098,wrapper,0,0,False
BIN_8488159,injected,0,0,False
BIN_8488298,injected,1,1,False
BIN_8488984,injected,0,0,False
BIN_8489598,wrapper,1,1,False
BIN_8489765,wrapper,1,1,False
BIN_8490395,wrapper,1,1,False
BIN_8490607,injected,0,0,False
BIN_8490613,injected,0,0,False
BIN_8490968,wrapper,0,0,False
BIN_8491339,injected,1,1,False
BIN_8491391,wrapper,1,1,False
BIN_8492390,wrapper,0,0,False
BIN_8493067,injected,0,0,False
BIN_8493629,wrapper,1,1,False
BIN_8493900,injected,1,1,False
BIN_8495008,wrapper,1,1,False
BIN_8495063,wrapper,0,0,False
BIN_8495101,wrapper,1,1,False
BIN_8496200,injected,0,0,False
BIN_8496734,injected,1,1,False
BIN_8496735,wrapper,1,1,False
BIN_8496894,wrapper,1,1,False
BIN_8496962,wrapper,0,0,False
BIN_8497185,wrapper,0,0,False
BIN_8498431,injected,0,0,False
BIN_8499830,wrapper,0,0,False
BIN_8500407,wrapper,1,1,False
BIN_8500895,wrapper,1,1,False
BIN_8500912,injected,0,0,False
BIN_8501255,injected,1,1,False
BIN_8501280,wrapper,0,0,False
BIN_8501340,wrapper,0,0,False
BIN_8501622,wrapper,1,1,False
BIN_8502055,wrapper,0,0,False
BIN_8502074,injected,1,1,False
BIN_8502435,wrapper,0,0,False
BIN_8503132,wrapper,0,0,False
BIN_8503509,injected,1,1,False
BIN_8503936,wrapper,0,0,False
BIN_8504541,wrapper,0,0,False
BIN_8504671,wrapper,0,0,False
BIN_8505471,injected,0,0,False
BIN_8505814,wrapper,1,1,False
BIN_8506388,injected,1,1,False
BIN_8506523,wrapper,0,0,False
BIN_8506972,wrapper,0,0,False
BIN_8507278,wrapper,1,1,False
BIN_8508283,injected,0,0,False
BIN_8509239,wrapper,1,1,False
BIN_8509276,injected,0,0,False
BIN_8509748,wrapper,0,0,False
BIN_8509802,wrapper,1,1,False
BIN_8509892,wrapper,1,1,False
BIN_8510101,wrapper,0,0,False
BIN_8510214,wrapper,1,1,False
BIN_8510650,wrapper,0,0,False
BIN_8510713,wrapper,0,0,False
BIN_8511303,wrapper,0,0,False
BIN_8512029,injected,1,1,False
BIN_8512437,wrapper,0,0,False
BIN_8513381,wrapper,1,1,False
BIN_8513924,wrapper,0,0,False
BIN_8514174,injected,1,1,False
BIN_8515276,wrapper,1,1,False
BIN_8516322,wrapper,0,0,False
BIN_8516921,injected,0,0,False
BIN_8519612,injected,0,0,False
BIN_8519700,wrapper,1,1,False
BIN_8520238,wrapper,0,0,False
BIN_8520966,wrapper,1,1,False
BIN_8520980,wrapper,1,1,False
BIN_8521867,injected,0,0,False
BIN_8521885,wrapper,1,1,False
BIN_8523101,wrapper,0,0,False
BIN_8524333,wrapper,0,0,False
BIN_8524546,wrapper,0,0,False
BIN_8524889,wrapper,0,0,False
BIN_8526115,injected,1,1,False
BIN_8526177,wrapper,0,0,False
BIN_8526219,wrapper,0,0,False
BIN_8528097,injected,1,1,False
BIN_8528334,wrapper,1,1,False
BIN_8529359,wrapper,0,0,False
BIN_8529573,injected,1,1,False
BIN_8530665,wrapper,0,0,False
BIN_8531472,injected,1,1,False
BIN_8531707,wrapper,1,1,False
BIN_8531725,wrapper,0,0,False
BIN_8532093,wrapper,1,1,False
BIN_8532208,wrapper,1,1,False
BIN_8532285,wrapper,1,1,False
BIN_8532577,injected,0,0,False
BIN_8532928,wrapper,1,1,False
BIN_8533082,wrapper,1,1,False
BIN_8534018,wrapper,1,1,False
BIN_8534326,wrapper,1,1,False
BIN_8535133,wrapper,0,0,False
BIN_8535303,wrapper,1,1,False
BIN_8536185,injected,1,1,False
BIN_8536271,wrapper,1,1,False
BIN_8536463,wrapper,1,1,False
BIN_8536561,wrapper,0,0,False
BIN_8536810,injected,1,1,False
BIN_8537143,injected,1,1,False
BIN_8537479,injected,1,1,False
BIN_8539012,wrapper,1,1,False
BIN_8539801,injected,0,0,False
BIN_8540004,wrapper,1,1,False
BIN_8541098,injected,1,1,False
BIN_8541205,injected,0,0,False
BIN_8541300,injected,1,1,False
BIN_8541589,wrapper,1,1,False
BIN_8541809,wrapper,1,1,False
BIN_8542713,injected,1,1,False
BIN_8543237,injected,0,0,False
BIN_8543331,wrapper,0,0,False
BIN_8543340,wrapper,1,1,False
BIN_8543759,wrapper,1,1,False
BIN_8544255,wrapper,1,1,False
BIN_8545584,injected,1,1,False
BIN_8545679,wrapper,1,1,False
BIN_8546240,injected,0,0,False
BIN_8546314,wrapper,0,0,False
BIN_8546405,wrapper,1,1,False
BIN_8547024,wrapper,1,1,False
BIN_8547193,wrapper,0,0,False
BIN_8548304,wrapper,0,0,False
BIN_8548720,wrapper,0,0,False
BIN_8549009,wrapper,0,0,False
BIN_8549033,wrapper,1,1,False
BIN_8549645,wrapper,0,0,False
BIN_8550371,wrapper,0,0,False
BIN_8550848,wrapper,0,0,False
BIN_8551286,wrapper,0,0,False
BIN_8551293,wrapper,0,0,False
BIN_8551556,wrapper,0,0,False
BIN_8551794,injected,0,0,False
BIN_8551875,injected,0,0,False
BIN_8555171,wrapper,0,0,False
BIN_8555338,injected,0,0,False
BIN_8555655,injected,1,1,False
BIN_8555947,wrapper,1,1,False
BIN_8555981,wrapper,1,1,False
BIN_8556013,injected,1,1,False
BIN_8556379,wrapper,1,1,False
BIN_8556685,wrapper,1,1,False
BIN_8556812,wrapper,1,1,False
BIN_8557404,injected,0,0,False
BIN_8557705,injected,0,0,False
BIN_8557802,wrapper,1,1,False
BIN_8557941,injected,0,0,False
BIN_8558700,wrapper,0,0,False
BIN_8559243,injected,0,0,False
BIN_8559274,wrapper,1,1,False
BIN_8560332,injected,1,1,False
BIN_8561093,injected,1,1,False
BIN_8561310,wrapper,0,0,False
BIN_8561886,wrapper,0,0,False
BIN_8562343,injected,0,0,False
BIN_8562655,wrapper,1,1,False
BIN_8562944,wrapper,1,1,False
BIN_8563545,injected,0,0,False
BIN_8563949,injected,0,0,False
BIN_8564342,wrapper,1,1,False
BIN_8565345,wrapper,1,1,False
BIN_8565490,injected,0,0,False
BIN_8565975,injected,0,0,False
BIN_8566519,wrapper,1,1,False
BIN_8566824,wrapper,1,1,False
BIN_8567343,wrapper,1,1,False
BIN_8567384,injected,0,0,False
BIN_8567388,wrapper,0,0,False
BIN_8567934,wrapper,1,1,False
BIN_8568542,wrapper,0,0,False
BIN_8569009,wrapper,1,1,False
BIN_8569542,wrapper,1,1,False
BIN_8569756,wrapper,1,1,False
BIN_8571127,wrapper,1,1,False
BIN_8571627,wrapper,1,1,False
BIN_8573802,wrapper,1,1,False
BIN_8574192,wrapper,0,0,False
BIN_8574981,injected,1,1,False
BIN_8575057,injected,1,1,False
BIN_8575737,wrapper,0,0,False
BIN_8577046,wrapper,1,1,False
BIN_8577449,wrapper,1,1,False
BIN_8577681,wrapper,0,0,False
BIN_8578192,wrapper,0,0,False
BIN_8579450,injected,0,0,False
BIN_8580001,wrapper,1,1,False
BIN_8580185,injected,0,0,False
BIN_8580276,wrapper,0,0,False
BIN_8580928,wrapper,0,0,False
BIN_8581237,wrapper,1,1,False
BIN_8581791,injected,0,0,False
BIN_8582272,wrapper,0,0,False
BIN_8583053,wrapper,1,1,False
BIN_8583845,wrapper,0,0,False
BIN_8584481,wrapper,1,1,False
BIN_8584669,wrapper,1,1,False
BIN_8584724,injected,0,0,False
BIN_8586312,wrapper,1,1,False
BIN_8587385,injected,0,0,False
BIN_8589263,wrapper,1,1,False
BIN_8589690,wrapper,1,1,False
BIN_8590215,injected,1,1,False
BIN_8591021,wrapper,0,0,False
BIN_8591252,wrapper,1,1,False
BIN_8592860,wrapper,0,0,False
BIN_8594554,injected,1,1,False
BIN_8594989,wrapper,0,0,False
BIN_8595131,injected,1,1,False
BIN_8595414,wrapper,0,0,False
BIN_8595497,wrapper,0,0,False
BIN_8596009,injected,1,1,False
BIN_8596220,injected,1,1,False
BIN_8596455,wrapper,0,0,False
BIN_8596853,wrapper,0,0,False
BIN_8597191,wrapper,1,1,False
BIN_8597492,wrapper,1,1,False
BIN_8597834,wrapper,0,0,False
BIN_8597859,wrapper,1,1,False
BIN_8598254,wrapper,0,0,False
BIN_8598733,wrapper,1,1,False
BIN_8598981,injected,0,0,False
BIN_8599154,wrapper,0,0,False
BIN_8599168,wrapper,1,1,False
BIN_8599285,injected,1,1,False
BIN_8599567,wrapper,1,1,False
BIN_8600633,wrapper,0,0,False
BIN_8601665,injected,1,1,False
BIN_8601706,wrapper,0,0,False
BIN_8602543,wrapper,1,1,False
BIN_8602989,injected,0,0,False
BIN_8603606,injected,1,1,False
BIN_8605134,injected,0,0,False
BIN_8605173,injected,1,1,False
BIN_8606123,injected,1,1,False
BIN_8606529,wrapper,1,1,False
BIN_8607800,wrapper,0,0,False
BIN_8607905,wrapper,1,1,False
BIN_8608565,wrapper,0,0,False
BIN_8609269,wrapper,1,1,False
BIN_8609503,wrapper,1,1,False
BIN_8610271,injected,1,1,False
BIN_8610334,injected,0,0,False
BIN_8610791,injected,0,0,False
BIN_8611847,wrapper,0,0,False
BIN_8612164,wrapper,0,0,False
BIN_8612685,wrapper,0,0,False
BIN_8613864,injected,0,0,False
BIN_8613962,wrapper,1,1,False
BIN_8614034,wrapper,1,1,False
BIN_8615676,injected,1,1,False
BIN_8616116,wrapper,1,1,False
BIN_8616174,injected,1,1,False
BIN_8620087,wrapper,1,1,False
BIN_8620352,wrapper,0,0,False
BIN_8620392,injected,1,1,False
BIN_8620484,injected,1,1,False
BIN_8621038,wrapper,1,1,False
BIN_8623125,wrapper,0,0,False
BIN_8623743,wrapper,0,0,False
BIN_8624357,injected,1,1,False
BIN_8625555,injected,1,1,False
BIN_8627906,wrapper,0,0,False
BIN_8628489,wrapper,1,1,False
BIN_8628562,wrapper,1,1,False
BIN_8628679,wrapper,1,1,False
BIN_8629427,wrapper,1,1,False
BIN_8629555,injected,0,0,False
BIN_8630305,wrapper,1,1,False
BIN_8630741,wrapper,0,0,False
BIN_8631076,wrapper,0,0,False
BIN_8632128,wrapper,1,1,False
BIN_8633191,wrapper,1,1,False
BIN_8633367,wrapper,1,1,False
BIN_8633632,injected,0,0,False
BIN_8633913,wrapper,0,0,False
BIN_8634038,wrapper,1,1,False
BIN_8634971,wrapper,0,0,False
BIN_8635927,injected,1,1,False
BIN_8635965,injected,1,1,False
BIN_8636796,wrapper,1,1,False
BIN_8636873,wrapper,1,1,False
BIN_8641152,wrapper,0,0,False
BIN_8641884,wrapper,1,1,False
BIN_8643870,wrapper,0,0,False
BIN_8645890,injected,1,1,False
BIN_8645969,injected,1,1,False
BIN_8646360,injected,1,1,False
BIN_8646477,wrapper,0,0,False
BIN_8647029,injected,0,0,False
BIN_8647943,wrapper,1,1,False
BIN_8648672,wrapper,1,1,False
BIN_8649758,wrapper,1,1,False
BIN_8650693,wrapper,1,1,False
BIN_8652688,injected,0,0,False
BIN_8653405,wrapper,1,1,False
BIN_8654326,injected,0,0,False
BIN_8654868,wrapper,1,1,False
BIN_8655538,wrapper,1,1,False
BIN_8656445,wrapper,1,1,False
BIN_8657376,wrapper,0,0,False
BIN_8657406,wrapper,1,1,False
BIN_8657515,wrapper,0,0,False
BIN_8657650,wrapper,0,0,False
BIN_8657925,wrapper,0,0,False
BIN_8660748,wrapper,0,0,False
BIN_8661187,wrapper,0,0,False
BIN_8662020,wrapper,1,1,False
BIN_8664050,wrapper,1,1,False
BIN_8664360,wrapper,1,1,False
BIN_8665549,wrapper,0,0,False
BIN_8665699,wrapper,0,0,False
BIN_8666514,wrapper,0,0,False
BIN_8666610,wrapper,1,1,False
BIN_8667849,injected,0,0,False
BIN_8667860,wrapper,1,1,False
BIN_8668612,wrapper,0,0,False
BIN_8668931,wrapper,1,1,False
BIN_8669734,injected,1,1,False
BIN_8669936,injected,1,1,False
BIN_8670003,wrapper,0,0,False
BIN_8671515,wrapper,0,0,False
BIN_8671852,injected,1,1,False
BIN_8672095,wrapper,1,1,False
BIN_8673512,wrapper,1,1,False
BIN_8673688,wrapper,1,1,False
BIN_8674150,wrapper,0,0,False
BIN_8674231,wrapper,0,0,False
BIN_8674525,wrapper,0,0,False
BIN_8674664,wrapper,0,0,False
BIN_8674729,wrapper,1,1,False
BIN_8675719,injected,0,0,False
BIN_8676821,injected,1,1,False
BIN_8677650,wrapper,0,0,False
BIN_8677975,wrapper,1,1,False
BIN_8678124,wrapper,1,1,False
BIN_8678191,wrapper,1,1,False
BIN_8678299,wrapper,0,0,False
BIN_8678326,wrapper,1,1,False
BIN_8679563,wrapper,0,0,False
BIN_8679782,injected,0,0,False
BIN_8681123,wrapper,1,1,False
BIN_8681460,wrapper,1,1,False
BIN_8681591,wrapper,1,1,False
BIN_8682182,wrapper,0,0,False
BIN_8683205,wrapper,0,0,False
BIN_8683313,wrapper,1,1,False
BIN_8684186,wrapper,1,1,False
BIN_8684482,injected,1,1,False
BIN_8685262,wrapper,1,1,False
BIN_8686699,wrapper,0,0,False
BIN_8687892,wrapper,0,0,False
BIN_8688664,wrapper,1,1,False
BIN_8688693,wrapper,0,0,False
BIN_8688784,wrapper,0,0,False
BIN_8689208,wrapper,1,1,False
BIN_8690219,wrapper,1,1,False
BIN_8690629,wrapper,0,0,False
BIN_8691443,wrapper,1,1,False
BIN_8691923,injected,1,1,False
BIN_8691996,wrapper,0,0,False
BIN_8692449,injected,1,1,False
BIN_8692599,wrapper,0,0,False
BIN_8692845,wrapper,1,1,False
BIN_8693396,wrapper,1,1,False
BIN_8694898,injected,1,1,False
BIN_8696918,wrapper,0,0,False
BIN_8697142,wrapper,1,1,False
BIN_8697430,wrapper,0,0,False
BIN_8697619,wrapper,1,1,False
BIN_8698303,wrapper,0,0,False
BIN_8698607,wrapper,0,0,False
BIN_8698737,injected,1,1,False
BIN_8699090,injected,0,0,False
BIN_8699780,wrapper,0,0,False
BIN_8699946,wrapper,0,0,False
BIN_8700775,wrapper,1,1,False
BIN_8700790,wrapper,0,0,False
BIN_8701109,injected,0,0,False
BIN_8701229,injected,0,0,False
BIN_8702727,wrapper,0,0,False
BIN_8704144,wrapper,1,1,False
BIN_8704339,wrapper,0,0,False
BIN_8704741,wrapper,1,1,False
BIN_8704745,wrapper,1,1,False
BIN_8706840,injected,1,1,False
BIN_8710178,wrapper,1,1,False
BIN_8710417,wrapper,0,0,False
BIN_8710713,wrapper,0,0,False
BIN_8711345,wrapper,0,0,False
BIN_8712173,wrapper,1,1,False
BIN_8712306,wrapper,1,1,False
BIN_8712597,injected,0,0,False
BIN_8714179,wrapper,0,0,False
BIN_8714183,injected,1,1,False
BIN_8714272,wrapper,1,1,False
BIN_8714338,wrapper,0,0,False
BIN_8714431,wrapper,1,1,False
BIN_8715438,wrapper,1,1,False
BIN_8715714,wrapper,0,0,False
BIN_8716102,wrapper,1,1,False
BIN_8717123,wrapper,0,0,False
BIN_8717171,wrapper,0,0,False
BIN_8717388,injected,1,1,False
BIN_8717584,wrapper,1,1,False
BIN_8717607,wrapper,0,0,False
BIN_8717720,injected,1,1,False
BIN_8718011,wrapper,1,1,False
BIN_8718448,wrapper,1,1,False
BIN_8718684,wrapper,0,0,False
BIN_8719396,wrapper,1,1,False
BIN_8719418,injected,0,0,False
BIN_8720778,wrapper,0,0,False
BIN_8721319,injected,0,0,False
BIN_8722461,injected,0,0,False
BIN_8722883,wrapper,1,1,False
BIN_8724425,injected,0,0,False
BIN_8725046,wrapper,0,0,False
BIN_8725133,injected,1,1,False
BIN_8725510,injected,1,1,False
BIN_8725651,wrapper,0,0,False
BIN_8725813,wrapper,0,0,False
BIN_8725864,injected,0,0,False
BIN_8726092,injected,0,0,False
BIN_8726143,injected,0,0,False
BIN_8727550,wrapper,0,0,False
BIN_8729123,wrapper,1,1,False
BIN_8729250,wrapper,1,1,False
BIN_8729745,wrapper,1,1,False
BIN_8730368,wrapper,1,1,False
BIN_8730660,wrapper,0,0,False
BIN_8730754,wrapper,1,1,False
BIN_8731258,wrapper,0,0,False
BIN_8731635,wrapper,0,0,False
BIN_8732658,injected,0,0,False
BIN_8733095,wrapper,1,1,False
BIN_8733266,wrapper,1,1,False
BIN_8733462,wrapper,0,0,False
BIN_8733751,injected,0,0,False
BIN_8733936,injected,0,0,False
BIN_8734057,wrapper,1,1,False
BIN_8734516,injected,0,0,False
BIN_8735343,injected,0,0,False
BIN_8735669,wrapper,0,0,False
BIN_8737945,wrapper,1,1,False
BIN_8740252,wrapper,1,1,False
BIN_8740498,wrapper,1,1,False
BIN_8740925,wrapper,1,1,False
BIN_8740963,wrapper,1,1,False
BIN_8741723,wrapper,1,1,False
BIN_8742122,wrapper,0,0,False
BIN_8742484,wrapper,1,1,False
BIN_8742946,injected,1,1,False
BIN_8743168,wrapper,1,1,False
BIN_8743565,wrapper,1,1,False
BIN_8743586,wrapper,1,1,False
BIN_8743755,wrapper,0,0,False
BIN_8745231,wrapper,1,1,False
BIN_8745653,wrapper,0,0,False
BIN_8746654,wrapper,1,1,False
BIN_8746677,injected,1,1,False
BIN_8747661,injected,1,1,False
BIN_8747862,wrapper,0,0,False
BIN_8748999,wrapper,0,0,False
BIN_8749417,wrapper,1,1,False
BIN_8752055,wrapper,1,1,False
BIN_8752520,wrapper,0,0,False
BIN_8752587,wrapper,0,0,False
BIN_8753641,wrapper,1,1,False
BIN_8753750,wrapper,0,0,False
BIN_8753801,injected,0,0,False
BIN_8754302,wrapper,1,1,False
BIN_8755290,injected,0,0,False
BIN_8755533,wrapper,0,0,False
BIN_8756138,wrapper,1,1,False
BIN_8756352,injected,1,1,False
BIN_8756620,wrapper,0,0,False
BIN_8758971,wrapper,1,1,False
BIN_8759456,injected,0,0,False
BIN_8759799,wrapper,0,0,False
BIN_8760377,wrapper,1,1,False
BIN_8761293,injected,0,0,False
BIN_8761962,injected,0,0,False
BIN_8762160,injected,1,1,False
BIN_8762834,wrapper,1,1,False
BIN_8763335,injected,0,0,False
BIN_8764066,wrapper,1,1,False
BIN_8764458,wrapper,0,0,False
BIN_8764770,wrapper,1,1,False
BIN_8764777,injected,1,1,False
BIN_8764943,injected,0,0,False
BIN_8765782,injected,0,0,False
BIN_8765810,wrapper,0,0,False
BIN_8767365,wrapper,1,1,False
BIN_8767828,wrapper,1,1,False
BIN_8768411,wrapper,0,0,False
BIN_8768712,wrapper,1,1,False
BIN_8768739,wrapper,0,0,False
BIN_8769298,injected,0,0,False
BIN_8770190,wrapper,1,1,False
BIN_8770289,wrapper,0,0,False
BIN_8770453,injected,1,1,False
BIN_8770834,injected,1,1,False
BIN_8772106,wrapper,1,1,False
BIN_8773191,wrapper,0,0,False
BIN_8773750,injected,1,1,False
BIN_8773893,injected,0,0,False
BIN_8774497,wrapper,1,1,False
BIN_8775080,wrapper,0,0,False
BIN_8776814,wrapper,0,0,False
BIN_8777763,injected,0,0,False
BIN_8777908,wrapper,0,0,False
BIN_8778309,wrapper,0,0,False
BIN_8778445,wrapper,0,0,False
BIN_8779231,wrapper,0,0,False
BIN_8779619,wrapper,1,1,False
BIN_8779701,injected,0,0,False
BIN_8780589,injected,0,0,False
BIN_8780985,wrapper,1,1,False
BIN_8781695,wrapper,1,1,False
BIN_8781697,injected,1,1,False
BIN_8782220,injected,1,1,False
BIN_8783317,wrapper,1,1,False
BIN_8784333,wrapper,0,0,False
BIN_8784962,wrapper,1,1,False
BIN_8785893,injected,1,1,False
BIN_8786180,wrapper,1,1,False
BIN_8786714,wrapper,1,1,False
BIN_8786790,wrapper,0,0,False
BIN_8787111,wrapper,0,0,False
BIN_8787278,wrapper,0,0,False
BIN_8788024,wrapper,1,1,False
BIN_8788096,wrapper,0,0,False
BIN_8788477,injected,1,1,False
BIN_8788811,wrapper,1,1,False
BIN_8789451,wrapper,0,0,False
BIN_8789531,wrapper,1,1,False
BIN_8789831,wrapper,1,1,False
BIN_8790325,injected,0,0,False
BIN_8790424,injected,1,1,False
BIN_8791042,wrapper,1,1,False
BIN_8791052,wrapper,1,1,False
BIN_8791225,wrapper,1,1,False
BIN_8791433,wrapper,0,0,False
BIN_8791454,wrapper,1,1,False
BIN_8791588,wrapper,0,0,False
BIN_8792029,wrapper,0,0,False
BIN_8792484,wrapper,1,1,False
BIN_8792916,injected,0,0,False
BIN_8792952,wrapper,0,0,False
BIN_8793269,wrapper,0,0,False
BIN_8793275,injected,1,1,False
BIN_8793428,wrapper,0,0,False
BIN_8793939,wrapper,0,0,False
BIN_8794290,injected,0,0,False
BIN_8794619,wrapper,0,0,False
BIN_8794813,wrapper,0,0,False
BIN_8796673,wrapper,0,0,False
BIN_8797747,wrapper,0,0,False
BIN_8798385,wrapper,0,0,False
BIN_8798515,wrapper,0,0,False
BIN_8798660,wrapper,1,1,False
BIN_8799039,wrapper,1,1,False
BIN_8799767,injected,0,0,False
BIN_8801111,wrapper,0,0,False
BIN_8801372,wrapper,1,1,False
BIN_8801627,injected,0,0,False
BIN_8801950,injected,1,1,False
BIN_8802946,wrapper,1,1,False
BIN_8803114,wrapper,1,1,False
BIN_8803564,wrapper,0,0,False
BIN_8804012,injected,1,1,False
BIN_8804252,wrapper,0,0,False
BIN_8804406,wrapper,0,0,False
BIN_8805417,wrapper,0,0,False
BIN_8806008,wrapper,1,1,False
BIN_8806666,injected,1,1,False
BIN_8806867,wrapper,1,1,False
BIN_8806940,wrapper,0,0,False
BIN_8807496,wrapper,1,1,False
BIN_8807836,wrapper,1,1,False
BIN_8808150,wrapper,0,0,False
BIN_8808473,injected,0,0,False
BIN_8809569,injected,0,0,False
BIN_8809835,injected,0,0,False
BIN_8810136,wrapper,0,0,False
BIN_8810883,injected,1,1,False
BIN_8811522,injected,1,1,False
BIN_8811579,injected,0,0,False
BIN_8811665,wrapper,0,0,False
BIN_8812297,injected,0,0,False
BIN_8813301,injected,1,1,False
BIN_8813545,injected,0,0,False
BIN_8813695,injected,1,1,False
BIN_8814198,injected,1,1,False
BIN_8814428,wrapper,0,0,False
BIN_8814463,wrapper,0,0,False
BIN_8814736,wrapper,0,0,False
BIN_8814960,wrapper,0,0,False
BIN_8816523,injected,1,1,False
BIN_8816575,wrapper,0,0,False
BIN_8818607,wrapper,0,0,False
BIN_8819342,injected,0,0,False
BIN_8819531,wrapper,1,1,False
BIN_8820162,injected,0,0,False
BIN_8820548,wrapper,1,1,False
BIN_8821046,wrapper,0,0,False
BIN_8823178,injected,1,1,False
BIN_8824237,injected,0,0,False
BIN_8824830,wrapper,0,0,False
BIN_8825515,wrapper,0,0,False
BIN_8825774,injected,0,0,False
BIN_8826308,injected,0,0,False
BIN_8826633,wrapper,0,0,False
BIN_8827439,injected,0,0,False
BIN_8828030,wrapper,0,0,False
BIN_8828477,wrapper,1,1,False
BIN_8828810,wrapper,1,1,False
BIN_8828905,injected,0,0,False
BIN_8829032,wrapper,1,1,False
BIN_8830270,injected,0,0,False
BIN_8831265,wrapper,0,0,False
BIN_8831554,wrapper,1,1,False
BIN_8831658,wrapper,0,0,False
BIN_8832004,wrapper,0,0,False
BIN_8832271,wrapper,1,1,False
BIN_8832313,wrapper,0,0,False
BIN_8832473,injected,0,0,False
BIN_8832716,wrapper,1,1,False
BIN_8833061,wrapper,1,1,False
BIN_8833425,injected,1,1,False
BIN_8833904,injected,1,1,False
BIN_8834317,wrapper,1,1,False
BIN_8834426,wrapper,0,0,False
BIN_8835517,wrapper,0,0,False
BIN_8836104,injected,0,0,False
BIN_8836907,wrapper,1,1,False
BIN_8837161,wrapper,0,0,False
BIN_8837252,injected,1,1,False
BIN_8838720,wrapper,1,1,False
BIN_8838740,wrapper,1,1,False
BIN_8838851,injected,1,1,False
BIN_8839868,wrapper,1,1,False
BIN_8840257,wrapper,1,1,False
BIN_8840409,wrapper,0,0,False
BIN_8841261,wrapper,1,1,False
BIN_8844928,wrapper,0,0,False
BIN_8845237,wrapper,1,1,False
BIN_8845357,injected,1,1,False
BIN_8845663,wrapper,0,0,False
BIN_8846028,injected,1,1,False
BIN_8846424,wrapper,0,0,False
BIN_8847543,wrapper,1,1,False
BIN_8848891,wrapper,1,1,False
BIN_8849602,injected,0,0,False
BIN_8850363,wrapper,1,1,False
BIN_8851263,wrapper,1,1,False
BIN_8851984,wrapper,0,0,False
BIN_8852241,injected,1,1,False
BIN_8853223,wrapper,1,1,False
BIN_8853473,wrapper,0,0,False
BIN_8853493,wrapper,0,0,False
BIN_8855876,wrapper,1,1,False
BIN_8856587,wrapper,1,1,False
BIN_8856934,wrapper,0,0,False
BIN_8858267,wrapper,0,0,False
BIN_8858483,injected,0,0,False
BIN_8858605,wrapper,0,0,False
BIN_8858945,wrapper,1,1,False
BIN_8860172,wrapper,1,1,False
BIN_8860237,injected,0,0,False
BIN_8860756,wrapper,0,0,False
BIN_8860929,wrapper,0,0,False
BIN_8860999,wrapper,0,0,False
BIN_8861136,injected,1,1,False
BIN_8861388,wrapper,0,0,False
BIN_8862871,injected,0,0,False
BIN_8863523,wrapper,0,0,False
BIN_8863967,injected,1,1,False
BIN_8864875,injected,1,1,False
BIN_8865024,injected,0,0,False
BIN_8865947,wrapper,1,1,False
BIN_8867400,wrapper,0,0,False
BIN_8867481,injected,1,1,False
BIN_8869198,wrapper,1,1,False
BIN_8869322,injected,0,0,False
BIN_8869617,wrapper,1,1,False
BIN_8872122,wrapper,0,0,False
BIN_8872483,wrapper,1,1,False
BIN_8872637,wrapper,0,0,False
BIN_8872729,injected,0,0,False
BIN_8872891,wrapper,1,1,False
BIN_8873206,wrapper,1,1,False
BIN_8873217,wrapper,1,1,False
BIN_8873788,injected,0,0,False
BIN_8874313,injected,0,0,False
BIN_8877515,injected,1,1,False
BIN_8877572,wrapper,0,0,False
BIN_8878821,injected,0,0,False
BIN_8879177,wrapper,0,0,False
BIN_8879194,wrapper,0,0,False
BIN_8879369,wrapper,0,0,False
BIN_8879805,wrapper,1,1,False
BIN_8880495,wrapper,1,1,False
BIN_8881578,injected,0,0,False
BIN_8881656,wrapper,1,1,False
BIN_8881816,wrapper,0,0,False
BIN_8882391,wrapper,1,1,False
BIN_8882913,wrapper,0,0,False
BIN_8884530,wrapper,1,1,False
BIN_8885853,wrapper,0,0,False
BIN_8886040,wrapper,0,0,False
BIN_8886124,wrapper,1,1,False
BIN_8886496,wrapper,1,1,False
BIN_8886506,wrapper,1,1,False
BIN_8886554,injected,1,1,False
BIN_8887907,wrapper,1,1,False
BIN_8888949,wrapper,0,0,False
BIN_8889373,wrapper,0,0,False
BIN_8889464,wrapper,0,0,False
BIN_8892431,wrapper,1,1,False
BIN_8892776,wrapper,1,1,False
BIN_8893282,injected,0,0,False
BIN_8893353,wrapper,0,0,False
BIN_8893455,wrapper,0,0,False
BIN_8894897,injected,1,1,False
BIN_8895432,wrapper,0,0,False
BIN_8895983,injected,1,1,False
BIN_8896664,injected,0,0,False
BIN_8898107,injected,1,1,False
BIN_8898323,injected,0,0,False
BIN_8899145,wrapper,0,0,False
BIN_8899662,injected,1,1,False
BIN_8899802,wrapper,0,0,False
BIN_8900995,wrapper,1,1,False
BIN_8902050,injected,1,1,False
BIN_8902645,wrapper,0,0,False
BIN_8903384,wrapper,1,1,False
BIN_8904127,injected,0,0,False
BIN_8904318,wrapper,1,1,False
BIN_8904918,wrapper,0,0,False
BIN_8905014,wrapper,0,0,False
BIN_8905026,injected,0,0,False
BIN_8905648,wrapper,0,0,False
BIN_8905926,wrapper,0,0,False
BIN_8906425,injected,0,0,False
BIN_8906460,wrapper,1,1,False
BIN_8906749,wrapper,1,1,False
BIN_8907121,wrapper,1,1,False
BIN_8907268,wrapper,0,0,False
BIN_8907294,wrapper,0,0,False
BIN_8907569,injected,1,1,False
BIN_8907680,wrapper,1,1,False
BIN_8907918,wrapper,0,0,False
BIN_8908767,injected,0,0,False
BIN_8908969,wrapper,1,1,False
BIN_8909907,injected,1,1,False
BIN_8910521,wrapper,0,0,False
BIN_8910968,wrapper,0,0,False
BIN_8911283,wrapper,0,0,False
BIN_8913472,injected,1,1,False
BIN_8913501,injected,1,1,False
BIN_8913909,injected,1,1,False
BIN_8914228,wrapper,1,1,False
BIN_8914260,wrapper,0,0,False
BIN_8914372,wrapper,0,0,False
BIN_8914460,wrapper,1,1,False
BIN_8914805,injected,1,1,False
BIN_8914849,injected,1,1,False
BIN_8915644,wrapper,1,1,False
BIN_8915687,wrapper,1,1,False
BIN_8915879,injected,1,1,False
BIN_8915965,wrapper,1,1,False
BIN_8916062,wrapper,0,0,False
BIN_8916783,wrapper,0,0,False
BIN_8916784,wrapper,0,0,False
BIN_8917800,injected,0,0,False
BIN_8919169,injected,1,1,False
BIN_8919293,injected,1,1,False
BIN_8919645,wrapper,0,0,False
BIN_8919666,wrapper,1,1,False
BIN_8919700,wrapper,0,0,False
BIN_8921428,injected,0,0,False
BIN_8921844,wrapper,0,0,False
BIN_8921885,wrapper,1,1,False
BIN_8921984,wrapper,1,1,False
BIN_8922060,wrapper,1,1,False
BIN_8922061,wrapper,0,0,False
BIN_8922207,wrapper,0,0,False
BIN_8923604,wrapper,1,1,False
BIN_8923945,wrapper,1,1,False
BIN_8924399,injected,0,0,False
BIN_8925236,wrapper,0,0,False
BIN_8925350,wrapper,0,0,False
BIN_8925534,wrapper,1,1,False
BIN_8926258,wrapper,0,0,False
BIN_8926769,injected,0,0,False
BIN_8927568,wrapper,1,1,False
BIN_8927644,wrapper,0,0,False
BIN_8927649,wrapper,1,1,False
BIN_8929884,wrapper,1,1,False
BIN_8930301,wrapper,0,0,False
BIN_8930590,wrapper,1,1,False
BIN_8930680,wrapper,1,1,False
BIN_8930725,injected,1,1,False
BIN_8930874,wrapper,1,1,False
BIN_8930930,injected,1,1,False
BIN_8931480,wrapper,1,1,False
BIN_8932183,wrapper,0,0,False
BIN_8932332,wrapper,0,0,False
BIN_8933560,injected,1,1,False
BIN_8933831,injected,0,0,False
BIN_8934680,wrapper,1,1,False
BIN_8934765,wrapper,0,0,False
BIN_8934837,wrapper,1,1,False
BIN_8934944,injected,0,0,False
BIN_8934948,injected,1,1,False
BIN_8935242,wrapper,0,0,False
BIN_8935622,injected,0,0,False
BIN_8936057,injected,1,1,False
BIN_8936061,injected,1,1,False
BIN_8936153,wrapper,1,1,False
BIN_8936356,injected,0,0,False
BIN_8937045,wrapper,1,1,False
BIN_8939406,wrapper,1,1,False
BIN_8940113,wrapper,0,0,False
BIN_8940379,wrapper,1,1,False
BIN_8941664,wrapper,0,0,False
BIN_8941988,wrapper,1,1,False
BIN_8943267,wrapper,1,1,False
BIN_8943282,wrapper,1,1,False
BIN_8943580,wrapper,0,0,False
BIN_8944982,wrapper,1,1,False
BIN_8946286,wrapper,1,1,False
BIN_8946559,wrapper,0,0,False
BIN_8948049,wrapper,1,1,False
BIN_8948321,wrapper,0,0,False
BIN_8948664,wrapper,0,0,False
BIN_8949636,wrapper,0,0,False
BIN_8949697,wrapper,0,0,False
BIN_8949838,wrapper,1,1,False
BIN_8950224,injected,1,1,False
BIN_8950290,wrapper,1,1,False
BIN_8950912,wrapper,1,1,False
BIN_8950993,wrapper,1,1,False
BIN_8951249,injected,1,1,False
BIN_8951784,wrapper,0,0,False
BIN_8952561,wrapper,1,1,False
BIN_8952775,wrapper,1,1,False
BIN_8952782,injected,0,0,False
BIN_8953021,wrapper,1,1,False
BIN_8953232,injected,1,1,False
BIN_8953517,injected,1,1,False
BIN_8954431,wrapper,0,0,False
BIN_8954708,injected,0,0,False
BIN_8955241,wrapper,1,1,False
BIN_8955473,injected,1,1,False
BIN_8955598,wrapper,1,1,False
BIN_8955713,wrapper,1,1,False
BIN_8955783,wrapper,0,0,False
BIN_8955833,wrapper,1,1,False
BIN_8956185,wrapper,1,1,False
BIN_8956419,injected,1,1,False
BIN_8958110,wrapper,1,1,False
BIN_8960721,injected,0,0,False
BIN_8962442,wrapper,1,1,False
BIN_8962523,injected,0,0,False
BIN_8964803,wrapper,1,1,False
BIN_8964896,wrapper,0,0,False
BIN_8965449,wrapper,1,1,False
BIN_8965588,wrapper,1,1,False
BIN_8966147,injected,0,0,False
BIN_8966213,wrapper,0,0,False
BIN_8966351,injected,1,1,False
BIN_8966377,injected,0,0,False
BIN_8967180,wrapper,0,0,False
BIN_8968119,injected,0,0,False
BIN_8968459,wrapper,1,1,False
BIN_8968656,injected,0,0,False
BIN_8969088,injected,0,0,False
BIN_8969141,injected,1,1,False
BIN_8969201,wrapper,1,1,False
BIN_8969848,wrapper,0,0,False
BIN_8970199,wrapper,1,1,False
BIN_8970946,wrapper,1,1,False
BIN_8971628,wrapper,1,1,False
BIN_8971933,wrapper,1,1,False
BIN_8974609,wrapper,0,0,False
BIN_8974889,wrapper,1,1,False
BIN_8975115,injected,1,1,False
BIN_8975928,injected,0,0,False
BIN_8977147,wrapper,0,0,False
BIN_8977154,injected,1,1,False
BIN_8978417,injected,1,1,False
BIN_8978549,injected,0,0,False
BIN_8978558,wrapper,1,1,False
BIN_8979600,injected,1,1,False
BIN_8980120,injected,0,0,False
BIN_8980154,wrapper,1,1,False
BIN_8981771,wrapper,0,0,False
BIN_8983828,injected,0,0,False
BIN_8984750,injected,1,1,False
BIN_8985221,wrapper,0,0,False
BIN_8986472,wrapper,1,1,False
BIN_8986624,wrapper,1,1,False
BIN_8986963,wrapper,0,0,False
BIN_8988604,wrapper,0,0,False
BIN_8989060,injected,0,0,False
BIN_8989924,wrapper,0,0,False
BIN_8990157,wrapper,0,0,False
BIN_8990608,wrapper,1,1,False
BIN_8990827,wrapper,0,0,False
BIN_8993648,wrapper,1,1,False
BIN_8995565,wrapper,0,0,False
BIN_8995763,wrapper,0,0,False
BIN_8995943,wrapper,0,0,False
BIN_8996035,injected,1,1,False
BIN_8996130,wrapper,0,0,False
BIN_8996200,injected,0,0,False
BIN_8996437,wrapper,0,0,False
BIN_8996601,wrapper,1,1,False
BIN_8997147,wrapper,0,0,False
BIN_8997400,wrapper,0,0,False
BIN_8997444,wrapper,0,0,False
BIN_8997563,injected,1,1,False
BIN_8998965,injected,1,1,False
BIN_9000034,injected,0,0,False
BIN_9000496,wrapper,0,0,False
BIN_9002027,injected,1,1,False
BIN_9002614,wrapper,1,1,False
BIN_9003632,wrapper,1,1,False
BIN_9003751,wrapper,0,0,False
BIN_9004899,wrapper,1,1,False
BIN_9005107,wrapper,0,0,False
BIN_9005173,wrapper,1,1,False
BIN_9005638,wrapper,0,0,False
BIN_9005648,wrapper,1,1,False
BIN_9005963,injected,0,0,False
BIN_9006974,wrapper,1,1,False
BIN_9007178,injected,1,1,False
BIN_9008093,wrapper,0,0,False
BIN_9008179,wrapper,0,0,False
BIN_9008287,wrapper,0,0,False
BIN_9008815,injected,1,1,False
BIN_9010205,wrapper,0,0,False
BIN_9011383,wrapper,1,1,False
BIN_9012848,injected,1,1,False
BIN_9014653,wrapper,0,0,False
BIN_9016024,injected,1,1,False
BIN_9016229,wrapper,1,1,False
BIN_9017039,wrapper,1,1,False
BIN_9017845,wrapper,0,0,False
BIN_9018748,wrapper,1,1,False
BIN_9019187,injected,0,0,False
BIN_9019529,wrapper,0,0,False
BIN_9019821,injected,0,0,False
BIN_9020194,wrapper,0,0,False
BIN_9021240,wrapper,1,1,False
BIN_9021452,wrapper,0,0,False
BIN_9021646,injected,0,0,False
BIN_9022160,wrapper,0,0,False
BIN_9023452,wrapper,1,1,False
BIN_9024508,injected,0,0,False
BIN_9025246,wrapper,1,1,False
BIN_9025315,wrapper,0,0,False
BIN_9025997,wrapper,0,0,False
BIN_9026668,injected,1,1,False
BIN_9027168,wrapper,0,0,False
BIN_9027433,wrapper,1,1,False
BIN_9028097,wrapper,1,1,False
BIN_9028895,wrapper,0,0,False
BIN_9030098,wrapper,0,0,False
BIN_9030642,wrapper,0,0,False
BIN_9030688,wrapper,1,1,False
BIN_9030949,wrapper,0,0,False
BIN_9031669,wrapper,1,1,False
BIN_9031680,injected,1,1,False
BIN_9032046,injected,0,0,False
BIN_9032868,wrapper,0,0,False
BIN_9033091,injected,1,1,False
BIN_9033358,wrapper,1,1,False
BIN_9034073,wrapper,1,1,False
BIN_9034551,wrapper,1,1,False
BIN_9034642,wrapper,0,0,False
BIN_9034699,wrapper,0,0,False
BIN_9035763,injected,1,1,False
BIN_9037363,wrapper,0,0,False
BIN_9038695,injected,1,1,False
BIN_9039290,injected,1,1,False
BIN_9039389,injected,0,0,False
BIN_9039948,injected,0,0,False
BIN_9040519,injected,1,1,False
BIN_9041329,wrapper,1,1,False
BIN_9041378,wrapper,0,0,False
BIN_9042456,injected,1,1,False
BIN_9042992,wrapper,1,1,False
BIN_9043466,injected,0,0,False
BIN_9043940,wrapper,1,1,False
BIN_9044076,wrapper,1,1,False
BIN_9044218,wrapper,1,1,False
BIN_9045063,injected,1,1,False
BIN_9045321,injected,1,1,False
BIN_9046144,injected,0,0,False
BIN_9047494,injected,0,0,False
BIN_9048319,wrapper,1,1,False
BIN_9048571,wrapper,0,0,False
BIN_9049053,wrapper,0,0,False
BIN_9049697,wrapper,0,0,False
BIN_9050651,injected,1,1,False
BIN_9050769,wrapper,1,1,False
BIN_9051050,wrapper,0,0,False
BIN_9051084,wrapper,0,0,False
BIN_9051270,wrapper,0,0,False
BIN_9051608,wrapper,1,1,False
BIN_9051844,wrapper,1,1,False
BIN_9052233,wrapper,1,1,False
BIN_9052299,wrapper,0,0,False
BIN_9052413,wrapper,1,1,False
BIN_9052785,injected,1,1,False
BIN_9052875,injected,0,0,False
BIN_9054166,injected,0,0,False
BIN_9054791,injected,1,1,False
BIN_9055676,wrapper,1,1,False
BIN_9056039,injected,0,0,False
BIN_9056064,wrapper,0,0,False
BIN_9056109,injected,0,0,False
BIN_9056385,wrapper,1,1,False
BIN_9057434,wrapper,1,1,False
BIN_9057845,wrapper,1,1,False
BIN_9057889,wrapper,1,1,False
BIN_9058304,wrapper,1,1,False
BIN_9058982,wrapper,0,0,False
BIN_9058988,wrapper,0,0,False
BIN_9059460,wrapper,0,0,False
BIN_9060185,wrapper,0,0,False
BIN_9060398,injected,1,1,False
BIN_9061237,wrapper,0,0,False
BIN_9061443,wrapper,0,0,False
BIN_9061566,wrapper,1,1,False
BIN_9062133,wrapper,1,1,False
BIN_9062240,wrapper,1,1,False
BIN_9063657,wrapper,1,1,False
BIN_9063871,wrapper,1,1,False
BIN_9064564,wrapper,1,1,False
BIN_9064688,injected,1,1,False
BIN_9065776,wrapper,0,0,False
BIN_9065805,injected,1,1,False
BIN_9066888,injected,0,0,False
BIN_9067542,wrapper,0,0,False
BIN_9067838,injected,1,1,False
BIN_9068635,injected,1,1,False
BIN_9068908,wrapper,0,0,False
BIN_9069060,injected,0,0,False
BIN_9069177,injected,0,0,False
BIN_9069792,injected,1,1,False
BIN_9069989,injected,0,0,False
BIN_9073160,wrapper,0,0,False
BIN_9073464,injected,0,0,False
BIN_9073476,wrapper,0,0,False
BIN_9073644,wrapper,0,0,False
BIN_9074258,wrapper,0,0,False
BIN_9074624,wrapper,0,0,False
BIN_9075948,wrapper,1,1,False
BIN_9076164,wrapper,0,0,False
BIN_9076425,injected,0,0,False
BIN_9076855,wrapper,1,1,False
BIN_9077256,wrapper,0,0,False
BIN_9078049,wrapper,0,0,False
BIN_9078767,injected,0,0,False
BIN_9078955,wrapper,0,0,False
BIN_9079507,wrapper,0,0,False
BIN_9079792,wrapper,0,0,False
BIN_9079884,wrapper,1,1,False
BIN_9081142,wrapper,0,0,False
BIN_9081312,injected,0,0,False
BIN_9081620,wrapper,1,1,False
BIN_9081746,wrapper,0,0,False
BIN_9081768,wrapper,0,0,False
BIN_9082958,wrapper,0,0,False
BIN_9083983,injected,1,1,False
BIN_9084299,wrapper,0,0,False
BIN_9085437,wrapper,1,1,False
BIN_9085948,wrapper,1,1,False
BIN_9085988,wrapper,0,0,False
BIN_9086034,wrapper,0,0,False
BIN_9086373,wrapper,0,0,False
BIN_9087084,wrapper,0,0,False
BIN_9087165,wrapper,0,0,False
BIN_9087577,wrapper,1,1,False
BIN_9088688,wrapper,0,0,False
BIN_9089105,injected,1,1,False
BIN_9089309,wrapper,0,0,False
BIN_9089674,wrapper,1,1,False
BIN_9089881,wrapper,1,1,False
BIN_9090450,injected,0,0,False
BIN_9091383,wrapper,1,1,False
BIN_9091621,wrapper,1,1,False
BIN_9094725,wrapper,1,1,False
BIN_9094942,wrapper,1,1,False
BIN_9096069,wrapper,1,1,False
BIN_9096631,wrapper,1,1,False
BIN_9096730,wrapper,0,0,False
BIN_9097047,wrapper,1,1,False
BIN_9097136,wrapper,1,1,False
BIN_9097622,injected,1,1,False
BIN_9097795,injected,1,1,False
BIN_9097920,injected,0,0,False
BIN_9098163,wrapper,0,0,False
BIN_9099252,wrapper,0,0,False
BIN_9099984,injected,1,1,False
BIN_9100332,injected,0,0,False
BIN_9101877,wrapper,1,1,False
BIN_9102595,injected,1,1,False
BIN_9102930,injected,0,0,False
BIN_9103889,wrapper,0,0,False
BIN_9103894,wrapper,1,1,False
BIN_9104602,wrapper,1,1,False
BIN_9104736,wrapper,0,0,False
BIN_9104776,wrapper,1,1,False
BIN_9105204,wrapper,0,0,False
BIN_9105484,wrapper,0,0,False
BIN_9105843,wrapper,0,0,False
BIN_9105911,injected,1,1,False
BIN_9106095,wrapper,1,1,False
BIN_9106589,wrapper,0,0,False
BIN_9106746,wrapper,1,1,False
BIN_9107016,wrapper,1,1,False
BIN_9107193,wrapper,1,1,False
BIN_9107284,injected,1,1,False
BIN_9107348,wrapper,1,1,False
BIN_9107410,injected,0,0,False
BIN_9108292,injected,0,0,False
BIN_9108476,wrapper,1,1,False
BIN_9110850,injected,1,1,False
BIN_9111313,wrapper,0,0,False
BIN_9112021,wrapper,1,1,False
BIN_9113414,wrapper,0,0,False
BIN_9114344,wrapper,1,1,False
BIN_9114777,wrapper,1,1,False
BIN_9115315,wrapper,0,0,False
BIN_9116108,wrapper,1,1,False
BIN_9116391,injected,1,1,False
BIN_9118075,wrapper,0,0,False
BIN_9118746,wrapper,1,1,False
BIN_9118827,wrapper,1,1,False
BIN_9118832,injected,1,1,False
BIN_9119151,wrapper,1,1,False
BIN_9119403,wrapper,1,1,False
BIN_9124894,injected,1,1,False
BIN_9125174,injected,0,0,False
BIN_9125383,wrapper,1,1,False
BIN_9127579,wrapper,1,1,False
BIN_9127983,wrapper,0,0,False
BIN_9130061,injected,0,0,False
BIN_9130140,wrapper,0,0,False
BIN_9131213,wrapper,1,1,False
BIN_9131490,injected,0,0,False
BIN_9132723,wrapper,0,0,False
BIN_9133459,wrapper,0,0,False
BIN_9134141,wrapper,0,0,False
BIN_9134721,wrapper,1,1,False
BIN_9135182,wrapper,0,0,False
BIN_9135352,wrapper,1,1,False
BIN_9136089,wrapper,1,1,False
BIN_9136155,wrapper,0,0,False
BIN_9136743,wrapper,1,1,False
BIN_9136819,wrapper,0,0,False
BIN_9138075,wrapper,1,1,False
BIN_9138243,wrapper,1,1,False
BIN_9138912,injected,1,1,False
BIN_9139236,wrapper,1,1,False
BIN_9140866,wrapper,0,0,False
BIN_9141355,injected,0,0,False
BIN_9141649,wrapper,0,0,False
BIN_9143179,wrapper,0,0,False
BIN_9143353,wrapper,0,0,False
BIN_9143385,wrapper,0,0,False
BIN_9143620,wrapper,1,1,False
BIN_9144612,injected,1,1,False
BIN_9144721,wrapper,0,0,False
BIN_9145530,wrapper,0,0,False
BIN_9148839,wrapper,1,1,False
BIN_9149769,injected,1,1,False
BIN_9150728,injected,1,1,False
BIN_9152054,wrapper,0,0,False
BIN_9153048,wrapper,0,0,False
BIN_9153961,wrapper,1,1,False
BIN_9154648,injected,0,0,False
BIN_9155469,wrapper,0,0,False
BIN_9155766,wrapper,0,0,False
BIN_9156522,wrapper,1,1,False
BIN_9157391,wrapper,1,1,False
BIN_9157539,wrapper,1,1,False
BIN_9157910,wrapper,0,0,False
BIN_9159807,injected,0,0,False
BIN_9160296,wrapper,1,1,False
BIN_9160464,wrapper,0,0,False
BIN_9161234,wrapper,1,1,False
BIN_9162476,injected,0,0,False
BIN_9162518,wrapper,1,1,False
BIN_9162906,wrapper,1,1,False
BIN_9162983,wrapper,0,0,False
BIN_9163470,wrapper,1,1,False
BIN_9163601,wrapper,0,0,False
BIN_9163746,injected,0,0,False
BIN_9164744,injected,0,0,False
BIN_9164819,wrapper,0,0,False
BIN_9165452,wrapper,1,1,False
BIN_9165814,wrapper,0,0,False
BIN_9166359,wrapper,0,0,False
BIN_9166567,wrapper,1,1,False
BIN_9167602,injected,0,0,False
BIN_9168615,injected,0,0,False
BIN_9169246,wrapper,0,0,False
BIN_9171227,wrapper,1,1,False
BIN_9172120,injected,1,1,False
BIN_9172463,wrapper,1,1,False
BIN_9172557,wrapper,1,1,False
BIN_9173320,wrapper,1,1,False
BIN_9173517,wrapper,0,0,False
BIN_9174609,injected,1,1,False
BIN_9175697,wrapper,0,0,False
BIN_9175937,wrapper,1,1,False
BIN_9176181,wrapper,1,1,False
BIN_9179294,wrapper,0,0,False
BIN_9181219,wrapper,0,0,False
BIN_9181348,wrapper,1,1,False
BIN_9182225,wrapper,0,0,False
BIN_9183635,wrapper,1,1,False
BIN_9185112,wrapper,1,1,False
BIN_9185414,wrapper,1,1,False
BIN_9185675,injected,0,0,False
BIN_9186126,wrapper,1,1,False
BIN_9186811,wrapper,0,0,False
BIN_9186882,injected,1,1,False
BIN_9187652,wrapper,1,1,False
BIN_9187757,injected,0,0,False
BIN_9188079,injected,0,0,False
BIN_9189590,wrapper,0,0,False
BIN_9189986,wrapper,0,0,False
BIN_9192369,wrapper,1,1,False
BIN_9192574,wrapper,0,0,False
BIN_9192858,wrapper,0,0,False
BIN_9193177,wrapper,0,0,False
BIN_9195286,injected,0,0,False
BIN_9195893,wrapper,1,1,False
BIN_9196694,injected,1,1,False
BIN_9197127,wrapper,0,0,False
BIN_9197330,wrapper,1,1,False
BIN_9197986,wrapper,0,0,False
BIN_9199289,wrapper,1,1,False
BIN_9199611,injected,1,1,False
BIN_9200714,wrapper,0,0,False
BIN_9200802,wrapper,0,0,False
BIN_9200848,injected,1,1,False
BIN_9201318,injected,0,0,False
BIN_9201799,wrapper,1,1,False
BIN_9202647,wrapper,0,0,False
BIN_9202819,wrapper,0,0,False
BIN_9203364,injected,0,0,False
BIN_9203816,injected,0,0,False
BIN_9204686,wrapper,0,0,False
BIN_9205965,wrapper,1,1,False
BIN_9206573,wrapper,0,0,False
BIN_9207317,wrapper,1,1,False
BIN_9207656,wrapper,0,0,False
BIN_9208143,wrapper,0,0,False
BIN_9208168,wrapper,1,1,False
BIN_9208536,injected,0,0,False
BIN_9209341,wrapper,1,1,False
BIN_9210244,injected,0,0,False
BIN_9210283,injected,0,0,False
BIN_9212067,injected,1,1,False
BIN_9212252,injected,1,1,False
BIN_9212447,wrapper,1,1,False
BIN_9213373,wrapper,0,0,False
BIN_9213850,wrapper,1,1,False
BIN_9213943,injected,0,0,False
BIN_9214007,injected,1,1,False
BIN_9214500,injected,0,0,False
BIN_9215699,injected,1,1,False
BIN_9215797,wrapper,1,1,False
BIN_9216197,injected,0,0,False
BIN_9216973,wrapper,0,0,False
BIN_9217309,injected,1,1,False
BIN_9217540,injected,0,0,False
BIN_9217621,wrapper,1,1,False
BIN_9217834,injected,1,1,False
BIN_9219243,wrapper,1,1,False
BIN_9219306,wrapper,0,0,False
BIN_9219453,wrapper,0,0,False
BIN_9219903,wrapper,0,0,False
BIN_9220485,wrapper,1,1,False
BIN_9220506,injected,1,1,False
BIN_9221411,injected,0,0,False
BIN_9223819,wrapper,1,1,False
BIN_9224254,wrapper,1,1,False
BIN_9224461,injected,1,1,False
BIN_9224597,wrapper,0,0,False
BIN_9225722,wrapper,0,0,False
BIN_9225907,wrapper,1,1,False
BIN_9226103,wrapper,0,0,False
BIN_9226712,injected,1,1,False
BIN_9227348,injected,1,1,False
BIN_9227486,wrapper,1,1,False
BIN_9227516,wrapper,1,1,False
BIN_9228566,wrapper,1,1,False
BIN_9228987,injected,1,1,False
BIN_9229187,wrapper,1,1,False
BIN_9229376,wrapper,1,1,False
BIN_9230181,injected,1,1,False
BIN_9231560,injected,0,0,False
BIN_9231708,wrapper,1,1,False
BIN_9232397,injected,0,0,False
BIN_9232423,injected,0,0,False
BIN_9232644,injected,0,0,False
BIN_9233494,wrapper,1,1,False
BIN_9234942,injected,0,0,False
BIN_9234951,wrapper,0,0,False
BIN_9235824,wrapper,1,1,False
BIN_9236750,injected,1,1,False
BIN_9237243,wrapper,1,1,False
BIN_9237955,injected,0,0,False
BIN_9239447,wrapper,0,0,False
BIN_9240082,wrapper,1,1,False
BIN_9240411,wrapper,0,0,False
BIN_9242285,injected,0,0,False
BIN_9242365,wrapper,0,0,False
BIN_9242724,wrapper,1,1,False
BIN_9243246,wrapper,0,0,False
BIN_9243604,injected,1,1,False
BIN_9243821,wrapper,1,1,False
BIN_9244011,wrapper,1,1,False
BIN_9244858,injected,1,1,False
BIN_9245302,injected,1,1,False
BIN_9245431,injected,1,1,False
BIN_9245564,injected,0,0,False
BIN_9247106,wrapper,1,1,False
BIN_9247247,injected,0,0,False
BIN_9247535,injected,0,0,False
BIN_9247777,wrapper,1,1,False
BIN_9247902,injected,0,0,False
BIN_9248047,wrapper,0,0,False
BIN_9249260,wrapper,1,1,False
BIN_9249368,injected,1,1,False
BIN_9250039,wrapper,0,0,False
BIN_9250606,wrapper,1,1,False
BIN_9252064,injected,0,0,False
BIN_9252572,wrapper,1,1,False
BIN_9253537,wrapper,1,1,False
BIN_9253552,wrapper,0,0,False
BIN_9254053,wrapper,1,1,False
BIN_9254638,wrapper,1,1,False
BIN_9256284,wrapper,0,0,False
BIN_9258830,injected,0,0,False
BIN_9259426,wrapper,1,1,False
BIN_9259726,wrapper,1,1,False
BIN_9259915,wrapper,1,1,False
BIN_9259994,wrapper,1,1,False
BIN_9260105,injected,0,0,False
BIN_9260538,injected,1,1,False
BIN_9261071,injected,1,1,False
BIN_9261609,wrapper,1,1,False
BIN_9262146,wrapper,0,0,False
BIN_9262965,injected,0,0,False
BIN_9263427,injected,1,1,False
BIN_9263736,wrapper,0,0,False
BIN_9264392,injected,0,0,False
BIN_9264450,injected,1,1,False
BIN_9264601,injected,1,1,False
BIN_9265019,wrapper,0,0,False
BIN_9265392,wrapper,0,0,False
BIN_9266495,injected,1,1,False
BIN_9267345,wrapper,1,1,False
BIN_9267814,injected,0,0,False
BIN_9268627,wrapper,0,0,False
BIN_9269299,wrapper,1,1,False
BIN_9270580,wrapper,1,1,False
BIN_9271343,wrapper,1,1,False
BIN_9271932,wrapper,0,0,False
BIN_9272447,wrapper,0,0,False
BIN_9272665,wrapper,0,0,False
BIN_9273189,wrapper,1,1,False
BIN_9273197,injected,1,1,False
BIN_9273228,wrapper,0,0,False
BIN_9274248,wrapper,1,1,False
BIN_9275051,injected,0,0,False
BIN_9275256,wrapper,1,1,False
BIN_9276806,wrapper,0,0,False
BIN_9277280,wrapper,1,1,False
BIN_9277305,wrapper,0,0,False
BIN_9278698,wrapper,1,1,False
BIN_9279404,wrapper,1,1,False
BIN_9279683,wrapper,1,1,False
BIN_9280518,injected,1,1,False
BIN_9281030,injected,0,0,False
BIN_9281082,injected,1,1,False
BIN_9281089,wrapper,0,0,False
BIN_9281342,wrapper,0,0,False
BIN_9282064,injected,1,1,False
BIN_9282371,injected,0,0,False
BIN_9282399,wrapper,0,0,False
BIN_9282870,injected,1,1,False
BIN_9283434,wrapper,1,1,False
BIN_9283542,injected,0,0,False
BIN_9283793,wrapper,1,1,False
BIN_9284072,wrapper,1,1,False
BIN_9284288,injected,1,1,False
BIN_9284309,wrapper,0,0,False
BIN_9285374,wrapper,0,0,False
BIN_9286338,wrapper,0,0,False
BIN_9287175,wrapper,1,1,False
BIN_9287535,wrapper,0,0,False
BIN_9287718,injected,1,1,False
BIN_9288282,wrapper,0,0,False
BIN_9288799,injected,1,1,False
BIN_9289325,injected,1,1,False
BIN_9289404,wrapper,0,0,False
BIN_9289464,wrapper,1,1,False
BIN_9289535,wrapper,0,0,False
BIN_9290380,wrapper,0,0,False
BIN_9290494,wrapper,0,0,False
BIN_9290777,wrapper,1,1,False
BIN_9290828,injected,1,1,False
BIN_9291968,injected,1,1,False
BIN_9293291,injected,1,1,False
BIN_9293376,injected,1,1,False
BIN_9293526,wrapper,0,0,False
BIN_9293871,injected,0,0,False
BIN_9295024,wrapper,1,1,False
BIN_9295046,wrapper,1,1,False
BIN_9295115,wrapper,1,1,False
BIN_9295215,wrapper,0,0,False
BIN_9295318,injected,1,1,False
BIN_9296399,wrapper,1,1,False
BIN_9296653,wrapper,0,0,False
BIN_9296832,wrapper,0,0,False
BIN_9296897,injected,0,0,False
BIN_9298304,injected,1,1,False
BIN_9299075,injected,0,0,False
BIN_9300459,wrapper,1,1,False
BIN_9300487,wrapper,0,0,False
BIN_9300608,wrapper,0,0,False
BIN_9301922,injected,1,1,False
BIN_9302113,injected,1,1,False
BIN_9302989,wrapper,0,0,False
BIN_9303267,wrapper,0,0,False
BIN_9303392,wrapper,0,0,False
BIN_9303904,injected,1,1,False
BIN_9304083,wrapper,1,1,False
BIN_9304880,wrapper,0,0,False
BIN_9305481,wrapper,1,1,False
BIN_9306811,injected,1,1,False
BIN_9307225,wrapper,1,1,False
BIN_9308315,wrapper,0,0,False
BIN_9308680,wrapper,1,1,False
BIN_9309095,wrapper,0,0,False
BIN_9309458,wrapper,0,0,False
BIN_9309663,wrapper,0,0,False
BIN_9309738,wrapper,1,1,False
BIN_9310918,wrapper,0,0,False
BIN_9311010,injected,0,0,False
BIN_9311336,wrapper,1,1,False
BIN_9311936,wrapper,0,0,False
BIN_9312337,wrapper,0,0,False
BIN_9312454,wrapper,1,1,False
BIN_9312652,wrapper,0,0,False
BIN_9313173,wrapper,1,1,False
BIN_9313278,wrapper,0,0,False
BIN_9313559,injected,1,1,False
BIN_9313694,wrapper,1,1,False
BIN_9313772,wrapper,1,1,False
BIN_9314484,wrapper,1,1,False
BIN_9314531,wrapper,0,0,False
BIN_9314601,injected,0,0,False
BIN_9315217,injected,1,1,False
BIN_9316022,wrapper,1,1,False
BIN_9316497,wrapper,1,1,False
BIN_9317046,wrapper,1,1,False
BIN_9317734,wrapper,1,1,False
BIN_9320075,wrapper,1,1,False
BIN_9320689,wrapper,1,1,False
BIN_9321096,injected,1,1,False
BIN_9322606,injected,1,1,False
BIN_9323314,wrapper,1,1,False
BIN_9323809,injected,0,0,False
BIN_9324806,wrapper,1,1,False
BIN_9324904,wrapper,0,0,False
BIN_9326226,injected,0,0,False
BIN_9326680,wrapper,0,0,False
BIN_9326767,wrapper,1,1,False
BIN_9326853,injected,0,0,False
BIN_9327074,wrapper,1,1,False
BIN_9327798,wrapper,1,1,False
BIN_9328361,wrapper,1,1,False
BIN_9329242,wrapper,1,1,False
BIN_9329520,wrapper,0,0,False
BIN_9330427,wrapper,0,0,False
BIN_9331672,wrapper,1,1,False
BIN_9332066,wrapper,1,1,False
BIN_9332821,injected,1,1,False
BIN_9332859,wrapper,1,1,False
BIN_9333020,injected,0,0,False
BIN_9333400,wrapper,1,1,False
BIN_9333905,wrapper,0,0,False
BIN_9334274,wrapper,1,1,False
BIN_9334486,wrapper,0,0,False
BIN_9335864,injected,1,1,False
BIN_9335985,injected,1,1,False
BIN_9336202,injected,0,0,False
BIN_9337663,wrapper,0,0,False
BIN_9337850,wrapper,0,0,False
BIN_9338115,wrapper,0,0,False
BIN_9338339,injected,0,0,False
BIN_9339167,injected,0,0,False
BIN_9339287,injected,1,1,False
BIN_9339576,wrapper,1,1,False
BIN_9339608,wrapper,1,1,False
BIN_9340323,wrapper,1,1,False
BIN_9341189,wrapper,0,0,False
BIN_9342315,wrapper,1,1,False
BIN_9342602,wrapper,0,0,False
BIN_9345175,wrapper,1,1,False
BIN_9345598,wrapper,1,1,False
BIN_9346279,wrapper,1,1,False
BIN_9347007,injected,0,0,False
BIN_9348084,wrapper,0,0,False
BIN_9348217,injected,0,0,False
BIN_9348459,injected,1,1,False
BIN_9348780,injected,0,0,False
BIN_9348922,injected,0,0,False
BIN_9351519,wrapper,1,1,False
BIN_9351960,wrapper,1,1,False
BIN_9352083,wrapper,1,1,False
BIN_9353172,injected,0,0,False
BIN_9354911,wrapper,0,0,False
BIN_9355193,wrapper,1,1,False
BIN_9355687,wrapper,1,1,False
BIN_9355827,wrapper,0,0,False
BIN_9356527,injected,1,1,False
BIN_9356761,wrapper,1,1,False
BIN_9357251,injected,0,0,False
BIN_9357874,injected,0,0,False
BIN_9358765,wrapper,1,1,False
BIN_9359356,wrapper,0,0,False
BIN_9359535,injected,1,1,False
BIN_9360572,injected,1,1,False
BIN_9361144,injected,1,1,False
BIN_9361399,wrapper,0,0,False
BIN_9361542,wrapper,1,1,False
BIN_9362254,injected,0,0,False
BIN_9362281,wrapper,1,1,False
BIN_9362646,injected,1,1,False
BIN_9362678,wrapper,1,1,False
BIN_9362803,wrapper,1,1,False
BIN_9362912,injected,0,0,False
BIN_9363874,wrapper,0,0,False
BIN_9364671,injected,0,0,False
BIN_9365554,wrapper,0,0,False
BIN_9368030,injected,1,1,False
BIN_9368259,wrapper,1,1,False
BIN_9368300,wrapper,0,0,False
BIN_9369082,injected,0,0,False
BIN_9369894,wrapper,1,1,False
BIN_9370478,injected,1,1,False
BIN_9370884,wrapper,0,0,False
BIN_9371510,wrapper,1,1,False
BIN_9372502,wrapper,0,0,False
BIN_9372839,wrapper,0,0,False
BIN_9373660,injected,1,1,False
BIN_9375423,wrapper,1,1,False
BIN_9375815,injected,0,0,False
BIN_9375976,injected,1,1,False
BIN_9376238,wrapper,1,1,False
BIN_9377342,wrapper,1,1,False
BIN_9377545,wrapper,0,0,False
BIN_9378953,injected,1,1,False
BIN_9379312,injected,1,1,False
BIN_9379547,injected,1,1,False
BIN_9380399,wrapper,1,1,False
BIN_9380552,wrapper,0,0,False
BIN_9380606,wrapper,1,1,False
BIN_9380830,injected,1,1,False
BIN_9381764,injected,0,0,False
BIN_9382375,injected,1,1,False
BIN_9382472,wrapper,0,0,False
BIN_9382657,wrapper,1,1,False
BIN_9383200,wrapper,1,1,False
BIN_9383210,wrapper,0,0,False
BIN_9384852,wrapper,0,0,False
BIN_9385597,injected,1,1,False
BIN_9386178,wrapper,0,0,False
BIN_9387809,wrapper,1,1,False
BIN_9387958,wrapper,0,0,False
BIN_9389461,wrapper,1,1,False
BIN_9389607,wrapper,0,0,False
BIN_9390622,wrapper,0,0,False
BIN_9390790,injected,0,0,False
BIN_9391627,wrapper,1,1,False
BIN_9391740,wrapper,1,1,False
BIN_9392359,injected,1,1,False
BIN_9393415,wrapper,1,1,False
BIN_9393881,injected,1,1,False
BIN_9393981,injected,0,0,False
BIN_9394790,injected,1,1,False
BIN_9396051,wrapper,1,1,False
BIN_9396675,wrapper,1,1,False
BIN_9397767,injected,1,1,False
BIN_9397953,injected,1,1,False
BIN_9398375,wrapper,0,0,False
BIN_9399257,injected,1,1,False
BIN_9399846,wrapper,0,0,False
BIN_9400093,wrapper,1,1,False
BIN_9400315,wrapper,0,0,False
BIN_9400354,injected,1,1,False
BIN_9400536,injected,1,1,False
BIN_9400779,wrapper,0,0,False
BIN_9400948,wrapper,0,0,False
BIN_9401241,wrapper,1,1,False
BIN_9401818,wrapper,1,1,False
BIN_9402232,wrapper,0,0,False
BIN_9402886,wrapper,0,0,False
BIN_9403458,injected,0,0,False
BIN_9404921,injected,0,0,False
BIN_9405120,wrapper,1,1,False
BIN_9405708,injected,1,1,False
BIN_9405846,wrapper,1,1,False
BIN_9406194,injected,1,1,False
BIN_9406451,wrapper,0,0,False
BIN_9407270,injected,1,1,False
BIN_9407452,injected,1,1,False
BIN_9407810,injected,0,0,False
BIN_9408964,injected,0,0,False
BIN_9412025,wrapper,1,1,False
BIN_9412745,wrapper,1,1,False
BIN_9413165,wrapper,1,1,False
BIN_9413742,wrapper,1,1,False
BIN_9413792,wrapper,1,1,False
BIN_9414090,injected,0,0,False
BIN_9414265,wrapper,1,1,False
BIN_9414803,wrapper,0,0,False
BIN_9414990,wrapper,0,0,False
BIN_9416866,injected,0,0,False
BIN_9418075,injected,0,0,False
BIN_9419276,injected,1,1,False
BIN_9419561,wrapper,0,0,False
BIN_9419815,wrapper,0,0,False
BIN_9420303,injected,1,1,False
BIN_9420564,wrapper,1,1,False
BIN_9420783,wrapper,0,0,False
BIN_9421093,injected,1,1,False
BIN_9421757,wrapper,0,0,False
BIN_9422413,injected,0,0,False
BIN_9422417,wrapper,0,0,False
BIN_9422847,injected,1,1,False
BIN_9423268,injected,1,1,False
BIN_9424805,injected,1,1,False
BIN_9425226,injected,0,0,False
BIN_9425285,injected,1,1,False
BIN_9425362,injected,1,1,False
BIN_9425594,wrapper,1,1,False
BIN_9425772,wrapper,0,0,False
BIN_9427044,wrapper,0,0,False
BIN_9427056,wrapper,1,1,False
BIN_9427692,injected,1,1,False
BIN_9428082,wrapper,1,1,False
BIN_9428807,wrapper,1,1,False
BIN_9428883,wrapper,1,1,False
BIN_9429895,wrapper,0,0,False
BIN_9430640,wrapper,1,1,False
BIN_9431709,wrapper,1,1,False
BIN_9431716,wrapper,1,1,False
BIN_9432483,wrapper,0,0,False
BIN_9432872,wrapper,0,0,False
BIN_9433795,wrapper,1,1,False
BIN_9434977,wrapper,0,0,False
BIN_9435634,wrapper,1,1,False
BIN_9438027,wrapper,0,0,False
BIN_9438807,injected,0,0,False
BIN_9440151,wrapper,1,1,False
BIN_9440293,injected,1,1,False
BIN_9440542,injected,1,1,False
BIN_9440735,wrapper,1,1,False
BIN_9441156,wrapper,0,0,False
BIN_9441268,injected,1,1,False
BIN_9441997,injected,0,0,False
BIN_9442383,wrapper,1,1,False
BIN_9442686,wrapper,1,1,False
BIN_9443484,wrapper,1,1,False
BIN_9445094,wrapper,1,1,False
BIN_9448144,injected,1,1,False
BIN_9448485,wrapper,1,1,False
BIN_9449730,injected,0,0,False
BIN_9450362,wrapper,1,1,False
BIN_9450554,injected,1,1,False
BIN_9450810,wrapper,1,1,False
BIN_9453252,injected,0,0,False
BIN_9453259,wrapper,0,0,False
BIN_9454071,wrapper,0,0,False
BIN_9455764,injected,1,1,False
BIN_9456856,injected,0,0,False
BIN_9458717,injected,0,0,False
BIN_9459022,injected,0,0,False
BIN_9459126,wrapper,1,1,False
BIN_9459933,wrapper,1,1,False
BIN_9460172,wrapper,0,0,False
BIN_9461053,wrapper,1,1,False
BIN_9461727,wrapper,0,0,False
BIN_9461938,wrapper,0,0,False
BIN_9462006,wrapper,1,1,False
BIN_9463263,injected,1,1,False
BIN_9465023,wrapper,0,0,False
BIN_9465638,injected,1,1,False
BIN_9465928,injected,0,0,False
BIN_9467058,wrapper,1,1,False
BIN_9467510,wrapper,1,1,False
BIN_9467888,wrapper,1,1,False
BIN_9467908,injected,1,1,False
BIN_9468248,wrapper,1,1,False
BIN_9468942,wrapper,0,0,False
BIN_9469194,injected,0,0,False
BIN_9469422,wrapper,0,0,False
BIN_9469681,wrapper,0,0,False
BIN_9469713,wrapper,0,0,False
BIN_9470025,wrapper,1,1,False
BIN_9470108,injected,1,1,False
BIN_9470230,injected,1,1,False
BIN_9470295,wrapper,1,1,False
BIN_9471127,injected,1,1,False
BIN_9473716,wrapper,0,0,False
BIN_9473739,injected,0,0,False
BIN_9475983,wrapper,1,1,False
BIN_9476483,wrapper,1,1,False
BIN_9476515,wrapper,0,0,False
BIN_9477340,injected,1,1,False
BIN_9477744,wrapper,1,1,False
BIN_9478496,injected,0,0,False
BIN_9480126,injected,1,1,False
BIN_9480208,injected,0,0,False
BIN_9480320,wrapper,1,1,False
BIN_9481229,wrapper,1,1,False
BIN_9484086,wrapper,1,1,False
BIN_9485130,wrapper,0,0,False
BIN_9485739,wrapper,0,0,False
BIN_9486100,injected,0,0,False
BIN_9486731,injected,0,0,False
BIN_9487991,injected,0,0,False
BIN_9488620,wrapper,1,1,False
BIN_9489139,injected,1,1,False
BIN_9489548,injected,1,1,False
BIN_9489556,wrapper,1,1,False
BIN_9489851,injected,0,0,False
BIN_9491006,injected,1,1,False
BIN_9492096,wrapper,0,0,False
BIN_9493421,injected,1,1,False
BIN_9493517,wrapper,1,1,False
BIN_9494287,wrapper,1,1,False
BIN_9494801,wrapper,0,0,False
BIN_9495552,wrapper,0,0,False
BIN_9495748,injected,0,0,False
BIN_9495916,wrapper,0,0,False
BIN_9496192,wrapper,0,0,False
BIN_9498353,wrapper,1,1,False
BIN_9499051,wrapper,0,0,False
BIN_9499600,wrapper,0,0,False
BIN_9500132,wrapper,0,0,False
BIN_9500164,wrapper,0,0,False
BIN_9503249,injected,1,1,False
BIN_9504075,wrapper,1,1,False
BIN_9505048,injected,1,1,False
BIN_9505566,wrapper,1,1,False
BIN_9506330,injected,1,1,False
BIN_9506459,wrapper,0,0,False
BIN_9507038,wrapper,1,1,False
BIN_9507305,injected,1,1,False
BIN_9507382,wrapper,0,0,False
BIN_9510191,injected,0,0,False
BIN_9510780,wrapper,0,0,False
BIN_9512044,wrapper,1,1,False
BIN_9512533,injected,0,0,False
BIN_9512561,wrapper,0,0,False
BIN_9512858,wrapper,0,0,False
BIN_9513833,wrapper,0,0,False
BIN_9515052,wrapper,0,0,False
BIN_9515150,wrapper,0,0,False
BIN_9515824,wrapper,1,1,False
BIN_9515978,wrapper,1,1,False
BIN_9516649,injected,1,1,False
BIN_9516766,injected,1,1,False
BIN_9517250,wrapper,1,1,False
BIN_9517408,wrapper,1,1,False
BIN_9518083,wrapper,0,0,False
BIN_9518873,injected,0,0,False
BIN_9519123,wrapper,0,0,False
BIN_9519970,wrapper,0,0,False
BIN_9521751,injected,1,1,False
BIN_9522940,injected,1,1,False
BIN_9523628,injected,1,1,False
BIN_9523768,injected,1,1,False
BIN_9524132,wrapper,0,0,False
BIN_9524463,injected,1,1,False
BIN_9524661,injected,1,1,False
BIN_9525024,injected,0,0,False
BIN_9525626,injected,0,0,False
BIN_9525836,wrapper,0,0,False
BIN_9526026,injected,0,0,False
BIN_9526810,injected,0,0,False
BIN_9527558,injected,1,1,False
BIN_9528250,injected,0,0,False
BIN_9529373,injected,0,0,False
BIN_9529442,wrapper,0,0,False
BIN_9529707,wrapper,1,1,False
BIN_9530751,wrapper,0,0,False
BIN_9531394,wrapper,0,0,False
BIN_9531481,wrapper,0,0,False
BIN_9531580,injected,1,1,False
BIN_9532409,wrapper,1,1,False
BIN_9532428,injected,1,1,False
BIN_9532796,wrapper,0,0,False
BIN_9533202,wrapper,0,0,False
BIN_9533928,wrapper,0,0,False
BIN_9533952,injected,0,0,False
BIN_9534501,injected,1,1,False
BIN_9534503,wrapper,0,0,False
BIN_9535613,wrapper,0,0,False
BIN_9536614,wrapper,1,1,False
BIN_9536619,wrapper,0,0,False
BIN_9536638,injected,0,0,False
BIN_9537024,wrapper,0,0,False
BIN_9537982,wrapper,1,1,False
BIN_9538322,wrapper,0,0,False
BIN_9540097,wrapper,0,0,False
BIN_9540869,wrapper,1,1,False
BIN_9540932,wrapper,1,1,False
BIN_9541063,wrapper,0,0,False
BIN_9542760,wrapper,1,1,False
BIN_9542786,injected,0,0,False
BIN_9544045,injected,1,1,False
BIN_9544160,wrapper,1,1,False
BIN_9544255,wrapper,0,0,False
BIN_9544328,wrapper,1,1,False
BIN_9544572,wrapper,1,1,False
BIN_9544849,wrapper,0,0,False
BIN_9545016,wrapper,0,0,False
BIN_9545153,wrapper,1,1,False
BIN_9545251,wrapper,0,0,False
BIN_9545617,injected,1,1,False
BIN_9547054,wrapper,0,0,False
BIN_9547372,wrapper,1,1,False
BIN_9548342,wrapper,1,1,False
BIN_9548621,injected,0,0,False
BIN_9549105,wrapper,0,0,False
BIN_9549160,wrapper,1,1,False
BIN_9549328,wrapper,0,0,False
BIN_9549415,wrapper,1,1,False
BIN_9550326,wrapper,1,1,False
BIN_9550774,wrapper,0,0,False
BIN_9551647,injected,0,0,False
BIN_9552037,wrapper,1,1,False
BIN_9553575,injected,0,0,False
BIN_9553892,wrapper,1,1,False
BIN_9554022,wrapper,1,1,False
BIN_9554278,wrapper,1,1,False
BIN_9554603,injected,0,0,False
BIN_9554886,wrapper,1,1,False
BIN_9555454,wrapper,0,0,False
BIN_9556704,wrapper,1,1,False
BIN_9557752,wrapper,1,1,False
BIN_9558393,wrapper,0,0,False
BIN_9558436,wrapper,1,1,False
BIN_9558715,injected,1,1,False
BIN_9558970,wrapper,1,1,False
BIN_9559012,wrapper,0,0,False
BIN_9559941,wrapper,1,1,False
BIN_9560154,wrapper,1,1,False
BIN_9560902,wrapper,0,0,False
BIN_9560960,wrapper,1,1,False
BIN_9561296,injected,1,1,False
BIN_9561586,injected,1,1,False
BIN_9562037,wrapper,1,1,False
BIN_9562178,wrapper,1,1,False
BIN_9562261,injected,1,1,False
BIN_9562534,wrapper,0,0,False
BIN_9562738,injected,1,1,False
BIN_9563230,wrapper,0,0,False
BIN_9563416,wrapper,0,0,False
BIN_9563760,wrapper,0,0,False
BIN_9563995,wrapper,0,0,False
BIN_9564193,wrapper,0,0,False
BIN_9565052,wrapper,1,1,False
BIN_9565270,wrapper,1,1,False
BIN_9565494,wrapper,0,0,False
BIN_9565701,wrapper,1,1,False
BIN_9566186,wrapper,1,1,False
BIN_9566795,wrapper,0,0,False
BIN_9569349,injected,0,0,False
BIN_9570495,wrapper,1,1,False
BIN_9570685,injected,1,1,False
BIN_9571389,injected,1,1,False
BIN_9572358,wrapper,1,1,False
BIN_9573980,wrapper,1,1,False
BIN_9574270,wrapper,0,0,False
BIN_9574590,injected,1,1,False
BIN_9574874,wrapper,1,1,False
BIN_9575719,wrapper,1,1,False
BIN_9576131,wrapper,0,0,False
BIN_9576827,wrapper,1,1,False
BIN_9577062,wrapper,1,1,False
BIN_9577163,wrapper,0,0,False
BIN_9577219,wrapper,0,0,False
BIN_9579271,injected,0,0,False
BIN_9579352,injected,0,0,False
BIN_9579440,wrapper,0,0,False
BIN_9579526,wrapper,0,0,False
BIN_9579795,wrapper,1,1,False
BIN_9579905,wrapper,0,0,False
BIN_9580429,injected,1,1,False
BIN_9580881,injected,1,1,False
BIN_9580985,injected,1,1,False
BIN_9581867,wrapper,1,1,False
BIN_9582060,wrapper,1,1,False
BIN_9582955,wrapper,1,1,False
BIN_9583353,wrapper,0,0,False
BIN_9584931,injected,0,0,False
BIN_9585889,wrapper,0,0,False
BIN_9586372,wrapper,1,1,False
BIN_9587034,wrapper,1,1,False
BIN_9587533,wrapper,1,1,False
BIN_9587561,wrapper,1,1,False
BIN_9589114,wrapper,0,0,False
BIN_9589311,wrapper,0,0,False
BIN_9589594,injected,0,0,False
BIN_9590286,wrapper,0,0,False
BIN_9590507,wrapper,1,1,False
BIN_9590625,wrapper,0,0,False
BIN_9591915,injected,1,1,False
BIN_9592032,wrapper,1,1,False
BIN_9592888,injected,0,0,False
BIN_9594948,wrapper,0,0,False
BIN_9595360,injected,1,1,False
BIN_9595860,wrapper,0,0,False
BIN_9595947,wrapper,1,1,False
BIN_9596393,injected,1,1,False
BIN_9596777,wrapper,1,1,False
BIN_9596786,wrapper,1,1,False
BIN_9596890,injected,1,1,False
BIN_9597569,injected,1,1,False
BIN_9598174,wrapper,1,1,False
BIN_9598392,wrapper,1,1,False
BIN_9598801,wrapper,0,0,False
BIN_9599441,injected,0,0,False
BIN_9599858,injected,1,1,False
BIN_9600275,wrapper,0,0,False
BIN_9601823,injected,1,1,False
BIN_9602110,wrapper,1,1,False
BIN_9602180,injected,0,0,False
BIN_9602298,injected,1,1,False
BIN_9603465,wrapper,1,1,False
BIN_9603831,injected,1,1,False
BIN_9604481,injected,0,0,False
BIN_9605836,wrapper,0,0,False
BIN_9606859,wrapper,1,1,False
BIN_9607888,wrapper,1,1,False
BIN_9608745,wrapper,1,1,False
BIN_9608802,wrapper,1,1,False
BIN_9609761,injected,0,0,False
BIN_9609762,wrapper,1,1,False
BIN_9610770,wrapper,1,1,False
BIN_9611765,injected,1,1,False
BIN_9612578,wrapper,1,1,False
BIN_9612647,injected,0,0,False
BIN_9613521,wrapper,0,0,False
BIN_9613809,wrapper,1,1,False
BIN_9616310,wrapper,1,1,False
BIN_9616502,injected,1,1,False
BIN_9616669,wrapper,1,1,False
BIN_9617065,wrapper,1,1,False
BIN_9617187,injected,1,1,False
BIN_9618055,injected,0,0,False
BIN_9618980,wrapper,1,1,False
BIN_9620812,injected,0,0,False
BIN_9621525,wrapper,1,1,False
BIN_9621650,wrapper,0,0,False
BIN_9623112,wrapper,1,1,False
BIN_9624350,injected,1,1,False
BIN_9624804,wrapper,1,1,False
BIN_9625289,wrapper,1,1,False
BIN_9625402,wrapper,0,0,False
BIN_9625639,injected,1,1,False
BIN_9625729,wrapper,1,1,False
BIN_9626541,injected,0,0,False
BIN_9627253,wrapper,1,1,False
BIN_9627398,wrapper,0,0,False
BIN_9627748,wrapper,1,1,False
BIN_9627834,injected,1,1,False
BIN_9629214,wrapper,0,0,False
BIN_9629356,injected,1,1,False
BIN_9629691,wrapper,0,0,False
BIN_9630365,wrapper,0,0,False
BIN_9630853,wrapper,1,1,False
BIN_9631053,injected,0,0,False
BIN_9632045,wrapper,1,1,False
BIN_9632489,injected,0,0,False
BIN_9632563,injected,0,0,False
BIN_9632646,wrapper,0,0,False
BIN_9634071,wrapper,1,1,False
BIN_9634341,injected,0,0,False
BIN_9636909,wrapper,1,1,False
BIN_9639073,wrapper,0,0,False
BIN_9639220,wrapper,1,1,False
BIN_9639697,injected,0,0,False
BIN_9640103,wrapper,0,0,False
BIN_9640857,injected,0,0,False
BIN_9641140,injected,1,1,False
BIN_9642833,wrapper,1,1,False
BIN_9644365,injected,1,1,False
BIN_9644955,wrapper,1,1,False
BIN_9645230,injected,0,0,False
BIN_9645793,injected,0,0,False
BIN_9645819,injected,1,1,False
BIN_9645935,wrapper,1,1,False
BIN_9646589,wrapper,1,1,False
BIN_9647037,injected,1,1,False
BIN_9647053,injected,1,1,False
BIN_9647513,wrapper,0,0,False
BIN_9648456,wrapper,0,0,False
BIN_9648746,injected,1,1,False
BIN_9648859,wrapper,1,1,False
BIN_9649513,wrapper,0,0,False
BIN_9649649,wrapper,1,1,False
BIN_9649746,wrapper,0,0,False
BIN_9651954,wrapper,1,1,False
BIN_9652447,wrapper,1,1,False
BIN_9653514,wrapper,0,0,False
BIN_9653554,injected,0,0,False
BIN_9654084,wrapper,1,1,False
BIN_9655411,wrapper,0,0,False
BIN_9655837,wrapper,0,0,False
BIN_9657544,wrapper,1,1,False
BIN_9657885,injected,1,1,False
BIN_9658502,injected,1,1,False
BIN_9660490,wrapper,0,0,False
BIN_9661131,wrapper,1,1,False
BIN_9661219,wrapper,1,1,False
BIN_9661807,wrapper,0,0,False
BIN_9661967,injected,0,0,False
BIN_9662691,wrapper,0,0,False
BIN_9662843,wrapper,1,1,False
BIN_9664307,wrapper,1,1,False
BIN_9664771,injected,0,0,False
BIN_9665230,wrapper,0,0,False
BIN_9665706,injected,1,1,False
BIN_9667424,wrapper,1,1,False
BIN_9667578,injected,0,0,False
BIN_9667740,wrapper,1,1,False
BIN_9669036,injected,0,0,False
BIN_9669111,injected,1,1,False
BIN_9669793,injected,0,0,False
BIN_9670048,wrapper,1,1,False
BIN_9670141,wrapper,0,0,False
BIN_9670545,injected,0,0,False
BIN_9670819,wrapper,1,1,False
BIN_9672089,injected,1,1,False
BIN_9672943,wrapper,1,1,False
BIN_9673238,wrapper,1,1,False
BIN_9674897,wrapper,0,0,False
BIN_9674976,wrapper,0,0,False
BIN_9675915,wrapper,0,0,False
BIN_9676115,wrapper,1,1,False
BIN_9676286,wrapper,0,0,False
BIN_9676999,wrapper,1,1,False
BIN_9677000,injected,0,0,False
BIN_9677030,wrapper,0,0,False
BIN_9679115,wrapper,1,1,False
BIN_9680136,wrapper,0,0,False
BIN_9680965,wrapper,1,1,False
BIN_9681179,wrapper,0,0,False
BIN_9681241,wrapper,1,1,False
BIN_9681561,wrapper,0,0,False
BIN_9681596,wrapper,1,1,False
BIN_9681843,wrapper,1,1,False
BIN_9682019,wrapper,0,0,False
BIN_9682616,wrapper,1,1,False
BIN_9683705,injected,1,1,False
BIN_9683946,injected,0,0,False
BIN_9684239,injected,1,1,False
BIN_9684695,injected,0,0,False
BIN_9685531,injected,1,1,False
BIN_9686132,wrapper,0,0,False
BIN_9686470,injected,0,0,False
BIN_9686507,wrapper,0,0,False
BIN_9686564,wrapper,0,0,False
BIN_9687291,injected,1,1,False
BIN_9687465,wrapper,0,0,False
BIN_9687560,wrapper,0,0,False
BIN_9687899,injected,0,0,False
BIN_9688118,wrapper,0,0,False
BIN_9688754,wrapper,0,0,False
BIN_9688858,injected,0,0,False
BIN_9689594,injected,0,0,False
BIN_9689680,wrapper,1,1,False
BIN_9690569,wrapper,1,1,False
BIN_9690886,wrapper,0,0,False
BIN_9691191,wrapper,0,0,False
BIN_9691648,injected,0,0,False
BIN_9693229,wrapper,1,1,False
BIN_9693490,wrapper,0,0,False
BIN_9693513,wrapper,0,0,False
BIN_9693619,injected,0,0,False
BIN_9693857,wrapper,0,0,False
BIN_9694052,wrapper,0,0,False
BIN_9694793,wrapper,0,0,False
BIN_9695070,wrapper,0,0,False
BIN_9696037,injected,1,1,False
BIN_9696326,wrapper,1,1,False
BIN_9696354,injected,0,0,False
BIN_9696742,wrapper,1,1,False
BIN_9696905,wrapper,0,0,False
BIN_9696973,wrapper,1,1,False
BIN_9698470,injected,1,1,False
BIN_9698668,wrapper,0,0,False
BIN_9698941,wrapper,1,1,False
BIN_9699050,injected,0,0,False
BIN_9699956,injected,1,1,False
BIN_9700590,injected,1,1,False
BIN_9700820,injected,0,0,False
BIN_9700993,injected,0,0,False
BIN_9701028,wrapper,0,0,False
BIN_9701452,wrapper,0,0,False
BIN_9701600,wrapper,0,0,False
BIN_9702060,wrapper,1,1,False
BIN_9702941,wrapper,0,0,False
BIN_9703734,injected,0,0,False
BIN_9703950,wrapper,0,0,False
BIN_9704084,injected,1,1,False
BIN_9704492,wrapper,1,1,False
BIN_9704706,wrapper,1,1,False
BIN_9704999,wrapper,0,0,False
BIN_9705492,wrapper,0,0,False
BIN_9705749,wrapper,0,0,False
BIN_9705962,wrapper,1,1,False
BIN_9706000,wrapper,1,1,False
BIN_9706492,injected,0,0,False
BIN_9706689,wrapper,1,1,False
BIN_9706857,wrapper,1,1,False
BIN_9707022,injected,0,0,False
BIN_9707826,wrapper,1,1,False
BIN_9708338,wrapper,1,1,False
BIN_9711044,wrapper,1,1,False
BIN_9711210,injected,1,1,False
BIN_9712122,wrapper,0,0,False
BIN_9712289,injected,0,0,False
BIN_9712591,wrapper,0,0,False
BIN_9713812,wrapper,0,0,False
BIN_9715424,injected,0,0,False
BIN_9716438,injected,0,0,False
BIN_9716680,wrapper,1,1,False
BIN_9717092,wrapper,0,0,False
BIN_9717448,injected,1,1,False
BIN_9717986,wrapper,1,1,False
BIN_9718882,wrapper,1,1,False
BIN_9718978,wrapper,1,1,False
BIN_9719737,injected,1,1,False
BIN_9719812,injected,0,0,False
BIN_9720088,injected,0,0,False
BIN_9720555,wrapper,1,1,False
BIN_9721055,injected,0,0,False
BIN_9721630,wrapper,1,1,False
BIN_9721716,injected,1,1,False
BIN_9722195,wrapper,0,0,False
BIN_9722417,injected,0,0,False
BIN_9723349,wrapper,0,0,False
BIN_9723489,injected,1,1,False
BIN_9723933,wrapper,0,0,False
BIN_9724188,injected,1,1,False
BIN_9724552,injected,1,1,False
BIN_9725699,wrapper,0,0,False
BIN_9726037,wrapper,0,0,False
BIN_9726480,wrapper,0,0,False
BIN_9727266,injected,1,1,False
BIN_9727569,injected,0,0,False
BIN_9728499,injected,1,1,False
BIN_9728793,wrapper,1,1,False
BIN_9729515,injected,1,1,False
BIN_9729669,injected,0,0,False
BIN_9729716,wrapper,1,1,False
BIN_9730330,injected,1,1,False
BIN_9730644,injected,1,1,False
BIN_9731108,wrapper,0,0,False
BIN_9731122,wrapper,0,0,False
BIN_9731455,wrapper,1,1,False
BIN_9732147,injected,0,0,False
BIN_9733729,injected,1,1,False
BIN_9733795,wrapper,0,0,False
BIN_9734186,wrapper,0,0,False
BIN_9734478,wrapper,0,0,False
BIN_9735301,wrapper,1,1,False
BIN_9736034,wrapper,1,1,False
BIN_9736622,wrapper,1,1,False
BIN_9737108,wrapper,0,0,False
BIN_9737882,wrapper,1,1,False
BIN_9738350,wrapper,0,0,False
BIN_9738562,wrapper,0,0,False
BIN_9739985,wrapper,1,1,False
BIN_9740161,wrapper,0,0,False
BIN_9740950,injected,1,1,False
BIN_9741450,wrapper,0,0,False
BIN_9745944,wrapper,1,1,False
BIN_9746038,injected,0,0,False
BIN_9746391,wrapper,0,0,False
BIN_9747443,wrapper,0,0,False
BIN_9748213,injected,0,0,False
BIN_9748480,wrapper,0,0,False
BIN_9748935,injected,1,1,False
BIN_9749212,wrapper,1,1,False
BIN_9750434,wrapper,1,1,False
BIN_9752185,injected,1,1,False
BIN_9752935,injected,0,0,False
BIN_9754178,injected,1,1,False
BIN_9755050,wrapper,0,0,False
BIN_9755497,injected,0,0,False
BIN_9755762,injected,1,1,False
BIN_9756255,injected,0,0,False
BIN_9757753,wrapper,0,0,False
BIN_9759430,wrapper,0,0,False
BIN_9760563,wrapper,0,0,False
BIN_9761197,wrapper,0,0,False
BIN_9761464,injected,1,1,False
BIN_9761676,wrapper,0,0,False
BIN_9761763,injected,0,0,False
BIN_9761826,injected,1,1,False
BIN_9763723,wrapper,0,0,False
BIN_9763792,wrapper,0,0,False
BIN_9764661,injected,0,0,False
BIN_9766465,wrapper,0,0,False
BIN_9767100,wrapper,0,0,False
BIN_9767687,injected,0,0,False
BIN_9768572,injected,1,1,False
BIN_9769133,injected,0,0,False
BIN_9772220,injected,0,0,False
BIN_9773959,injected,0,0,False
BIN_9774091,wrapper,1,1,False
BIN_9775175,wrapper,0,0,False
BIN_9775408,wrapper,0,0,False
BIN_9776320,wrapper,0,0,False
BIN_9776749,wrapper,1,1,False
BIN_9776935,wrapper,1,1,False
BIN_9777285,wrapper,0,0,False
BIN_9779133,wrapper,1,1,False
BIN_9779266,injected,1,1,False
BIN_9779789,injected,1,1,False
BIN_9779956,wrapper,0,0,False
BIN_9780191,wrapper,1,1,False
BIN_9781311,wrapper,1,1,False
BIN_9781613,injected,1,1,False
BIN_9781639,wrapper,1,1,False
BIN_9782192,wrapper,0,0,False
BIN_9782564,wrapper,0,0,False
BIN_9783437,wrapper,0,0,False
BIN_9783708,injected,1,1,False
BIN_9783851,wrapper,1,1,False
BIN_9784323,wrapper,0,0,False
BIN_9785318,injected,0,0,False
BIN_9785447,wrapper,1,1,False
BIN_9785965,wrapper,1,1,False
BIN_9785969,wrapper,1,1,False
BIN_9785972,wrapper,0,0,False
BIN_9786870,wrapper,0,0,False
BIN_9789178,injected,1,1,False
BIN_9789491,wrapper,0,0,False
BIN_9789548,wrapper,1,1,False
BIN_9790358,wrapper,0,0,False
BIN_9790729,wrapper,0,0,False
BIN_9790792,wrapper,1,1,False
BIN_9791070,wrapper,0,0,False
BIN_9791144,wrapper,1,1,False
BIN_9791599,wrapper,1,1,False
BIN_9792407,wrapper,0,0,False
BIN_9792448,wrapper,0,0,False
BIN_9792679,wrapper,0,0,False
BIN_9792866,wrapper,1,1,False
BIN_9793529,wrapper,1,1,False
BIN_9793711,wrapper,0,0,False
BIN_9793818,wrapper,1,1,False
BIN_9793937,wrapper,0,0,False
BIN_9794460,wrapper,0,0,False
BIN_9796933,wrapper,0,0,False
BIN_9796985,wrapper,0,0,False
BIN_9797723,wrapper,1,1,False
BIN_9798390,wrapper,0,0,False
BIN_9798745,wrapper,0,0,False
BIN_9798849,wrapper,1,1,False
BIN_9799118,wrapper,1,1,False
BIN_9800470,wrapper,1,1,False
BIN_9801182,wrapper,1,1,False
BIN_9801185,injected,0,0,False
BIN_9802800,wrapper,1,1,False
BIN_9802965,wrapper,1,1,False
BIN_9803214,wrapper,1,1,False
BIN_9803336,injected,0,0,False
BIN_9803653,wrapper,1,1,False
BIN_9803897,wrapper,0,0,False
BIN_9804350,injected,1,1,False
BIN_9805217,wrapper,0,0,False
BIN_9806144,wrapper,0,0,False
BIN_9807214,injected,0,0,False
BIN_9807480,wrapper,1,1,False
BIN_9807793,wrapper,1,1,False
BIN_9809283,wrapper,0,0,False
BIN_9811027,injected,0,0,False
BIN_9811625,wrapper,1,1,False
BIN_9811970,wrapper,0,0,False
BIN_9812300,wrapper,0,0,False
BIN_9812527,injected,1,1,False
BIN_9813403,injected,0,0,False
BIN_9813569,wrapper,0,0,False
BIN_9815292,wrapper,0,0,False
BIN_9817719,injected,1,1,False
BIN_9817728,injected,0,0,False
BIN_9818317,wrapper,0,0,False
BIN_9818561,injected,0,0,False
BIN_9819517,injected,1,1,False
BIN_9820545,wrapper,1,1,False
BIN_9820578,wrapper,1,1,False
BIN_9821027,wrapper,1,1,False
BIN_9821035,injected,0,0,False
BIN_9821117,wrapper,0,0,False
BIN_9822283,injected,1,1,False
BIN_9823957,wrapper,0,0,False
BIN_9824288,wrapper,0,0,False
BIN_9824435,injected,0,0,False
BIN_9824811,wrapper,0,0,False
BIN_9824876,wrapper,1,1,False
BIN_9824983,wrapper,1,1,False
BIN_9825082,wrapper,0,0,False
BIN_9825682,wrapper,0,0,False
BIN_9826028,wrapper,0,0,False
BIN_9826277,wrapper,1,1,False
BIN_9826281,wrapper,1,1,False
BIN_9826588,injected,0,0,False
BIN_9827026,injected,0,0,False
BIN_9827677,wrapper,1,1,False
BIN_9827857,wrapper,0,0,False
BIN_9828724,wrapper,0,0,False
BIN_9830557,wrapper,1,1,False
BIN_9830955,wrapper,0,0,False
BIN_9831227,injected,1,1,False
BIN_9832089,wrapper,0,0,False
BIN_9832283,injected,0,0,False
BIN_9833210,wrapper,1,1,False
BIN_9833253,wrapper,1,1,False
BIN_9833300,wrapper,1,1,False
BIN_9833454,injected,1,1,False
BIN_9833916,injected,0,0,False
BIN_9835544,wrapper,0,0,False
BIN_9835693,wrapper,0,0,False
BIN_9835742,wrapper,0,0,False
BIN_9835886,wrapper,0,0,False
BIN_9836190,wrapper,0,0,False
BIN_9837468,wrapper,1,1,False
BIN_9838431,injected,1,1,False
BIN_9839469,wrapper,0,0,False
BIN_9840827,wrapper,0,0,False
BIN_9841092,wrapper,0,0,False
BIN_9841311,wrapper,0,0,False
BIN_9842176,wrapper,0,0,False
BIN_9842423,wrapper,0,0,False
BIN_9843360,injected,1,1,False
BIN_9843744,injected,0,0,False
BIN_9844418,wrapper,0,0,False
BIN_9844627,injected,0,0,False
BIN_9844847,wrapper,0,0,False
BIN_9844999,wrapper,0,0,False
BIN_9847419,wrapper,0,0,False
BIN_9847645,injected,1,1,False
BIN_9849195,injected,1,1,False
BIN_9849413,injected,0,0,False
BIN_9849987,wrapper,0,0,False
BIN_9851311,injected,0,0,False
BIN_9852046,wrapper,1,1,False
BIN_9852220,injected,0,0,False
BIN_9852354,wrapper,0,0,False
BIN_9852361,wrapper,1,1,False
BIN_9853791,injected,0,0,False
BIN_9854829,injected,1,1,False
BIN_9855102,injected,0,0,False
BIN_9855420,injected,0,0,False
BIN_9855734,wrapper,1,1,False
BIN_9855963,injected,0,0,False
BIN_9856036,injected,1,1,False
BIN_9856257,wrapper,0,0,False
BIN_9856596,wrapper,1,1,False
BIN_9856608,wrapper,1,1,False
BIN_9857343,wrapper,1,1,False
BIN_9857992,wrapper,1,1,False
BIN_9858208,injected,1,1,False
BIN_9858388,injected,1,1,False
BIN_9858557,wrapper,1,1,False
BIN_9858648,wrapper,0,0,False
BIN_9859332,wrapper,0,0,False
BIN_9860056,wrapper,0,0,False
BIN_9860876,wrapper,0,0,False
BIN_9861323,wrapper,0,0,False
BIN_9861800,wrapper,1,1,False
BIN_9862639,injected,0,0,False
BIN_9862803,wrapper,0,0,False
BIN_9865837,injected,1,1,False
BIN_9865949,wrapper,1,1,False
BIN_9866020,wrapper,1,1,False
BIN_9866335,injected,1,1,False
BIN_9867186,injected,1,1,False
BIN_9867933,injected,0,0,False
BIN_9869090,injected,0,0,False
BIN_9869154,wrapper,0,0,False
BIN_9869869,wrapper,0,0,False
BIN_9870879,wrapper,1,1,False
BIN_9871361,wrapper,0,0,False
BIN_9871463,wrapper,1,1,False
BIN_9871522,injected,0,0,False
BIN_9871676,injected,0,0,False
BIN_9871720,wrapper,1,1,False
BIN_9872687,wrapper,0,0,False
BIN_9872805,wrapper,0,0,False
BIN_9872838,wrapper,1,1,False
BIN_9872996,wrapper,0,0,False
BIN_9873832,injected,1,1,False
BIN_9874175,injected,1,1,False
BIN_9874262,injected,0,0,False
BIN_9874455,injected,0,0,False
BIN_9875520,injected,1,1,False
BIN_9875640,injected,1,1,False
BIN_9875650,wrapper,1,1,False
BIN_9877479,wrapper,1,1,False
BIN_9879529,wrapper,1,1,False
BIN_9879599,wrapper,0,0,False
BIN_9880353,wrapper,0,0,False
BIN_9880876,wrapper,1,1,False
BIN_9881757,injected,1,1,False
BIN_9882718,wrapper,1,1,False
BIN_9883733,wrapper,0,0,False
BIN_9884603,wrapper,1,1,False
BIN_9884734,wrapper,0,0,False
BIN_9885869,wrapper,0,0,False
BIN_9887340,injected,1,1,False
BIN_9887545,wrapper,1,1,False
BIN_9888414,injected,0,0,False
BIN_9888556,wrapper,1,1,False
BIN_9890264,wrapper,0,0,False
BIN_9890630,injected,0,0,False
BIN_9891184,wrapper,0,0,False
BIN_9891822,wrapper,1,1,False
BIN_9894124,wrapper,0,0,False
BIN_9894733,wrapper,1,1,False
BIN_9894895,wrapper,0,0,False
BIN_9895620,wrapper,1,1,False
BIN_9896187,injected,1,1,False
BIN_9896648,wrapper,0,0,False
BIN_9896843,wrapper,1,1,False
BIN_9900252,wrapper,1,1,False
BIN_9900513,injected,0,0,False
BIN_9901144,injected,1,1,False
BIN_9902001,injected,1,1,False
BIN_9902161,wrapper,1,1,False
BIN_9902339,wrapper,1,1,False
BIN_9902450,injected,1,1,False
BIN_9903000,wrapper,1,1,False
BIN_9903346,wrapper,1,1,False
BIN_9903700,injected,1,1,False
BIN_9903950,injected,1,1,False
BIN_9904732,wrapper,0,0,False
BIN_9905339,injected,1,1,False
BIN_9905689,wrapper,1,1,False
BIN_9905778,wrapper,0,0,False
BIN_9906167,injected,0,0,False
BIN_9907586,wrapper,0,0,False
BIN_9907650,wrapper,1,1,False
BIN_9909560,wrapper,0,0,False
BIN_9909665,injected,1,1,False
BIN_9909712,wrapper,0,0,False
BIN_9909977,wrapper,1,1,False
BIN_9910251,wrapper,1,1,False
BIN_9910354,wrapper,1,1,False
BIN_9910363,wrapper,0,0,False
BIN_9910596,injected,1,1,False
BIN_9911154,wrapper,1,1,False
BIN_9911167,wrapper,0,0,False
BIN_9914771,wrapper,0,0,False
BIN_9916507,wrapper,0,0,False
BIN_9917598,wrapper,0,0,False
BIN_9917737,wrapper,1,1,False
BIN_9918109,wrapper,0,0,False
BIN_9918322,wrapper,1,1,False
BIN_9918364,wrapper,1,1,False
BIN_9918514,wrapper,1,1,False
BIN_9918795,injected,0,0,False
BIN_9918984,wrapper,0,0,False
BIN_9920337,injected,1,1,False
BIN_9920930,wrapper,1,1,False
BIN_9921708,wrapper,0,0,False
BIN_9921730,wrapper,1,1,False
BIN_9922133,wrapper,0,0,False
BIN_9922789,injected,1,1,False
BIN_9922851,wrapper,0,0,False
BIN_9923796,wrapper,1,1,False
BIN_9923917,wrapper,1,1,False
BIN_9923948,wrapper,0,0,False
BIN_9924598,wrapper,1,1,False
BIN_9925026,wrapper,0,0,False
BIN_9925197,injected,0,0,False
BIN_9925446,wrapper,1,1,False
BIN_9925869,injected,0,0,False
BIN_9926319,injected,0,0,False
BIN_9926559,injected,1,1,False
BIN_9927700,wrapper,1,1,False
BIN_9928126,wrapper,1,1,False
BIN_9928417,wrapper,0,0,False
BIN_9928950,wrapper,0,0,False
BIN_9930405,injected,1,1,False
BIN_9930493,wrapper,0,0,False
BIN_9932769,injected,0,0,False
BIN_9933907,wrapper,1,1,False
BIN_9933974,injected,1,1,False
BIN_9934464,wrapper,1,1,False
BIN_9934983,wrapper,0,0,False
BIN_9935202,wrapper,0,0,False
BIN_9935218,injected,0,0,False
BIN_9937051,wrapper,1,1,False
BIN_9937306,wrapper,0,0,False
BIN_9937526,wrapper,0,0,False
BIN_9937691,wrapper,1,1,False
BIN_9938325,wrapper,1,1,False
BIN_9940028,injected,1,1,False
BIN_9940130,wrapper,0,0,False
BIN_9940296,wrapper,1,1,False
BIN_9941381,wrapper,0,0,False
BIN_9941945,wrapper,1,1,False
BIN_9942608,injected,1,1,False
BIN_9944448,injected,1,1,False
BIN_9944452,injected,0,0,False
BIN_9945211,injected,1,1,False
BIN_9945360,injected,0,0,False
BIN_9945840,wrapper,0,0,False
BIN_9946807,wrapper,0,0,False
BIN_9947142,wrapper,0,0,False
BIN_9947619,wrapper,0,0,False
BIN_9948651,injected,0,0,False
BIN_9948771,wrapper,1,1,False
BIN_9948823,wrapper,0,0,False
BIN_9948973,wrapper,0,0,False
BIN_9949442,wrapper,1,1,False
BIN_9949569,injected,0,0,False
BIN_9949885,wrapper,1,1,False
BIN_9949930,wrapper,1,1,False
BIN_9950153,injected,0,0,False
BIN_9950180,injected,1,1,False
BIN_9950658,injected,0,0,False
BIN_9951524,injected,1,1,False
BIN_9952270,wrapper,1,1,False
BIN_9954230,wrapper,0,0,False
BIN_9954333,wrapper,0,0,False
BIN_9955950,wrapper,1,1,False
BIN_9956439,injected,1,1,False
BIN_9956544,wrapper,0,0,False
BIN_9956690,wrapper,0,0,False
BIN_9956934,wrapper,1,1,False
BIN_9957015,wrapper,1,1,False
BIN_9958425,injected,0,0,False
BIN_9959234,wrapper,1,1,False
BIN_9959464,wrapper,0,0,False
BIN_9959630,wrapper,0,0,False
BIN_9959999,wrapper,0,0,False
BIN_9960069,wrapper,1,1,False
BIN_9960372,injected,1,1,False
BIN_9960847,wrapper,0,0,False
BIN_9961531,wrapper,1,1,False
BIN_9962112,wrapper,1,1,False
BIN_9962512,injected,1,1,False
BIN_9963621,wrapper,0,0,False
BIN_9963838,wrapper,0,0,False
BIN_9963846,injected,1,1,False
BIN_9964403,wrapper,0,0,False
BIN_9964417,injected,1,1,False
BIN_9965701,injected,1,1,False
BIN_9965993,wrapper,1,1,False
BIN_9966540,injected,0,0,False
BIN_9967154,injected,1,1,False
BIN_9967489,wrapper,1,1,False
BIN_9967701,wrapper,1,1,False
BIN_9969769,wrapper,1,1,False
BIN_9970622,injected,0,0,False
BIN_9970753,wrapper,0,0,False
BIN_9971868,injected,1,1,False
BIN_9972274,wrapper,0,0,False
BIN_9973287,wrapper,0,0,False
BIN_9973422,wrapper,1,1,False
BIN_9974829,wrapper,1,1,False
BIN_9976104,wrapper,0,0,False
BIN_9976710,wrapper,0,0,False
BIN_9977314,wrapper,0,0,False
BIN_9977574,injected,1,1,False
BIN_9977743,wrapper,0,0,False
BIN_9978308,wrapper,1,1,False
BIN_9980052,wrapper,0,0,False
BIN_9980372,wrapper,1,1,False
BIN_9980384,wrapper,1,1,False
BIN_9980511,injected,1,1,False
BIN_9980942,wrapper,0,0,False
BIN_9981026,injected,1,1,False
BIN_9982424,injected,1,1,False
BIN_9982809,injected,1,1,False
BIN_9983194,wrapper,0,0,False
BIN_9984004,injected,0,0,False
BIN_9984726,wrapper,1,1,False
BIN_9984985,injected,0,0,False
BIN_9985250,wrapper,1,1,False
BIN_9986146,wrapper,1,1,False
BIN_9986296,wrapper,0,0,False
BIN_9986530,wrapper,0,0,False
BIN_9986807,wrapper,1,1,False
BIN_9986860,wrapper,0,0,False
BIN_9987438,wrapper,1,1,False
BIN_9987499,wrapper,0,0,False
BIN_9987740,wrapper,0,0,False
BIN_9987772,wrapper,0,0,False
BIN_9988760,injected,0,0,False
BIN_9989935,wrapper,1,1,False
BIN_9990468,wrapper,1,1,False
BIN_9991789,injected,1,1,False
BIN_9993068,wrapper,0,0,False
BIN_9993416,injected,1,1,False
BIN_9994705,wrapper,0,0,False
BIN_9994760,wrapper,1,1,False
BIN_9995911,wrapper,0,0,False
BIN_9996316,injected,1,1,False
BIN_9996715,injected,1,1,False
BIN_9997853,wrapper,1,1,False
BIN_9999665,injected,1,1,False
BIN_1000583,wrapper,0,0,False
BIN_1000621,wrapper,1,1,False
BIN_1000895,wrapper,0,0,False
BIN_1000906,injected,1,1,False
BIN_1001070,wrapper,0,0,False
BIN_1001959,injected,1,1,False
BIN_1002907,wrapper,0,0,False
BIN_1004314,wrapper,1,1,False
BIN_1005275,wrapper,0,0,False
BIN_1005506,wrapper,0,0,False
BIN_1005880,wrapper,0,0,False
BIN_1006052,wrapper,1,1,False
BIN_1006356,injected,0,0,False
BIN_1007272,wrapper,0,0,False
BIN_1008780,wrapper,1,1,False
BIN_1009517,injected,0,0,False
BIN_1009758,wrapper,0,0,False
BIN_1011298,injected,1,1,False
BIN_1012558,injected,1,1,False
BIN_1012870,injected,1,1,False
BIN_1014223,wrapper,1,1,False
BIN_1015263,wrapper,0,0,False
BIN_1016417,injected,0,0,False
BIN_1018156,injected,0,0,False
BIN_1018299,wrapper,0,0,False
BIN_1018371,wrapper,0,0,False
BIN_1018629,wrapper,1,1,False
BIN_1021304,injected,0,0,False
BIN_1021765,wrapper,0,0,False
BIN_1024578,wrapper,1,1,False
BIN_1025153,injected,0,0,False
BIN_1025512,wrapper,0,0,False
BIN_1026661,wrapper,1,1,False
BIN_1027276,injected,1,1,False
BIN_1027450,wrapper,1,1,False
BIN_1027969,wrapper,1,1,False
BIN_1028015,wrapper,0,0,False
BIN_1028762,wrapper,1,1,False
BIN_1029720,wrapper,0,0,False
BIN_1030555,wrapper,0,0,False
BIN_1031548,injected,1,1,False
BIN_1031824,wrapper,0,0,False
BIN_1032019,wrapper,1,1,False
BIN_1032023,wrapper,0,0,False
BIN_1032162,wrapper,1,1,False
BIN_1032679,wrapper,1,1,False
BIN_1033849,injected,1,1,False
BIN_1034739,injected,1,1,False
BIN_1034859,injected,0,0,False
BIN_1037816,wrapper,1,1,False
BIN_1038093,wrapper,1,1,False
BIN_1039713,wrapper,0,0,False
BIN_1040189,wrapper,1,1,False
BIN_1040741,injected,1,1,False
BIN_1040983,wrapper,0,0,False
BIN_1041169,wrapper,1,1,False
BIN_1041261,wrapper,1,1,False
BIN_1041300,wrapper,1,1,False
BIN_1041454,wrapper,1,1,False
BIN_1041538,injected,0,0,False
BIN_1041845,wrapper,0,0,False
BIN_1042058,injected,1,1,False
BIN_1042129,wrapper,0,0,False
BIN_1042218,wrapper,0,0,False
BIN_1042439,injected,0,0,False
BIN_1042613,wrapper,1,1,False
BIN_1042719,wrapper,0,0,False
BIN_1043729,wrapper,0,0,False
BIN_1043902,injected,1,1,False
BIN_1043999,injected,1,1,False
BIN_1045112,wrapper,1,1,False
BIN_1045244,wrapper,1,1,False
BIN_1045548,wrapper,0,0,False
BIN_1045752,injected,1,1,False
BIN_1045839,wrapper,0,0,False
BIN_1046174,wrapper,1,1,False
BIN_1046492,wrapper,1,1,False
BIN_1047123,wrapper,0,0,False
BIN_1048121,wrapper,0,0,False
BIN_1049696,injected,1,1,False
BIN_1049875,wrapper,0,0,False
BIN_1051325,injected,0,0,False
BIN_1052587,wrapper,0,0,False
BIN_1052688,injected,0,0,False
BIN_1053545,wrapper,1,1,False
BIN_1053698,wrapper,0,0,False
BIN_1053820,wrapper,0,0,False
BIN_1055140,wrapper,1,1,False
BIN_1056145,wrapper,0,0,False
BIN_1057011,wrapper,0,0,False
BIN_1057398,wrapper,0,0,False
BIN_1057461,wrapper,1,1,False
BIN_1057709,wrapper,0,0,False
BIN_1058297,wrapper,1,1,False
BIN_1058302,wrapper,1,1,False
BIN_1058624,wrapper,1,1,False
BIN_1059079,wrapper,1,1,False
BIN_1059652,wrapper,0,0,False
BIN_1060060,wrapper,0,0,False
BIN_1060899,wrapper,0,0,False
BIN_1061159,wrapper,1,1,False
BIN_1061651,injected,1,1,False
BIN_1061819,wrapper,0,0,False
BIN_1063179,wrapper,0,0,False
BIN_1063258,wrapper,0,0,False
BIN_1065061,wrapper,0,0,False
BIN_1065704,injected,1,1,False
BIN_1066467,injected,1,1,False
BIN_1067425,injected,1,1,False
BIN_1067858,wrapper,1,1,False
BIN_1068243,wrapper,1,1,False
BIN_1068578,wrapper,1,1,False
BIN_1070423,wrapper,0,0,False
BIN_1070484,wrapper,1,1,False
BIN_1071940,injected,0,0,False
BIN_1072647,wrapper,1,1,False
BIN_1072817,wrapper,0,0,False
BIN_1073210,wrapper,0,0,False
BIN_1074416,injected,1,1,False
BIN_1074817,injected,1,1,False
BIN_1075204,injected,1,1,False
BIN_1075406,injected,0,0,False
BIN_1075454,wrapper,1,1,False
BIN_1075525,wrapper,1,1,False
BIN_1076140,wrapper,0,0,False
BIN_1076364,wrapper,1,1,False
BIN_1076599,injected,0,0,False
BIN_1077246,injected,0,0,False
BIN_1078222,wrapper,1,1,False
BIN_1078632,wrapper,0,0,False
BIN_1078642,wrapper,0,0,False
BIN_1078948,injected,1,1,False
BIN_1079269,wrapper,0,0,False
BIN_1079860,injected,0,0,False
BIN_1080695,injected,1,1,False
BIN_1081392,wrapper,1,1,False
BIN_1082003,wrapper,1,1,False
BIN_1082159,injected,0,0,False
BIN_1083191,injected,1,1,False
BIN_1083338,injected,1,1,False
BIN_1083547,wrapper,0,0,False
BIN_1083591,wrapper,0,0,False
BIN_1084229,wrapper,0,0,False
BIN_1084588,wrapper,0,0,False
BIN_1085970,injected,1,1,False
BIN_1088232,wrapper,0,0,False
BIN_1089050,injected,0,0,False
BIN_1091765,injected,0,0,False
BIN_1092603,wrapper,1,1,False
BIN_1093551,wrapper,1,1,False
BIN_1094196,wrapper,1,1,False
BIN_1094307,wrapper,0,0,False
BIN_1094368,injected,0,0,False
BIN_1095295,wrapper,0,0,False
BIN_1095756,injected,1,1,False
BIN_1096034,wrapper,0,0,False
BIN_1096890,wrapper,1,1,False
BIN_1097288,wrapper,0,0,False
BIN_1097780,wrapper,1,1,False
BIN_1098496,injected,1,1,False
BIN_1098903,injected,1,1,False
BIN_1100088,injected,1,1,False
BIN_1101603,injected,1,1,False
BIN_1102911,wrapper,1,1,False
BIN_1103540,wrapper,1,1,False
BIN_1103690,wrapper,0,0,False
BIN_1103997,injected,0,0,False
BIN_1104298,wrapper,1,1,False
BIN_1104343,wrapper,1,1,False
BIN_1104941,injected,0,0,False
BIN_1105576,wrapper,0,0,False
BIN_1105738,wrapper,0,0,False
BIN_1105974,injected,1,1,False
BIN_1106186,wrapper,1,1,False
BIN_1107125,injected,1,1,False
BIN_1108813,wrapper,0,0,False
BIN_1108871,injected,0,0,False
BIN_1108965,injected,1,1,False
BIN_1110776,wrapper,1,1,False
BIN_1111915,injected,1,1,False
BIN_1111935,wrapper,0,0,False
BIN_1112250,wrapper,0,0,False
BIN_1112717,wrapper,1,1,False
BIN_1112788,wrapper,0,0,False
BIN_1114212,wrapper,1,1,False
BIN_1114911,injected,1,1,False
BIN_1116293,injected,1,1,False
BIN_1118190,wrapper,1,1,False
BIN_1118655,injected,0,0,False
BIN_1118808,wrapper,1,1,False
BIN_1118897,wrapper,0,0,False
BIN_1119769,wrapper,1,1,False
BIN_1120141,injected,1,1,False
BIN_1120546,wrapper,1,1,False
BIN_1120650,wrapper,0,0,False
BIN_1120725,wrapper,1,1,False
BIN_1120962,injected,0,0,False
BIN_1121186,wrapper,1,1,False
BIN_1121445,wrapper,1,1,False
BIN_1121783,wrapper,1,1,False
BIN_1121898,wrapper,0,0,False
BIN_1122815,wrapper,0,0,False
BIN_1123130,wrapper,1,1,False
BIN_1124733,wrapper,0,0,False
BIN_1125412,injected,1,1,False
BIN_1125902,wrapper,0,0,False
BIN_1126053,wrapper,0,0,False
BIN_1126266,wrapper,0,0,False
BIN_1128816,wrapper,0,0,False
BIN_1130699,injected,1,1,False
BIN_1131814,injected,0,0,False
BIN_1132005,wrapper,0,0,False
BIN_1132198,wrapper,1,1,False
BIN_1132736,wrapper,0,0,False
BIN_1132799,wrapper,1,1,False
BIN_1133385,wrapper,0,0,False
BIN_1134149,wrapper,1,1,False
BIN_1134790,wrapper,0,0,False
BIN_1135430,injected,0,0,False
BIN_1135646,wrapper,0,0,False
BIN_1135769,wrapper,0,0,False
BIN_1136148,wrapper,1,1,False
BIN_1136404,wrapper,0,0,False
BIN_1136964,wrapper,1,1,False
BIN_1136987,wrapper,0,0,False
BIN_1137007,injected,0,0,False
BIN_1137224,wrapper,0,0,False
BIN_1137903,injected,1,1,False
BIN_1138366,wrapper,0,0,False
BIN_1138613,wrapper,1,1,False
BIN_1139383,injected,0,0,False
BIN_1140068,wrapper,0,0,False
BIN_1140205,wrapper,1,1,False
BIN_1140206,wrapper,0,0,False
BIN_1141309,injected,0,0,False
BIN_1141552,injected,1,1,False
BIN_1142154,injected,1,1,False
BIN_1142167,injected,1,1,False
BIN_1143114,injected,0,0,False
BIN_1143443,wrapper,1,1,False
BIN_1143833,injected,1,1,False
BIN_1145027,wrapper,1,1,False
BIN_1145276,wrapper,1,1,False
BIN_1145429,wrapper,1,1,False
BIN_1145901,injected,0,0,False
BIN_1146818,wrapper,1,1,False
BIN_1147463,wrapper,1,1,False
BIN_1147819,wrapper,1,1,False
BIN_1147872,injected,1,1,False
BIN_1147982,wrapper,1,1,False
BIN_1148004,injected,1,1,False
BIN_1148354,wrapper,1,1,False
BIN_1148668,wrapper,0,0,False
BIN_1149117,injected,1,1,False
BIN_1149342,wrapper,1,1,False
BIN_1149573,wrapper,1,1,False
BIN_1149647,wrapper,0,0,False
BIN_1149790,wrapper,1,1,False
BIN_1149878,wrapper,1,1,False
BIN_1150729,wrapper,1,1,False
BIN_1150916,injected,1,1,False
BIN_1151344,wrapper,0,0,False
BIN_1152283,injected,0,0,False
BIN_1152509,wrapper,0,0,False
BIN_1152810,wrapper,0,0,False
BIN_1152945,wrapper,0,0,False
BIN_1152975,injected,1,1,False
BIN_1152989,wrapper,0,0,False
BIN_1153397,wrapper,0,0,False
BIN_1154135,wrapper,1,1,False
BIN_1154681,injected,0,0,False
BIN_1155004,wrapper,1,1,False
BIN_1155439,wrapper,1,1,False
BIN_1155546,wrapper,1,1,False
BIN_1156287,injected,1,1,False
BIN_1158423,injected,1,1,False
BIN_1158464,injected,0,0,False
BIN_1158844,wrapper,1,1,False
BIN_1159362,injected,0,0,False
BIN_1160035,wrapper,1,1,False
BIN_1160553,wrapper,1,1,False
BIN_1160784,injected,0,0,False
BIN_1161251,injected,1,1,False
BIN_1161957,injected,1,1,False
BIN_1162161,injected,1,1,False
BIN_1163526,wrapper,0,0,False
BIN_1164326,wrapper,1,1,False
BIN_1166318,wrapper,0,0,False
BIN_1168671,wrapper,0,0,False
BIN_1168920,wrapper,0,0,False
BIN_1169324,wrapper,0,0,False
BIN_1170136,injected,0,0,False
BIN_1171485,injected,0,0,False
BIN_1171705,injected,0,0,False
BIN_1172400,wrapper,0,0,False
BIN_1172719,wrapper,0,0,False
BIN_1172897,injected,1,1,False
BIN_1173004,wrapper,1,1,False
BIN_1173285,wrapper,1,1,False
BIN_1174020,wrapper,0,0,False
BIN_1174357,injected,1,1,False
BIN_1174436,wrapper,1,1,False
BIN_1175362,wrapper,1,1,False
BIN_1175872,injected,1,1,False
BIN_1176355,injected,0,0,False
BIN_1176368,wrapper,1,1,False
BIN_1176380,injected,1,1,False
BIN_1176803,wrapper,0,0,False
BIN_1177068,wrapper,0,0,False
BIN_1177789,wrapper,1,1,False
BIN_1178487,wrapper,0,0,False
BIN_1178703,injected,1,1,False
BIN_1179308,injected,1,1,False
BIN_1179468,wrapper,0,0,False
BIN_1179688,wrapper,0,0,False
BIN_1179715,injected,0,0,False
BIN_1180044,wrapper,0,0,False
BIN_1180157,wrapper,1,1,False
BIN_1180288,wrapper,0,0,False
BIN_1180307,wrapper,0,0,False
BIN_1180826,wrapper,0,0,False
BIN_1181180,injected,0,0,False
BIN_1182242,wrapper,0,0,False
BIN_1182359,wrapper,0,0,False
BIN_1182624,wrapper,1,1,False
BIN_1182651,injected,1,1,False
BIN_1182987,wrapper,1,1,False
BIN_1183135,wrapper,1,1,False
BIN_1183714,wrapper,0,0,False
BIN_1186292,wrapper,0,0,False
BIN_1187030,wrapper,1,1,False
BIN_1187791,wrapper,1,1,False
BIN_1188691,wrapper,0,0,False
BIN_1189901,wrapper,0,0,False
BIN_1190999,wrapper,0,0,False
BIN_1191049,wrapper,0,0,False
BIN_1191301,injected,1,1,False
BIN_1191333,injected,1,1,False
BIN_1191352,wrapper,0,0,False
BIN_1191663,wrapper,1,1,False
BIN_1192518,wrapper,1,1,False
BIN_1192737,injected,0,0,False
BIN_1193097,wrapper,1,1,False
BIN_1195179,wrapper,1,1,False
BIN_1196148,injected,1,1,False
BIN_1198384,wrapper,1,1,False
BIN_1199250,injected,0,0,False
BIN_1201577,injected,1,1,False
BIN_1201933,injected,1,1,False
BIN_1202079,wrapper,1,1,False
BIN_1202340,wrapper,0,0,False
BIN_1203326,wrapper,1,1,False
BIN_1203559,wrapper,1,1,False
BIN_1205369,injected,0,0,False
BIN_1205566,injected,0,0,False
BIN_1206414,wrapper,0,0,False
BIN_1206596,wrapper,1,1,False
BIN_1207169,wrapper,0,0,False
BIN_1207261,wrapper,1,1,False
BIN_1208397,wrapper,1,1,False
BIN_1208939,wrapper,0,0,False
BIN_1212564,injected,0,0,False
BIN_1212790,wrapper,1,1,False
BIN_1212840,wrapper,0,0,False
BIN_1213973,injected,1,1,False
BIN_1214195,wrapper,0,0,False
BIN_1214322,injected,1,1,False
BIN_1216840,injected,0,0,False
BIN_1216851,wrapper,0,0,False
BIN_1217120,wrapper,1,1,False
BIN_1218195,injected,0,0,False
BIN_1218210,wrapper,1,1,False
BIN_1218491,wrapper,0,0,False
BIN_1219844,wrapper,1,1,False
BIN_1221201,injected,1,1,False
BIN_1221341,wrapper,0,0,False
BIN_1222190,wrapper,0,0,False
BIN_1222603,wrapper,0,0,False
BIN_1224408,wrapper,1,1,False
BIN_1224620,wrapper,1,1,False
BIN_1224861,wrapper,0,0,False
BIN_1225017,wrapper,0,0,False
BIN_1225035,injected,0,0,False
BIN_1226154,wrapper,0,0,False
BIN_1226550,injected,1,1,False
BIN_1227007,wrapper,0,0,False
BIN_1227205,injected,1,1,False
BIN_1227501,wrapper,0,0,False
BIN_1227562,injected,0,0,False
BIN_1227943,wrapper,0,0,False
BIN_1228731,wrapper,0,0,False
BIN_1229205,wrapper,0,0,False
BIN_1229618,injected,1,1,False
BIN_1229805,wrapper,0,0,False
BIN_1230066,wrapper,0,0,False
BIN_1230338,injected,0,0,False
BIN_1230516,wrapper,1,1,False
BIN_1230890,wrapper,1,1,False
BIN_1231160,wrapper,1,1,False
BIN_1231474,wrapper,0,0,False
BIN_1231705,injected,1,1,False
BIN_1232224,wrapper,1,1,False
BIN_1232288,injected,0,0,False
BIN_1232719,wrapper,1,1,False
BIN_1233041,wrapper,1,1,False
BIN_1233104,wrapper,1,1,False
BIN_1233199,injected,1,1,False
BIN_1233368,injected,0,0,False
BIN_1233375,wrapper,1,1,False
BIN_1233819,wrapper,0,0,False
BIN_1233967,wrapper,1,1,False
BIN_1234137,wrapper,0,0,False
BIN_1235189,injected,0,0,False
BIN_1236754,injected,1,1,False
BIN_1238086,wrapper,1,1,False
BIN_1238552,injected,1,1,False
BIN_1238883,wrapper,0,0,False
BIN_1239816,wrapper,1,1,False
BIN_1240507,wrapper,1,1,False
BIN_1240587,injected,1,1,False
BIN_1240917,wrapper,0,0,False
BIN_1241126,injected,0,0,False
BIN_1241308,injected,1,1,False
BIN_1241365,wrapper,0,0,False
BIN_1242954,wrapper,1,1,False
BIN_1243483,wrapper,0,0,False
BIN_1243504,wrapper,1,1,False
BIN_1244118,wrapper,0,0,False
BIN_1245531,wrapper,1,1,False
BIN_1245844,wrapper,0,0,False
BIN_1246642,wrapper,1,1,False
BIN_1249667,injected,1,1,False
BIN_1249743,wrapper,1,1,False
BIN_1251379,injected,0,0,False
BIN_1251663,wrapper,0,0,False
BIN_1251838,injected,0,0,False
BIN_1251969,wrapper,1,1,False
BIN_1252002,wrapper,1,1,False
BIN_1253228,wrapper,0,0,False
BIN_1253461,injected,0,0,False
BIN_1253527,wrapper,1,1,False
BIN_1254009,injected,0,0,False
BIN_1254548,wrapper,0,0,False
BIN_1254974,wrapper,1,1,False
BIN_1255212,wrapper,1,1,False
BIN_1255309,injected,1,1,False
BIN_1256939,wrapper,1,1,False
BIN_1257075,wrapper,1,1,False
BIN_1258297,wrapper,0,0,False
BIN_1258319,wrapper,1,1,False
BIN_1258321,injected,1,1,False
BIN_1258706,injected,0,0,False
BIN_1259007,wrapper,0,0,False
BIN_1259150,wrapper,1,1,False
BIN_1260598,injected,1,1,False
BIN_1260654,injected,1,1,False
BIN_1260744,wrapper,0,0,False
BIN_1260794,wrapper,1,1,False
BIN_1261292,wrapper,0,0,False
BIN_1261798,wrapper,1,1,False
BIN_1262908,wrapper,1,1,False
BIN_1263231,wrapper,0,0,False
BIN_1263257,wrapper,0,0,False
BIN_1263444,injected,1,1,False
BIN_1263533,wrapper,0,0,False
BIN_1264770,injected,1,1,False
BIN_1265162,injected,0,0,False
BIN_1265915,wrapper,0,0,False
BIN_1266507,wrapper,0,0,False
BIN_1267457,injected,1,1,False
BIN_1267633,wrapper,0,0,False
BIN_1267689,wrapper,0,0,False
BIN_1268111,wrapper,0,0,False
BIN_1268342,wrapper,0,0,False
BIN_1270040,wrapper,0,0,False
BIN_1270991,wrapper,1,1,False
BIN_1271193,wrapper,0,0,False
BIN_1271709,wrapper,1,1,False
BIN_1272191,wrapper,0,0,False
BIN_1272460,wrapper,1,1,False
BIN_1273098,injected,0,0,False
BIN_1274256,wrapper,1,1,False
BIN_1274668,wrapper,0,0,False
BIN_1275187,wrapper,0,0,False
BIN_1275683,wrapper,1,1,False
BIN_1275874,wrapper,0,0,False
BIN_1276951,wrapper,1,1,False
BIN_1278380,wrapper,0,0,False
BIN_1278651,wrapper,1,1,False
BIN_1278685,wrapper,0,0,False
BIN_1278990,wrapper,0,0,False
BIN_1279663,wrapper,0,0,False
BIN_1279926,wrapper,1,1,False
BIN_1280101,wrapper,1,1,False
BIN_1280594,wrapper,1,1,False
BIN_1280987,wrapper,1,1,False
BIN_1280989,injected,1,1,False
BIN_1281901,wrapper,0,0,False
BIN_1282325,wrapper,1,1,False
BIN_1283266,injected,0,0,False
BIN_1284359,wrapper,0,0,False
BIN_1286094,wrapper,1,1,False
BIN_1286149,wrapper,0,0,False
BIN_1288365,wrapper,1,1,False
BIN_1289358,wrapper,0,0,False
BIN_1290760,injected,1,1,False
BIN_1291163,injected,0,0,False
BIN_1291288,injected,0,0,False
BIN_1291336,injected,1,1,False
BIN_1292095,wrapper,0,0,False
BIN_1292261,wrapper,0,0,False
BIN_1292680,wrapper,1,1,False
BIN_1294049,wrapper,0,0,False
BIN_1294094,wrapper,1,1,False
BIN_1294653,injected,0,0,False
BIN_1294781,injected,0,0,False
BIN_1294834,wrapper,1,1,False
BIN_1295654,wrapper,0,0,False
BIN_1296016,injected,1,1,False
BIN_1296108,injected,0,0,False
BIN_1296137,injected,1,1,False
BIN_1297018,wrapper,1,1,False
BIN_1297834,wrapper,1,1,False
BIN_1297992,wrapper,0,0,False
BIN_1298124,wrapper,0,0,False
BIN_1299167,injected,0,0,False
BIN_1299299,wrapper,1,1,False
BIN_1299770,wrapper,1,1,False
BIN_1299811,injected,1,1,False
BIN_1300192,injected,1,1,False
BIN_1301056,wrapper,1,1,False
BIN_1301060,wrapper,0,0,False
BIN_1301446,wrapper,0,0,False
BIN_1302721,injected,1,1,False
BIN_1302897,injected,0,0,False
BIN_1303151,wrapper,0,0,False
BIN_1304844,wrapper,0,0,False
BIN_1304967,wrapper,1,1,False
BIN_1305376,wrapper,0,0,False
BIN_1305493,injected,0,0,False
BIN_1305645,wrapper,0,0,False
BIN_1306034,injected,0,0,False
BIN_1306446,wrapper,1,1,False
BIN_1308486,wrapper,1,1,False
BIN_1309070,injected,1,1,False
BIN_1309175,wrapper,1,1,False
BIN_1309179,injected,0,0,False
BIN_1309228,wrapper,0,0,False
BIN_1309363,wrapper,0,0,False
BIN_1309487,injected,0,0,False
BIN_1310739,wrapper,1,1,False
BIN_1310818,wrapper,0,0,False
BIN_1312052,wrapper,1,1,False
BIN_1312456,injected,0,0,False
BIN_1313886,injected,1,1,False
BIN_1314624,wrapper,0,0,False
BIN_1314927,injected,0,0,False
BIN_1315568,wrapper,1,1,False
BIN_1315953,wrapper,0,0,False
BIN_1317791,injected,0,0,False
BIN_1318032,wrapper,1,1,False
BIN_1320257,wrapper,0,0,False
BIN_1321062,wrapper,1,1,False
BIN_1321239,injected,0,0,False
BIN_1321340,injected,0,0,False
BIN_1321637,injected,1,1,False
BIN_1321799,wrapper,0,0,False
BIN_1321918,wrapper,0,0,False
BIN_1322587,injected,1,1,False
BIN_1324195,wrapper,1,1,False
BIN_1325179,injected,0,0,False
BIN_1325722,wrapper,0,0,False
BIN_1326101,injected,0,0,False
BIN_1327767,wrapper,1,1,False
BIN_1328991,injected,0,0,False
BIN_1329916,injected,1,1,False
BIN_1329974,wrapper,1,1,False
BIN_1330241,injected,0,0,False
BIN_1331675,injected,0,0,False
BIN_1331987,injected,1,1,False
BIN_1333089,injected,0,0,False
BIN_1334594,wrapper,0,0,False
BIN_1335280,wrapper,1,1,False
BIN_1335919,injected,0,0,False
BIN_1336581,injected,1,1,False
BIN_1337691,wrapper,1,1,False
BIN_1338525,injected,0,0,False
BIN_1338552,injected,1,1,False
BIN_1339086,wrapper,0,0,False
BIN_1339431,wrapper,0,0,False
BIN_1339489,wrapper,1,1,False
BIN_1339984,injected,0,0,False
BIN_1340322,injected,1,1,False
BIN_1340474,injected,1,1,False
BIN_1342014,injected,1,1,False
BIN_1342305,injected,1,1,False
BIN_1342934,wrapper,1,1,False
BIN_1343172,wrapper,1,1,False
BIN_1343810,injected,0,0,False
BIN_1344290,wrapper,1,1,False
BIN_1344665,wrapper,0,0,False
BIN_1345390,injected,0,0,False
BIN_1345597,wrapper,0,0,False
BIN_1345645,wrapper,0,0,False
BIN_1345675,injected,1,1,False
BIN_1346053,injected,1,1,False
BIN_1346148,wrapper,1,1,False
BIN_1346384,wrapper,0,0,False
BIN_1348600,wrapper,0,0,False
BIN_1349503,wrapper,0,0,False
BIN_1350478,injected,0,0,False
BIN_1350732,wrapper,0,0,False
BIN_1351211,injected,0,0,False
BIN_1351298,wrapper,0,0,False
BIN_1352008,wrapper,0,0,False
BIN_1352925,wrapper,0,0,False
BIN_1353445,injected,0,0,False
BIN_1353692,wrapper,0,0,False
BIN_1354171,injected,0,0,False
BIN_1354548,wrapper,0,0,False
BIN_1354662,wrapper,1,1,False
BIN_1354901,injected,1,1,False
BIN_1355275,wrapper,0,0,False
BIN_1356653,wrapper,1,1,False
BIN_1356798,wrapper,1,1,False
BIN_1357377,wrapper,1,1,False
BIN_1357426,wrapper,1,1,False
BIN_1357601,wrapper,0,0,False
BIN_1357687,wrapper,0,0,False
BIN_1358389,injected,1,1,False
BIN_1358953,injected,0,0,False
BIN_1359772,wrapper,1,1,False
BIN_1362147,wrapper,0,0,False
BIN_1362201,injected,1,1,False
BIN_1363159,wrapper,1,1,False
BIN_1363261,wrapper,0,0,False
BIN_1363784,injected,0,0,False
BIN_1365118,wrapper,1,1,False
BIN_1365800,wrapper,0,0,False
BIN_1366168,injected,0,0,False
BIN_1366345,wrapper,1,1,False
BIN_1366423,wrapper,0,0,False
BIN_1366619,wrapper,0,0,False
BIN_1367029,wrapper,0,0,False
BIN_1367415,wrapper,1,1,False
BIN_1369216,wrapper,0,0,False
BIN_1369345,wrapper,0,0,False
BIN_1369348,wrapper,1,1,False
BIN_1369517,wrapper,1,1,False
BIN_1369542,wrapper,0,0,False
BIN_1369552,wrapper,0,0,False
BIN_1369597,wrapper,0,0,False
BIN_1369818,injected,1,1,False
BIN_1370026,wrapper,1,1,False
BIN_1370120,wrapper,0,0,False
BIN_1370359,wrapper,1,1,False
BIN_1371038,wrapper,1,1,False
BIN_1371040,injected,1,1,False
BIN_1371377,wrapper,0,0,False
BIN_1371462,wrapper,1,1,False
BIN_1371552,wrapper,1,1,False
BIN_1374972,wrapper,0,0,False
BIN_1375095,injected,0,0,False
BIN_1375463,wrapper,1,1,False
BIN_1375702,injected,0,0,False
BIN_1375789,wrapper,1,1,False
BIN_1375976,injected,1,1,False
BIN_1376959,wrapper,0,0,False
BIN_1377020,wrapper,1,1,False
BIN_1379121,wrapper,1,1,False
BIN_1380768,injected,0,0,False
BIN_1380804,injected,1,1,False
BIN_1381776,injected,0,0,False
BIN_1381844,wrapper,1,1,False
BIN_1383738,wrapper,0,0,False
BIN_1383769,wrapper,1,1,False
BIN_1384497,injected,1,1,False
BIN_1385782,wrapper,0,0,False
BIN_1385906,wrapper,1,1,False
BIN_1387251,wrapper,0,0,False
BIN_1387584,wrapper,1,1,False
BIN_1387803,injected,1,1,False
BIN_1388134,wrapper,1,1,False
BIN_1389192,wrapper,0,0,False
BIN_1389319,wrapper,1,1,False
BIN_1391936,injected,1,1,False
BIN_1392648,wrapper,1,1,False
BIN_1393019,wrapper,0,0,False
BIN_1393476,wrapper,1,1,False
BIN_1393637,wrapper,1,1,False
BIN_1394733,wrapper,0,0,False
BIN_1395240,wrapper,0,0,False
BIN_1396392,injected,0,0,False
BIN_1398364,wrapper,0,0,False
BIN_1399306,wrapper,0,0,False
BIN_1400199,wrapper,0,0,False
BIN_1401778,injected,1,1,False
BIN_1402448,wrapper,0,0,False
BIN_1402890,injected,1,1,False
BIN_1403173,wrapper,1,1,False
BIN_1403699,wrapper,0,0,False
BIN_1404858,wrapper,0,0,False
BIN_1404873,wrapper,1,1,False
BIN_1405867,wrapper,0,0,False
BIN_1406743,injected,0,0,False
BIN_1406754,wrapper,1,1,False
BIN_1406988,wrapper,1,1,False
BIN_1407079,wrapper,1,1,False
BIN_1407299,wrapper,0,0,False
BIN_1407626,injected,1,1,False
BIN_1407683,wrapper,1,1,False
BIN_1407875,wrapper,1,1,False
BIN_1408263,wrapper,0,0,False
BIN_1408502,wrapper,0,0,False
BIN_1409719,wrapper,0,0,False
BIN_1409952,injected,0,0,False
BIN_1410799,wrapper,0,0,False
BIN_1410978,wrapper,0,0,False
BIN_1411168,injected,1,1,False
BIN_1411533,injected,1,1,False
BIN_1411937,wrapper,0,0,False
BIN_1412154,injected,0,0,False
BIN_1413217,wrapper,1,1,False
BIN_1414072,wrapper,0,0,False
BIN_1414287,wrapper,1,1,False
BIN_1414605,wrapper,1,1,False
BIN_1415274,wrapper,1,1,False
BIN_1417885,injected,0,0,False
BIN_1418638,wrapper,0,0,False
BIN_1420072,wrapper,1,1,False
BIN_1420119,wrapper,0,0,False
BIN_1420203,wrapper,1,1,False
BIN_1420640,wrapper,0,0,False
BIN_1421705,wrapper,1,1,False
BIN_1424111,wrapper,1,1,False
BIN_1424194,wrapper,0,0,False
BIN_1424463,wrapper,0,0,False
BIN_1424550,wrapper,1,1,False
BIN_1424957,wrapper,0,0,False
BIN_1425540,injected,0,0,False
BIN_1425995,wrapper,1,1,False
BIN_1426217,injected,0,0,False
BIN_1427184,wrapper,1,1,False
BIN_1427338,wrapper,0,0,False
BIN_1427672,wrapper,0,0,False
BIN_1427673,wrapper,0,0,False
BIN_1427708,wrapper,1,1,False
BIN_1427720,wrapper,1,1,False
BIN_1427948,wrapper,1,1,False
BIN_1428054,injected,0,0,False
BIN_1428903,injected,0,0,False
BIN_1429221,wrapper,1,1,False
BIN_1429688,wrapper,1,1,False
BIN_1429782,wrapper,0,0,False
BIN_1430171,wrapper,0,0,False
BIN_1430751,wrapper,1,1,False
BIN_1430953,wrapper,1,1,False
BIN_1431899,wrapper,1,1,False
BIN_1432267,injected,0,0,False
BIN_1432963,injected,1,1,False
BIN_1433159,wrapper,0,0,False
BIN_1433424,injected,0,0,False
BIN_1433807,injected,0,0,False
BIN_1433961,wrapper,1,1,False
BIN_1435223,wrapper,1,1,False
BIN_1435972,wrapper,0,0,False
BIN_1435986,wrapper,1,1,False
BIN_1436212,injected,0,0,False
BIN_1436555,injected,0,0,False
BIN_1436824,injected,1,1,False
BIN_1438573,wrapper,0,0,False
BIN_1439156,wrapper,0,0,False
BIN_1440602,wrapper,0,0,False
BIN_1440695,injected,0,0,False
BIN_1441735,injected,0,0,False
BIN_1442294,wrapper,1,1,False
BIN_1442407,wrapper,1,1,False
BIN_1442622,injected,1,1,False
BIN_1442636,wrapper,1,1,False
BIN_1442649,injected,0,0,False
BIN_1442680,wrapper,1,1,False
BIN_1442792,wrapper,1,1,False
BIN_1445445,wrapper,1,1,False
BIN_1445596,injected,0,0,False
BIN_1445654,wrapper,1,1,False
BIN_1446427,injected,1,1,False
BIN_1447761,wrapper,0,0,False
BIN_1448086,wrapper,1,1,False
BIN_1448224,wrapper,1,1,False
BIN_1448267,wrapper,1,1,False
BIN_1448498,wrapper,0,0,False
BIN_1448607,wrapper,1,1,False
BIN_1450232,wrapper,0,0,False
BIN_1450824,wrapper,0,0,False
BIN_1451446,wrapper,0,0,False
BIN_1451541,injected,1,1,False
BIN_1452948,wrapper,0,0,False
BIN_1453661,wrapper,1,1,False
BIN_1453963,wrapper,0,0,False
BIN_1454895,wrapper,1,1,False
BIN_1455013,wrapper,1,1,False
BIN_1455487,wrapper,1,1,False
BIN_1455492,wrapper,1,1,False
BIN_1455684,wrapper,1,1,False
BIN_1455949,wrapper,1,1,False
BIN_1456543,injected,1,1,False
BIN_1457741,wrapper,1,1,False
BIN_1458465,wrapper,1,1,False
BIN_1458787,injected,1,1,False
BIN_1458983,injected,1,1,False
BIN_1459293,injected,1,1,False
BIN_1459871,injected,1,1,False
BIN_1460360,injected,0,0,False
BIN_1460486,wrapper,1,1,False
BIN_1460772,wrapper,1,1,False
BIN_1460774,wrapper,1,1,False
BIN_1460791,wrapper,0,0,False
BIN_1462880,injected,0,0,False
BIN_1463237,wrapper,1,1,False
BIN_1463549,wrapper,1,1,False
BIN_1463953,injected,1,1,False
BIN_1465105,injected,0,0,False
BIN_1466356,injected,1,1,False
BIN_1466363,injected,1,1,False
BIN_1467165,wrapper,1,1,False
BIN_1467288,wrapper,0,0,False
BIN_1467314,injected,0,0,False
BIN_1467925,injected,0,0,False
BIN_1468031,wrapper,0,0,False
BIN_1468516,wrapper,1,1,False
BIN_1469733,wrapper,0,0,False
BIN_1470356,injected,1,1,False
BIN_1470453,injected,1,1,False
BIN_1470942,wrapper,0,0,False
BIN_1471638,wrapper,0,0,False
BIN_1473801,injected,1,1,False
BIN_1474024,wrapper,0,0,False
BIN_1474416,wrapper,1,1,False
BIN_1474991,wrapper,1,1,False
BIN_1475051,injected,0,0,False
BIN_1475624,injected,1,1,False
BIN_1475731,wrapper,0,0,False
BIN_1475749,injected,0,0,False
BIN_1476630,injected,0,0,False
BIN_1476984,injected,1,1,False
BIN_1477175,injected,1,1,False
BIN_1478188,injected,0,0,False
BIN_1478876,injected,1,1,False
BIN_1479010,wrapper,1,1,False
BIN_1479729,wrapper,1,1,False
BIN_1480478,wrapper,1,1,False
BIN_1480766,injected,0,0,False
BIN_1480851,wrapper,1,1,False
BIN_1481610,wrapper,0,0,False
BIN_1482536,injected,0,0,False
BIN_1482888,wrapper,0,0,False
BIN_1482949,injected,1,1,False
BIN_1483236,wrapper,0,0,False
BIN_1484735,wrapper,0,0,False
BIN_1486233,injected,1,1,False
BIN_1486418,wrapper,0,0,False
BIN_1486598,injected,0,0,False
BIN_1486644,wrapper,0,0,False
BIN_1486767,wrapper,0,0,False
BIN_1486820,injected,0,0,False
BIN_1486841,wrapper,1,1,False
BIN_1487310,wrapper,1,1,False
BIN_1487489,wrapper,1,1,False
BIN_1487726,injected,0,0,False
BIN_1487743,injected,0,0,False
BIN_1488166,wrapper,1,1,False
BIN_1490495,injected,1,1,False
BIN_1490799,wrapper,1,1,False
BIN_1490900,wrapper,0,0,False
BIN_1491993,injected,0,0,False
BIN_1492305,injected,0,0,False
BIN_1492598,wrapper,1,1,False
BIN_1493571,wrapper,1,1,False
BIN_1493711,injected,0,0,False
BIN_1493961,wrapper,0,0,False
BIN_1494264,wrapper,1,1,False
BIN_1494812,wrapper,1,1,False
BIN_1496057,injected,0,0,False
BIN_1497114,injected,1,1,False
BIN_1497132,wrapper,1,1,False
BIN_1497320,wrapper,1,1,False
BIN_1498237,wrapper,1,1,False
BIN_1498729,wrapper,1,1,False
BIN_1499552,injected,1,1,False
BIN_1501184,injected,1,1,False
BIN_1501262,wrapper,1,1,False
BIN_1501430,wrapper,0,0,False
BIN_1501881,wrapper,1,1,False
BIN_1502227,injected,1,1,False
BIN_1502235,injected,0,0,False
BIN_1502672,wrapper,1,1,False
BIN_1502776,wrapper,1,1,False
BIN_1503260,wrapper,1,1,False
BIN_1503310,injected,1,1,False
BIN_1504076,wrapper,1,1,False
BIN_1504123,injected,0,0,False
BIN_1504237,injected,0,0,False
BIN_1504658,injected,0,0,False
BIN_1506197,wrapper,0,0,False
BIN_1506307,wrapper,0,0,False
BIN_1506552,injected,0,0,False
BIN_1506614,wrapper,0,0,False
BIN_1507101,wrapper,0,0,False
BIN_1507292,wrapper,1,1,False
BIN_1507427,wrapper,0,0,False
BIN_1507965,wrapper,1,1,False
BIN_1509296,injected,0,0,False
BIN_1509298,wrapper,0,0,False
BIN_1509323,injected,0,0,False
BIN_1509499,injected,0,0,False
BIN_1509722,wrapper,0,0,False
BIN_1510835,wrapper,1,1,False
BIN_1511045,injected,1,1,False
BIN_1512134,injected,1,1,False
BIN_1512908,wrapper,1,1,False
BIN_1513848,wrapper,0,0,False
BIN_1515681,wrapper,1,1,False
BIN_1516242,injected,0,0,False
BIN_1516909,wrapper,0,0,False
BIN_1517215,wrapper,1,1,False
BIN_1517497,wrapper,1,1,False
BIN_1517729,wrapper,1,1,False
BIN_1517844,wrapper,0,0,False
BIN_1518229,wrapper,0,0,False
BIN_1518530,wrapper,0,0,False
BIN_1519167,wrapper,1,1,False
BIN_1519534,injected,1,1,False
BIN_1520408,injected,0,0,False
BIN_1520818,injected,1,1,False
BIN_1520888,wrapper,0,0,False
BIN_1521104,injected,0,0,False
BIN_1521525,wrapper,0,0,False
BIN_1522565,wrapper,0,0,False
BIN_1522997,wrapper,0,0,False
BIN_1523285,wrapper,0,0,False
BIN_1523436,injected,0,0,False
BIN_1523646,wrapper,0,0,False
BIN_1525904,wrapper,1,1,False
BIN_1526060,wrapper,1,1,False
BIN_1526673,wrapper,0,0,False
BIN_1527341,wrapper,0,0,False
BIN_1528041,wrapper,0,0,False
BIN_1528088,wrapper,0,0,False
BIN_1529638,injected,1,1,False
BIN_1530814,injected,0,0,False
BIN_1532209,injected,0,0,False
BIN_1532240,wrapper,0,0,False
BIN_1534248,injected,1,1,False
BIN_1534787,wrapper,1,1,False
BIN_1535848,wrapper,0,0,False
BIN_1536145,injected,1,1,False
BIN_1536236,injected,1,1,False
BIN_1536830,wrapper,0,0,False
BIN_1536915,injected,1,1,False
BIN_1537842,injected,0,0,False
BIN_1538684,wrapper,0,0,False
BIN_1539108,wrapper,0,0,False
BIN_1540458,wrapper,1,1,False
BIN_1541433,wrapper,0,0,False
BIN_1542110,wrapper,0,0,False
BIN_1543297,wrapper,0,0,False
BIN_1544683,wrapper,1,1,False
BIN_1545825,injected,1,1,False
BIN_1547187,injected,0,0,False
BIN_1549783,wrapper,0,0,False
BIN_1550240,wrapper,0,0,False
BIN_1550253,wrapper,0,0,False
BIN_1551036,injected,0,0,False
BIN_1551358,wrapper,1,1,False
BIN_1551901,wrapper,0,0,False
BIN_1552195,wrapper,0,0,False
BIN_1552866,wrapper,1,1,False
BIN_1553800,injected,0,0,False
BIN_1554036,injected,0,0,False
BIN_1554209,wrapper,0,0,False
BIN_1554281,wrapper,0,0,False
BIN_1554914,wrapper,0,0,False
BIN_1556069,injected,1,1,False
BIN_1556127,wrapper,0,0,False
BIN_1556273,injected,0,0,False
BIN_1556473,wrapper,0,0,False
BIN_1556630,wrapper,0,0,False
BIN_1556747,wrapper,0,0,False
BIN_1556927,wrapper,1,1,False
BIN_1557159,wrapper,1,1,False
BIN_1557171,wrapper,1,1,False
BIN_1557259,wrapper,0,0,False
BIN_1558047,injected,0,0,False
BIN_1559381,wrapper,0,0,False
BIN_1560074,wrapper,0,0,False
BIN_1560378,wrapper,0,0,False
BIN_1561661,wrapper,1,1,False
BIN_1561726,wrapper,0,0,False
BIN_1562888,injected,1,1,False
BIN_1562982,injected,0,0,False
BIN_1563348,wrapper,0,0,False
BIN_1563842,wrapper,1,1,False
BIN_1564276,injected,1,1,False
BIN_1564762,wrapper,0,0,False
BIN_1564818,wrapper,1,1,False
BIN_1564906,injected,1,1,False
BIN_1565569,wrapper,1,1,False
BIN_1566667,wrapper,1,1,False
BIN_1566986,wrapper,1,1,False
BIN_1567399,wrapper,0,0,False
BIN_1568710,wrapper,0,0,False
BIN_1568993,injected,0,0,False
BIN_1569294,wrapper,0,0,False
BIN_1569477,wrapper,1,1,False
BIN_1570095,injected,1,1,False
BIN_1570678,wrapper,1,1,False
BIN_1571054,wrapper,1,1,False
BIN_1573334,wrapper,0,0,False
BIN_1573878,wrapper,1,1,False
BIN_1574217,wrapper,1,1,False
BIN_1574538,injected,0,0,False
BIN_1575623,wrapper,1,1,False
BIN_1575825,injected,0,0,False
BIN_1576552,injected,1,1,False
BIN_1576730,injected,1,1,False
BIN_1576731,wrapper,1,1,False
BIN_1577829,injected,0,0,False
BIN_1577937,wrapper,0,0,False
BIN_1578076,injected,1,1,False
BIN_1578232,wrapper,1,1,False
BIN_1578233,injected,0,0,False
BIN_1578631,injected,1,1,False
BIN_1578821,injected,1,1,False
BIN_1579054,injected,1,1,False
BIN_1579736,injected,0,0,False
BIN_1579890,wrapper,1,1,False
BIN_1580721,wrapper,0,0,False
BIN_1581397,injected,0,0,False
BIN_1581869,wrapper,1,1,False
BIN_1581982,wrapper,1,1,False
BIN_1582412,injected,1,1,False
BIN_1582414,wrapper,0,0,False
BIN_1582499,wrapper,0,0,False
BIN_1582960,wrapper,0,0,False
BIN_1583056,injected,1,1,False
BIN_1583064,injected,0,0,False
BIN_1583295,injected,0,0,False
BIN_1583335,injected,1,1,False
BIN_1584192,wrapper,0,0,False
BIN_1585535,wrapper,1,1,False
BIN_1585592,injected,0,0,False
BIN_1586191,injected,0,0,False
BIN_1586269,injected,0,0,False
BIN_1587012,injected,1,1,False
BIN_1588902,wrapper,0,0,False
BIN_1589064,wrapper,1,1,False
BIN_1589167,wrapper,1,1,False
BIN_1589294,wrapper,1,1,False
BIN_1589549,wrapper,0,0,False
BIN_1590754,injected,1,1,False
BIN_1591847,wrapper,1,1,False
BIN_1594423,wrapper,1,1,False
BIN_1594638,wrapper,1,1,False
BIN_1595019,wrapper,0,0,False
BIN_1595476,injected,0,0,False
BIN_1595605,injected,0,0,False
BIN_1596415,wrapper,0,0,False
BIN_1597419,wrapper,0,0,False
BIN_1597503,wrapper,0,0,False
BIN_1598337,wrapper,0,0,False
BIN_1598451,wrapper,0,0,False
BIN_1598792,injected,1,1,False
BIN_1599598,wrapper,1,1,False
BIN_1599870,wrapper,1,1,False
BIN_1600775,injected,1,1,False
BIN_1601037,injected,1,1,False
BIN_1601073,wrapper,1,1,False
BIN_1601805,injected,0,0,False
BIN_1602295,injected,1,1,False
BIN_1602298,injected,1,1,False
BIN_1602746,wrapper,0,0,False
BIN_1602781,wrapper,0,0,False
BIN_1603967,wrapper,0,0,False
BIN_1604859,wrapper,1,1,False
BIN_1604929,wrapper,1,1,False
BIN_1605560,injected,1,1,False
BIN_1606105,wrapper,1,1,False
BIN_1606490,wrapper,1,1,False
BIN_1606700,injected,0,0,False
BIN_1607126,injected,1,1,False
BIN_1607299,wrapper,0,0,False
BIN_1607722,wrapper,1,1,False
BIN_1609167,wrapper,1,1,False
BIN_1609434,wrapper,0,0,False
BIN_1609497,wrapper,0,0,False
BIN_1609640,wrapper,0,0,False
BIN_1609983,injected,0,0,False
BIN_1610655,injected,1,1,False
BIN_1610690,injected,1,1,False
BIN_1611010,wrapper,1,1,False
BIN_1611836,injected,0,0,False
BIN_1612022,wrapper,0,0,False
BIN_1612094,wrapper,1,1,False
BIN_1612659,wrapper,1,1,False
BIN_1614697,wrapper,1,1,False
BIN_1614820,injected,0,0,False
BIN_1615317,wrapper,1,1,False
BIN_1615877,wrapper,1,1,False
BIN_1617411,wrapper,0,0,False
BIN_1617971,injected,1,1,False
BIN_1618147,wrapper,1,1,False
BIN_1618986,injected,0,0,False
BIN_1619667,wrapper,1,1,False
BIN_1619824,wrapper,0,0,False
BIN_1620538,wrapper,1,1,False
BIN_1620609,wrapper,1,1,False
BIN_1620652,injected,0,0,False
BIN_1620958,wrapper,1,1,False
BIN_1622019,wrapper,1,1,False
BIN_1622330,injected,0,0,False
BIN_1623303,wrapper,1,1,False
BIN_1623406,wrapper,1,1,False
BIN_1624710,wrapper,1,1,False
BIN_1626757,injected,1,1,False
BIN_1627310,wrapper,1,1,False
BIN_1627763,wrapper,1,1,False
BIN_1628022,injected,0,0,False
BIN_1628095,wrapper,0,0,False
BIN_1628507,wrapper,0,0,False
BIN_1629345,injected,0,0,False
BIN_1630346,wrapper,0,0,False
BIN_1630558,injected,1,1,False
BIN_1630935,wrapper,0,0,False
BIN_1632316,wrapper,0,0,False
BIN_1632862,injected,1,1,False
BIN_1632997,injected,1,1,False
BIN_1633121,injected,1,1,False
BIN_1633842,injected,0,0,False
BIN_1634826,wrapper,0,0,False
BIN_1635323,wrapper,0,0,False
BIN_1635797,wrapper,1,1,False
BIN_1636654,injected,1,1,False
BIN_1636889,injected,1,1,False
BIN_1639693,wrapper,0,0,False
BIN_1640860,injected,1,1,False
BIN_1641272,wrapper,1,1,False
BIN_1642421,wrapper,0,0,False
BIN_1642771,wrapper,0,0,False
BIN_1643919,injected,1,1,False
BIN_1644281,injected,0,0,False
BIN_1644366,wrapper,1,1,False
BIN_1645048,injected,0,0,False
BIN_1645754,wrapper,1,1,False
BIN_1647402,wrapper,0,0,False
BIN_1648001,wrapper,0,0,False
BIN_1648902,wrapper,0,0,False
BIN_1649753,wrapper,0,0,False
BIN_1650779,wrapper,1,1,False
BIN_1650953,wrapper,0,0,False
BIN_1651107,wrapper,1,1,False
BIN_1651416,wrapper,0,0,False
BIN_1651610,wrapper,1,1,False
BIN_1651612,injected,0,0,False
BIN_1652822,injected,0,0,False
BIN_1654085,injected,1,1,False
BIN_1654782,injected,0,0,False
BIN_1655598,wrapper,1,1,False
BIN_1655831,wrapper,1,1,False
BIN_1656418,injected,1,1,False
BIN_1656686,wrapper,0,0,False
BIN_1657354,wrapper,0,0,False
BIN_1658925,wrapper,0,0,False
BIN_1660009,injected,1,1,False
BIN_1660843,wrapper,0,0,False
BIN_1661159,wrapper,1,1,False
BIN_1661416,injected,0,0,False
BIN_1662750,injected,0,0,False
BIN_1663747,wrapper,0,0,False
BIN_1664597,wrapper,1,1,False
BIN_1665183,wrapper,1,1,False
BIN_1665500,wrapper,0,0,False
BIN_1665868,injected,1,1,False
BIN_1666413,wrapper,0,0,False
BIN_1666785,wrapper,0,0,False
BIN_1667050,wrapper,1,1,False
BIN_1669094,wrapper,0,0,False
BIN_1669116,injected,1,1,False
BIN_1669289,injected,0,0,False
BIN_1669898,wrapper,0,0,False
BIN_1671174,wrapper,0,0,False
BIN_1673812,injected,1,1,False
BIN_1673820,wrapper,1,1,False
BIN_1674033,wrapper,1,1,False
BIN_1674345,injected,0,0,False
BIN_1674689,injected,0,0,False
BIN_1675189,wrapper,0,0,False
BIN_1676181,wrapper,1,1,False
BIN_1677069,wrapper,1,1,False
BIN_1677389,injected,0,0,False
BIN_1677611,wrapper,0,0,False
BIN_1677630,wrapper,0,0,False
BIN_1677691,injected,0,0,False
BIN_1677885,injected,0,0,False
BIN_1678964,wrapper,0,0,False
BIN_1679015,wrapper,0,0,False
BIN_1679324,injected,0,0,False
BIN_1680950,wrapper,0,0,False
BIN_1682115,wrapper,0,0,False
BIN_1682590,injected,1,1,False
BIN_1682712,injected,1,1,False
BIN_1683270,wrapper,1,1,False
BIN_1683632,injected,0,0,False
BIN_1683647,wrapper,1,1,False
BIN_1683910,wrapper,0,0,False
BIN_1683944,wrapper,1,1,False
BIN_1684050,wrapper,0,0,False
BIN_1684189,wrapper,1,1,False
BIN_1685778,wrapper,1,1,False
BIN_1685790,wrapper,0,0,False
BIN_1685796,injected,0,0,False
BIN_1686095,wrapper,1,1,False
BIN_1686247,wrapper,1,1,False
BIN_1686797,injected,1,1,False
BIN_1688195,wrapper,0,0,False
BIN_1688727,wrapper,0,0,False
BIN_1688786,wrapper,0,0,False
BIN_1688833,injected,1,1,False
BIN_1689930,injected,1,1,False
BIN_1690571,injected,1,1,False
BIN_1690720,wrapper,1,1,False
BIN_1692395,injected,1,1,False
BIN_1694382,injected,1,1,False
BIN_1696941,injected,0,0,False
BIN_1697412,wrapper,0,0,False
BIN_1697764,wrapper,0,0,False
BIN_1697772,injected,0,0,False
BIN_1699017,wrapper,0,0,False
BIN_1699364,wrapper,0,0,False
BIN_1700295,wrapper,1,1,False
BIN_1701620,wrapper,1,1,False
BIN_1701652,wrapper,0,0,False
BIN_1701883,wrapper,1,1,False
BIN_1703573,wrapper,1,1,False
BIN_1704522,wrapper,0,0,False
BIN_1704760,wrapper,1,1,False
BIN_1704844,wrapper,1,1,False
BIN_1706050,wrapper,1,1,False
BIN_1706261,wrapper,0,0,False
BIN_1706642,wrapper,1,1,False
BIN_1706733,injected,0,0,False
BIN_1706790,wrapper,0,0,False
BIN_1707517,injected,0,0,False
BIN_1710059,wrapper,1,1,False
BIN_1711260,injected,1,1,False
BIN_1711267,wrapper,0,0,False
BIN_1712353,injected,1,1,False
BIN_1716014,wrapper,0,0,False
BIN_1716513,wrapper,1,1,False
BIN_1716960,wrapper,0,0,False
BIN_1716967,wrapper,1,1,False
BIN_1717486,wrapper,0,0,False
BIN_1718062,wrapper,1,1,False
BIN_1718372,injected,1,1,False
BIN_1718932,wrapper,0,0,False
BIN_1719750,wrapper,0,0,False
BIN_1720078,wrapper,1,1,False
BIN_1721590,wrapper,1,1,False
BIN_1721652,wrapper,0,0,False
BIN_1723396,wrapper,0,0,False
BIN_1724077,wrapper,1,1,False
BIN_1724091,wrapper,0,0,False
BIN_1724496,injected,1,1,False
BIN_1724516,wrapper,1,1,False
BIN_1724686,wrapper,0,0,False
BIN_1724710,wrapper,0,0,False
BIN_1725138,injected,1,1,False
BIN_1725280,injected,1,1,False
BIN_1726031,injected,0,0,False
BIN_1727047,wrapper,1,1,False
BIN_1727406,wrapper,0,0,False
BIN_1727438,wrapper,0,0,False
BIN_1727612,wrapper,1,1,False
BIN_1728786,injected,1,1,False
BIN_1729348,wrapper,0,0,False
BIN_1730681,wrapper,1,1,False
BIN_1731015,injected,1,1,False
BIN_1731248,wrapper,1,1,False
BIN_1731968,wrapper,0,0,False
BIN_1732037,wrapper,0,0,False
BIN_1732516,wrapper,0,0,False
BIN_1732560,injected,0,0,False
BIN_1733059,injected,0,0,False
BIN_1734221,injected,1,1,False
BIN_1734565,injected,1,1,False
BIN_1734621,wrapper,1,1,False
BIN_1734679,wrapper,0,0,False
BIN_1734942,injected,1,1,False
BIN_1735152,wrapper,1,1,False
BIN_1737146,wrapper,1,1,False
BIN_1737502,wrapper,0,0,False
BIN_1741077,injected,0,0,False
BIN_1742055,wrapper,1,1,False
BIN_1743185,wrapper,1,1,False
BIN_1744002,injected,0,0,False
BIN_1744005,wrapper,1,1,False
BIN_1744014,injected,0,0,False
BIN_1744489,wrapper,0,0,False
BIN_1744940,wrapper,1,1,False
BIN_1746420,wrapper,1,1,False
BIN_1747080,wrapper,0,0,False
BIN_1747402,wrapper,1,1,False
BIN_1747449,wrapper,1,1,False
BIN_1747528,wrapper,1,1,False
BIN_1749822,wrapper,1,1,False
BIN_1750194,wrapper,1,1,False
BIN_1751027,wrapper,0,0,False
BIN_1751110,injected,0,0,False
BIN_1751800,wrapper,0,0,False
BIN_1752725,injected,0,0,False
BIN_1753242,injected,1,1,False
BIN_1753596,wrapper,0,0,False
BIN_1753897,wrapper,1,1,False
BIN_1754061,injected,1,1,False
BIN_1754397,injected,0,0,False
BIN_1754435,wrapper,1,1,False
BIN_1754708,wrapper,0,0,False
BIN_1758649,injected,1,1,False
BIN_1759958,wrapper,0,0,False
BIN_1760138,injected,1,1,False
BIN_1763024,wrapper,1,1,False
BIN_1764547,wrapper,0,0,False
BIN_1765269,injected,0,0,False
BIN_1765766,wrapper,0,0,False
BIN_1765836,injected,0,0,False
BIN_1766254,wrapper,0,0,False
BIN_1766303,wrapper,0,0,False
BIN_1767293,injected,0,0,False
BIN_1767388,wrapper,0,0,False
BIN_1768230,wrapper,0,0,False
BIN_1768698,wrapper,1,1,False
BIN_1769077,injected,0,0,False
BIN_1770078,injected,0,0,False
BIN_1770906,wrapper,0,0,False
BIN_1771404,wrapper,1,1,False
BIN_1771561,wrapper,0,0,False
BIN_1771786,wrapper,0,0,False
BIN_1772004,wrapper,1,1,False
BIN_1772102,wrapper,0,0,False
BIN_1772638,injected,0,0,False
BIN_1773043,injected,0,0,False
BIN_1773122,wrapper,0,0,False
BIN_1773173,wrapper,0,0,False
BIN_1773182,injected,1,1,False
BIN_1773292,wrapper,1,1,False
BIN_1773717,wrapper,0,0,False
BIN_1773806,injected,0,0,False
BIN_1773960,wrapper,1,1,False
BIN_1773987,wrapper,0,0,False
BIN_1774281,injected,0,0,False
BIN_1774834,wrapper,1,1,False
BIN_1775826,wrapper,1,1,False
BIN_1776079,injected,0,0,False
BIN_1778651,wrapper,1,1,False
BIN_1779508,wrapper,0,0,False
BIN_1780731,wrapper,1,1,False
BIN_1781375,wrapper,1,1,False
BIN_1781522,wrapper,0,0,False
BIN_1781547,wrapper,1,1,False
BIN_1781836,wrapper,1,1,False
BIN_1781872,injected,0,0,False
BIN_1783309,injected,0,0,False
BIN_1784407,injected,0,0,False
BIN_1784782,injected,1,1,False
BIN_1784944,injected,1,1,False
BIN_1786747,wrapper,0,0,False
BIN_1786916,wrapper,1,1,False
BIN_1787696,wrapper,0,0,False
BIN_1788753,wrapper,0,0,False
BIN_1789376,injected,0,0,False
BIN_1791419,wrapper,0,0,False
BIN_1792111,wrapper,0,0,False
BIN_1792662,wrapper,1,1,False
BIN_1792669,wrapper,1,1,False
BIN_1793980,injected,0,0,False
BIN_1794750,wrapper,0,0,False
BIN_1795325,injected,1,1,False
BIN_1795577,wrapper,1,1,False
BIN_1796791,wrapper,1,1,False
BIN_1796801,wrapper,1,1,False
BIN_1797485,wrapper,0,0,False
BIN_1797926,injected,1,1,False
BIN_1798005,wrapper,0,0,False
BIN_1798188,injected,1,1,False
BIN_1798242,wrapper,0,0,False
BIN_1799540,injected,0,0,False
BIN_1800958,wrapper,1,1,False
BIN_1801045,wrapper,1,1,False
BIN_1801274,wrapper,1,1,False
BIN_1801573,wrapper,0,0,False
BIN_1801944,injected,1,1,False
BIN_1802062,wrapper,0,0,False
BIN_1802756,wrapper,0,0,False
BIN_1802816,wrapper,1,1,False
BIN_1803558,wrapper,0,0,False
BIN_1803847,wrapper,0,0,False
BIN_1804319,wrapper,0,0,False
BIN_1804450,wrapper,0,0,False
BIN_1805160,wrapper,0,0,False
BIN_1805286,wrapper,0,0,False
BIN_1806068,wrapper,0,0,False
BIN_1806282,wrapper,1,1,False
BIN_1806940,injected,0,0,False
BIN_1808289,injected,1,1,False
BIN_1809346,injected,1,1,False
BIN_1809711,injected,1,1,False
BIN_1810209,injected,1,1,False
BIN_1810454,injected,1,1,False
BIN_1810971,wrapper,1,1,False
BIN_1811659,wrapper,0,0,False
BIN_1812523,wrapper,1,1,False
BIN_1812998,wrapper,1,1,False
BIN_1813483,wrapper,1,1,False
BIN_1813657,wrapper,0,0,False
BIN_1814095,wrapper,1,1,False
BIN_1814416,wrapper,0,0,False
BIN_1814600,wrapper,1,1,False
BIN_1816291,wrapper,0,0,False
BIN_1818152,wrapper,1,1,False
BIN_1818334,wrapper,0,0,False
BIN_1818706,wrapper,0,0,False
BIN_1819165,injected,1,1,False
BIN_1819439,wrapper,1,1,False
BIN_1819888,wrapper,0,0,False
BIN_1820216,wrapper,0,0,False
BIN_1820655,wrapper,1,1,False
BIN_1820774,wrapper,0,0,False
BIN_1821117,wrapper,1,1,False
BIN_1822025,injected,0,0,False
BIN_1822284,wrapper,0,0,False
BIN_1822422,injected,1,1,False
BIN_1822481,wrapper,1,1,False
BIN_1823105,wrapper,0,0,False
BIN_1823107,wrapper,1,1,False
BIN_1823530,wrapper,0,0,False
BIN_1825153,wrapper,0,0,False
BIN_1825443,injected,0,0,False
BIN_1825618,wrapper,0,0,False
BIN_1825873,wrapper,1,1,False
BIN_1826512,injected,1,1,False
BIN_1826900,wrapper,0,0,False
BIN_1826929,wrapper,0,0,False
BIN_1827120,injected,0,0,False
BIN_1827260,wrapper,0,0,False
BIN_1827426,wrapper,0,0,False
BIN_1827490,wrapper,1,1,False
BIN_1830020,wrapper,1,1,False
BIN_1830100,wrapper,0,0,False
BIN_1830662,wrapper,0,0,False
BIN_1831360,wrapper,0,0,False
BIN_1831640,injected,1,1,False
BIN_1831840,injected,0,0,False
BIN_1832056,wrapper,0,0,False
BIN_1833134,wrapper,0,0,False
BIN_1833268,wrapper,1,1,False
BIN_1833812,wrapper,0,0,False
BIN_1833984,wrapper,1,1,False
BIN_1834362,wrapper,0,0,False
BIN_1834619,wrapper,0,0,False
BIN_1835195,wrapper,0,0,False
BIN_1835564,injected,1,1,False
BIN_1836112,wrapper,1,1,False
BIN_1836898,wrapper,1,1,False
BIN_1837098,injected,0,0,False
BIN_1839388,wrapper,0,0,False
BIN_1840052,injected,0,0,False
BIN_1840420,injected,1,1,False
BIN_1840627,wrapper,0,0,False
BIN_1841037,wrapper,0,0,False
BIN_1841295,wrapper,0,0,False
BIN_1842049,wrapper,0,0,False
BIN_1842958,wrapper,0,0,False
BIN_1843081,injected,0,0,False
BIN_1844700,wrapper,0,0,False
BIN_1849350,wrapper,0,0,False
BIN_1849410,wrapper,0,0,False
BIN_1850333,injected,1,1,False
BIN_1850392,wrapper,1,1,False
BIN_1850522,injected,1,1,False
BIN_1851012,wrapper,0,0,False
BIN_1851402,injected,0,0,False
BIN_1851750,wrapper,0,0,False
BIN_1851795,injected,0,0,False
BIN_1852340,wrapper,1,1,False
BIN_1852391,injected,1,1,False
BIN_1852726,injected,1,1,False
BIN_1853291,wrapper,0,0,False
BIN_1854105,injected,1,1,False
BIN_1854371,wrapper,1,1,False
BIN_1854739,wrapper,1,1,False
BIN_1855207,wrapper,0,0,False
BIN_1855234,wrapper,1,1,False
BIN_1855363,injected,1,1,False
BIN_1856008,wrapper,1,1,False
BIN_1859093,wrapper,1,1,False
BIN_1859629,wrapper,0,0,False
BIN_1860132,wrapper,0,0,False
BIN_1860393,wrapper,0,0,False
BIN_1861279,wrapper,1,1,False
BIN_1862455,wrapper,1,1,False
BIN_1863362,wrapper,1,1,False
BIN_1864310,injected,1,1,False
BIN_1865373,wrapper,1,1,False
BIN_1865742,wrapper,1,1,False
BIN_1866591,wrapper,0,0,False
BIN_1867299,wrapper,1,1,False
BIN_1867429,injected,0,0,False
BIN_1868029,wrapper,0,0,False
BIN_1868765,wrapper,0,0,False
BIN_1869572,wrapper,1,1,False
BIN_1870245,injected,0,0,False
BIN_1870393,injected,0,0,False
BIN_1870653,injected,0,0,False
BIN_1870761,wrapper,0,0,False
BIN_1870787,wrapper,1,1,False
BIN_1870943,injected,0,0,False
BIN_1871095,wrapper,1,1,False
BIN_1871449,injected,0,0,False
BIN_1871549,wrapper,0,0,False
BIN_1871800,wrapper,0,0,False
BIN_1872089,wrapper,1,1,False
BIN_1872728,wrapper,0,0,False
BIN_1873012,wrapper,0,0,False
BIN_1873201,injected,1,1,False
BIN_1873405,injected,1,1,False
BIN_1873900,injected,0,0,False
BIN_1875053,wrapper,0,0,False
BIN_1875972,wrapper,1,1,False
BIN_1877290,wrapper,0,0,False
BIN_1877351,wrapper,0,0,False
BIN_1878497,wrapper,0,0,False
BIN_1879163,wrapper,0,0,False
BIN_1879968,wrapper,0,0,False
BIN_1880423,wrapper,0,0,False
BIN_1880514,injected,1,1,False
BIN_1881022,wrapper,0,0,False
BIN_1882464,injected,0,0,False
BIN_1882545,injected,0,0,False
BIN_1882819,wrapper,0,0,False
BIN_1883192,wrapper,1,1,False
BIN_1883649,injected,0,0,False
BIN_1883762,wrapper,0,0,False
BIN_1884293,wrapper,0,0,False
BIN_1884467,wrapper,1,1,False
BIN_1884556,wrapper,1,1,False
BIN_1885433,wrapper,0,0,False
BIN_1885598,wrapper,1,1,False
BIN_1886554,wrapper,1,1,False
BIN_1888009,wrapper,1,1,False
BIN_1888024,wrapper,1,1,False
BIN_1889783,injected,0,0,False
BIN_1890321,wrapper,1,1,False
BIN_1890611,injected,1,1,False
BIN_1892060,wrapper,0,0,False
BIN_1892274,wrapper,0,0,False
BIN_1892295,wrapper,1,1,False
BIN_1892493,wrapper,1,1,False
BIN_1892796,wrapper,1,1,False
BIN_1893069,wrapper,0,0,False
BIN_1894049,wrapper,0,0,False
BIN_1894411,wrapper,0,0,False
BIN_1894563,wrapper,0,0,False
BIN_1894939,injected,0,0,False
BIN_1895386,wrapper,0,0,False
BIN_1895409,wrapper,0,0,False
BIN_1895542,wrapper,0,0,False
BIN_1895841,wrapper,1,1,False
BIN_1896838,injected,1,1,False
BIN_1897702,wrapper,0,0,False
BIN_1899524,wrapper,1,1,False
BIN_1899644,injected,1,1,False
BIN_1900903,wrapper,0,0,False
BIN_1901355,injected,1,1,False
BIN_1902065,injected,1,1,False
BIN_1902275,wrapper,1,1,False
BIN_1903818,wrapper,1,1,False
BIN_1903929,injected,0,0,False
BIN_1904167,wrapper,1,1,False
BIN_1904180,injected,1,1,False
BIN_1904227,injected,0,0,False
BIN_1905016,wrapper,1,1,False
BIN_1905286,wrapper,1,1,False
BIN_1905453,wrapper,1,1,False
BIN_1905566,injected,1,1,False
BIN_1906718,wrapper,0,0,False
BIN_1907151,injected,0,0,False
BIN_1907520,wrapper,0,0,False
BIN_1908665,wrapper,1,1,False
BIN_1908762,wrapper,0,0,False
BIN_1909059,wrapper,1,1,False
BIN_1910284,wrapper,0,0,False
BIN_1910759,wrapper,0,0,False
BIN_1911599,wrapper,0,0,False
BIN_1911926,wrapper,1,1,False
BIN_1912482,wrapper,1,1,False
BIN_1912489,wrapper,0,0,False
BIN_1912591,wrapper,1,1,False
BIN_1912592,injected,1,1,False
BIN_1915882,wrapper,0,0,False
BIN_1916862,wrapper,0,0,False
BIN_1917711,wrapper,0,0,False
BIN_1917942,wrapper,0,0,False
BIN_1917979,injected,0,0,False
BIN_1919662,injected,1,1,False
BIN_1920380,injected,1,1,False
BIN_1921024,wrapper,1,1,False
BIN_1921058,injected,0,0,False
BIN_1921346,injected,1,1,False
BIN_1922462,injected,1,1,False
BIN_1923230,injected,1,1,False
BIN_1923517,wrapper,1,1,False
BIN_1924531,wrapper,0,0,False
BIN_1924609,wrapper,0,0,False
BIN_1924666,wrapper,0,0,False
BIN_1924739,wrapper,1,1,False
BIN_1925599,wrapper,0,0,False
BIN_1925826,injected,0,0,False
BIN_1927233,wrapper,1,1,False
BIN_1927744,wrapper,0,0,False
BIN_1927885,injected,1,1,False
BIN_1928019,wrapper,1,1,False
BIN_1928970,injected,1,1,False
BIN_1929720,wrapper,1,1,False
BIN_1930742,wrapper,1,1,False
BIN_1931423,wrapper,0,0,False
BIN_1931579,injected,1,1,False
BIN_1932572,wrapper,1,1,False
BIN_1932759,wrapper,0,0,False
BIN_1933054,injected,1,1,False
BIN_1933560,wrapper,0,0,False
BIN_1933657,wrapper,0,0,False
BIN_1934340,wrapper,1,1,False
BIN_1934880,wrapper,0,0,False
BIN_1935346,wrapper,0,0,False
BIN_1935845,injected,0,0,False
BIN_1936380,wrapper,0,0,False
BIN_1936509,wrapper,1,1,False
BIN_1936785,wrapper,0,0,False
BIN_1937676,wrapper,1,1,False
BIN_1938260,wrapper,0,0,False
BIN_1938846,wrapper,1,1,False
BIN_1938913,wrapper,0,0,False
BIN_1939270,injected,1,1,False
BIN_1940079,injected,1,1,False
BIN_1942455,wrapper,1,1,False
BIN_1942669,wrapper,1,1,False
BIN_1944702,wrapper,0,0,False
BIN_1944726,wrapper,0,0,False
BIN_1944728,wrapper,1,1,False
BIN_1944956,wrapper,1,1,False
BIN_1945004,wrapper,1,1,False
BIN_1945074,wrapper,1,1,False
BIN_1945140,wrapper,1,1,False
BIN_1945258,wrapper,1,1,False
BIN_1945566,wrapper,1,1,False
BIN_1947030,wrapper,0,0,False
BIN_1947129,wrapper,0,0,False
BIN_1947220,injected,1,1,False
BIN_1947804,wrapper,0,0,False
BIN_1947854,wrapper,0,0,False
BIN_1947895,wrapper,0,0,False
BIN_1949519,wrapper,1,1,False
BIN_1949922,injected,1,1,False
BIN_1950253,injected,0,0,False
BIN_1950576,wrapper,0,0,False
BIN_1952146,wrapper,1,1,False
BIN_1952858,injected,1,1,False
BIN_1953183,wrapper,0,0,False
BIN_1953208,wrapper,1,1,False
BIN_1953703,wrapper,0,0,False
BIN_1953879,injected,1,1,False
BIN_1955570,wrapper,1,1,False
BIN_1956355,wrapper,0,0,False
BIN_1956855,wrapper,0,0,False
BIN_1956884,injected,0,0,False
BIN_1958068,injected,1,1,False
BIN_1958144,wrapper,0,0,False
BIN_1958349,injected,1,1,False
BIN_1959601,wrapper,1,1,False
BIN_1960299,injected,0,0,False
BIN_1961597,wrapper,1,1,False
BIN_1963333,wrapper,0,0,False
BIN_1963945,injected,1,1,False
BIN_1964433,wrapper,1,1,False
BIN_1964960,wrapper,0,0,False
BIN_1965208,wrapper,0,0,False
BIN_1966129,wrapper,0,0,False
BIN_1966874,injected,0,0,False
BIN_1967359,wrapper,1,1,False
BIN_1969175,wrapper,1,1,False
BIN_1969823,injected,1,1,False
BIN_1969853,wrapper,1,1,False
BIN_1970057,injected,0,0,False
BIN_1970595,wrapper,1,1,False
BIN_1970847,wrapper,1,1,False
BIN_1970855,wrapper,0,0,False
BIN_1971461,injected,1,1,False
BIN_1971991,injected,0,0,False
BIN_1974784,wrapper,0,0,False
BIN_1974870,wrapper,0,0,False
BIN_1975018,injected,0,0,False
BIN_1975040,wrapper,0,0,False
BIN_1976306,injected,0,0,False
BIN_1977442,injected,1,1,False
BIN_1977696,wrapper,0,0,False
BIN_1977979,injected,1,1,False
BIN_1978549,wrapper,1,1,False
BIN_1978834,injected,1,1,False
BIN_1979112,injected,0,0,False
BIN_1979897,wrapper,0,0,False
BIN_1980333,wrapper,0,0,False
BIN_1982408,wrapper,0,0,False
BIN_1982475,injected,0,0,False
BIN_1982919,wrapper,1,1,False
BIN_1984288,wrapper,0,0,False
BIN_1984948,wrapper,0,0,False
BIN_1985446,wrapper,0,0,False
BIN_1985521,wrapper,1,1,False
BIN_1985694,wrapper,1,1,False
BIN_1985927,wrapper,1,1,False
BIN_1986315,wrapper,1,1,False
BIN_1986641,injected,1,1,False
BIN_1987030,injected,1,1,False
BIN_1988308,injected,1,1,False
BIN_1988772,injected,0,0,False
BIN_1989369,injected,0,0,False
BIN_1989857,injected,1,1,False
BIN_1990174,injected,0,0,False
BIN_1991062,wrapper,1,1,False
BIN_1991323,wrapper,0,0,False
BIN_1991394,wrapper,0,0,False
BIN_1991411,wrapper,1,1,False
BIN_1992124,injected,0,0,False
BIN_1992144,injected,1,1,False
BIN_1992421,injected,0,0,False
BIN_1993116,wrapper,0,0,False
BIN_1993167,injected,1,1,False
BIN_1994501,wrapper,0,0,False
BIN_1994963,injected,0,0,False
BIN_1995660,wrapper,0,0,False
BIN_1995875,wrapper,1,1,False
BIN_1996120,wrapper,0,0,False
BIN_1996895,injected,1,1,False
BIN_1997811,injected,1,1,False
BIN_1997948,wrapper,1,1,False
BIN_1998586,injected,1,1,False
BIN_1998739,wrapper,0,0,False
BIN_1998926,injected,0,0,False
BIN_1999526,wrapper,0,0,False
BIN_1999555,wrapper,1,1,False
BIN_1999826,wrapper,0,0,False
BIN_2000215,injected,1,1,False
BIN_2000267,injected,0,0,False
BIN_2000320,wrapper,0,0,False
BIN_2000470,injected,1,1,False
BIN_2000498,injected,0,0,False
BIN_2000638,injected,1,1,False
BIN_2001418,wrapper,0,0,False
BIN_2001505,wrapper,0,0,False
BIN_2001762,injected,1,1,False
BIN_2001897,wrapper,1,1,False
BIN_2003239,wrapper,0,0,False
BIN_2003820,wrapper,1,1,False
BIN_2003855,wrapper,1,1,False
BIN_2004309,wrapper,0,0,False
BIN_2004890,wrapper,1,1,False
BIN_2005111,wrapper,0,0,False
BIN_2005240,wrapper,1,1,False
BIN_2005818,injected,0,0,False
BIN_2006628,injected,1,1,False
BIN_2006814,injected,1,1,False
BIN_2007284,injected,1,1,False
BIN_2007381,wrapper,0,0,False
BIN_2008371,wrapper,0,0,False
BIN_2008858,injected,0,0,False
BIN_2008905,injected,1,1,False
BIN_2008967,injected,0,0,False
BIN_2009028,wrapper,1,1,False
BIN_2009571,wrapper,0,0,False
BIN_2009582,injected,0,0,False
BIN_2009728,injected,1,1,False
BIN_2010930,injected,1,1,False
BIN_2011128,wrapper,0,0,False
BIN_2011542,wrapper,1,1,False
BIN_2011998,wrapper,1,1,False
BIN_2012026,wrapper,1,1,False
BIN_2012373,injected,0,0,False
BIN_2012577,injected,0,0,False
BIN_2013150,injected,0,0,False
BIN_2013326,wrapper,0,0,False
BIN_2013543,wrapper,0,0,False
BIN_2014009,wrapper,1,1,False
BIN_2014120,wrapper,0,0,False
BIN_2015462,injected,1,1,False
BIN_2015501,wrapper,1,1,False
BIN_2016210,wrapper,1,1,False
BIN_2016421,wrapper,0,0,False
BIN_2016580,wrapper,0,0,False
BIN_2018082,wrapper,1,1,False
BIN_2018345,wrapper,0,0,False
BIN_2018450,wrapper,0,0,False
BIN_2018541,wrapper,1,1,False
BIN_2018808,wrapper,0,0,False
BIN_2019910,wrapper,1,1,False
BIN_2020129,wrapper,1,1,False
BIN_2020671,wrapper,1,1,False
BIN_2020935,wrapper,0,0,False
BIN_2021452,wrapper,0,0,False
BIN_2021595,injected,0,0,False
BIN_2022354,wrapper,0,0,False
BIN_2022746,injected,1,1,False
BIN_2022813,wrapper,1,1,False
BIN_2023478,wrapper,0,0,False
BIN_2023800,wrapper,0,0,False
BIN_2024216,wrapper,0,0,False
BIN_2024728,wrapper,0,0,False
BIN_2025801,injected,1,1,False
BIN_2025882,wrapper,1,1,False
BIN_2025894,wrapper,0,0,False
BIN_2026200,wrapper,0,0,False
BIN_2027221,wrapper,1,1,False
BIN_2029300,injected,0,0,False
BIN_2029510,wrapper,0,0,False
BIN_2029711,injected,1,1,False
BIN_2030569,wrapper,1,1,False
BIN_2030598,injected,1,1,False
BIN_2030717,wrapper,0,0,False
BIN_2031449,wrapper,1,1,False
BIN_2032761,wrapper,1,1,False
BIN_2033648,injected,1,1,False
BIN_2033728,wrapper,1,1,False
BIN_2034157,wrapper,0,0,False
BIN_2034398,injected,0,0,False
BIN_2035412,wrapper,1,1,False
BIN_2035929,wrapper,0,0,False
BIN_2036201,wrapper,0,0,False
BIN_2037020,injected,1,1,False
BIN_2037125,injected,1,1,False
BIN_2037190,wrapper,0,0,False
BIN_2037849,wrapper,0,0,False
BIN_2037895,injected,0,0,False
BIN_2038451,wrapper,1,1,False
BIN_2039087,wrapper,1,1,False
BIN_2040181,injected,0,0,False
BIN_2040225,wrapper,1,1,False
BIN_2040278,wrapper,1,1,False
BIN_2040288,injected,1,1,False
BIN_2040402,injected,1,1,False
BIN_2040702,injected,0,0,False
BIN_2041107,injected,1,1,False
BIN_2041163,injected,1,1,False
BIN_2041709,wrapper,0,0,False
BIN_2042273,wrapper,0,0,False
BIN_2043185,injected,0,0,False
BIN_2043312,wrapper,0,0,False
BIN_2044789,wrapper,1,1,False
BIN_2045435,wrapper,1,1,False
BIN_2046129,wrapper,1,1,False
BIN_2046418,injected,0,0,False
BIN_2046620,wrapper,1,1,False
BIN_2046828,injected,0,0,False
BIN_2047495,wrapper,0,0,False
BIN_2047712,wrapper,1,1,False
BIN_2049050,wrapper,0,0,False
BIN_2049487,wrapper,1,1,False
BIN_2049942,wrapper,1,1,False
BIN_2050098,wrapper,0,0,False
BIN_2051022,wrapper,1,1,False
BIN_2051208,wrapper,1,1,False
BIN_2052803,wrapper,1,1,False
BIN_2053101,wrapper,1,1,False
BIN_2055909,injected,0,0,False
BIN_2055920,wrapper,1,1,False
BIN_2055988,injected,1,1,False
BIN_2056683,wrapper,0,0,False
BIN_2057627,wrapper,1,1,False
BIN_2058128,injected,1,1,False
BIN_2058590,wrapper,1,1,False
BIN_2058786,wrapper,1,1,False
BIN_2058840,wrapper,1,1,False
BIN_2059068,wrapper,0,0,False
BIN_2059385,wrapper,1,1,False
BIN_2059595,injected,0,0,False
BIN_2061583,wrapper,0,0,False
BIN_2062498,wrapper,0,0,False
BIN_2062590,wrapper,0,0,False
BIN_2062943,wrapper,1,1,False
BIN_2063091,injected,1,1,False
BIN_2063529,wrapper,0,0,False
BIN_2063959,injected,1,1,False
BIN_2064036,wrapper,1,1,False
BIN_2064140,injected,1,1,False
BIN_2064387,wrapper,0,0,False
BIN_2064419,wrapper,0,0,False
BIN_2064426,injected,1,1,False
BIN_2064567,wrapper,0,0,False
BIN_2064608,wrapper,0,0,False
BIN_2065107,wrapper,1,1,False
BIN_2065144,wrapper,1,1,False
BIN_2066088,wrapper,1,1,False
BIN_2066350,wrapper,1,1,False
BIN_2066600,injected,0,0,False
BIN_2066621,injected,1,1,False
BIN_2066728,wrapper,0,0,False
BIN_2067272,wrapper,0,0,False
BIN_2067372,wrapper,0,0,False
BIN_2067433,injected,0,0,False
BIN_2067503,wrapper,0,0,False
BIN_2068120,injected,1,1,False
BIN_2068207,wrapper,1,1,False
BIN_2068801,injected,0,0,False
BIN_2069633,wrapper,1,1,False
BIN_2069663,injected,1,1,False
BIN_2069826,injected,1,1,False
BIN_2069897,injected,0,0,False
BIN_2069920,injected,1,1,False
BIN_2070897,wrapper,0,0,False
BIN_2071111,wrapper,1,1,False
BIN_2071182,injected,1,1,False
BIN_2071227,injected,1,1,False
BIN_2072044,wrapper,1,1,False
BIN_2072049,wrapper,1,1,False
BIN_2072755,injected,1,1,False
BIN_2074002,wrapper,1,1,False
BIN_2074635,wrapper,1,1,False
BIN_2075630,wrapper,0,0,False
BIN_2075851,wrapper,0,0,False
BIN_2075889,injected,1,1,False
BIN_2076013,wrapper,0,0,False
BIN_2076033,wrapper,1,1,False
BIN_2076817,injected,0,0,False
BIN_2076822,wrapper,0,0,False
BIN_2076824,injected,0,0,False
BIN_2077144,wrapper,0,0,False
BIN_2077174,wrapper,0,0,False
BIN_2077707,injected,1,1,False
BIN_2077991,injected,0,0,False
BIN_2079051,wrapper,0,0,False
BIN_2079538,wrapper,0,0,False
BIN_2079617,wrapper,1,1,False
BIN_2079840,wrapper,1,1,False
BIN_2080285,wrapper,1,1,False
BIN_2080520,wrapper,1,1,False
BIN_2081920,wrapper,0,0,False
BIN_2082096,wrapper,1,1,False
BIN_2082528,wrapper,0,0,False
BIN_2083704,wrapper,1,1,False
BIN_2084377,wrapper,1,1,False
BIN_2085532,injected,1,1,False
BIN_2085634,wrapper,0,0,False
BIN_2086040,wrapper,1,1,False
BIN_2086945,wrapper,0,0,False
BIN_2087363,injected,1,1,False
BIN_2089422,wrapper,1,1,False
BIN_2089870,injected,0,0,False
BIN_2090272,wrapper,1,1,False
BIN_2090315,wrapper,1,1,False
BIN_2091108,wrapper,0,0,False
BIN_2091716,injected,1,1,False
BIN_2092516,wrapper,0,0,False
BIN_2092539,wrapper,0,0,False
BIN_2093160,injected,1,1,False
BIN_2093283,wrapper,1,1,False
BIN_2093442,wrapper,0,0,False
BIN_2095402,injected,1,1,False
BIN_2096011,wrapper,0,0,False
BIN_2096620,wrapper,1,1,False
BIN_2098120,injected,1,1,False
BIN_2098781,injected,1,1,False
BIN_2098793,wrapper,1,1,False
BIN_2100080,injected,0,0,False
BIN_2100188,wrapper,0,0,False
BIN_2101489,wrapper,0,0,False
BIN_2101873,injected,0,0,False
BIN_2102762,injected,0,0,False
BIN_2102825,wrapper,1,1,False
BIN_2105253,injected,1,1,False
BIN_2105401,wrapper,0,0,False
BIN_2105658,wrapper,0,0,False
BIN_2105857,wrapper,0,0,False
BIN_2106368,injected,1,1,False
BIN_2106574,injected,0,0,False
BIN_2106640,wrapper,1,1,False
BIN_2106998,injected,1,1,False
BIN_2107502,wrapper,0,0,False
BIN_2107640,wrapper,0,0,False
BIN_2107916,injected,0,0,False
BIN_2108233,wrapper,0,0,False
BIN_2111078,injected,1,1,False
BIN_2111833,injected,0,0,False
BIN_2112018,wrapper,0,0,False
BIN_2112323,wrapper,1,1,False
BIN_2112496,injected,1,1,False
BIN_2112730,wrapper,1,1,False
BIN_2112776,wrapper,0,0,False
BIN_2112798,wrapper,1,1,False
BIN_2113506,wrapper,1,1,False
BIN_2113938,wrapper,0,0,False
BIN_2114104,wrapper,0,0,False
BIN_2114534,wrapper,0,0,False
BIN_2114784,injected,1,1,False
BIN_2114993,wrapper,0,0,False
BIN_2115969,wrapper,0,0,False
BIN_2117315,wrapper,0,0,False
BIN_2117432,wrapper,0,0,False
BIN_2117689,wrapper,1,1,False
BIN_2117860,wrapper,1,1,False
BIN_2119021,wrapper,1,1,False
BIN_2120954,wrapper,1,1,False
BIN_2121311,injected,1,1,False
BIN_2121690,injected,1,1,False
BIN_2122200,wrapper,1,1,False
BIN_2122242,wrapper,0,0,False
BIN_2122276,wrapper,1,1,False
BIN_2122488,wrapper,1,1,False
BIN_2122803,wrapper,1,1,False
BIN_2124639,wrapper,1,1,False
BIN_2127290,wrapper,1,1,False
BIN_2127494,injected,1,1,False
BIN_2127576,wrapper,1,1,False
BIN_2127803,injected,0,0,False
BIN_2128638,wrapper,0,0,False
BIN_2128696,wrapper,1,1,False
BIN_2129465,wrapper,1,1,False
BIN_2130609,wrapper,1,1,False
BIN_2130913,injected,1,1,False
BIN_2131147,wrapper,1,1,False
BIN_2131197,injected,1,1,False
BIN_2131562,wrapper,0,0,False
BIN_2131868,wrapper,1,1,False
BIN_2132344,injected,1,1,False
BIN_2132911,wrapper,0,0,False
BIN_2134032,injected,1,1,False
BIN_2134626,wrapper,1,1,False
BIN_2135518,injected,0,0,False
BIN_2136714,wrapper,0,0,False
BIN_2136840,wrapper,0,0,False
BIN_2137388,wrapper,1,1,False
BIN_2137488,wrapper,1,1,False
BIN_2138249,wrapper,1,1,False
BIN_2138698,wrapper,0,0,False
BIN_2138951,wrapper,0,0,False
BIN_2140057,injected,1,1,False
BIN_2141328,injected,1,1,False
BIN_2143930,wrapper,1,1,False
BIN_2144442,wrapper,0,0,False
BIN_2144478,injected,1,1,False
BIN_2145039,wrapper,0,0,False
BIN_2145924,wrapper,0,0,False
BIN_2147054,injected,0,0,False
BIN_2147061,injected,0,0,False
BIN_2147066,wrapper,0,0,False
BIN_2147367,injected,1,1,False
BIN_2147761,wrapper,1,1,False
BIN_2148038,wrapper,0,0,False
BIN_2150059,wrapper,1,1,False
BIN_2150715,injected,0,0,False
BIN_2151588,wrapper,1,1,False
BIN_2151688,wrapper,1,1,False
BIN_2153502,wrapper,0,0,False
BIN_2153936,wrapper,1,1,False
BIN_2154508,wrapper,1,1,False
BIN_2155207,injected,0,0,False
BIN_2155220,wrapper,1,1,False
BIN_2155479,injected,0,0,False
BIN_2155811,injected,1,1,False
BIN_2156002,wrapper,1,1,False
BIN_2156253,wrapper,0,0,False
BIN_2157596,wrapper,0,0,False
BIN_2157823,wrapper,0,0,False
BIN_2158259,injected,1,1,False
BIN_2158401,wrapper,0,0,False
BIN_2158686,injected,0,0,False
BIN_2159375,injected,0,0,False
BIN_2160155,wrapper,0,0,False
BIN_2160558,wrapper,0,0,False
BIN_2161052,wrapper,1,1,False
BIN_2161620,wrapper,0,0,False
BIN_2161680,wrapper,1,1,False
BIN_2163656,wrapper,1,1,False
BIN_2164026,wrapper,0,0,False
BIN_2164214,injected,1,1,False
BIN_2165102,injected,1,1,False
BIN_2165111,wrapper,0,0,False
BIN_2165530,injected,0,0,False
BIN_2166474,injected,0,0,False
BIN_2166586,wrapper,1,1,False
BIN_2166899,wrapper,0,0,False
BIN_2167323,wrapper,0,0,False
BIN_2167670,wrapper,1,1,False
BIN_2167689,injected,1,1,False
BIN_2168338,wrapper,0,0,False
BIN_2168651,wrapper,1,1,False
BIN_2169651,wrapper,1,1,False
BIN_2170072,injected,1,1,False
BIN_2170389,injected,0,0,False
BIN_2170651,wrapper,0,0,False
BIN_2171167,wrapper,1,1,False
BIN_2171291,wrapper,1,1,False
BIN_2171751,wrapper,0,0,False
BIN_2172928,injected,0,0,False
BIN_2173259,wrapper,1,1,False
BIN_2173407,injected,1,1,False
BIN_2173670,wrapper,1,1,False
BIN_2174380,injected,1,1,False
BIN_2174939,wrapper,1,1,False
BIN_2176866,wrapper,0,0,False
BIN_2176972,wrapper,1,1,False
BIN_2177397,injected,0,0,False
BIN_2179881,injected,0,0,False
BIN_2180495,wrapper,0,0,False
BIN_2182264,injected,0,0,False
BIN_2183456,wrapper,0,0,False
BIN_2183582,wrapper,1,1,False
BIN_2183662,wrapper,0,0,False
BIN_2184642,wrapper,0,0,False
BIN_2184714,wrapper,1,1,False
BIN_2184735,wrapper,1,1,False
BIN_2185336,injected,1,1,False
BIN_2186653,wrapper,1,1,False
BIN_2186720,injected,0,0,False
BIN_2187153,wrapper,1,1,False
BIN_2187619,wrapper,1,1,False
BIN_2187977,wrapper,0,0,False
BIN_2188776,injected,0,0,False
BIN_2189696,injected,1,1,False
BIN_2189771,wrapper,0,0,False
BIN_2190204,wrapper,0,0,False
BIN_2190668,wrapper,1,1,False
BIN_2191542,injected,0,0,False
BIN_2192800,injected,1,1,False
BIN_2192864,wrapper,1,1,False
BIN_2193124,wrapper,1,1,False
BIN_2193177,wrapper,1,1,False
BIN_2193295,wrapper,1,1,False
BIN_2194210,wrapper,1,1,False
BIN_2194370,injected,1,1,False
BIN_2194432,wrapper,1,1,False
BIN_2195851,injected,1,1,False
BIN_2196396,injected,1,1,False
BIN_2196827,wrapper,0,0,False
BIN_2197199,wrapper,1,1,False
BIN_2198375,wrapper,0,0,False
BIN_2198570,wrapper,1,1,False
BIN_2199073,wrapper,0,0,False
BIN_2199741,wrapper,0,0,False
BIN_2200826,wrapper,0,0,False
BIN_2201323,wrapper,1,1,False
BIN_2201351,wrapper,0,0,False
BIN_2202229,wrapper,1,1,False
BIN_2202288,wrapper,1,1,False
BIN_2202374,wrapper,1,1,False
BIN_2202461,injected,1,1,False
BIN_2202507,wrapper,0,0,False
BIN_2203100,injected,0,0,False
BIN_2203193,injected,1,1,False
BIN_2204003,wrapper,1,1,False
BIN_2205788,wrapper,1,1,False
BIN_2206017,wrapper,0,0,False
BIN_2206992,injected,0,0,False
BIN_2207264,wrapper,0,0,False
BIN_2207447,wrapper,1,1,False
BIN_2208218,wrapper,0,0,False
BIN_2209145,wrapper,0,0,False
BIN_2209617,wrapper,0,0,False
BIN_2209667,wrapper,1,1,False
BIN_2210050,injected,1,1,False
BIN_2210690,wrapper,1,1,False
BIN_2210884,injected,1,1,False
BIN_2210890,wrapper,0,0,False
BIN_2211668,injected,1,1,False
BIN_2211780,wrapper,1,1,False
BIN_2212384,wrapper,0,0,False
BIN_2213239,wrapper,0,0,False
BIN_2213335,wrapper,0,0,False
BIN_2213863,wrapper,1,1,False
BIN_2214073,wrapper,0,0,False
BIN_2215538,wrapper,1,1,False
BIN_2215777,wrapper,0,0,False
BIN_2215914,wrapper,0,0,False
BIN_2216136,injected,1,1,False
BIN_2216841,wrapper,0,0,False
BIN_2216986,injected,0,0,False
BIN_2217225,wrapper,1,1,False
BIN_2217359,wrapper,1,1,False
BIN_2217663,wrapper,1,1,False
BIN_2217879,injected,0,0,False
BIN_2218942,wrapper,1,1,False
BIN_2219349,injected,1,1,False
BIN_2220122,wrapper,1,1,False
BIN_2220321,wrapper,1,1,False
BIN_2221544,wrapper,1,1,False
BIN_2221558,wrapper,0,0,False
BIN_2221882,wrapper,0,0,False
BIN_2221931,injected,1,1,False
BIN_2222317,wrapper,0,0,False
BIN_2222382,wrapper,1,1,False
BIN_2222884,wrapper,0,0,False
BIN_2223329,injected,1,1,False
BIN_2224584,wrapper,1,1,False
BIN_2226088,wrapper,1,1,False
BIN_2226191,wrapper,1,1,False
BIN_2226237,wrapper,1,1,False
BIN_2226501,wrapper,1,1,False
BIN_2228878,wrapper,0,0,False
BIN_2229138,wrapper,0,0,False
BIN_2229891,wrapper,0,0,False
BIN_2230051,wrapper,1,1,False
BIN_2230454,injected,0,0,False
BIN_2230886,wrapper,1,1,False
BIN_2232331,wrapper,1,1,False
BIN_2232953,wrapper,1,1,False
BIN_2235021,injected,0,0,False
BIN_2235961,wrapper,1,1,False
BIN_2236972,injected,0,0,False
BIN_2237396,wrapper,1,1,False
BIN_2237598,wrapper,0,0,False
BIN_2237694,injected,1,1,False
BIN_2237897,wrapper,0,0,False
BIN_2237991,wrapper,1,1,False
BIN_2238201,wrapper,1,1,False
BIN_2238964,wrapper,1,1,False
BIN_2240350,wrapper,0,0,False
BIN_2240423,injected,0,0,False
BIN_2240520,injected,0,0,False
BIN_2240594,wrapper,0,0,False
BIN_2240889,wrapper,0,0,False
BIN_2241447,wrapper,0,0,False
BIN_2242117,wrapper,0,0,False
BIN_2242558,wrapper,0,0,False
BIN_2242730,injected,1,1,False
BIN_2243431,wrapper,0,0,False
BIN_2244095,wrapper,1,1,False
BIN_2244444,wrapper,1,1,False
BIN_2245261,injected,1,1,False
BIN_2245430,injected,0,0,False
BIN_2245761,wrapper,0,0,False
BIN_2245788,wrapper,1,1,False
BIN_2248875,wrapper,1,1,False
BIN_2249215,injected,0,0,False
BIN_2249409,wrapper,1,1,False
BIN_2250766,wrapper,1,1,False
BIN_2251663,injected,1,1,False
BIN_2252409,wrapper,1,1,False
BIN_2252503,wrapper,1,1,False
BIN_2252629,wrapper,1,1,False
BIN_2253349,injected,1,1,False
BIN_2253447,wrapper,1,1,False
BIN_2253652,injected,0,0,False
BIN_2254329,wrapper,1,1,False
BIN_2254725,injected,0,0,False
BIN_2256268,wrapper,1,1,False
BIN_2257047,injected,0,0,False
BIN_2257336,wrapper,1,1,False
BIN_2257564,wrapper,0,0,False
BIN_2258165,wrapper,1,1,False
BIN_2259021,injected,0,0,False
BIN_2259315,wrapper,1,1,False
BIN_2259907,wrapper,1,1,False
BIN_2260015,injected,0,0,False
BIN_2260036,wrapper,1,1,False
BIN_2260502,wrapper,1,1,False
BIN_2260964,injected,0,0,False
BIN_2261873,wrapper,0,0,False
BIN_2262449,injected,1,1,False
BIN_2263647,wrapper,0,0,False
BIN_2263676,wrapper,0,0,False
BIN_2263740,wrapper,0,0,False
BIN_2264255,wrapper,1,1,False
BIN_2265203,wrapper,0,0,False
BIN_2265601,injected,0,0,False
BIN_2265670,wrapper,1,1,False
BIN_2267310,wrapper,0,0,False
BIN_2269330,wrapper,1,1,False
BIN_2272072,injected,0,0,False
BIN_2272097,injected,1,1,False
BIN_2273828,wrapper,1,1,False
BIN_2274144,wrapper,1,1,False
BIN_2274749,wrapper,1,1,False
BIN_2276786,wrapper,0,0,False
BIN_2276791,wrapper,1,1,False
BIN_2277617,wrapper,0,0,False
BIN_2278224,wrapper,1,1,False
BIN_2279378,wrapper,1,1,False
BIN_2280941,wrapper,0,0,False
BIN_2283229,wrapper,0,0,False
BIN_2283935,wrapper,0,0,False
BIN_2284416,wrapper,1,1,False
BIN_2285379,injected,1,1,False
BIN_2286287,wrapper,0,0,False
BIN_2286347,wrapper,1,1,False
BIN_2286401,wrapper,0,0,False
BIN_2287127,wrapper,0,0,False
BIN_2287469,wrapper,0,0,False
BIN_2287595,wrapper,1,1,False
BIN_2287615,injected,0,0,False
BIN_2287778,injected,0,0,False
BIN_2287979,wrapper,1,1,False
BIN_2290024,wrapper,1,1,False
BIN_2290485,injected,0,0,False
BIN_2291520,wrapper,0,0,False
BIN_2291802,wrapper,0,0,False
BIN_2292619,wrapper,1,1,False
BIN_2293055,wrapper,0,0,False
BIN_2293421,wrapper,1,1,False
BIN_2293443,wrapper,1,1,False
BIN_2293752,injected,0,0,False
BIN_2293859,wrapper,0,0,False
BIN_2294788,wrapper,1,1,False
BIN_2295299,injected,0,0,False
BIN_2295836,wrapper,0,0,False
BIN_2297710,wrapper,1,1,False
BIN_2297780,injected,0,0,False
BIN_2298116,injected,0,0,False
BIN_2299663,wrapper,0,0,False
BIN_2299798,wrapper,0,0,False
BIN_2301063,injected,0,0,False
BIN_2301069,wrapper,0,0,False
BIN_2301609,wrapper,0,0,False
BIN_2301995,wrapper,0,0,False
BIN_2302766,wrapper,0,0,False
BIN_2303733,injected,1,1,False
BIN_2303953,wrapper,0,0,False
BIN_2304020,wrapper,0,0,False
BIN_2304925,injected,0,0,False
BIN_2308515,injected,1,1,False
BIN_2308724,wrapper,0,0,False
BIN_2309159,injected,1,1,False
BIN_2309614,wrapper,0,0,False
BIN_2310211,wrapper,1,1,False
BIN_2310930,wrapper,0,0,False
BIN_2311043,wrapper,1,1,False
BIN_2311395,injected,0,0,False
BIN_2311512,wrapper,1,1,False
BIN_2311717,wrapper,0,0,False
BIN_2312110,injected,0,0,False
BIN_2312283,wrapper,0,0,False
BIN_2312351,wrapper,0,0,False
BIN_2312399,wrapper,0,0,False
BIN_2313514,wrapper,0,0,False
BIN_2313929,wrapper,0,0,False
BIN_2314677,wrapper,0,0,False
BIN_2315005,wrapper,1,1,False
BIN_2315541,wrapper,0,0,False
BIN_2315887,wrapper,1,1,False
BIN_2316004,injected,0,0,False
BIN_2317369,wrapper,0,0,False
BIN_2317693,injected,1,1,False
BIN_2318518,wrapper,1,1,False
BIN_2321166,injected,1,1,False
BIN_2322971,wrapper,1,1,False
BIN_2324289,injected,0,0,False
BIN_2324619,wrapper,1,1,False
BIN_2325358,injected,0,0,False
BIN_2325624,wrapper,1,1,False
BIN_2326492,injected,1,1,False
BIN_2326695,injected,1,1,False
BIN_2327106,wrapper,1,1,False
BIN_2327711,injected,1,1,False
BIN_2327855,wrapper,1,1,False
BIN_2328357,wrapper,0,0,False
BIN_2328569,wrapper,0,0,False
BIN_2328632,wrapper,1,1,False
BIN_2328926,wrapper,1,1,False
BIN_2329389,injected,1,1,False
BIN_2330615,injected,0,0,False
BIN_2330824,wrapper,1,1,False
BIN_2331878,injected,1,1,False
BIN_2332500,wrapper,0,0,False
BIN_2332527,wrapper,1,1,False
BIN_2333163,injected,1,1,False
BIN_2333504,wrapper,1,1,False
BIN_2333613,wrapper,1,1,False
BIN_2333688,wrapper,0,0,False
BIN_2334501,wrapper,0,0,False
BIN_2334649,injected,1,1,False
BIN_2334733,wrapper,1,1,False
BIN_2335104,injected,0,0,False
BIN_2335760,wrapper,1,1,False
BIN_2335897,injected,0,0,False
BIN_2335925,wrapper,0,0,False
BIN_2335995,wrapper,1,1,False
BIN_2336242,wrapper,1,1,False
BIN_2336749,wrapper,0,0,False
BIN_2337882,injected,1,1,False
BIN_2338397,wrapper,1,1,False
BIN_2338737,injected,0,0,False
BIN_2339280,injected,1,1,False
BIN_2340561,injected,0,0,False
BIN_2340754,injected,0,0,False
BIN_2340799,wrapper,1,1,False
BIN_2341289,wrapper,1,1,False
BIN_2341855,wrapper,1,1,False
BIN_2342915,wrapper,1,1,False
BIN_2342969,wrapper,1,1,False
BIN_2343065,wrapper,0,0,False
BIN_2343176,injected,0,0,False
BIN_2343280,wrapper,0,0,False
BIN_2344030,wrapper,1,1,False
BIN_2344970,wrapper,0,0,False
BIN_2346270,wrapper,0,0,False
BIN_2346285,wrapper,0,0,False
BIN_2346774,wrapper,0,0,False
BIN_2346857,wrapper,0,0,False
BIN_2346890,injected,1,1,False
BIN_2347221,wrapper,1,1,False
BIN_2347300,injected,1,1,False
BIN_2347915,wrapper,1,1,False
BIN_2347922,wrapper,1,1,False
BIN_2347948,wrapper,0,0,False
BIN_2348485,injected,1,1,False
BIN_2348816,wrapper,0,0,False
BIN_2349211,wrapper,1,1,False
BIN_2349248,wrapper,1,1,False
BIN_2350181,wrapper,1,1,False
BIN_2350609,wrapper,1,1,False
BIN_2351390,wrapper,0,0,False
BIN_2351602,wrapper,1,1,False
BIN_2352128,wrapper,1,1,False
BIN_2352875,injected,1,1,False
BIN_2353375,wrapper,0,0,False
BIN_2354949,wrapper,1,1,False
BIN_2355808,wrapper,0,0,False
BIN_2356417,wrapper,1,1,False
BIN_2357047,wrapper,0,0,False
BIN_2357116,wrapper,0,0,False
BIN_2357660,wrapper,1,1,False
BIN_2357673,wrapper,1,1,False
BIN_2358784,wrapper,0,0,False
BIN_2360108,wrapper,0,0,False
BIN_2361328,wrapper,0,0,False
BIN_2361332,wrapper,1,1,False
BIN_2361672,wrapper,1,1,False
BIN_2361967,wrapper,0,0,False
BIN_2362019,injected,0,0,False
BIN_2362210,injected,1,1,False
BIN_2362761,wrapper,1,1,False
BIN_2363703,injected,1,1,False
BIN_2364013,wrapper,0,0,False
BIN_2364614,wrapper,1,1,False
BIN_2364805,injected,0,0,False
BIN_2365113,wrapper,0,0,False
BIN_2365712,wrapper,0,0,False
BIN_2365999,wrapper,1,1,False
BIN_2366178,wrapper,0,0,False
BIN_2367795,injected,1,1,False
BIN_2367886,wrapper,0,0,False
BIN_2368688,injected,1,1,False
BIN_2369197,injected,1,1,False
BIN_2369634,wrapper,1,1,False
BIN_2370702,wrapper,0,0,False
BIN_2371584,wrapper,0,0,False
BIN_2371593,wrapper,1,1,False
BIN_2372486,wrapper,1,1,False
BIN_2373049,injected,0,0,False
BIN_2373529,wrapper,1,1,False
BIN_2374655,injected,0,0,False
BIN_2374793,injected,1,1,False
BIN_2375728,wrapper,1,1,False
BIN_2375822,wrapper,1,1,False
BIN_2376517,wrapper,1,1,False
BIN_2377081,wrapper,0,0,False
BIN_2377544,wrapper,0,0,False
BIN_2377664,wrapper,0,0,False
BIN_2377670,injected,0,0,False
BIN_2379160,injected,0,0,False
BIN_2379308,injected,1,1,False
BIN_2380757,wrapper,1,1,False
BIN_2382139,wrapper,0,0,False
BIN_2382979,wrapper,0,0,False
BIN_2384262,wrapper,1,1,False
BIN_2384456,wrapper,0,0,False
BIN_2386122,injected,1,1,False
BIN_2386338,wrapper,1,1,False
BIN_2387203,wrapper,0,0,False
BIN_2388318,wrapper,1,1,False
BIN_2390629,wrapper,0,0,False
BIN_2390712,wrapper,1,1,False
BIN_2391682,injected,0,0,False
BIN_2391720,wrapper,0,0,False
BIN_2392045,injected,0,0,False
BIN_2392249,wrapper,0,0,False
BIN_2392319,wrapper,1,1,False
BIN_2394056,injected,0,0,False
BIN_2394452,wrapper,0,0,False
BIN_2394896,wrapper,0,0,False
BIN_2395063,wrapper,0,0,False
BIN_2395474,wrapper,1,1,False
BIN_2395872,injected,1,1,False
BIN_2396014,injected,0,0,False
BIN_2396244,injected,1,1,False
BIN_2397112,wrapper,1,1,False
BIN_2397768,injected,1,1,False
BIN_2398807,wrapper,1,1,False
BIN_2399124,injected,0,0,False
BIN_2399325,injected,0,0,False
BIN_2399564,injected,0,0,False
BIN_2400646,injected,0,0,False
BIN_2401244,wrapper,0,0,False
BIN_2401897,injected,1,1,False
BIN_2403714,wrapper,1,1,False
BIN_2403874,wrapper,0,0,False
BIN_2405047,injected,1,1,False
BIN_2405133,wrapper,0,0,False
BIN_2406702,wrapper,1,1,False
BIN_2407184,wrapper,1,1,False
BIN_2407186,wrapper,0,0,False
BIN_2407368,wrapper,1,1,False
BIN_2407485,wrapper,1,1,False
BIN_2407806,injected,0,0,False
BIN_2409064,wrapper,1,1,False
BIN_2410163,wrapper,1,1,False
BIN_2410246,wrapper,0,0,False
BIN_2411704,injected,1,1,False
BIN_2411746,wrapper,1,1,False
BIN_2412167,wrapper,1,1,False
BIN_2412603,injected,0,0,False
BIN_2412917,wrapper,0,0,False
BIN_2413895,injected,0,0,False
BIN_2414111,wrapper,0,0,False
BIN_2414473,injected,0,0,False
BIN_2414964,wrapper,1,1,False
BIN_2415309,wrapper,1,1,False
BIN_2415468,injected,1,1,False
BIN_2415508,injected,0,0,False
BIN_2415978,injected,0,0,False
BIN_2416553,injected,0,0,False
BIN_2417095,wrapper,1,1,False
BIN_2417117,wrapper,1,1,False
BIN_2417566,wrapper,0,0,False
BIN_2418321,injected,0,0,False
BIN_2418331,injected,1,1,False
BIN_2418483,wrapper,0,0,False
BIN_2418682,wrapper,0,0,False
BIN_2419701,wrapper,1,1,False
BIN_2420232,injected,0,0,False
BIN_2421315,wrapper,0,0,False
BIN_2421477,wrapper,0,0,False
BIN_2421779,injected,0,0,False
BIN_2422321,wrapper,1,1,False
BIN_2423171,wrapper,0,0,False
BIN_2424315,wrapper,0,0,False
BIN_2424606,wrapper,0,0,False
BIN_2426445,injected,1,1,False
BIN_2427066,wrapper,0,0,False
BIN_2427612,injected,1,1,False
BIN_2430519,injected,0,0,False
BIN_2430554,wrapper,1,1,False
BIN_2431236,wrapper,1,1,False
BIN_2431797,wrapper,0,0,False
BIN_2432496,injected,1,1,False
BIN_2432577,wrapper,1,1,False
BIN_2432953,injected,1,1,False
BIN_2433710,wrapper,1,1,False
BIN_2435285,wrapper,0,0,False
BIN_2435615,injected,1,1,False
BIN_2435822,injected,0,0,False
BIN_2436080,wrapper,1,1,False
BIN_2436784,wrapper,0,0,False
BIN_2437452,injected,0,0,False
BIN_2437597,injected,0,0,False
BIN_2437648,injected,1,1,False
BIN_2438109,injected,1,1,False
BIN_2438295,injected,1,1,False
BIN_2438328,injected,0,0,False
BIN_2438517,wrapper,1,1,False
BIN_2438602,wrapper,0,0,False
BIN_2440747,wrapper,1,1,False
BIN_2441072,wrapper,1,1,False
BIN_2441195,injected,1,1,False
BIN_2441403,injected,1,1,False
BIN_2441502,wrapper,1,1,False
BIN_2441997,wrapper,0,0,False
BIN_2442977,injected,0,0,False
BIN_2444733,injected,1,1,False
BIN_2445800,wrapper,0,0,False
BIN_2446214,injected,1,1,False
BIN_2447007,injected,1,1,False
BIN_2447036,injected,1,1,False
BIN_2448223,injected,1,1,False
BIN_2448790,injected,1,1,False
BIN_2449290,wrapper,1,1,False
BIN_2449409,wrapper,0,0,False
BIN_2450712,wrapper,0,0,False
BIN_2451005,wrapper,0,0,False
BIN_2451341,wrapper,0,0,False
BIN_2451617,injected,0,0,False
BIN_2451679,wrapper,0,0,False
BIN_2452817,wrapper,0,0,False
BIN_2452961,wrapper,1,1,False
BIN_2453219,wrapper,0,0,False
BIN_2453492,wrapper,0,0,False
BIN_2455980,wrapper,0,0,False
BIN_2456146,wrapper,1,1,False
BIN_2456558,injected,1,1,False
BIN_2457303,wrapper,0,0,False
BIN_2457809,injected,1,1,False
BIN_2457936,wrapper,1,1,False
BIN_2457990,injected,0,0,False
BIN_2458993,injected,0,0,False
BIN_2460203,wrapper,1,1,False
BIN_2460456,wrapper,0,0,False
BIN_2460480,wrapper,0,0,False
BIN_2461328,wrapper,1,1,False
BIN_2461408,wrapper,1,1,False
BIN_2461933,injected,0,0,False
BIN_2462909,injected,1,1,False
BIN_2463753,wrapper,1,1,False
BIN_2464108,wrapper,1,1,False
BIN_2465065,wrapper,0,0,False
BIN_2465522,wrapper,1,1,False
BIN_2465657,wrapper,0,0,False
BIN_2466251,wrapper,0,0,False
BIN_2466536,wrapper,0,0,False
BIN_2467238,wrapper,0,0,False
BIN_2467737,wrapper,0,0,False
BIN_2468749,wrapper,1,1,False
BIN_2470098,injected,0,0,False
BIN_2470263,wrapper,1,1,False
BIN_2470940,wrapper,1,1,False
BIN_2471233,wrapper,0,0,False
BIN_2471244,wrapper,0,0,False
BIN_2471263,injected,0,0,False
BIN_2471394,injected,1,1,False
BIN_2472034,wrapper,0,0,False
BIN_2472073,wrapper,1,1,False
BIN_2472636,injected,0,0,False
BIN_2473137,wrapper,0,0,False
BIN_2474879,wrapper,0,0,False
BIN_2475004,wrapper,1,1,False
BIN_2475733,wrapper,1,1,False
BIN_2476903,injected,0,0,False
BIN_2476925,injected,1,1,False
BIN_2477547,wrapper,0,0,False
BIN_2478051,wrapper,1,1,False
BIN_2478331,injected,1,1,False
BIN_2478381,wrapper,0,0,False
BIN_2478653,wrapper,0,0,False
BIN_2479469,wrapper,0,0,False
BIN_2480135,injected,1,1,False
BIN_2480239,wrapper,1,1,False
BIN_2481071,wrapper,0,0,False
BIN_2481448,wrapper,1,1,False
BIN_2481614,wrapper,0,0,False
BIN_2481908,wrapper,0,0,False
BIN_2483288,wrapper,0,0,False
BIN_2484126,injected,1,1,False
BIN_2485115,wrapper,0,0,False
BIN_2488741,wrapper,1,1,False
BIN_2489054,wrapper,1,1,False
BIN_2489981,wrapper,0,0,False
BIN_2490374,wrapper,1,1,False
BIN_2492120,wrapper,0,0,False
BIN_2493182,wrapper,1,1,False
BIN_2494299,injected,0,0,False
BIN_2494585,injected,1,1,False
BIN_2495100,wrapper,1,1,False
BIN_2495306,wrapper,1,1,False
BIN_2495829,injected,0,0,False
BIN_2496403,injected,0,0,False
BIN_2496443,injected,0,0,False
BIN_2497071,injected,1,1,False
BIN_2497269,wrapper,0,0,False
BIN_2497621,wrapper,0,0,False
BIN_2497640,wrapper,0,0,False
BIN_2498501,injected,1,1,False
BIN_2499957,wrapper,1,1,False
BIN_2500296,injected,1,1,False
BIN_2500578,injected,1,1,False
BIN_2503869,wrapper,0,0,False
BIN_2504192,injected,1,1,False
BIN_2504621,wrapper,1,1,False
BIN_2505299,wrapper,1,1,False
BIN_2505513,wrapper,1,1,False
BIN_2505640,wrapper,1,1,False
BIN_2506667,wrapper,0,0,False
BIN_2507674,wrapper,1,1,False
BIN_2508849,wrapper,1,1,False
BIN_2509568,wrapper,1,1,False
BIN_2510938,wrapper,0,0,False
BIN_2511809,wrapper,1,1,False
BIN_2511889,wrapper,1,1,False
BIN_2515496,wrapper,1,1,False
BIN_2516281,injected,0,0,False
BIN_2516295,wrapper,1,1,False
BIN_2516846,wrapper,1,1,False
BIN_2517343,injected,1,1,False
BIN_2517902,wrapper,1,1,False
BIN_2519261,injected,1,1,False
BIN_2521545,injected,1,1,False
BIN_2522009,wrapper,1,1,False
BIN_2522188,injected,1,1,False
BIN_2522197,wrapper,1,1,False
BIN_2522261,wrapper,0,0,False
BIN_2523277,injected,1,1,False
BIN_2523511,injected,1,1,False
BIN_2524913,injected,0,0,False
BIN_2525025,wrapper,1,1,False
BIN_2525133,wrapper,0,0,False
BIN_2525484,wrapper,0,0,False
BIN_2526621,wrapper,1,1,False
BIN_2526750,wrapper,1,1,False
BIN_2527047,wrapper,1,1,False
BIN_2528058,wrapper,0,0,False
BIN_2528719,wrapper,0,0,False
BIN_2529118,wrapper,0,0,False
BIN_2529386,wrapper,1,1,False
BIN_2529541,injected,0,0,False
BIN_2529852,injected,0,0,False
BIN_2530352,wrapper,1,1,False
BIN_2530428,wrapper,0,0,False
BIN_2530920,wrapper,1,1,False
BIN_2532001,wrapper,1,1,False
BIN_2532742,injected,0,0,False
BIN_2533070,wrapper,0,0,False
BIN_2535308,injected,0,0,False
BIN_2535957,injected,0,0,False
BIN_2536220,injected,0,0,False
BIN_2536543,wrapper,0,0,False
BIN_2537341,injected,1,1,False
BIN_2537971,wrapper,0,0,False
BIN_2538272,wrapper,0,0,False
BIN_2538460,injected,0,0,False
BIN_2539501,wrapper,1,1,False
BIN_2540480,wrapper,1,1,False
BIN_2540774,injected,1,1,False
BIN_2540980,injected,1,1,False
BIN_2541054,wrapper,0,0,False
BIN_2541098,injected,0,0,False
BIN_2541361,wrapper,1,1,False
BIN_2541419,wrapper,1,1,False
BIN_2542776,wrapper,1,1,False
BIN_2542871,injected,0,0,False
BIN_2543081,injected,1,1,False
BIN_2543539,wrapper,0,0,False
BIN_2545193,wrapper,1,1,False
BIN_2547670,wrapper,0,0,False
BIN_2547692,wrapper,1,1,False
BIN_2549246,wrapper,0,0,False
BIN_2549254,wrapper,1,1,False
BIN_2549521,injected,0,0,False
BIN_2550165,wrapper,0,0,False
BIN_2550254,injected,0,0,False
BIN_2550857,wrapper,1,1,False
BIN_2551014,wrapper,0,0,False
BIN_2551458,wrapper,0,0,False
BIN_2551775,wrapper,1,1,False
BIN_2551956,injected,0,0,False
BIN_2552301,wrapper,0,0,False
BIN_2553569,wrapper,1,1,False
BIN_2555052,injected,0,0,False
BIN_2555324,wrapper,1,1,False
BIN_2555984,wrapper,1,1,False
BIN_2556125,injected,0,0,False
BIN_2556518,injected,0,0,False
BIN_2556681,injected,1,1,False
BIN_2556715,injected,0,0,False
BIN_2556886,wrapper,1,1,False
BIN_2558771,wrapper,1,1,False
BIN_2559526,injected,1,1,False
BIN_2560128,injected,1,1,False
BIN_2560196,wrapper,1,1,False
BIN_2560327,injected,1,1,False
BIN_2561475,wrapper,0,0,False
BIN_2561971,wrapper,1,1,False
BIN_2562189,wrapper,0,0,False
BIN_2562208,injected,0,0,False
BIN_2562273,wrapper,0,0,False
BIN_2562436,injected,0,0,False
BIN_2562543,wrapper,1,1,False
BIN_2564903,injected,1,1,False
BIN_2565308,injected,1,1,False
BIN_2566396,injected,1,1,False
BIN_2566404,wrapper,1,1,False
BIN_2567452,injected,1,1,False
BIN_2568231,wrapper,1,1,False
BIN_2568272,injected,1,1,False
BIN_2568633,wrapper,0,0,False
BIN_2568699,injected,1,1,False
BIN_2568925,injected,0,0,False
BIN_2569316,wrapper,0,0,False
BIN_2570460,wrapper,1,1,False
BIN_2571578,wrapper,1,1,False
BIN_2571855,injected,1,1,False
BIN_2572122,wrapper,1,1,False
BIN_2572538,wrapper,1,1,False
BIN_2572868,wrapper,1,1,False
BIN_2575444,wrapper,1,1,False
BIN_2576259,wrapper,0,0,False
BIN_2576803,injected,1,1,False
BIN_2577465,injected,0,0,False
BIN_2578602,wrapper,1,1,False
BIN_2579809,wrapper,1,1,False
BIN_2580331,injected,0,0,False
BIN_2580589,injected,1,1,False
BIN_2580601,injected,0,0,False
BIN_2581082,wrapper,1,1,False
BIN_2581160,wrapper,0,0,False
BIN_2581179,wrapper,0,0,False
BIN_2581858,wrapper,0,0,False
BIN_2581950,wrapper,0,0,False
BIN_2582684,wrapper,1,1,False
BIN_2582755,injected,1,1,False
BIN_2582807,wrapper,0,0,False
BIN_2583188,wrapper,1,1,False
BIN_2583286,injected,1,1,False
BIN_2583347,injected,0,0,False
BIN_2583452,injected,0,0,False
BIN_2583516,wrapper,0,0,False
BIN_2584081,wrapper,1,1,False
BIN_2584344,wrapper,1,1,False
BIN_2584761,injected,1,1,False
BIN_2585921,wrapper,0,0,False
BIN_2585959,wrapper,0,0,False
BIN_2587172,wrapper,1,1,False
BIN_2588132,wrapper,1,1,False
BIN_2588935,wrapper,1,1,False
BIN_2589037,injected,1,1,False
BIN_2589095,injected,1,1,False
BIN_2589554,wrapper,0,0,False
BIN_2590363,wrapper,0,0,False
BIN_2590811,injected,0,0,False
BIN_2591413,wrapper,0,0,False
BIN_2591729,wrapper,1,1,False
BIN_2591824,injected,0,0,False
BIN_2591914,wrapper,0,0,False
BIN_2591938,wrapper,0,0,False
BIN_2592238,wrapper,0,0,False
BIN_2592989,wrapper,1,1,False
BIN_2593827,injected,1,1,False
BIN_2594417,injected,1,1,False
BIN_2595719,injected,0,0,False
BIN_2597818,wrapper,0,0,False
BIN_2598042,injected,1,1,False
BIN_2598110,wrapper,0,0,False
BIN_2598304,wrapper,0,0,False
BIN_2599048,wrapper,1,1,False
BIN_2599456,injected,1,1,False
BIN_2599771,wrapper,1,1,False
BIN_2600887,wrapper,1,1,False
BIN_2601787,wrapper,0,0,False
BIN_2603164,wrapper,1,1,False
BIN_2603384,wrapper,1,1,False
BIN_2604076,injected,0,0,False
BIN_2606306,wrapper,1,1,False
BIN_2606536,injected,0,0,False
BIN_2606844,wrapper,1,1,False
BIN_2606908,injected,1,1,False
BIN_2607163,injected,0,0,False
BIN_2608306,injected,1,1,False
BIN_2608573,wrapper,0,0,False
BIN_2610296,wrapper,0,0,False
BIN_2610310,wrapper,1,1,False
BIN_2610475,wrapper,1,1,False
BIN_2612714,wrapper,0,0,False
BIN_2613096,injected,1,1,False
BIN_2613756,wrapper,1,1,False
BIN_2614210,wrapper,1,1,False
BIN_2614555,wrapper,1,1,False
BIN_2615364,injected,0,0,False
BIN_2616170,wrapper,1,1,False
BIN_2616354,injected,1,1,False
BIN_2617864,wrapper,1,1,False
BIN_2618876,injected,0,0,False
BIN_2618932,wrapper,1,1,False
BIN_2619699,wrapper,0,0,False
BIN_2620810,injected,0,0,False
BIN_2621160,wrapper,1,1,False
BIN_2622764,injected,1,1,False
BIN_2622858,wrapper,0,0,False
BIN_2623094,wrapper,1,1,False
BIN_2623145,injected,0,0,False
BIN_2623770,injected,1,1,False
BIN_2625744,wrapper,0,0,False
BIN_2626886,injected,1,1,False
BIN_2628060,injected,1,1,False
BIN_2628292,wrapper,0,0,False
BIN_2628661,wrapper,0,0,False
BIN_2629243,injected,0,0,False
BIN_2629585,wrapper,1,1,False
BIN_2632553,wrapper,1,1,False
BIN_2632887,injected,1,1,False
BIN_2633159,wrapper,0,0,False
BIN_2634513,injected,0,0,False
BIN_2635171,wrapper,1,1,False
BIN_2635185,wrapper,0,0,False
BIN_2635205,injected,1,1,False
BIN_2635430,injected,0,0,False
BIN_2637382,injected,1,1,False
BIN_2637664,wrapper,1,1,False
BIN_2638204,wrapper,1,1,False
BIN_2639360,injected,1,1,False
BIN_2640176,wrapper,0,0,False
BIN_2640285,wrapper,1,1,False
BIN_2640422,wrapper,1,1,False
BIN_2641631,wrapper,0,0,False
BIN_2642974,wrapper,0,0,False
BIN_2645306,wrapper,1,1,False
BIN_2646232,injected,1,1,False
BIN_2646680,wrapper,1,1,False
BIN_2647494,wrapper,0,0,False
BIN_2648407,wrapper,0,0,False
BIN_2648733,injected,1,1,False
BIN_2649404,wrapper,0,0,False
BIN_2649490,wrapper,1,1,False
BIN_2649962,wrapper,0,0,False
BIN_2650022,injected,0,0,False
BIN_2650552,wrapper,0,0,False
BIN_2651110,wrapper,1,1,False
BIN_2651490,wrapper,1,1,False
BIN_2651657,injected,0,0,False
BIN_2651966,injected,1,1,False
BIN_2653135,wrapper,1,1,False
BIN_2653687,wrapper,1,1,False
BIN_2654125,injected,1,1,False
BIN_2654366,wrapper,0,0,False
BIN_2654601,injected,1,1,False
BIN_2656811,wrapper,0,0,False
BIN_2657207,wrapper,1,1,False
BIN_2658159,injected,0,0,False
BIN_2658402,wrapper,0,0,False
BIN_2658524,wrapper,0,0,False
BIN_2658626,wrapper,0,0,False
BIN_2659125,wrapper,0,0,False
BIN_2659216,injected,1,1,False
BIN_2659233,injected,1,1,False
BIN_2659560,wrapper,1,1,False
BIN_2660702,wrapper,1,1,False
BIN_2660762,injected,0,0,False
BIN_2660949,wrapper,1,1,False
BIN_2661533,wrapper,0,0,False
BIN_2662050,wrapper,0,0,False
BIN_2662112,injected,0,0,False
BIN_2662312,wrapper,1,1,False
BIN_2662888,injected,0,0,False
BIN_2664289,wrapper,0,0,False
BIN_2664699,wrapper,0,0,False
BIN_2665130,wrapper,1,1,False
BIN_2665265,wrapper,0,0,False
BIN_2666366,wrapper,1,1,False
BIN_2666998,wrapper,0,0,False
BIN_2667028,wrapper,0,0,False
BIN_2667689,injected,0,0,False
BIN_2668095,wrapper,1,1,False
BIN_2668599,injected,0,0,False
BIN_2668794,wrapper,0,0,False
BIN_2669997,wrapper,1,1,False
BIN_2670265,wrapper,0,0,False
BIN_2670299,wrapper,1,1,False
BIN_2670390,wrapper,1,1,False
BIN_2670741,injected,0,0,False
BIN_2672407,wrapper,1,1,False
BIN_2672505,injected,0,0,False
BIN_2672616,wrapper,0,0,False
BIN_2673115,injected,0,0,False
BIN_2673474,wrapper,1,1,False
BIN_2674540,wrapper,1,1,False
BIN_2675149,wrapper,1,1,False
BIN_2677114,injected,1,1,False
BIN_2678194,wrapper,1,1,False
BIN_2678473,wrapper,0,0,False
BIN_2678727,wrapper,1,1,False
BIN_2678749,injected,1,1,False
BIN_2678877,wrapper,1,1,False
BIN_2678951,wrapper,1,1,False
BIN_2683183,wrapper,0,0,False
BIN_2684654,wrapper,0,0,False
BIN_2684777,wrapper,0,0,False
BIN_2685119,wrapper,0,0,False
BIN_2686140,wrapper,1,1,False
BIN_2686584,wrapper,0,0,False
BIN_2686911,wrapper,1,1,False
BIN_2687141,injected,0,0,False
BIN_2687415,wrapper,1,1,False
BIN_2688252,wrapper,0,0,False
BIN_2688380,wrapper,0,0,False
BIN_2689255,wrapper,1,1,False
BIN_2689951,wrapper,1,1,False
BIN_2690164,wrapper,0,0,False
BIN_2690639,wrapper,1,1,False
BIN_2690687,wrapper,0,0,False
BIN_2690715,wrapper,1,1,False
BIN_2693065,injected,0,0,False
BIN_2693192,wrapper,0,0,False
BIN_2693491,wrapper,1,1,False
BIN_2693531,injected,1,1,False
BIN_2693649,wrapper,1,1,False
BIN_2694146,wrapper,0,0,False
BIN_2694726,wrapper,0,0,False
BIN_2694833,wrapper,0,0,False
BIN_2695054,wrapper,0,0,False
BIN_2695725,injected,1,1,False
BIN_2695898,wrapper,1,1,False
BIN_2696277,wrapper,1,1,False
BIN_2696329,injected,1,1,False
BIN_2696607,wrapper,0,0,False
BIN_2696672,injected,0,0,False
BIN_2696917,injected,1,1,False
BIN_2697451,wrapper,1,1,False
BIN_2697653,wrapper,0,0,False
BIN_2697725,injected,1,1,False
BIN_2698240,wrapper,1,1,False
BIN_2698466,injected,0,0,False
BIN_2698821,wrapper,1,1,False
BIN_2699077,wrapper,0,0,False
BIN_2699859,wrapper,0,0,False
BIN_2701671,injected,1,1,False
BIN_2702159,injected,1,1,False
BIN_2702414,wrapper,0,0,False
BIN_2703503,wrapper,0,0,False
BIN_2704668,wrapper,1,1,False
BIN_2704802,injected,0,0,False
BIN_2704940,wrapper,1,1,False
BIN_2707714,injected,1,1,False
BIN_2708090,wrapper,1,1,False
BIN_2710582,wrapper,1,1,False
BIN_2710776,injected,0,0,False
BIN_2711256,wrapper,1,1,False
BIN_2712394,wrapper,0,0,False
BIN_2712400,injected,1,1,False
BIN_2712975,wrapper,0,0,False
BIN_2713094,injected,0,0,False
BIN_2713252,wrapper,0,0,False
BIN_2713257,wrapper,0,0,False
BIN_2713650,wrapper,1,1,False
BIN_2714764,wrapper,0,0,False
BIN_2715650,wrapper,0,0,False
BIN_2716013,wrapper,1,1,False
BIN_2716626,wrapper,1,1,False
BIN_2720105,wrapper,0,0,False
BIN_2721500,wrapper,0,0,False
BIN_2721612,injected,1,1,False
BIN_2721931,wrapper,1,1,False
BIN_2722074,wrapper,1,1,False
BIN_2722076,injected,1,1,False
BIN_2723404,wrapper,0,0,False
BIN_2723838,wrapper,1,1,False
BIN_2723995,wrapper,1,1,False
BIN_2724062,wrapper,0,0,False
BIN_2724364,wrapper,1,1,False
BIN_2724895,wrapper,0,0,False
BIN_2725353,wrapper,0,0,False
BIN_2725883,wrapper,1,1,False
BIN_2726645,injected,0,0,False
BIN_2728335,injected,0,0,False
BIN_2728720,injected,1,1,False
BIN_2732531,wrapper,0,0,False
BIN_2732752,wrapper,1,1,False
BIN_2732989,wrapper,1,1,False
BIN_2733146,wrapper,1,1,False
BIN_2733427,wrapper,0,0,False
BIN_2733776,injected,0,0,False
BIN_2734258,wrapper,0,0,False
BIN_2734522,wrapper,0,0,False
BIN_2734781,injected,1,1,False
BIN_2735039,wrapper,0,0,False
BIN_2735274,wrapper,1,1,False
BIN_2735972,injected,1,1,False
BIN_2736473,wrapper,0,0,False
BIN_2736674,injected,0,0,False
BIN_2736989,injected,1,1,False
BIN_2737039,injected,1,1,False
BIN_2739100,wrapper,0,0,False
BIN_2739174,wrapper,1,1,False
BIN_2739250,wrapper,0,0,False
BIN_2740099,wrapper,1,1,False
BIN_2740401,wrapper,1,1,False
BIN_2740814,wrapper,1,1,False
BIN_2742636,injected,1,1,False
BIN_2743131,wrapper,0,0,False
BIN_2743380,wrapper,1,1,False
BIN_2743488,wrapper,0,0,False
BIN_2745664,injected,1,1,False
BIN_2745767,wrapper,0,0,False
BIN_2746275,injected,0,0,False
BIN_2746459,injected,1,1,False
BIN_2747056,wrapper,0,0,False
BIN_2747872,injected,0,0,False
BIN_2748050,wrapper,0,0,False
BIN_2750171,wrapper,0,0,False
BIN_2750477,wrapper,0,0,False
BIN_2750737,wrapper,0,0,False
BIN_2752136,wrapper,1,1,False
BIN_2752450,wrapper,1,1,False
BIN_2752561,injected,1,1,False
BIN_2752795,wrapper,0,0,False
BIN_2753403,injected,1,1,False
BIN_2754062,wrapper,0,0,False
BIN_2754489,wrapper,1,1,False
BIN_2754726,injected,1,1,False
BIN_2754875,injected,0,0,False
BIN_2757159,wrapper,1,1,False
BIN_2757253,wrapper,0,0,False
BIN_2757265,injected,1,1,False
BIN_2758055,wrapper,1,1,False
BIN_2758158,wrapper,0,0,False
BIN_2758604,injected,1,1,False
BIN_2759072,wrapper,0,0,False
BIN_2759140,injected,1,1,False
BIN_2759450,wrapper,0,0,False
BIN_2759742,injected,1,1,False
BIN_2759839,injected,1,1,False
BIN_2760139,wrapper,1,1,False
BIN_2760480,wrapper,0,0,False
BIN_2760688,wrapper,1,1,False
BIN_2761131,wrapper,1,1,False
BIN_2761896,injected,0,0,False
BIN_2761924,wrapper,0,0,False
BIN_2761946,injected,1,1,False
BIN_2762303,wrapper,0,0,False
BIN_2762424,injected,1,1,False
BIN_2762676,wrapper,1,1,False
BIN_2762693,wrapper,0,0,False
BIN_2763629,injected,1,1,False
BIN_2764012,wrapper,1,1,False
BIN_2764193,wrapper,1,1,False
BIN_2764453,wrapper,0,0,False
BIN_2764632,wrapper,0,0,False
BIN_2765306,injected,1,1,False
BIN_2765326,injected,0,0,False
BIN_2765474,wrapper,1,1,False
BIN_2765874,wrapper,0,0,False
BIN_2768105,injected,1,1,False
BIN_2768332,wrapper,1,1,False
BIN_2769481,wrapper,0,0,False
BIN_2769606,wrapper,1,1,False
BIN_2770666,injected,1,1,False
BIN_2771031,injected,1,1,False
BIN_2771150,wrapper,0,0,False
BIN_2772048,wrapper,1,1,False
BIN_2773403,injected,0,0,False
BIN_2773450,injected,0,0,False
BIN_2773514,wrapper,0,0,False
BIN_2775168,wrapper,1,1,False
BIN_2775282,wrapper,1,1,False
BIN_2775498,wrapper,1,1,False
BIN_2775803,wrapper,0,0,False
BIN_2777064,injected,0,0,False
BIN_2778244,wrapper,1,1,False
BIN_2778299,injected,1,1,False
BIN_2778340,wrapper,0,0,False
BIN_2778502,injected,1,1,False
BIN_2779820,wrapper,1,1,False
BIN_2780217,injected,1,1,False
BIN_2783286,injected,1,1,False
BIN_2784517,wrapper,1,1,False
BIN_2785839,wrapper,0,0,False
BIN_2786392,wrapper,0,0,False
BIN_2786611,wrapper,0,0,False
BIN_2787264,wrapper,0,0,False
BIN_2787568,wrapper,1,1,False
BIN_2789327,wrapper,1,1,False
BIN_2790613,injected,1,1,False
BIN_2790756,wrapper,0,0,False
BIN_2791727,wrapper,1,1,False
BIN_2791949,injected,1,1,False
BIN_2792410,wrapper,0,0,False
BIN_2792565,wrapper,0,0,False
BIN_2792598,wrapper,1,1,False
BIN_2793623,wrapper,1,1,False
BIN_2794087,wrapper,0,0,False
BIN_2794653,wrapper,1,1,False
BIN_2795315,wrapper,1,1,False
BIN_2795453,injected,0,0,False
BIN_2795834,wrapper,1,1,False
BIN_2796144,injected,1,1,False
BIN_2797027,injected,1,1,False
BIN_2797344,injected,1,1,False
BIN_2797389,wrapper,1,1,False
BIN_2797469,injected,0,0,False
BIN_2797751,wrapper,0,0,False
BIN_2798607,wrapper,0,0,False
BIN_2798957,wrapper,0,0,False
BIN_2799968,wrapper,1,1,False
BIN_2800469,injected,0,0,False
BIN_2800545,wrapper,0,0,False
BIN_2800727,injected,0,0,False
BIN_2801553,wrapper,0,0,False
BIN_2802165,wrapper,1,1,False
BIN_2802503,wrapper,0,0,False
BIN_2802935,wrapper,1,1,False
BIN_2803228,injected,0,0,False
BIN_2804389,wrapper,1,1,False
BIN_2805263,injected,0,0,False
BIN_2805390,injected,1,1,False
BIN_2805757,injected,0,0,False
BIN_2805770,injected,0,0,False
BIN_2806566,wrapper,0,0,False
BIN_2806622,injected,0,0,False
BIN_2806725,wrapper,0,0,False
BIN_2807047,injected,0,0,False
BIN_2807464,injected,1,1,False
BIN_2808490,injected,0,0,False
BIN_2809604,wrapper,1,1,False
BIN_2810567,wrapper,1,1,False
BIN_2810690,injected,0,0,False
BIN_2811266,injected,0,0,False
BIN_2811372,wrapper,1,1,False
BIN_2812097,wrapper,1,1,False
BIN_2812833,injected,0,0,False
BIN_2812971,wrapper,0,0,False
BIN_2813184,wrapper,1,1,False
BIN_2814363,injected,0,0,False
BIN_2816667,injected,1,1,False
BIN_2816978,wrapper,1,1,False
BIN_2818062,injected,0,0,False
BIN_2818255,wrapper,1,1,False
BIN_2818802,wrapper,0,0,False
BIN_2819137,wrapper,1,1,False
BIN_2819406,wrapper,1,1,False
BIN_2819518,injected,1,1,False
BIN_2819722,injected,1,1,False
BIN_2820482,wrapper,0,0,False
BIN_2820579,wrapper,1,1,False
BIN_2820969,wrapper,0,0,False
BIN_2821351,wrapper,1,1,False
BIN_2821828,injected,1,1,False
BIN_2822177,wrapper,0,0,False
BIN_2823224,wrapper,1,1,False
BIN_2824206,wrapper,1,1,False
BIN_2824854,wrapper,1,1,False
BIN_2825770,wrapper,0,0,False
BIN_2825823,injected,1,1,False
BIN_2826229,injected,1,1,False
BIN_2826317,wrapper,0,0,False
BIN_2826478,wrapper,0,0,False
BIN_2826830,wrapper,1,1,False
BIN_2826998,injected,1,1,False
BIN_2827272,wrapper,0,0,False
BIN_2827575,wrapper,0,0,False
BIN_2827634,wrapper,0,0,False
BIN_2827660,wrapper,1,1,False
BIN_2828586,wrapper,0,0,False
BIN_2828760,injected,1,1,False
BIN_2828977,injected,0,0,False
BIN_2829581,wrapper,1,1,False
BIN_2829656,wrapper,0,0,False
BIN_2829750,wrapper,1,1,False
BIN_2830174,wrapper,1,1,False
BIN_2830201,wrapper,0,0,False
BIN_2830485,wrapper,1,1,False
BIN_2830882,wrapper,0,0,False
BIN_2831832,injected,1,1,False
BIN_2831896,wrapper,1,1,False
BIN_2832050,wrapper,0,0,False
BIN_2832694,wrapper,0,0,False
BIN_2832809,injected,0,0,False
BIN_2833058,wrapper,1,1,False
BIN_2833480,injected,1,1,False
BIN_2834366,wrapper,1,1,False
BIN_2834637,wrapper,1,1,False
BIN_2835196,wrapper,1,1,False
BIN_2835229,wrapper,0,0,False
BIN_2835394,wrapper,1,1,False
BIN_2835908,wrapper,0,0,False
BIN_2836060,wrapper,1,1,False
BIN_2836132,wrapper,1,1,False
BIN_2836611,wrapper,1,1,False
BIN_2836781,wrapper,1,1,False
BIN_2837037,injected,1,1,False
BIN_2837352,injected,0,0,False
BIN_2837406,injected,0,0,False
BIN_2839106,wrapper,1,1,False
BIN_2839455,wrapper,0,0,False
BIN_2840368,wrapper,0,0,False
BIN_2840755,wrapper,0,0,False
BIN_2840839,wrapper,1,1,False
BIN_2841778,wrapper,1,1,False
BIN_2842899,wrapper,0,0,False
BIN_2843361,wrapper,0,0,False
BIN_2843378,wrapper,1,1,False
BIN_2843861,wrapper,1,1,False
BIN_2843911,wrapper,0,0,False
BIN_2844231,wrapper,0,0,False
BIN_2845834,wrapper,1,1,False
BIN_2846487,wrapper,0,0,False
BIN_2848037,wrapper,1,1,False
BIN_2848084,wrapper,0,0,False
BIN_2848244,wrapper,0,0,False
BIN_2848426,injected,1,1,False
BIN_2848739,wrapper,0,0,False
BIN_2849005,injected,1,1,False
BIN_2849345,wrapper,0,0,False
BIN_2850140,injected,0,0,False
BIN_2850557,wrapper,1,1,False
BIN_2850800,wrapper,0,0,False
BIN_2852559,wrapper,0,0,False
BIN_2853099,wrapper,0,0,False
BIN_2853116,wrapper,0,0,False
BIN_2854129,wrapper,1,1,False
BIN_2855145,wrapper,0,0,False
BIN_2855506,wrapper,1,1,False
BIN_2855713,wrapper,1,1,False
BIN_2855775,wrapper,1,1,False
BIN_2855847,wrapper,1,1,False
BIN_2855887,wrapper,1,1,False
BIN_2855922,injected,1,1,False
BIN_2856161,wrapper,0,0,False
BIN_2856397,wrapper,0,0,False
BIN_2856608,wrapper,1,1,False
BIN_2857977,injected,0,0,False
BIN_2858184,wrapper,1,1,False
BIN_2858209,wrapper,0,0,False
BIN_2859056,wrapper,1,1,False
BIN_2860817,wrapper,0,0,False
BIN_2860831,wrapper,0,0,False
BIN_2861210,wrapper,0,0,False
BIN_2861631,injected,1,1,False
BIN_2862129,wrapper,0,0,False
BIN_2863256,wrapper,0,0,False
BIN_2864627,injected,0,0,False
BIN_2866199,wrapper,1,1,False
BIN_2866319,injected,0,0,False
BIN_2867236,wrapper,1,1,False
BIN_2868583,injected,1,1,False
BIN_2868705,injected,0,0,False
BIN_2868842,wrapper,1,1,False
BIN_2870034,wrapper,1,1,False
BIN_2870316,wrapper,1,1,False
BIN_2871312,wrapper,0,0,False
BIN_2871597,injected,0,0,False
BIN_2872011,wrapper,1,1,False
BIN_2873869,wrapper,1,1,False
BIN_2874268,wrapper,0,0,False
BIN_2874542,injected,0,0,False
BIN_2875268,injected,0,0,False
BIN_2875321,wrapper,1,1,False
BIN_2875366,wrapper,1,1,False
BIN_2875395,wrapper,0,0,False
BIN_2875864,wrapper,1,1,False
BIN_2877029,injected,1,1,False
BIN_2877213,wrapper,0,0,False
BIN_2879056,wrapper,1,1,False
BIN_2879690,wrapper,0,0,False
BIN_2880781,injected,1,1,False
BIN_2881330,wrapper,1,1,False
BIN_2881770,wrapper,1,1,False
BIN_2881791,wrapper,0,0,False
BIN_2881926,wrapper,1,1,False
BIN_2882209,wrapper,1,1,False
BIN_2882768,injected,1,1,False
BIN_2882780,wrapper,0,0,False
BIN_2883335,injected,1,1,False
BIN_2883510,injected,1,1,False
BIN_2884274,wrapper,1,1,False
BIN_2885045,injected,0,0,False
BIN_2885829,injected,1,1,False
BIN_2885998,wrapper,1,1,False
BIN_2886426,wrapper,1,1,False
BIN_2886601,wrapper,1,1,False
BIN_2889103,wrapper,0,0,False
BIN_2889289,wrapper,1,1,False
BIN_2890702,injected,0,0,False
BIN_2891046,wrapper,1,1,False
BIN_2892182,injected,1,1,False
BIN_2892450,wrapper,0,0,False
BIN_2892453,wrapper,1,1,False
BIN_2892463,injected,1,1,False
BIN_2892726,wrapper,1,1,False
BIN_2892764,injected,1,1,False
BIN_2892954,wrapper,0,0,False
BIN_2893075,wrapper,1,1,False
BIN_2894301,wrapper,1,1,False
BIN_2895896,wrapper,0,0,False
BIN_2897028,injected,0,0,False
BIN_2897590,wrapper,0,0,False
BIN_2898111,wrapper,1,1,False
BIN_2898980,injected,0,0,False
BIN_2899083,injected,0,0,False
BIN_2900085,wrapper,0,0,False
BIN_2900299,wrapper,1,1,False
BIN_2901064,wrapper,1,1,False
BIN_2902601,wrapper,1,1,False
BIN_2902767,wrapper,1,1,False
BIN_2903950,wrapper,1,1,False
BIN_2903974,wrapper,1,1,False
BIN_2904586,injected,0,0,False
BIN_2905497,injected,0,0,False
BIN_2905803,wrapper,1,1,False
BIN_2906662,wrapper,0,0,False
BIN_2907685,injected,1,1,False
BIN_2907712,injected,0,0,False
BIN_2907934,injected,0,0,False
BIN_2909139,wrapper,1,1,False
BIN_2909469,injected,0,0,False
BIN_2910382,injected,1,1,False
BIN_2910516,wrapper,1,1,False
BIN_2910897,wrapper,0,0,False
BIN_2910955,wrapper,0,0,False
BIN_2910988,wrapper,1,1,False
BIN_2911233,wrapper,0,0,False
BIN_2912018,wrapper,0,0,False
BIN_2914154,wrapper,1,1,False
BIN_2915219,wrapper,0,0,False
BIN_2916647,injected,0,0,False
BIN_2917386,wrapper,0,0,False
BIN_2917426,wrapper,0,0,False
BIN_2917517,wrapper,1,1,False
BIN_2917749,wrapper,1,1,False
BIN_2918944,wrapper,0,0,False
BIN_2919389,wrapper,1,1,False
BIN_2919973,wrapper,1,1,False
BIN_2920044,injected,0,0,False
BIN_2920707,injected,1,1,False
BIN_2921246,wrapper,0,0,False
BIN_2921572,wrapper,0,0,False
BIN_2921825,injected,1,1,False
BIN_2922722,injected,1,1,False
BIN_2923183,wrapper,1,1,False
BIN_2923629,injected,0,0,False
BIN_2923973,wrapper,0,0,False
BIN_2926433,injected,0,0,False
BIN_2926685,injected,1,1,False
BIN_2927518,wrapper,1,1,False
BIN_2928638,wrapper,0,0,False
BIN_2929458,wrapper,1,1,False
BIN_2929464,wrapper,1,1,False
BIN_2929511,wrapper,0,0,False
BIN_2930869,wrapper,0,0,False
BIN_2931271,wrapper,0,0,False
BIN_2931399,wrapper,1,1,False
BIN_2931443,wrapper,0,0,False
BIN_2931479,wrapper,1,1,False
BIN_2932006,wrapper,1,1,False
BIN_2932055,wrapper,1,1,False
BIN_2932566,injected,0,0,False
BIN_2932823,wrapper,1,1,False
BIN_2934102,injected,0,0,False
BIN_2934846,wrapper,1,1,False
BIN_2935355,wrapper,1,1,False
BIN_2935605,wrapper,1,1,False
BIN_2936197,wrapper,0,0,False
BIN_2936639,injected,0,0,False
BIN_2936772,wrapper,1,1,False
BIN_2937212,injected,0,0,False
BIN_2937251,injected,0,0,False
BIN_2937261,wrapper,0,0,False
BIN_2938394,wrapper,1,1,False
BIN_2939159,wrapper,1,1,False
BIN_2940127,wrapper,0,0,False
BIN_2940391,wrapper,1,1,False
BIN_2941055,wrapper,0,0,False
BIN_2941240,wrapper,1,1,False
BIN_2941884,wrapper,0,0,False
BIN_2942448,injected,0,0,False
BIN_2942640,injected,0,0,False
BIN_2942679,wrapper,1,1,False
BIN_2943430,injected,0,0,False
BIN_2943655,injected,1,1,False
BIN_2944165,wrapper,0,0,False
BIN_2946791,wrapper,0,0,False
BIN_2947452,wrapper,1,1,False
BIN_2948825,injected,1,1,False
BIN_2948849,wrapper,1,1,False
BIN_2949602,wrapper,0,0,False
BIN_2950339,wrapper,0,0,False
BIN_2950370,wrapper,0,0,False
BIN_2950556,injected,1,1,False
BIN_2950814,injected,0,0,False
BIN_2951063,injected,0,0,False
BIN_2951133,wrapper,1,1,False
BIN_2952056,wrapper,0,0,False
BIN_2952683,wrapper,0,0,False
BIN_2953054,wrapper,1,1,False
BIN_2953646,injected,0,0,False
BIN_2953676,injected,1,1,False
BIN_2954464,wrapper,1,1,False
BIN_2954688,injected,0,0,False
BIN_2954764,wrapper,0,0,False
BIN_2954951,injected,0,0,False
BIN_2955423,injected,1,1,False
BIN_2955748,wrapper,1,1,False
BIN_2956161,wrapper,1,1,False
BIN_2957638,wrapper,1,1,False
BIN_2959701,wrapper,1,1,False
BIN_2959703,injected,0,0,False
BIN_2960902,wrapper,0,0,False
BIN_2961576,injected,0,0,False
BIN_2962365,injected,1,1,False
BIN_2962808,injected,1,1,False
BIN_2962941,injected,1,1,False
BIN_2963079,wrapper,1,1,False
BIN_2963226,wrapper,1,1,False
BIN_2963784,wrapper,0,0,False
BIN_2964498,wrapper,1,1,False
BIN_2966542,wrapper,0,0,False
BIN_2968435,injected,1,1,False
BIN_2968556,injected,0,0,False
BIN_2969067,wrapper,0,0,False
BIN_2969545,wrapper,0,0,False
BIN_2969748,wrapper,1,1,False
BIN_2970501,injected,1,1,False
BIN_2971777,injected,1,1,False
BIN_2971865,wrapper,1,1,False
BIN_2972598,wrapper,0,0,False
BIN_2973675,wrapper,0,0,False
BIN_2973851,wrapper,0,0,False
BIN_2974416,wrapper,0,0,False
BIN_2974733,injected,0,0,False
BIN_2974842,wrapper,1,1,False
BIN_2975488,wrapper,0,0,False
BIN_2976032,wrapper,1,1,False
BIN_2976149,wrapper,0,0,False
BIN_2976944,injected,0,0,False
BIN_2977146,wrapper,0,0,False
BIN_2977724,wrapper,1,1,False
BIN_2978574,wrapper,1,1,False
BIN_2978658,injected,1,1,False
BIN_2979005,wrapper,1,1,False
BIN_2979352,wrapper,1,1,False
BIN_2979500,injected,0,0,False
BIN_2979563,wrapper,0,0,False
BIN_2980166,wrapper,1,1,False
BIN_2980423,injected,0,0,False
BIN_2980642,wrapper,0,0,False
BIN_2980801,injected,1,1,False
BIN_2981837,wrapper,1,1,False
BIN_2982623,injected,1,1,False
BIN_2983051,wrapper,1,1,False
BIN_2983277,wrapper,0,0,False
BIN_2983475,wrapper,0,0,False
BIN_2983749,wrapper,0,0,False
BIN_2984438,wrapper,0,0,False
BIN_2985506,wrapper,1,1,False
BIN_2985715,wrapper,1,1,False
BIN_2986145,wrapper,1,1,False
BIN_2986477,wrapper,1,1,False
BIN_2986889,injected,1,1,False
BIN_2987898,wrapper,1,1,False
BIN_2987913,wrapper,1,1,False
BIN_2988189,wrapper,1,1,False
BIN_2988229,injected,0,0,False
BIN_2988254,injected,1,1,False
BIN_2988610,wrapper,0,0,False
BIN_2989556,wrapper,0,0,False
BIN_2989803,injected,0,0,False
BIN_2990286,injected,0,0,False
BIN_2990376,wrapper,0,0,False
BIN_2990958,wrapper,0,0,False
BIN_2991691,wrapper,1,1,False
BIN_2991890,wrapper,1,1,False
BIN_2992155,injected,0,0,False
BIN_2992282,wrapper,0,0,False
BIN_2992738,wrapper,0,0,False
BIN_2993479,wrapper,0,0,False
BIN_2993499,wrapper,0,0,False
BIN_2994073,wrapper,0,0,False
BIN_2994192,wrapper,0,0,False
BIN_2995141,wrapper,1,1,False
BIN_2995262,wrapper,1,1,False
BIN_2997717,wrapper,0,0,False
BIN_2998764,wrapper,1,1,False
BIN_2998896,injected,1,1,False
BIN_2999804,wrapper,1,1,False
BIN_2999930,wrapper,1,1,False
BIN_3000171,wrapper,1,1,False
BIN_3001593,wrapper,1,1,False
BIN_3002722,injected,0,0,False
BIN_3004177,wrapper,1,1,False
BIN_3004229,wrapper,0,0,False
BIN_3004615,wrapper,1,1,False
BIN_3005802,injected,0,0,False
BIN_3006966,injected,0,0,False
BIN_3007090,injected,1,1,False
BIN_3007564,wrapper,1,1,False
BIN_3008862,wrapper,0,0,False
BIN_3010047,injected,1,1,False
BIN_3010570,injected,0,0,False
BIN_3011267,wrapper,1,1,False
BIN_3011376,wrapper,1,1,False
BIN_3011534,injected,1,1,False
BIN_3011850,wrapper,1,1,False
BIN_3011941,wrapper,0,0,False
BIN_3012691,wrapper,0,0,False
BIN_3012821,wrapper,1,1,False
BIN_3013077,wrapper,0,0,False
BIN_3013397,wrapper,1,1,False
BIN_3013884,wrapper,0,0,False
BIN_3013942,injected,1,1,False
BIN_3015484,injected,1,1,False
BIN_3015734,wrapper,1,1,False
BIN_3015987,wrapper,1,1,False
BIN_3016107,wrapper,1,1,False
BIN_3017727,wrapper,0,0,False
BIN_3017814,wrapper,0,0,False
BIN_3018194,wrapper,0,0,False
BIN_3018438,wrapper,0,0,False
BIN_3018742,injected,0,0,False
BIN_3018764,wrapper,0,0,False
BIN_3019148,injected,1,1,False
BIN_3021059,wrapper,1,1,False
BIN_3022022,wrapper,0,0,False
BIN_3022083,wrapper,1,1,False
BIN_3022144,injected,0,0,False
BIN_3022593,injected,0,0,False
BIN_3024391,wrapper,0,0,False
BIN_3025091,wrapper,0,0,False
BIN_3025552,injected,0,0,False
BIN_3025596,wrapper,1,1,False
BIN_3028936,wrapper,0,0,False
BIN_3029552,injected,0,0,False
BIN_3030401,wrapper,1,1,False
BIN_3030802,wrapper,0,0,False
BIN_3030887,injected,1,1,False
BIN_3031201,injected,1,1,False
BIN_3031204,injected,1,1,False
BIN_3031223,wrapper,0,0,False
BIN_3032432,injected,0,0,False
BIN_3032472,wrapper,1,1,False
BIN_3032765,wrapper,1,1,False
BIN_3033371,injected,1,1,False
BIN_3033413,wrapper,0,0,False
BIN_3035187,injected,0,0,False
BIN_3036822,wrapper,0,0,False
BIN_3036984,injected,1,1,False
BIN_3038241,wrapper,0,0,False
BIN_3038383,wrapper,0,0,False
BIN_3039998,wrapper,1,1,False
BIN_3040126,injected,1,1,False
BIN_3041270,wrapper,1,1,False
BIN_3044612,wrapper,0,0,False
BIN_3044711,wrapper,0,0,False
BIN_3045810,wrapper,1,1,False
BIN_3045841,injected,0,0,False
BIN_3046011,wrapper,0,0,False
BIN_3047192,wrapper,1,1,False
BIN_3047363,wrapper,1,1,False
BIN_3047468,wrapper,1,1,False
BIN_3049136,wrapper,1,1,False
BIN_3049516,injected,1,1,False
BIN_3053989,wrapper,0,0,False
BIN_3054023,wrapper,0,0,False
BIN_3054231,injected,0,0,False
BIN_3054853,wrapper,1,1,False
BIN_3054866,injected,0,0,False
BIN_3055050,injected,1,1,False
BIN_3055334,wrapper,0,0,False
BIN_3055601,wrapper,0,0,False
BIN_3056306,wrapper,0,0,False
BIN_3056910,injected,0,0,False
BIN_3057925,wrapper,0,0,False
BIN_3058472,injected,0,0,False
BIN_3058507,wrapper,0,0,False
BIN_3058648,wrapper,0,0,False
BIN_3058911,wrapper,0,0,False
BIN_3059000,wrapper,0,0,False
BIN_3059054,wrapper,0,0,False
BIN_3059069,wrapper,1,1,False
BIN_3059086,wrapper,0,0,False
BIN_3060207,wrapper,1,1,False
BIN_3060276,injected,1,1,False
BIN_3060935,wrapper,1,1,False
BIN_3060991,injected,0,0,False
BIN_3061085,wrapper,1,1,False
BIN_3061157,wrapper,1,1,False
BIN_3062148,injected,1,1,False
BIN_3062195,injected,0,0,False
BIN_3062294,injected,1,1,False
BIN_3062340,wrapper,0,0,False
BIN_3062362,injected,0,0,False
BIN_3062364,injected,0,0,False
BIN_3062969,wrapper,0,0,False
BIN_3063207,injected,1,1,False
BIN_3063465,wrapper,1,1,False
BIN_3064238,injected,1,1,False
BIN_3066148,wrapper,0,0,False
BIN_3066229,wrapper,1,1,False
BIN_3067406,wrapper,0,0,False
BIN_3068179,injected,1,1,False
BIN_3068901,injected,1,1,False
BIN_3070410,injected,0,0,False
BIN_3070694,injected,0,0,False
BIN_3071837,injected,0,0,False
BIN_3071991,wrapper,1,1,False
BIN_3072379,wrapper,0,0,False
BIN_3072410,injected,1,1,False
BIN_3073719,wrapper,1,1,False
BIN_3073769,wrapper,0,0,False
BIN_3074124,wrapper,1,1,False
BIN_3074242,wrapper,0,0,False
BIN_3074323,wrapper,1,1,False
BIN_3074556,wrapper,0,0,False
BIN_3074915,wrapper,0,0,False
BIN_3075281,wrapper,1,1,False
BIN_3075811,wrapper,1,1,False
BIN_3077535,injected,1,1,False
BIN_3078490,injected,0,0,False
BIN_3078589,wrapper,1,1,False
BIN_3079552,wrapper,0,0,False
BIN_3079863,wrapper,1,1,False
BIN_3080137,wrapper,1,1,False
BIN_3080267,wrapper,1,1,False
BIN_3082379,wrapper,0,0,False
BIN_3082456,injected,1,1,False
BIN_3083079,wrapper,0,0,False
BIN_3083913,wrapper,0,0,False
BIN_3084346,wrapper,0,0,False
BIN_3084909,injected,0,0,False
BIN_3085539,wrapper,1,1,False
BIN_3086100,wrapper,0,0,False
BIN_3086177,injected,0,0,False
BIN_3089573,wrapper,1,1,False
BIN_3089737,injected,1,1,False
BIN_3090296,wrapper,0,0,False
BIN_3091674,injected,1,1,False
BIN_3092067,wrapper,1,1,False
BIN_3092227,wrapper,1,1,False
BIN_3094521,injected,1,1,False
BIN_3097047,injected,0,0,False
BIN_3097336,wrapper,0,0,False
BIN_3097558,wrapper,1,1,False
BIN_3098203,wrapper,1,1,False
BIN_3098238,injected,0,0,False
BIN_3098304,wrapper,0,0,False
BIN_3099708,injected,0,0,False
BIN_3100901,wrapper,1,1,False
BIN_3101672,wrapper,1,1,False
BIN_3102318,wrapper,1,1,False
BIN_3102501,injected,0,0,False
BIN_3102642,wrapper,1,1,False
BIN_3102868,injected,1,1,False
BIN_3103055,wrapper,1,1,False
BIN_3103131,injected,0,0,False
BIN_3103761,injected,0,0,False
BIN_3104166,injected,0,0,False
BIN_3104394,injected,1,1,False
BIN_3104876,wrapper,1,1,False
BIN_3105523,wrapper,1,1,False
BIN_3105581,injected,0,0,False
BIN_3105813,wrapper,0,0,False
BIN_3106388,wrapper,1,1,False
BIN_3106955,injected,1,1,False
BIN_3107319,injected,0,0,False
BIN_3107469,wrapper,0,0,False
BIN_3107783,wrapper,1,1,False
BIN_3109173,injected,1,1,False
BIN_3109614,wrapper,0,0,False
BIN_3110681,wrapper,0,0,False
BIN_3112150,injected,1,1,False
BIN_3112542,wrapper,1,1,False
BIN_3112801,wrapper,1,1,False
BIN_3113261,wrapper,1,1,False
BIN_3113263,wrapper,1,1,False
BIN_3113369,wrapper,1,1,False
BIN_3113447,wrapper,1,1,False
BIN_3116422,wrapper,0,0,False
BIN_3117023,wrapper,1,1,False
BIN_3117242,wrapper,1,1,False
BIN_3118497,wrapper,1,1,False
BIN_3119853,wrapper,1,1,False
BIN_3120314,injected,0,0,False
BIN_3121049,wrapper,0,0,False
BIN_3123058,wrapper,0,0,False
BIN_3123535,wrapper,1,1,False
BIN_3125354,wrapper,0,0,False
BIN_3126282,injected,0,0,False
BIN_3126364,injected,1,1,False
BIN_3127213,wrapper,0,0,False
BIN_3128869,wrapper,0,0,False
BIN_3129080,injected,0,0,False
BIN_3129337,wrapper,0,0,False
BIN_3131424,wrapper,1,1,False
BIN_3131543,wrapper,0,0,False
BIN_3131960,injected,1,1,False
BIN_3132648,wrapper,0,0,False
BIN_3133944,injected,1,1,False
BIN_3134439,wrapper,1,1,False
BIN_3134875,wrapper,0,0,False
BIN_3134962,wrapper,1,1,False
BIN_3135851,wrapper,1,1,False
BIN_3136191,wrapper,0,0,False
BIN_3136359,wrapper,1,1,False
BIN_3136931,wrapper,0,0,False
BIN_3138248,wrapper,1,1,False
BIN_3138622,injected,0,0,False
BIN_3138732,wrapper,1,1,False
BIN_3139309,wrapper,0,0,False
BIN_3139407,wrapper,1,1,False
BIN_3139557,injected,0,0,False
BIN_3140614,wrapper,0,0,False
BIN_3140837,wrapper,1,1,False
BIN_3140978,injected,0,0,False
BIN_3141121,wrapper,0,0,False
BIN_3141823,wrapper,0,0,False
BIN_3142964,injected,0,0,False
BIN_3144392,injected,1,1,False
BIN_3145642,injected,1,1,False
BIN_3145701,wrapper,0,0,False
BIN_3145731,wrapper,0,0,False
BIN_3146116,injected,0,0,False
BIN_3146957,injected,0,0,False
BIN_3147276,injected,1,1,False
BIN_3147380,wrapper,0,0,False
BIN_3147982,wrapper,1,1,False
BIN_3148123,injected,1,1,False
BIN_3148234,wrapper,0,0,False
BIN_3151461,injected,1,1,False
BIN_3152145,wrapper,1,1,False
BIN_3153445,wrapper,1,1,False
BIN_3154259,wrapper,0,0,False
BIN_3154381,injected,1,1,False
BIN_3154837,wrapper,0,0,False
BIN_3154984,injected,1,1,False
BIN_3156258,wrapper,0,0,False
BIN_3156700,wrapper,0,0,False
BIN_3156859,wrapper,1,1,False
BIN_3157245,wrapper,0,0,False
BIN_3157352,injected,0,0,False
BIN_3158210,wrapper,1,1,False
BIN_3159166,wrapper,0,0,False
BIN_3159909,wrapper,1,1,False
BIN_3160139,injected,0,0,False
BIN_3161535,injected,0,0,False
BIN_3161640,wrapper,1,1,False
BIN_3161859,wrapper,0,0,False
BIN_3162863,wrapper,0,0,False
BIN_3164486,wrapper,0,0,False
BIN_3164540,wrapper,0,0,False
BIN_3164716,wrapper,0,0,False
BIN_3165857,wrapper,0,0,False
BIN_3166292,wrapper,1,1,False
BIN_3166405,wrapper,1,1,False
BIN_3166464,injected,0,0,False
BIN_3166892,injected,1,1,False
BIN_3167557,wrapper,1,1,False
BIN_3168084,wrapper,0,0,False
BIN_3168177,wrapper,1,1,False
BIN_3168427,wrapper,0,0,False
BIN_3168496,wrapper,0,0,False
BIN_3169722,wrapper,1,1,False
BIN_3170026,injected,1,1,False
BIN_3170303,wrapper,0,0,False
BIN_3170792,wrapper,0,0,False
BIN_3171178,injected,0,0,False
BIN_3171938,wrapper,1,1,False
BIN_3171970,injected,0,0,False
BIN_3172804,wrapper,1,1,False
BIN_3173246,injected,1,1,False
BIN_3173341,wrapper,1,1,False
BIN_3174326,wrapper,1,1,False
BIN_3174760,injected,1,1,False
BIN_3175447,wrapper,0,0,False
BIN_3175472,wrapper,0,0,False
BIN_3177037,wrapper,1,1,False
BIN_3177157,injected,1,1,False
BIN_3177555,injected,1,1,False
BIN_3177662,wrapper,0,0,False
BIN_3177723,wrapper,0,0,False
BIN_3179113,wrapper,0,0,False
BIN_3179201,wrapper,0,0,False
BIN_3179869,wrapper,1,1,False
BIN_3180218,wrapper,0,0,False
BIN_3180611,wrapper,0,0,False
BIN_3182593,wrapper,1,1,False
BIN_3182673,wrapper,0,0,False
BIN_3182711,wrapper,0,0,False
BIN_3182802,wrapper,0,0,False
BIN_3183882,injected,1,1,False
BIN_3184304,wrapper,1,1,False
BIN_3184607,injected,1,1,False
BIN_3185059,wrapper,1,1,False
BIN_3185473,wrapper,0,0,False
BIN_3185769,injected,0,0,False
BIN_3186268,wrapper,1,1,False
BIN_3187824,wrapper,1,1,False
BIN_3188108,wrapper,0,0,False
BIN_3188183,wrapper,1,1,False
BIN_3188476,wrapper,1,1,False
BIN_3190379,injected,1,1,False
BIN_3190481,wrapper,1,1,False
BIN_3191176,wrapper,0,0,False
BIN_3191253,wrapper,1,1,False
BIN_3192900,wrapper,1,1,False
BIN_3195182,wrapper,0,0,False
BIN_3195669,wrapper,1,1,False
BIN_3196734,wrapper,0,0,False
BIN_3198010,injected,1,1,False
BIN_3199500,wrapper,1,1,False
BIN_3199603,injected,0,0,False
BIN_3200094,wrapper,0,0,False
BIN_3201540,wrapper,1,1,False
BIN_3202171,wrapper,1,1,False
BIN_3202379,wrapper,0,0,False
BIN_3202684,wrapper,1,1,False
BIN_3202698,injected,0,0,False
BIN_3202908,injected,0,0,False
BIN_3203351,injected,1,1,False
BIN_3203409,wrapper,0,0,False
BIN_3203440,wrapper,0,0,False
BIN_3203681,injected,1,1,False
BIN_3204026,injected,0,0,False
BIN_3204189,injected,0,0,False
BIN_3205616,injected,1,1,False
BIN_3206824,wrapper,1,1,False
BIN_3207572,wrapper,1,1,False
BIN_3207750,wrapper,0,0,False
BIN_3208461,injected,1,1,False
BIN_3209769,wrapper,1,1,False
BIN_3210105,injected,1,1,False
BIN_3210263,wrapper,0,0,False
BIN_3210411,injected,0,0,False
BIN_3211121,injected,0,0,False
BIN_3211167,wrapper,0,0,False
BIN_3211310,wrapper,1,1,False
BIN_3211732,wrapper,1,1,False
BIN_3211826,wrapper,1,1,False
BIN_3211981,wrapper,0,0,False
BIN_3212717,wrapper,1,1,False
BIN_3213376,wrapper,1,1,False
BIN_3213481,injected,0,0,False
BIN_3213918,wrapper,1,1,False
BIN_3215342,wrapper,1,1,False
BIN_3217626,injected,1,1,False
BIN_3217968,injected,1,1,False
BIN_3218404,wrapper,1,1,False
BIN_3218425,wrapper,1,1,False
BIN_3218664,wrapper,0,0,False
BIN_3219500,wrapper,0,0,False
BIN_3222314,wrapper,0,0,False
BIN_3222407,wrapper,1,1,False
BIN_3223135,wrapper,1,1,False
BIN_3223386,wrapper,1,1,False
BIN_3224140,wrapper,0,0,False
BIN_3224866,wrapper,1,1,False
BIN_3225805,injected,1,1,False
BIN_3226975,injected,1,1,False
BIN_3227599,injected,1,1,False
BIN_3228938,wrapper,1,1,False
BIN_3230575,wrapper,1,1,False
BIN_3231372,injected,1,1,False
BIN_3231572,wrapper,1,1,False
BIN_3231760,wrapper,0,0,False
BIN_3232665,wrapper,1,1,False
BIN_3232803,injected,1,1,False
BIN_3233227,injected,1,1,False
BIN_3233392,wrapper,0,0,False
BIN_3233720,injected,1,1,False
BIN_3234576,injected,0,0,False
BIN_3235236,wrapper,1,1,False
BIN_3236011,wrapper,0,0,False
BIN_3236309,injected,1,1,False
BIN_3237107,wrapper,0,0,False
BIN_3237396,injected,1,1,False
BIN_3238900,wrapper,0,0,False
BIN_3238912,wrapper,0,0,False
BIN_3239130,wrapper,1,1,False
BIN_3239724,wrapper,0,0,False
BIN_3240250,wrapper,0,0,False
BIN_3241014,wrapper,0,0,False
BIN_3242413,injected,1,1,False
BIN_3243134,injected,1,1,False
BIN_3243183,wrapper,0,0,False
BIN_3243290,wrapper,1,1,False
BIN_3243587,wrapper,0,0,False
BIN_3243857,wrapper,0,0,False
BIN_3244752,wrapper,1,1,False
BIN_3244756,wrapper,1,1,False
BIN_3245040,injected,0,0,False
BIN_3245404,wrapper,1,1,False
BIN_3245732,wrapper,0,0,False
BIN_3246147,wrapper,0,0,False
BIN_3246269,wrapper,1,1,False
BIN_3246912,wrapper,1,1,False
BIN_3246951,injected,1,1,False
BIN_3248150,injected,1,1,False
BIN_3248395,wrapper,1,1,False
BIN_3248480,injected,0,0,False
BIN_3248792,wrapper,1,1,False
BIN_3248849,wrapper,0,0,False
BIN_3251122,wrapper,1,1,False
BIN_3251880,injected,1,1,False
BIN_3252232,injected,0,0,False
BIN_3252462,wrapper,0,0,False
BIN_3253447,wrapper,0,0,False
BIN_3255186,wrapper,1,1,False
BIN_3257815,injected,1,1,False
BIN_3258342,wrapper,1,1,False
BIN_3259129,injected,0,0,False
BIN_3259198,injected,0,0,False
BIN_3260515,wrapper,0,0,False
BIN_3261896,wrapper,0,0,False
BIN_3261964,wrapper,1,1,False
BIN_3262484,injected,1,1,False
BIN_3262946,wrapper,1,1,False
BIN_3264005,wrapper,0,0,False
BIN_3264648,wrapper,0,0,False
BIN_3264798,wrapper,1,1,False
BIN_3266444,wrapper,0,0,False
BIN_3267897,wrapper,0,0,False
BIN_3268253,wrapper,1,1,False
BIN_3268313,injected,0,0,False
BIN_3268869,wrapper,1,1,False
BIN_3269133,wrapper,1,1,False
BIN_3269246,injected,0,0,False
BIN_3269269,injected,0,0,False
BIN_3269500,wrapper,0,0,False
BIN_3270162,wrapper,1,1,False
BIN_3270381,injected,1,1,False
BIN_3270995,wrapper,0,0,False
BIN_3272067,wrapper,0,0,False
BIN_3272435,wrapper,0,0,False
BIN_3272447,wrapper,0,0,False
BIN_3272975,wrapper,1,1,False
BIN_3273022,wrapper,1,1,False
BIN_3273124,wrapper,0,0,False
BIN_3273317,wrapper,0,0,False
BIN_3273414,wrapper,1,1,False
BIN_3273918,injected,0,0,False
BIN_3274635,injected,0,0,False
BIN_3275408,wrapper,0,0,False
BIN_3275436,wrapper,1,1,False
BIN_3275480,wrapper,1,1,False
BIN_3278358,injected,0,0,False
BIN_3278789,wrapper,1,1,False
BIN_3279426,injected,0,0,False
BIN_3279475,injected,1,1,False
BIN_3280209,injected,1,1,False
BIN_3281546,wrapper,1,1,False
BIN_3281821,wrapper,0,0,False
BIN_3282292,wrapper,0,0,False
BIN_3283019,wrapper,1,1,False
BIN_3283023,wrapper,1,1,False
BIN_3283689,wrapper,1,1,False
BIN_3286255,wrapper,0,0,False
BIN_3287902,wrapper,0,0,False
BIN_3288147,injected,0,0,False
BIN_3288208,injected,1,1,False
BIN_3288461,wrapper,0,0,False
BIN_3288796,wrapper,0,0,False
BIN_3288846,injected,1,1,False
BIN_3289801,wrapper,1,1,False
BIN_3290336,injected,1,1,False
BIN_3290575,wrapper,1,1,False
BIN_3290604,injected,1,1,False
BIN_3291913,injected,1,1,False
BIN_3292863,injected,0,0,False
BIN_3293263,wrapper,0,0,False
BIN_3293491,injected,0,0,False
BIN_3293698,injected,0,0,False
BIN_3296019,wrapper,1,1,False
BIN_3296563,wrapper,1,1,False
BIN_3297563,wrapper,1,1,False
BIN_3297748,wrapper,0,0,False
BIN_3298533,wrapper,0,0,False
BIN_3298826,wrapper,0,0,False
BIN_3299079,wrapper,1,1,False
BIN_3299593,injected,1,1,False
BIN_3299617,wrapper,1,1,False
BIN_3300588,wrapper,0,0,False
BIN_3301023,wrapper,1,1,False
BIN_3301108,injected,0,0,False
BIN_3301252,wrapper,0,0,False
BIN_3302160,wrapper,0,0,False
BIN_3302619,injected,1,1,False
BIN_3302688,injected,1,1,False
BIN_3302761,wrapper,1,1,False
BIN_3305618,wrapper,1,1,False
BIN_3305936,wrapper,0,0,False
BIN_3305998,wrapper,0,0,False
BIN_3306296,wrapper,1,1,False
BIN_3306319,injected,1,1,False
BIN_3306805,injected,1,1,False
BIN_3307202,injected,1,1,False
BIN_3308053,wrapper,0,0,False
BIN_3308686,wrapper,1,1,False
BIN_3308859,injected,1,1,False
BIN_3308908,injected,1,1,False
BIN_3308918,wrapper,0,0,False
BIN_3309185,injected,1,1,False
BIN_3309385,wrapper,0,0,False
BIN_3309655,wrapper,0,0,False
BIN_3309890,wrapper,0,0,False
BIN_3310196,wrapper,0,0,False
BIN_3310566,injected,1,1,False
BIN_3310947,wrapper,1,1,False
BIN_3310952,wrapper,1,1,False
BIN_3311928,wrapper,1,1,False
BIN_3313074,injected,0,0,False
BIN_3314643,injected,0,0,False
BIN_3314868,wrapper,1,1,False
BIN_3315713,wrapper,1,1,False
BIN_3317861,wrapper,0,0,False
BIN_3317957,wrapper,1,1,False
BIN_3319375,injected,1,1,False
BIN_3319423,injected,0,0,False
BIN_3319598,injected,1,1,False
BIN_3319848,injected,1,1,False
BIN_3319894,wrapper,0,0,False
BIN_3320121,injected,1,1,False
BIN_3320129,injected,1,1,False
BIN_3320165,wrapper,1,1,False
BIN_3320342,wrapper,0,0,False
BIN_3320601,injected,1,1,False
BIN_3321564,wrapper,0,0,False
BIN_3321701,wrapper,1,1,False
BIN_3321726,injected,1,1,False
BIN_3322147,wrapper,0,0,False
BIN_3322226,wrapper,0,0,False
BIN_3323068,injected,0,0,False
BIN_3323448,injected,1,1,False
BIN_3325186,injected,1,1,False
BIN_3326216,injected,1,1,False
BIN_3326663,wrapper,0,0,False
BIN_3326688,injected,0,0,False
BIN_3327768,injected,1,1,False
BIN_3329458,wrapper,1,1,False
BIN_3330125,wrapper,0,0,False
BIN_3332355,wrapper,1,1,False
BIN_3332885,wrapper,0,0,False
BIN_3333591,injected,0,0,False
BIN_3333807,wrapper,1,1,False
BIN_3333901,wrapper,0,0,False
BIN_3334099,injected,0,0,False
BIN_3335293,wrapper,1,1,False
BIN_3336275,wrapper,0,0,False
BIN_3336443,injected,1,1,False
BIN_3336655,wrapper,1,1,False
BIN_3337207,wrapper,0,0,False
BIN_3337345,injected,1,1,False
BIN_3338604,wrapper,1,1,False
BIN_3340015,wrapper,1,1,False
BIN_3340214,wrapper,1,1,False
BIN_3340556,wrapper,1,1,False
BIN_3340621,wrapper,0,0,False
BIN_3341437,wrapper,1,1,False
BIN_3342493,wrapper,1,1,False
BIN_3342730,wrapper,1,1,False
BIN_3343757,injected,1,1,False
BIN_3344002,injected,0,0,False
BIN_3344504,wrapper,0,0,False
BIN_3344516,wrapper,1,1,False
BIN_3344599,wrapper,1,1,False
BIN_3344876,wrapper,1,1,False
BIN_3345525,wrapper,1,1,False
BIN_3345608,injected,0,0,False
BIN_3345810,wrapper,0,0,False
BIN_3346315,wrapper,0,0,False
BIN_3346465,injected,1,1,False
BIN_3348062,wrapper,1,1,False
BIN_3349101,injected,1,1,False
BIN_3349271,wrapper,1,1,False
BIN_3349317,injected,0,0,False
BIN_3349489,injected,0,0,False
BIN_3350665,injected,1,1,False
BIN_3350844,injected,1,1,False
BIN_3351981,wrapper,1,1,False
BIN_3352266,wrapper,0,0,False
BIN_3353225,wrapper,0,0,False
BIN_3353368,wrapper,1,1,False
BIN_3353593,injected,0,0,False
BIN_3354490,wrapper,0,0,False
BIN_3354976,injected,0,0,False
BIN_3356334,injected,0,0,False
BIN_3357083,wrapper,0,0,False
BIN_3357538,wrapper,1,1,False
BIN_3357864,injected,0,0,False
BIN_3357940,injected,0,0,False
BIN_3358330,wrapper,1,1,False
BIN_3358332,wrapper,1,1,False
BIN_3358597,wrapper,1,1,False
BIN_3359141,wrapper,0,0,False
BIN_3359176,wrapper,0,0,False
BIN_3359243,wrapper,0,0,False
BIN_3360286,wrapper,0,0,False
BIN_3360525,injected,1,1,False
BIN_3361601,injected,0,0,False
BIN_3361722,wrapper,0,0,False
BIN_3362381,wrapper,1,1,False
BIN_3362510,injected,0,0,False
BIN_3363279,wrapper,0,0,False
BIN_3363783,injected,1,1,False
BIN_3364027,wrapper,0,0,False
BIN_3365866,wrapper,0,0,False
BIN_3366168,wrapper,0,0,False
BIN_3366489,wrapper,0,0,False
BIN_3366660,wrapper,1,1,False
BIN_3371568,wrapper,0,0,False
BIN_3372149,wrapper,0,0,False
BIN_3372378,wrapper,0,0,False
BIN_3372485,injected,0,0,False
BIN_3372649,wrapper,0,0,False
BIN_3372935,injected,0,0,False
BIN_3374532,wrapper,0,0,False
BIN_3375788,wrapper,1,1,False
BIN_3375790,injected,0,0,False
BIN_3377057,injected,0,0,False
BIN_3378126,wrapper,0,0,False
BIN_3378325,injected,1,1,False
BIN_3381178,wrapper,1,1,False
BIN_3381350,injected,0,0,False
BIN_3381553,wrapper,0,0,False
BIN_3382522,injected,1,1,False
BIN_3383091,injected,0,0,False
BIN_3383374,wrapper,1,1,False
BIN_3383463,wrapper,1,1,False
BIN_3385379,injected,0,0,False
BIN_3385423,wrapper,1,1,False
BIN_3385849,wrapper,0,0,False
BIN_3386061,wrapper,1,1,False
BIN_3386546,injected,0,0,False
BIN_3386694,wrapper,1,1,False
BIN_3387287,wrapper,0,0,False
BIN_3387471,injected,0,0,False
BIN_3388092,wrapper,1,1,False
BIN_3389127,wrapper,1,1,False
BIN_3389139,injected,1,1,False
BIN_3389200,wrapper,1,1,False
BIN_3393489,wrapper,1,1,False
BIN_3394145,wrapper,1,1,False
BIN_3396927,wrapper,1,1,False
BIN_3397481,wrapper,0,0,False
BIN_3397856,injected,0,0,False
BIN_3398353,wrapper,1,1,False
BIN_3398864,injected,0,0,False
BIN_3399806,wrapper,1,1,False
BIN_3401067,injected,1,1,False
BIN_3401441,wrapper,1,1,False
BIN_3402078,wrapper,1,1,False
BIN_3402558,wrapper,0,0,False
BIN_3402958,wrapper,0,0,False
BIN_3404597,wrapper,1,1,False
BIN_3405465,injected,0,0,False
BIN_3406451,wrapper,0,0,False
BIN_3406492,injected,1,1,False
BIN_3406587,injected,0,0,False
BIN_3408001,wrapper,0,0,False
BIN_3408003,wrapper,0,0,False
BIN_3408766,wrapper,0,0,False
BIN_3409182,wrapper,0,0,False
BIN_3410037,wrapper,0,0,False
BIN_3410597,injected,0,0,False
BIN_3410992,injected,1,1,False
BIN_3411236,wrapper,1,1,False
BIN_3411308,wrapper,0,0,False
BIN_3411315,wrapper,1,1,False
BIN_3411663,wrapper,0,0,False
BIN_3412602,wrapper,1,1,False
BIN_3412623,injected,0,0,False
BIN_3413391,wrapper,1,1,False
BIN_3414184,wrapper,0,0,False
BIN_3414540,wrapper,1,1,False
BIN_3415321,wrapper,0,0,False
BIN_3416127,wrapper,0,0,False
BIN_3417641,wrapper,1,1,False
BIN_3418873,wrapper,0,0,False
BIN_3419829,wrapper,1,1,False
BIN_3419861,wrapper,0,0,False
BIN_3420252,wrapper,0,0,False
BIN_3420755,wrapper,0,0,False
BIN_3421805,injected,1,1,False
BIN_3422049,injected,1,1,False
BIN_3422897,wrapper,1,1,False
BIN_3422902,injected,1,1,False
BIN_3422928,injected,1,1,False
BIN_3423135,wrapper,1,1,False
BIN_3424938,wrapper,0,0,False
BIN_3425234,injected,1,1,False
BIN_3425289,wrapper,1,1,False
BIN_3425339,injected,0,0,False
BIN_3425343,wrapper,0,0,False
BIN_3425535,injected,1,1,False
BIN_3425616,wrapper,1,1,False
BIN_3425918,wrapper,1,1,False
BIN_3426552,wrapper,1,1,False
BIN_3427622,injected,0,0,False
BIN_3428980,wrapper,0,0,False
BIN_3429859,wrapper,1,1,False
BIN_3429939,wrapper,0,0,False
BIN_3431841,injected,1,1,False
BIN_3431858,wrapper,0,0,False
BIN_3432019,wrapper,0,0,False
BIN_3432704,wrapper,0,0,False
BIN_3433587,wrapper,1,1,False
BIN_3434498,wrapper,1,1,False
BIN_3437182,wrapper,0,0,False
BIN_3437870,injected,1,1,False
BIN_3437965,injected,0,0,False
BIN_3438216,wrapper,1,1,False
BIN_3438342,wrapper,0,0,False
BIN_3438361,wrapper,1,1,False
BIN_3439130,wrapper,0,0,False
BIN_3440784,wrapper,1,1,False
BIN_3440902,wrapper,1,1,False
BIN_3440959,injected,1,1,False
BIN_3441486,wrapper,0,0,False
BIN_3441783,wrapper,0,0,False
BIN_3442037,wrapper,0,0,False
BIN_3442812,wrapper,0,0,False
BIN_3443394,injected,1,1,False
BIN_3444005,wrapper,1,1,False
BIN_3444322,wrapper,0,0,False
BIN_3446107,injected,1,1,False
BIN_3446952,wrapper,1,1,False
BIN_3447105,injected,0,0,False
BIN_3447106,wrapper,1,1,False
BIN_3448353,wrapper,1,1,False
BIN_3449224,wrapper,1,1,False
BIN_3449510,wrapper,0,0,False
BIN_3450085,injected,1,1,False
BIN_3451362,wrapper,0,0,False
BIN_3452497,wrapper,1,1,False
BIN_3452538,wrapper,1,1,False
BIN_3453553,wrapper,0,0,False
BIN_3454682,wrapper,1,1,False
BIN_3455381,wrapper,0,0,False
BIN_3455400,wrapper,0,0,False
BIN_3455945,wrapper,0,0,False
BIN_3456083,wrapper,0,0,False
BIN_3456212,wrapper,0,0,False
BIN_3457567,wrapper,1,1,False
BIN_3457731,wrapper,0,0,False
BIN_3458425,wrapper,0,0,False
BIN_3458623,wrapper,1,1,False
BIN_3458736,wrapper,0,0,False
BIN_3459811,wrapper,0,0,False
BIN_3460175,wrapper,1,1,False
BIN_3460219,wrapper,1,1,False
BIN_3461274,wrapper,1,1,False
BIN_3461297,wrapper,0,0,False
BIN_3461781,wrapper,1,1,False
BIN_3461965,wrapper,1,1,False
BIN_3462146,injected,1,1,False
BIN_3462691,injected,0,0,False
BIN_3462698,injected,1,1,False
BIN_3462709,injected,1,1,False
BIN_3462759,wrapper,0,0,False
BIN_3463646,injected,0,0,False
BIN_3464380,injected,0,0,False
BIN_3464683,wrapper,0,0,False
BIN_3464687,wrapper,1,1,False
BIN_3464773,wrapper,0,0,False
BIN_3465183,wrapper,0,0,False
BIN_3465499,wrapper,0,0,False
BIN_3465594,wrapper,1,1,False
BIN_3465705,wrapper,0,0,False
BIN_3466288,injected,1,1,False
BIN_3467054,wrapper,1,1,False
BIN_3467499,wrapper,0,0,False
BIN_3467976,wrapper,1,1,False
BIN_3468401,wrapper,0,0,False
BIN_3469466,wrapper,1,1,False
BIN_3469544,wrapper,1,1,False
BIN_3471242,injected,0,0,False
BIN_3471867,wrapper,0,0,False
BIN_3472690,wrapper,0,0,False
BIN_3474144,injected,1,1,False
BIN_3474176,wrapper,1,1,False
BIN_3474378,injected,1,1,False
BIN_3474718,wrapper,1,1,False
BIN_3474860,wrapper,0,0,False
BIN_3475990,wrapper,0,0,False
BIN_3476054,injected,1,1,False
BIN_3477838,wrapper,0,0,False
BIN_3478332,injected,0,0,False
BIN_3478540,wrapper,0,0,False
BIN_3478639,wrapper,1,1,False
BIN_3478711,wrapper,0,0,False
BIN_3478932,injected,1,1,False
BIN_3479571,injected,1,1,False
BIN_3479717,wrapper,1,1,False
BIN_3480222,injected,1,1,False
BIN_3480483,wrapper,1,1,False
BIN_3481103,wrapper,1,1,False
BIN_3481555,wrapper,0,0,False
BIN_3481749,wrapper,1,1,False
BIN_3482819,wrapper,1,1,False
BIN_3483638,injected,0,0,False
BIN_3483825,wrapper,1,1,False
BIN_3483898,injected,0,0,False
BIN_3483959,injected,1,1,False
BIN_3485354,injected,1,1,False
BIN_3485588,wrapper,0,0,False
BIN_3486487,wrapper,0,0,False
BIN_3487286,injected,0,0,False
BIN_3487807,wrapper,1,1,False
BIN_3488048,wrapper,1,1,False
BIN_3488227,wrapper,0,0,False
BIN_3488458,injected,0,0,False
BIN_3488991,wrapper,0,0,False
BIN_3489414,wrapper,0,0,False
BIN_3489992,wrapper,1,1,False
BIN_3491679,wrapper,0,0,False
BIN_3491828,injected,1,1,False
BIN_3492323,wrapper,0,0,False
BIN_3492460,wrapper,0,0,False
BIN_3492691,wrapper,0,0,False
BIN_3492848,wrapper,1,1,False
BIN_3493511,injected,0,0,False
BIN_3493818,wrapper,1,1,False
BIN_3495136,injected,1,1,False
BIN_3496814,injected,1,1,False
BIN_3497184,wrapper,0,0,False
BIN_3497550,wrapper,1,1,False
BIN_3498049,wrapper,0,0,False
BIN_3500206,injected,0,0,False
BIN_3500582,wrapper,1,1,False
BIN_3501604,wrapper,0,0,False
BIN_3502481,wrapper,0,0,False
BIN_3504271,injected,0,0,False
BIN_3504288,wrapper,1,1,False
BIN_3505170,injected,1,1,False
BIN_3505413,wrapper,0,0,False
BIN_3505470,wrapper,1,1,False
BIN_3505631,wrapper,0,0,False
BIN_3505643,injected,0,0,False
BIN_3505972,injected,0,0,False
BIN_3507585,injected,0,0,False
BIN_3507892,injected,1,1,False
BIN_3508083,wrapper,1,1,False
BIN_3508446,wrapper,0,0,False
BIN_3508922,injected,1,1,False
BIN_3509257,wrapper,1,1,False
BIN_3509281,injected,1,1,False
BIN_3511166,wrapper,1,1,False
BIN_3511252,wrapper,1,1,False
BIN_3511497,wrapper,0,0,False
BIN_3512571,injected,0,0,False
BIN_3514708,wrapper,0,0,False
BIN_3516264,wrapper,1,1,False
BIN_3516910,wrapper,0,0,False
BIN_3517620,injected,0,0,False
BIN_3518597,wrapper,1,1,False
BIN_3519925,wrapper,0,0,False
BIN_3520057,wrapper,1,1,False
BIN_3520248,wrapper,0,0,False
BIN_3520616,injected,1,1,False
BIN_3521452,injected,0,0,False
BIN_3522777,injected,1,1,False
BIN_3523135,wrapper,1,1,False
BIN_3523861,injected,0,0,False
BIN_3523955,injected,1,1,False
BIN_3524983,injected,0,0,False
BIN_3525800,wrapper,1,1,False
BIN_3526169,wrapper,1,1,False
BIN_3527265,wrapper,0,0,False
BIN_3528173,wrapper,0,0,False
BIN_3528975,injected,1,1,False
BIN_3530049,injected,0,0,False
BIN_3530680,wrapper,1,1,False
BIN_3530688,wrapper,1,1,False
BIN_3531061,injected,0,0,False
BIN_3531103,injected,1,1,False
BIN_3531195,injected,1,1,False
BIN_3532662,wrapper,1,1,False
BIN_3533398,wrapper,0,0,False
BIN_3534157,wrapper,1,1,False
BIN_3535983,injected,1,1,False
BIN_3536122,injected,1,1,False
BIN_3537400,wrapper,1,1,False
BIN_3537451,wrapper,0,0,False
BIN_3537501,injected,1,1,False
BIN_3538972,wrapper,0,0,False
BIN_3540785,injected,0,0,False
BIN_3541311,wrapper,1,1,False
BIN_3542500,wrapper,1,1,False
BIN_3542580,wrapper,1,1,False
BIN_3544656,injected,0,0,False
BIN_3545081,injected,0,0,False
BIN_3545824,injected,0,0,False
BIN_3545993,wrapper,1,1,False
BIN_3546198,injected,0,0,False
BIN_3546864,wrapper,0,0,False
BIN_3547848,injected,0,0,False
BIN_3548369,wrapper,1,1,False
BIN_3548374,wrapper,0,0,False
BIN_3548445,wrapper,1,1,False
BIN_3550202,injected,1,1,False
BIN_3552115,wrapper,0,0,False
BIN_3552429,wrapper,0,0,False
BIN_3552792,wrapper,0,0,False
BIN_3552864,injected,1,1,False
BIN_3553479,wrapper,1,1,False
BIN_3553543,wrapper,1,1,False
BIN_3553825,wrapper,1,1,False
BIN_3554132,injected,0,0,False
BIN_3554857,wrapper,1,1,False
BIN_3555011,wrapper,0,0,False
BIN_3555794,injected,0,0,False
BIN_3555963,wrapper,0,0,False
BIN_3556377,wrapper,0,0,False
BIN_3556929,wrapper,0,0,False
BIN_3557153,wrapper,1,1,False
BIN_3557366,injected,0,0,False
BIN_3557788,wrapper,0,0,False
BIN_3558652,injected,0,0,False
BIN_3559047,wrapper,0,0,False
BIN_3561240,wrapper,0,0,False
BIN_3563000,wrapper,0,0,False
BIN_3563315,wrapper,1,1,False
BIN_3565605,wrapper,0,0,False
BIN_3565967,injected,1,1,False
BIN_3566036,wrapper,0,0,False
BIN_3566233,wrapper,1,1,False
BIN_3566839,wrapper,1,1,False
BIN_3569155,wrapper,0,0,False
BIN_3569602,wrapper,0,0,False
BIN_3570199,wrapper,0,0,False
BIN_3570324,wrapper,1,1,False
BIN_3570550,wrapper,1,1,False
BIN_3571402,wrapper,0,0,False
BIN_3572430,wrapper,0,0,False
BIN_3572887,injected,0,0,False
BIN_3575883,wrapper,1,1,False
BIN_3575903,injected,1,1,False
BIN_3576002,wrapper,0,0,False
BIN_3576907,wrapper,0,0,False
BIN_3577469,wrapper,1,1,False
BIN_3578063,wrapper,1,1,False
BIN_3578420,wrapper,0,0,False
BIN_3579749,wrapper,0,0,False
BIN_3580216,wrapper,1,1,False
BIN_3580313,wrapper,1,1,False
BIN_3580912,wrapper,0,0,False
BIN_3581185,wrapper,0,0,False
BIN_3581426,injected,0,0,False
BIN_3582108,injected,1,1,False
BIN_3583063,wrapper,1,1,False
BIN_3583103,wrapper,1,1,False
BIN_3583239,wrapper,1,1,False
BIN_3583326,wrapper,1,1,False
BIN_3584569,wrapper,1,1,False
BIN_3585280,wrapper,1,1,False
BIN_3585385,wrapper,1,1,False
BIN_3585728,wrapper,0,0,False
BIN_3585996,wrapper,0,0,False
BIN_3586141,injected,0,0,False
BIN_3586637,injected,1,1,False
BIN_3586658,wrapper,1,1,False
BIN_3587137,wrapper,1,1,False
BIN_3587254,wrapper,1,1,False
BIN_3587267,wrapper,1,1,False
BIN_3587949,wrapper,1,1,False
BIN_3588683,injected,0,0,False
BIN_3589050,injected,0,0,False
BIN_3589952,wrapper,1,1,False
BIN_3590381,wrapper,0,0,False
BIN_3590805,injected,0,0,False
BIN_3591127,injected,1,1,False
BIN_3591142,wrapper,1,1,False
BIN_3591496,wrapper,1,1,False
BIN_3591653,wrapper,0,0,False
BIN_3592005,wrapper,0,0,False
BIN_3592161,injected,0,0,False
BIN_3592768,wrapper,1,1,False
BIN_3593163,wrapper,0,0,False
BIN_3593426,injected,0,0,False
BIN_3593947,wrapper,1,1,False
BIN_3594913,injected,0,0,False
BIN_3594978,wrapper,0,0,False
BIN_3595119,wrapper,0,0,False
BIN_3595510,injected,0,0,False
BIN_3597649,wrapper,1,1,False
BIN_3598522,wrapper,0,0,False
BIN_3598575,wrapper,1,1,False
BIN_3598610,injected,0,0,False
BIN_3599354,wrapper,1,1,False
BIN_3599624,wrapper,0,0,False
BIN_3600165,injected,1,1,False
BIN_3600772,wrapper,1,1,False
BIN_3600805,wrapper,1,1,False
BIN_3602895,wrapper,0,0,False
BIN_3603097,injected,0,0,False
BIN_3605473,wrapper,0,0,False
BIN_3606213,wrapper,1,1,False
BIN_3606944,injected,1,1,False
BIN_3607409,wrapper,1,1,False
BIN_3608335,wrapper,1,1,False
BIN_3609879,wrapper,1,1,False
BIN_3610033,injected,1,1,False
BIN_3610178,wrapper,1,1,False
BIN_3611106,wrapper,0,0,False
BIN_3612865,wrapper,1,1,False
BIN_3613153,wrapper,1,1,False
BIN_3614319,injected,1,1,False
BIN_3615491,injected,0,0,False
BIN_3615541,wrapper,1,1,False
BIN_3615815,injected,0,0,False
BIN_3616112,wrapper,0,0,False
BIN_3616409,wrapper,1,1,False
BIN_3617582,wrapper,1,1,False
BIN_3618052,wrapper,1,1,False
BIN_3618353,wrapper,1,1,False
BIN_3618902,wrapper,0,0,False
BIN_3620489,wrapper,0,0,False
BIN_3620768,wrapper,1,1,False
BIN_3621138,wrapper,1,1,False
BIN_3621417,wrapper,0,0,False
BIN_3621873,wrapper,1,1,False
BIN_3622097,wrapper,1,1,False
BIN_3622739,wrapper,0,0,False
BIN_3623952,injected,0,0,False
BIN_3624496,wrapper,0,0,False
BIN_3625080,wrapper,0,0,False
BIN_3625387,wrapper,1,1,False
BIN_3626604,wrapper,0,0,False
BIN_3626633,wrapper,0,0,False
BIN_3626732,wrapper,1,1,False
BIN_3627106,injected,0,0,False
BIN_3627328,injected,0,0,False
BIN_3628403,wrapper,1,1,False
BIN_3630038,injected,0,0,False
BIN_3630204,wrapper,1,1,False
BIN_3630345,wrapper,0,0,False
BIN_3631927,wrapper,1,1,False
BIN_3632372,wrapper,0,0,False
BIN_3632745,injected,0,0,False
BIN_3633147,wrapper,1,1,False
BIN_3633709,wrapper,0,0,False
BIN_3634004,wrapper,1,1,False
BIN_3634472,wrapper,0,0,False
BIN_3635581,injected,1,1,False
BIN_3636219,wrapper,1,1,False
BIN_3636360,injected,1,1,False
BIN_3636623,injected,1,1,False
BIN_3636663,injected,0,0,False
BIN_3637662,wrapper,1,1,False
BIN_3637714,injected,0,0,False
BIN_3640461,wrapper,1,1,False
BIN_3641058,wrapper,0,0,False
BIN_3641213,injected,0,0,False
BIN_3641215,wrapper,1,1,False
BIN_3641323,wrapper,0,0,False
BIN_3641378,wrapper,1,1,False
BIN_3641583,wrapper,1,1,False
BIN_3641853,injected,0,0,False
BIN_3642529,wrapper,0,0,False
BIN_3643045,wrapper,1,1,False
BIN_3643535,wrapper,0,0,False
BIN_3644134,wrapper,0,0,False
BIN_3644544,wrapper,1,1,False
BIN_3645498,wrapper,0,0,False
BIN_3646041,wrapper,1,1,False
BIN_3647297,injected,1,1,False
BIN_3647576,wrapper,1,1,False
BIN_3648782,wrapper,0,0,False
BIN_3649062,injected,0,0,False
BIN_3649069,wrapper,0,0,False
BIN_3649142,wrapper,1,1,False
BIN_3649931,injected,1,1,False
BIN_3650249,wrapper,0,0,False
BIN_3650374,wrapper,1,1,False
BIN_3650639,wrapper,1,1,False
BIN_3650813,injected,1,1,False
BIN_3651099,wrapper,1,1,False
BIN_3651381,wrapper,1,1,False
BIN_3652089,injected,0,0,False
BIN_3653204,wrapper,0,0,False
BIN_3655706,injected,1,1,False
BIN_3656691,wrapper,0,0,False
BIN_3657052,wrapper,0,0,False
BIN_3658793,wrapper,1,1,False
BIN_3658803,injected,1,1,False
BIN_3660261,injected,1,1,False
BIN_3660516,wrapper,0,0,False
BIN_3661574,wrapper,1,1,False
BIN_3662667,wrapper,1,1,False
BIN_3663051,wrapper,0,0,False
BIN_3663087,injected,1,1,False
BIN_3663424,injected,1,1,False
BIN_3663585,wrapper,1,1,False
BIN_3663894,injected,0,0,False
BIN_3664418,wrapper,0,0,False
BIN_3665022,wrapper,1,1,False
BIN_3665332,wrapper,1,1,False
BIN_3667255,injected,0,0,False
BIN_3667436,wrapper,1,1,False
BIN_3667504,wrapper,1,1,False
BIN_3670222,wrapper,1,1,False
BIN_3670254,wrapper,0,0,False
BIN_3670665,injected,0,0,False
BIN_3671049,injected,1,1,False
BIN_3671228,injected,0,0,False
BIN_3671484,wrapper,0,0,False
BIN_3671523,wrapper,1,1,False
BIN_3672440,wrapper,0,0,False
BIN_3673556,wrapper,1,1,False
BIN_3673938,wrapper,1,1,False
BIN_3674004,wrapper,0,0,False
BIN_3674994,wrapper,0,0,False
BIN_3675406,wrapper,1,1,False
BIN_3676693,injected,0,0,False
BIN_3677466,injected,1,1,False
BIN_3677716,wrapper,0,0,False
BIN_3680311,wrapper,1,1,False
BIN_3680421,wrapper,1,1,False
BIN_3682858,wrapper,1,1,False
BIN_3682878,wrapper,1,1,False
BIN_3682968,injected,1,1,False
BIN_3683247,injected,0,0,False
BIN_3683705,wrapper,0,0,False
BIN_3683758,wrapper,0,0,False
BIN_3684181,wrapper,0,0,False
BIN_3685091,injected,0,0,False
BIN_3685434,wrapper,1,1,False
BIN_3686216,injected,0,0,False
BIN_3686225,wrapper,0,0,False
BIN_3686386,wrapper,1,1,False
BIN_3686731,wrapper,0,0,False
BIN_3686846,wrapper,0,0,False
BIN_3687617,injected,1,1,False
BIN_3688076,wrapper,0,0,False
BIN_3688154,injected,0,0,False
BIN_3688185,wrapper,1,1,False
BIN_3689329,injected,0,0,False
BIN_3689406,wrapper,1,1,False
BIN_3689415,wrapper,1,1,False
BIN_3689956,wrapper,1,1,False
BIN_3690535,wrapper,0,0,False
BIN_3690896,injected,1,1,False
BIN_3691019,wrapper,0,0,False
BIN_3691374,wrapper,1,1,False
BIN_3693207,wrapper,0,0,False
BIN_3693332,injected,0,0,False
BIN_3693552,injected,1,1,False
BIN_3693556,wrapper,1,1,False
BIN_3694252,wrapper,1,1,False
BIN_3694881,wrapper,1,1,False
BIN_3694959,wrapper,1,1,False
BIN_3695438,injected,0,0,False
BIN_3695685,injected,0,0,False
BIN_3695699,wrapper,0,0,False
BIN_3695918,injected,1,1,False
BIN_3696497,wrapper,0,0,False
BIN_3697102,injected,0,0,False
BIN_3697344,injected,0,0,False
BIN_3698036,wrapper,0,0,False
BIN_3698914,injected,1,1,False
BIN_3699788,wrapper,1,1,False
BIN_3700176,wrapper,1,1,False
BIN_3700304,injected,0,0,False
BIN_3700327,wrapper,1,1,False
BIN_3700336,wrapper,0,0,False
BIN_3700355,injected,0,0,False
BIN_3701681,wrapper,1,1,False
BIN_3701841,wrapper,1,1,False
BIN_3701845,wrapper,0,0,False
BIN_3705647,injected,1,1,False
BIN_3705698,injected,1,1,False
BIN_3705724,wrapper,1,1,False
BIN_3706019,injected,1,1,False
BIN_3706072,wrapper,1,1,False
BIN_3706202,injected,0,0,False
BIN_3706299,wrapper,1,1,False
BIN_3706473,wrapper,1,1,False
BIN_3710498,injected,1,1,False
BIN_3711201,wrapper,0,0,False
BIN_3711337,wrapper,1,1,False
BIN_3711506,wrapper,1,1,False
BIN_3711521,wrapper,0,0,False
BIN_3711547,wrapper,1,1,False
BIN_3711614,wrapper,1,1,False
BIN_3711920,wrapper,0,0,False
BIN_3712060,wrapper,0,0,False
BIN_3713969,wrapper,1,1,False
BIN_3714918,injected,0,0,False
BIN_3715212,wrapper,0,0,False
BIN_3715319,wrapper,0,0,False
BIN_3715698,wrapper,1,1,False
BIN_3715772,wrapper,1,1,False
BIN_3716774,wrapper,0,0,False
BIN_3716778,wrapper,0,0,False
BIN_3717422,wrapper,1,1,False
BIN_3717876,injected,1,1,False
BIN_3717983,injected,0,0,False
BIN_3719174,wrapper,1,1,False
BIN_3719566,injected,0,0,False
BIN_3720197,wrapper,1,1,False
BIN_3721009,wrapper,0,0,False
BIN_3721182,wrapper,0,0,False
BIN_3721500,wrapper,0,0,False
BIN_3721718,wrapper,1,1,False
BIN_3722624,wrapper,1,1,False
BIN_3723028,wrapper,0,0,False
BIN_3723189,wrapper,1,1,False
BIN_3724139,wrapper,0,0,False
BIN_3724319,wrapper,1,1,False
BIN_3724978,wrapper,1,1,False
BIN_3725173,wrapper,1,1,False
BIN_3726445,injected,0,0,False
BIN_3727909,injected,0,0,False
BIN_3728360,wrapper,0,0,False
BIN_3728468,injected,0,0,False
BIN_3728651,wrapper,0,0,False
BIN_3728721,injected,1,1,False
BIN_3729186,wrapper,1,1,False
BIN_3729626,wrapper,0,0,False
BIN_3729864,wrapper,1,1,False
BIN_3730198,wrapper,1,1,False
BIN_3730826,wrapper,0,0,False
BIN_3732246,injected,1,1,False
BIN_3734170,injected,0,0,False
BIN_3734771,wrapper,1,1,False
BIN_3735008,wrapper,1,1,False
BIN_3736617,wrapper,0,0,False
BIN_3737456,wrapper,0,0,False
BIN_3737894,wrapper,1,1,False
BIN_3739970,wrapper,0,0,False
BIN_3741955,wrapper,1,1,False
BIN_3741968,wrapper,0,0,False
BIN_3742406,injected,1,1,False
BIN_3742848,wrapper,1,1,False
BIN_3743108,wrapper,0,0,False
BIN_3743529,wrapper,1,1,False
BIN_3743573,wrapper,0,0,False
BIN_3743923,wrapper,1,1,False
BIN_3743989,injected,0,0,False
BIN_3744599,wrapper,1,1,False
BIN_3745422,wrapper,0,0,False
BIN_3746614,injected,1,1,False
BIN_3746641,wrapper,0,0,False
BIN_3747593,wrapper,0,0,False
BIN_3749386,injected,0,0,False
BIN_3750786,wrapper,1,1,False
BIN_3750800,wrapper,1,1,False
BIN_3751199,wrapper,0,0,False
BIN_3753415,injected,0,0,False
BIN_3753595,injected,0,0,False
BIN_3754367,wrapper,1,1,False
BIN_3754500,injected,1,1,False
BIN_3754942,wrapper,1,1,False
BIN_3755141,wrapper,0,0,False
BIN_3755228,wrapper,0,0,False
BIN_3756278,injected,1,1,False
BIN_3756320,wrapper,0,0,False
BIN_3757020,wrapper,0,0,False
BIN_3757708,wrapper,0,0,False
BIN_3757718,wrapper,1,1,False
BIN_3758839,injected,0,0,False
BIN_3759698,wrapper,1,1,False
BIN_3759701,wrapper,0,0,False
BIN_3760184,injected,1,1,False
BIN_3760203,injected,1,1,False
BIN_3761209,injected,1,1,False
BIN_3761558,wrapper,1,1,False
BIN_3761681,wrapper,1,1,False
BIN_3761916,wrapper,1,1,False
BIN_3761984,injected,1,1,False
BIN_3765101,injected,1,1,False
BIN_3765446,wrapper,0,0,False
BIN_3767810,wrapper,1,1,False
BIN_3768801,wrapper,1,1,False
BIN_3768978,wrapper,0,0,False
BIN_3769114,wrapper,0,0,False
BIN_3769169,wrapper,0,0,False
BIN_3769728,injected,0,0,False
BIN_3770005,wrapper,0,0,False
BIN_3773112,injected,1,1,False
BIN_3775002,injected,0,0,False
BIN_3775973,wrapper,1,1,False
BIN_3776333,wrapper,0,0,False
BIN_3776791,injected,1,1,False
BIN_3779824,wrapper,1,1,False
BIN_3780396,injected,1,1,False
BIN_3780738,wrapper,1,1,False
BIN_3781260,injected,1,1,False
BIN_3782431,wrapper,1,1,False
BIN_3783018,wrapper,0,0,False
BIN_3783240,injected,0,0,False
BIN_3783375,wrapper,0,0,False
BIN_3784206,injected,1,1,False
BIN_3785029,injected,0,0,False
BIN_3785433,wrapper,0,0,False
BIN_3786343,injected,1,1,False
BIN_3787192,injected,0,0,False
BIN_3787835,wrapper,1,1,False
BIN_3789148,wrapper,0,0,False
BIN_3790052,wrapper,0,0,False
BIN_3790413,wrapper,1,1,False
BIN_3791190,wrapper,0,0,False
BIN_3792443,wrapper,0,0,False
BIN_3792812,wrapper,0,0,False
BIN_3793031,wrapper,1,1,False
BIN_3793282,wrapper,0,0,False
BIN_3793481,injected,0,0,False
BIN_3795225,wrapper,1,1,False
BIN_3796087,wrapper,1,1,False
BIN_3796677,injected,1,1,False
BIN_3796784,wrapper,0,0,False
BIN_3796919,wrapper,1,1,False
BIN_3797104,wrapper,1,1,False
BIN_3797139,wrapper,0,0,False
BIN_3797615,injected,1,1,False
BIN_3798200,injected,0,0,False
BIN_3798255,injected,1,1,False
BIN_3798414,injected,0,0,False
BIN_3798434,wrapper,0,0,False
BIN_3799178,wrapper,0,0,False
BIN_3799200,injected,0,0,False
BIN_3799717,wrapper,1,1,False
BIN_3799829,wrapper,0,0,False
BIN_3800064,wrapper,0,0,False
BIN_3800687,wrapper,0,0,False
BIN_3800829,wrapper,0,0,False
BIN_3801844,wrapper,1,1,False
BIN_3801887,wrapper,1,1,False
BIN_3802614,injected,1,1,False
BIN_3804547,wrapper,0,0,False
BIN_3804816,wrapper,0,0,False
BIN_3805030,injected,0,0,False
BIN_3805464,injected,1,1,False
BIN_3805641,wrapper,1,1,False
BIN_3805758,wrapper,1,1,False
BIN_3805872,injected,0,0,False
BIN_3805919,wrapper,0,0,False
BIN_3806052,wrapper,1,1,False
BIN_3806097,wrapper,1,1,False
BIN_3806597,wrapper,0,0,False
BIN_3807799,wrapper,0,0,False
BIN_3807805,wrapper,1,1,False
BIN_3808493,injected,0,0,False
BIN_3808604,wrapper,0,0,False
BIN_3810263,wrapper,1,1,False
BIN_3810358,injected,0,0,False
BIN_3812052,wrapper,0,0,False
BIN_3812194,wrapper,0,0,False
BIN_3812362,wrapper,1,1,False
BIN_3813158,wrapper,1,1,False
BIN_3813457,wrapper,0,0,False
BIN_3813481,wrapper,1,1,False
BIN_3813660,wrapper,0,0,False
BIN_3814437,injected,0,0,False
BIN_3814515,wrapper,1,1,False
BIN_3814823,wrapper,1,1,False
BIN_3815109,wrapper,1,1,False
BIN_3815397,wrapper,1,1,False
BIN_3815622,wrapper,1,1,False
BIN_3816332,wrapper,0,0,False
BIN_3816388,wrapper,1,1,False
BIN_3817448,wrapper,0,0,False
BIN_3817607,injected,1,1,False
BIN_3817889,wrapper,0,0,False
BIN_3817919,wrapper,0,0,False
BIN_3818375,injected,1,1,False
BIN_3818870,wrapper,0,0,False
BIN_3819474,wrapper,1,1,False
BIN_3819912,wrapper,1,1,False
BIN_3820017,wrapper,1,1,False
BIN_3820618,wrapper,1,1,False
BIN_3820700,injected,0,0,False
BIN_3820947,injected,0,0,False
BIN_3821744,wrapper,0,0,False
BIN_3821887,wrapper,1,1,False
BIN_3822115,wrapper,0,0,False
BIN_3822437,wrapper,0,0,False
BIN_3822862,wrapper,0,0,False
BIN_3822863,wrapper,0,0,False
BIN_3824586,injected,1,1,False
BIN_3824648,wrapper,0,0,False
BIN_3824960,wrapper,0,0,False
BIN_3825654,wrapper,1,1,False
BIN_3826071,wrapper,0,0,False
BIN_3826721,wrapper,1,1,False
BIN_3827845,wrapper,1,1,False
BIN_3827901,injected,1,1,False
BIN_3828802,injected,0,0,False
BIN_3829224,wrapper,0,0,False
BIN_3829259,wrapper,1,1,False
BIN_3829318,wrapper,1,1,False
BIN_3829422,injected,0,0,False
BIN_3830135,wrapper,0,0,False
BIN_3830776,injected,0,0,False
BIN_3831501,injected,1,1,False
BIN_3831648,wrapper,1,1,False
BIN_3831894,wrapper,1,1,False
BIN_3832122,wrapper,0,0,False
BIN_3832780,wrapper,1,1,False
BIN_3833411,wrapper,0,0,False
BIN_3836051,wrapper,0,0,False
BIN_3837393,injected,0,0,False
BIN_3837964,wrapper,1,1,False
BIN_3838293,wrapper,0,0,False
BIN_3838621,wrapper,0,0,False
BIN_3839513,wrapper,0,0,False
BIN_3839959,wrapper,1,1,False
BIN_3840025,wrapper,0,0,False
BIN_3840159,injected,1,1,False
BIN_3840493,wrapper,0,0,False
BIN_3842788,wrapper,0,0,False
BIN_3843005,wrapper,0,0,False
BIN_3843429,wrapper,1,1,False
BIN_3844727,injected,1,1,False
BIN_3844995,injected,0,0,False
BIN_3845567,wrapper,1,1,False
BIN_3845706,wrapper,1,1,False
BIN_3847250,injected,1,1,False
BIN_3847785,wrapper,0,0,False
BIN_3849349,wrapper,0,0,False
BIN_3851695,injected,0,0,False
BIN_3853114,wrapper,1,1,False
BIN_3853338,wrapper,1,1,False
BIN_3853744,injected,1,1,False
BIN_3857239,wrapper,1,1,False
BIN_3857282,wrapper,0,0,False
BIN_3858505,wrapper,1,1,False
BIN_3858555,wrapper,0,0,False
BIN_3858672,wrapper,1,1,False
BIN_3859138,wrapper,0,0,False
BIN_3859290,wrapper,0,0,False
BIN_3859941,wrapper,1,1,False
BIN_3860298,injected,0,0,False
BIN_3860378,wrapper,0,0,False
BIN_3860894,wrapper,1,1,False
BIN_3861818,wrapper,0,0,False
BIN_3862735,injected,1,1,False
BIN_3862745,wrapper,1,1,False
BIN_3863724,wrapper,1,1,False
BIN_3865367,injected,0,0,False
BIN_3865451,wrapper,1,1,False
BIN_3866080,injected,0,0,False
BIN_3866388,wrapper,1,1,False
BIN_3867993,wrapper,0,0,False
BIN_3868080,wrapper,0,0,False
BIN_3868367,wrapper,0,0,False
BIN_3868637,injected,0,0,False
BIN_3868964,injected,1,1,False
BIN_3869323,wrapper,0,0,False
BIN_3869518,wrapper,1,1,False
BIN_3871026,wrapper,0,0,False
BIN_3871049,injected,1,1,False
BIN_3873210,injected,0,0,False
BIN_3874885,wrapper,0,0,False
BIN_3876423,injected,0,0,False
BIN_3876582,wrapper,0,0,False
BIN_3877446,wrapper,0,0,False
BIN_3878545,wrapper,1,1,False
BIN_3878649,wrapper,0,0,False
BIN_3878726,wrapper,1,1,False
BIN_3879022,wrapper,1,1,False
BIN_3879222,wrapper,1,1,False
BIN_3879927,injected,0,0,False
BIN_3880228,wrapper,1,1,False
BIN_3880505,wrapper,0,0,False
BIN_3881248,wrapper,1,1,False
BIN_3882895,wrapper,1,1,False
BIN_3883044,injected,0,0,False
BIN_3883365,wrapper,1,1,False
BIN_3884576,wrapper,1,1,False
BIN_3885499,wrapper,0,0,False
BIN_3885795,wrapper,1,1,False
BIN_3886268,wrapper,0,0,False
BIN_3886485,injected,1,1,False
BIN_3887545,wrapper,1,1,False
BIN_3888280,wrapper,0,0,False
BIN_3888498,wrapper,1,1,False
BIN_3888560,wrapper,1,1,False
BIN_3888610,injected,1,1,False
BIN_3889255,wrapper,1,1,False
BIN_3890849,injected,0,0,False
BIN_3891014,injected,0,0,False
BIN_3891078,wrapper,0,0,False
BIN_3891616,wrapper,0,0,False
BIN_3892058,wrapper,1,1,False
BIN_3892361,wrapper,1,1,False
BIN_3893580,wrapper,0,0,False
BIN_3893729,wrapper,0,0,False
BIN_3894021,wrapper,1,1,False
BIN_3894238,injected,0,0,False
BIN_3895504,wrapper,0,0,False
BIN_3896333,injected,1,1,False
BIN_3896709,wrapper,0,0,False
BIN_3897380,wrapper,0,0,False
BIN_3897541,wrapper,1,1,False
BIN_3898808,wrapper,0,0,False
BIN_3899131,wrapper,0,0,False
BIN_3899246,wrapper,1,1,False
BIN_3900571,wrapper,0,0,False
BIN_3900654,wrapper,0,0,False
BIN_3902082,wrapper,0,0,False
BIN_3902140,injected,0,0,False
BIN_3902411,wrapper,1,1,False
BIN_3903020,wrapper,1,1,False
BIN_3903663,wrapper,1,1,False
BIN_3903887,injected,1,1,False
BIN_3904471,injected,1,1,False
BIN_3906535,wrapper,1,1,False
BIN_3907124,injected,0,0,False
BIN_3907555,wrapper,0,0,False
BIN_3907753,injected,1,1,False
BIN_3908564,injected,0,0,False
BIN_3908677,wrapper,0,0,False
BIN_3908808,injected,1,1,False
BIN_3909142,wrapper,0,0,False
BIN_3909188,wrapper,1,1,False
BIN_3909804,injected,1,1,False
BIN_3910112,injected,0,0,False
BIN_3910375,injected,1,1,False
BIN_3911167,injected,1,1,False
BIN_3911779,wrapper,0,0,False
BIN_3912051,injected,1,1,False
BIN_3912310,injected,1,1,False
BIN_3912382,injected,0,0,False
BIN_3912448,wrapper,1,1,False
BIN_3912617,wrapper,0,0,False
BIN_3912662,wrapper,1,1,False
BIN_3913008,injected,1,1,False
BIN_3914049,wrapper,1,1,False
BIN_3914272,wrapper,1,1,False
BIN_3914375,injected,0,0,False
BIN_3914769,wrapper,0,0,False
BIN_3915023,wrapper,0,0,False
BIN_3915433,injected,1,1,False
BIN_3918831,wrapper,0,0,False
BIN_3919500,injected,1,1,False
BIN_3919747,wrapper,0,0,False
BIN_3920028,wrapper,1,1,False
BIN_3920741,injected,0,0,False
BIN_3921268,wrapper,0,0,False
BIN_3921460,wrapper,0,0,False
BIN_3921469,wrapper,0,0,False
BIN_3921999,wrapper,0,0,False
BIN_3922031,wrapper,1,1,False
BIN_3922170,injected,1,1,False
BIN_3922557,injected,1,1,False
BIN_3922715,injected,0,0,False
BIN_3923798,wrapper,0,0,False
BIN_3924112,wrapper,1,1,False
BIN_3924189,wrapper,0,0,False
BIN_3925156,wrapper,0,0,False
BIN_3927735,wrapper,0,0,False
BIN_3928779,injected,1,1,False
BIN_3929670,wrapper,1,1,False
BIN_3930257,wrapper,1,1,False
BIN_3930380,injected,1,1,False
BIN_3930572,wrapper,1,1,False
BIN_3932956,wrapper,0,0,False
BIN_3933610,wrapper,1,1,False
BIN_3933720,wrapper,0,0,False
BIN_3933923,wrapper,1,1,False
BIN_3934056,wrapper,1,1,False
BIN_3934411,injected,0,0,False
BIN_3934685,wrapper,0,0,False
BIN_3934784,injected,0,0,False
BIN_3935362,wrapper,1,1,False
BIN_3935456,wrapper,0,0,False
BIN_3936559,injected,0,0,False
BIN_3937261,injected,1,1,False
BIN_3938158,wrapper,1,1,False
BIN_3938310,wrapper,0,0,False
BIN_3938396,injected,1,1,False
BIN_3939807,injected,0,0,False
BIN_3942390,wrapper,0,0,False
BIN_3942504,injected,0,0,False
BIN_3942565,wrapper,0,0,False
BIN_3943345,wrapper,0,0,False
BIN_3943471,injected,1,1,False
BIN_3943666,injected,1,1,False
BIN_3943713,wrapper,1,1,False
BIN_3943823,injected,1,1,False
BIN_3944179,wrapper,1,1,False
BIN_3945364,injected,1,1,False
BIN_3945531,wrapper,0,0,False
BIN_3946595,wrapper,0,0,False
BIN_3946652,wrapper,1,1,False
BIN_3947846,wrapper,0,0,False
BIN_3947880,injected,0,0,False
BIN_3948716,injected,0,0,False
BIN_3948897,wrapper,0,0,False
BIN_3948902,wrapper,1,1,False
BIN_3949910,wrapper,1,1,False
BIN_3950003,wrapper,1,1,False
BIN_3951132,wrapper,0,0,False
BIN_3951523,wrapper,0,0,False
BIN_3952196,injected,0,0,False
BIN_3952757,wrapper,1,1,False
BIN_3952875,wrapper,1,1,False
BIN_3953221,wrapper,0,0,False
BIN_3953936,injected,1,1,False
BIN_3954721,wrapper,0,0,False
BIN_3955183,wrapper,0,0,False
BIN_3955714,wrapper,0,0,False
BIN_3956042,wrapper,1,1,False
BIN_3956273,injected,1,1,False
BIN_3956556,wrapper,0,0,False
BIN_3957707,wrapper,0,0,False
BIN_3957961,wrapper,1,1,False
BIN_3959247,wrapper,0,0,False
BIN_3959817,wrapper,0,0,False
BIN_3959951,wrapper,0,0,False
BIN_3960699,wrapper,1,1,False
BIN_3961394,wrapper,0,0,False
BIN_3962032,wrapper,1,1,False
BIN_3962140,wrapper,1,1,False
BIN_3962273,wrapper,1,1,False
BIN_3962752,wrapper,1,1,False
BIN_3963950,wrapper,0,0,False
BIN_3964229,wrapper,0,0,False
BIN_3964320,wrapper,1,1,False
BIN_3965610,wrapper,0,0,False
BIN_3965935,wrapper,1,1,False
BIN_3966811,injected,0,0,False
BIN_3967065,wrapper,0,0,False
BIN_3967992,wrapper,1,1,False
BIN_3969276,wrapper,0,0,False
BIN_3970111,wrapper,1,1,False
BIN_3970813,injected,1,1,False
BIN_3970966,wrapper,1,1,False
BIN_3971366,injected,1,1,False
BIN_3972640,wrapper,0,0,False
BIN_3972826,wrapper,0,0,False
BIN_3972907,wrapper,1,1,False
BIN_3973062,wrapper,1,1,False
BIN_3973956,injected,1,1,False
BIN_3975146,wrapper,0,0,False
BIN_3975218,injected,1,1,False
BIN_3975232,wrapper,0,0,False
BIN_3975430,wrapper,1,1,False
BIN_3975887,wrapper,0,0,False
BIN_3976047,wrapper,0,0,False
BIN_3976146,wrapper,1,1,False
BIN_3976766,wrapper,0,0,False
BIN_3977600,injected,0,0,False
BIN_3978995,injected,1,1,False
BIN_3979139,injected,0,0,False
BIN_3979233,injected,1,1,False
BIN_3979511,wrapper,0,0,False
BIN_3980029,injected,0,0,False
BIN_3980188,wrapper,1,1,False
BIN_3980232,wrapper,0,0,False
BIN_3980442,wrapper,1,1,False
BIN_3981493,injected,0,0,False
BIN_3981696,injected,0,0,False
BIN_3982278,wrapper,0,0,False
BIN_3982403,wrapper,0,0,False
BIN_3982507,wrapper,0,0,False
BIN_3982887,wrapper,1,1,False
BIN_3983196,wrapper,1,1,False
BIN_3983440,wrapper,1,1,False
BIN_3983550,wrapper,1,1,False
BIN_3984045,injected,0,0,False
BIN_3985603,wrapper,0,0,False
BIN_3985700,wrapper,0,0,False
BIN_3985987,wrapper,0,0,False
BIN_3986099,injected,0,0,False
BIN_3987005,injected,0,0,False
BIN_3987241,wrapper,1,1,False
BIN_3987684,wrapper,0,0,False
BIN_3988124,injected,1,1,False
BIN_3988128,injected,1,1,False
BIN_3988724,wrapper,0,0,False
BIN_3988947,injected,0,0,False
BIN_3990730,wrapper,1,1,False
BIN_3991400,wrapper,1,1,False
BIN_3992598,wrapper,0,0,False
BIN_3993536,injected,0,0,False
BIN_3993622,injected,0,0,False
BIN_3993883,wrapper,1,1,False
BIN_3995291,injected,1,1,False
BIN_3995309,injected,0,0,False
BIN_3995888,injected,1,1,False
BIN_3996435,wrapper,0,0,False
BIN_3996571,wrapper,1,1,False
BIN_3997698,wrapper,1,1,False
BIN_3997797,wrapper,1,1,False
BIN_3998222,wrapper,0,0,False
BIN_3999603,wrapper,0,0,False
BIN_4000150,wrapper,0,0,False
BIN_4001048,injected,0,0,False
BIN_4001497,wrapper,1,1,False
BIN_4001694,wrapper,1,1,False
BIN_4002289,injected,0,0,False
BIN_4002910,wrapper,0,0,False
BIN_4003497,wrapper,1,1,False
BIN_4004108,wrapper,1,1,False
BIN_4004740,wrapper,1,1,False
BIN_4004778,wrapper,0,0,False
BIN_4005402,injected,0,0,False
BIN_4006762,wrapper,1,1,False
BIN_4006897,injected,1,1,False
BIN_4007054,injected,1,1,False
BIN_4008559,wrapper,0,0,False
BIN_4009008,injected,1,1,False
BIN_4010164,injected,0,0,False
BIN_4010543,wrapper,0,0,False
BIN_4010995,injected,1,1,False
BIN_4011200,wrapper,0,0,False
BIN_4011438,injected,1,1,False
BIN_4011997,wrapper,1,1,False
BIN_4012527,injected,1,1,False
BIN_4012620,wrapper,1,1,False
BIN_4012742,wrapper,1,1,False
BIN_4013004,wrapper,1,1,False
BIN_4013626,wrapper,0,0,False
BIN_4014341,wrapper,0,0,False
BIN_4014731,wrapper,1,1,False
BIN_4016390,wrapper,0,0,False
BIN_4016452,wrapper,0,0,False
BIN_4017746,injected,1,1,False
BIN_4018334,wrapper,1,1,False
BIN_4019325,wrapper,1,1,False
BIN_4019423,wrapper,0,0,False
BIN_4020487,injected,0,0,False
BIN_4020525,injected,1,1,False
BIN_4020805,injected,1,1,False
BIN_4021417,wrapper,0,0,False
BIN_4022288,wrapper,1,1,False
BIN_4023701,wrapper,1,1,False
BIN_4023901,wrapper,0,0,False
BIN_4025162,injected,0,0,False
BIN_4026161,wrapper,0,0,False
BIN_4026899,wrapper,0,0,False
BIN_4028226,injected,0,0,False
BIN_4028363,injected,1,1,False
BIN_4028616,wrapper,0,0,False
BIN_4028737,wrapper,0,0,False
BIN_4029269,wrapper,1,1,False
BIN_4030223,injected,0,0,False
BIN_4031496,injected,0,0,False
BIN_4032318,wrapper,0,0,False
BIN_4033289,injected,1,1,False
BIN_4033313,wrapper,1,1,False
BIN_4033831,injected,0,0,False
BIN_4034096,injected,1,1,False
BIN_4034855,wrapper,0,0,False
BIN_4035386,wrapper,0,0,False
BIN_4035576,wrapper,1,1,False
BIN_4036322,wrapper,0,0,False
BIN_4036679,injected,0,0,False
BIN_4036864,wrapper,1,1,False
BIN_4036975,wrapper,1,1,False
BIN_4037965,wrapper,0,0,False
BIN_4038430,wrapper,1,1,False
BIN_4038437,wrapper,1,1,False
BIN_4039466,injected,0,0,False
BIN_4039953,wrapper,0,0,False
BIN_4040145,wrapper,0,0,False
BIN_4040428,injected,1,1,False
BIN_4040860,injected,1,1,False
BIN_4041170,injected,1,1,False
BIN_4045485,wrapper,0,0,False
BIN_4045650,wrapper,0,0,False
BIN_4046220,wrapper,0,0,False
BIN_4046295,wrapper,0,0,False
BIN_4046389,wrapper,0,0,False
BIN_4046473,wrapper,0,0,False
BIN_4049108,wrapper,1,1,False
BIN_4049330,wrapper,1,1,False
BIN_4049823,injected,1,1,False
BIN_4049857,wrapper,0,0,False
BIN_4049878,wrapper,0,0,False
BIN_4050447,wrapper,1,1,False
BIN_4050465,injected,0,0,False
BIN_4050525,injected,1,1,False
BIN_4050543,injected,0,0,False
BIN_4051035,wrapper,1,1,False
BIN_4052303,injected,0,0,False
BIN_4052541,wrapper,0,0,False
BIN_4052555,wrapper,1,1,False
BIN_4052777,injected,1,1,False
BIN_4053428,injected,0,0,False
BIN_4053575,wrapper,0,0,False
BIN_4054253,wrapper,1,1,False
BIN_4054635,injected,1,1,False
BIN_4054754,injected,0,0,False
BIN_4055168,injected,0,0,False
BIN_4055495,wrapper,1,1,False
BIN_4055523,wrapper,0,0,False
BIN_4055991,wrapper,1,1,False
BIN_4056475,wrapper,0,0,False
BIN_4058068,injected,0,0,False
BIN_4058131,wrapper,0,0,False
BIN_4059236,wrapper,0,0,False
BIN_4060425,wrapper,0,0,False
BIN_4061035,injected,0,0,False
BIN_4061523,wrapper,0,0,False
BIN_4062460,wrapper,0,0,False
BIN_4064480,wrapper,1,1,False
BIN_4065065,wrapper,0,0,False
BIN_4065585,wrapper,1,1,False
BIN_4066044,injected,0,0,False
BIN_4066722,wrapper,1,1,False
BIN_4067473,injected,0,0,False
BIN_4067477,wrapper,1,1,False
BIN_4067706,wrapper,0,0,False
BIN_4068105,wrapper,0,0,False
BIN_4068327,injected,1,1,False
BIN_4068628,injected,1,1,False
BIN_4068807,injected,0,0,False
BIN_4070609,wrapper,1,1,False
BIN_4071439,injected,0,0,False
BIN_4072459,wrapper,0,0,False
BIN_4073171,injected,1,1,False
BIN_4073816,injected,1,1,False
BIN_4074549,wrapper,1,1,False
BIN_4075093,wrapper,0,0,False
BIN_4077052,injected,1,1,False
BIN_4077633,wrapper,0,0,False
BIN_4079148,wrapper,0,0,False
BIN_4079624,wrapper,1,1,False
BIN_4079692,wrapper,0,0,False
BIN_4080816,injected,1,1,False
BIN_4080951,wrapper,1,1,False
BIN_4081444,injected,0,0,False
BIN_4081743,wrapper,0,0,False
BIN_4082030,wrapper,0,0,False
BIN_4082556,injected,0,0,False
BIN_4083149,injected,1,1,False
BIN_4083231,wrapper,0,0,False
BIN_4083277,wrapper,0,0,False
BIN_4083776,wrapper,0,0,False
BIN_4085244,wrapper,0,0,False
BIN_4085597,wrapper,0,0,False
BIN_4085828,wrapper,1,1,False
BIN_4086073,injected,1,1,False
BIN_4086724,wrapper,1,1,False
BIN_4086725,wrapper,0,0,False
BIN_4086954,wrapper,0,0,False
BIN_4087430,wrapper,0,0,False
BIN_4088037,injected,1,1,False
BIN_4093203,injected,0,0,False
BIN_4094000,injected,0,0,False
BIN_4094116,wrapper,0,0,False
BIN_4094309,wrapper,0,0,False
BIN_4094910,wrapper,0,0,False
BIN_4095074,injected,0,0,False
BIN_4095575,injected,0,0,False
BIN_4095779,wrapper,0,0,False
BIN_4096126,wrapper,1,1,False
BIN_4096932,wrapper,0,0,False
BIN_4097121,wrapper,1,1,False
BIN_4097159,injected,0,0,False
BIN_4097466,wrapper,1,1,False
BIN_4098016,wrapper,1,1,False
BIN_4098937,wrapper,1,1,False
BIN_4099002,injected,1,1,False
BIN_4099275,injected,1,1,False
BIN_4099384,wrapper,0,0,False
BIN_4100432,wrapper,0,0,False
BIN_4100869,wrapper,0,0,False
BIN_4100925,injected,0,0,False
BIN_4101144,wrapper,1,1,False
BIN_4101934,wrapper,1,1,False
BIN_4102302,wrapper,0,0,False
BIN_4103421,wrapper,1,1,False
BIN_4103551,wrapper,1,1,False
BIN_4104423,wrapper,0,0,False
BIN_4104978,injected,0,0,False
BIN_4105739,wrapper,1,1,False
BIN_4106171,wrapper,0,0,False
BIN_4106468,wrapper,1,1,False
BIN_4106820,injected,0,0,False
BIN_4108778,wrapper,1,1,False
BIN_4110672,injected,0,0,False
BIN_4110749,injected,0,0,False
BIN_4111115,wrapper,0,0,False
BIN_4111378,wrapper,0,0,False
BIN_4113086,wrapper,1,1,False
BIN_4114834,injected,1,1,False
BIN_4116544,wrapper,1,1,False
BIN_4117338,wrapper,0,0,False
BIN_4118839,wrapper,0,0,False
BIN_4119079,wrapper,1,1,False
BIN_4119320,wrapper,0,0,False
BIN_4121604,injected,1,1,False
BIN_4121929,injected,1,1,False
BIN_4122082,wrapper,1,1,False
BIN_4122200,wrapper,0,0,False
BIN_4122627,wrapper,0,0,False
BIN_4122795,injected,0,0,False
BIN_4123461,wrapper,0,0,False
BIN_4123513,wrapper,1,1,False
BIN_4124121,wrapper,0,0,False
BIN_4127172,injected,0,0,False
BIN_4128549,wrapper,0,0,False
BIN_4128855,wrapper,1,1,False
BIN_4128931,injected,1,1,False
BIN_4129606,wrapper,1,1,False
BIN_4130137,wrapper,0,0,False
BIN_4130331,injected,1,1,False
BIN_4130608,wrapper,1,1,False
BIN_4132015,injected,0,0,False
BIN_4133083,wrapper,0,0,False
BIN_4134128,wrapper,0,0,False
BIN_4135208,wrapper,0,0,False
BIN_4135809,injected,1,1,False
BIN_4135893,wrapper,0,0,False
BIN_4137010,wrapper,1,1,False
BIN_4137350,wrapper,0,0,False
BIN_4138962,wrapper,0,0,False
BIN_4139266,wrapper,0,0,False
BIN_4139486,injected,1,1,False
BIN_4139943,wrapper,1,1,False
BIN_4140051,wrapper,0,0,False
BIN_4140560,wrapper,1,1,False
BIN_4140673,wrapper,0,0,False
BIN_4141516,wrapper,1,1,False
BIN_4141524,injected,1,1,False
BIN_4141846,wrapper,1,1,False
BIN_4142113,injected,1,1,False
BIN_4142158,injected,1,1,False
BIN_4142318,wrapper,1,1,False
BIN_4142467,wrapper,1,1,False
BIN_4142655,wrapper,1,1,False
BIN_4143056,wrapper,0,0,False
BIN_4143225,injected,0,0,False
BIN_4143781,wrapper,0,0,False
BIN_4144306,wrapper,1,1,False
BIN_4144739,injected,1,1,False
BIN_4145902,wrapper,0,0,False
BIN_4146110,wrapper,0,0,False
BIN_4146183,wrapper,1,1,False
BIN_4146865,wrapper,0,0,False
BIN_4148116,wrapper,0,0,False
BIN_4148965,wrapper,0,0,False
BIN_4149124,wrapper,0,0,False
BIN_4149729,wrapper,1,1,False
BIN_4151084,injected,1,1,False
BIN_4151296,wrapper,0,0,False
BIN_4151545,injected,1,1,False
BIN_4151598,injected,1,1,False
BIN_4151806,wrapper,0,0,False
BIN_4152215,wrapper,1,1,False
BIN_4152468,wrapper,1,1,False
BIN_4152865,wrapper,1,1,False
BIN_4153417,injected,0,0,False
BIN_4153811,wrapper,1,1,False
BIN_4154724,injected,1,1,False
BIN_4155427,injected,1,1,False
BIN_4155693,wrapper,1,1,False
BIN_4158507,wrapper,0,0,False
BIN_4158570,wrapper,1,1,False
BIN_4159630,wrapper,0,0,False
BIN_4161278,wrapper,0,0,False
BIN_4161388,wrapper,1,1,False
BIN_4162030,wrapper,0,0,False
BIN_4163957,wrapper,0,0,False
BIN_4164093,wrapper,0,0,False
BIN_4164889,injected,0,0,False
BIN_4165748,wrapper,1,1,False
BIN_4166107,wrapper,1,1,False
BIN_4166167,wrapper,1,1,False
BIN_4166611,injected,1,1,False
BIN_4167040,wrapper,1,1,False
BIN_4167696,injected,0,0,False
BIN_4167965,injected,0,0,False
BIN_4167983,wrapper,1,1,False
BIN_4168063,wrapper,0,0,False
BIN_4169490,wrapper,0,0,False
BIN_4169511,injected,1,1,False
BIN_4170679,wrapper,0,0,False
BIN_4170971,wrapper,0,0,False
BIN_4172291,wrapper,0,0,False
BIN_4172674,injected,1,1,False
BIN_4173581,wrapper,0,0,False
BIN_4173871,wrapper,1,1,False
BIN_4174741,wrapper,1,1,False
BIN_4175332,wrapper,1,1,False
BIN_4175858,wrapper,0,0,False
BIN_4175902,wrapper,1,1,False
BIN_4176201,wrapper,0,0,False
BIN_4177111,wrapper,0,0,False
BIN_4177150,wrapper,0,0,False
BIN_4177915,injected,0,0,False
BIN_4178727,wrapper,1,1,False
BIN_4179483,wrapper,1,1,False
BIN_4180431,wrapper,1,1,False
BIN_4181419,injected,0,0,False
BIN_4181452,wrapper,1,1,False
BIN_4181521,wrapper,1,1,False
BIN_4181755,wrapper,1,1,False
BIN_4182248,wrapper,1,1,False
BIN_4186682,wrapper,0,0,False
BIN_4187334,wrapper,1,1,False
BIN_4189406,wrapper,1,1,False
BIN_4189780,injected,1,1,False
BIN_4189832,injected,0,0,False
BIN_4190589,wrapper,1,1,False
BIN_4190652,wrapper,0,0,False
BIN_4191437,wrapper,1,1,False
BIN_4191445,wrapper,0,0,False
BIN_4191810,wrapper,0,0,False
BIN_4194242,wrapper,0,0,False
BIN_4194572,wrapper,1,1,False
BIN_4194965,wrapper,1,1,False
BIN_4195430,wrapper,1,1,False
BIN_4196147,injected,0,0,False
BIN_4196374,wrapper,0,0,False
BIN_4196558,wrapper,1,1,False
BIN_4196804,injected,1,1,False
BIN_4197870,wrapper,0,0,False
BIN_4197928,injected,0,0,False
BIN_4197941,wrapper,1,1,False
BIN_4198204,wrapper,1,1,False
BIN_4198219,wrapper,1,1,False
BIN_4198436,wrapper,0,0,False
BIN_4198783,injected,0,0,False
BIN_4199092,wrapper,0,0,False
BIN_4200256,wrapper,1,1,False
BIN_4200370,wrapper,0,0,False
BIN_4200622,wrapper,0,0,False
BIN_4200946,injected,0,0,False
BIN_4201564,wrapper,1,1,False
BIN_4201802,injected,1,1,False
BIN_4202231,wrapper,1,1,False
BIN_4202956,wrapper,1,1,False
BIN_4203854,wrapper,0,0,False
BIN_4204416,wrapper,1,1,False
BIN_4204667,wrapper,1,1,False
BIN_4204948,wrapper,0,0,False
BIN_4205272,wrapper,0,0,False
BIN_4205402,wrapper,0,0,False
BIN_4205806,injected,1,1,False
BIN_4205918,wrapper,0,0,False
BIN_4206081,wrapper,1,1,False
BIN_4206542,wrapper,1,1,False
BIN_4206928,wrapper,0,0,False
BIN_4207259,injected,0,0,False
BIN_4207611,wrapper,1,1,False
BIN_4207640,wrapper,1,1,False
BIN_4207756,wrapper,0,0,False
BIN_4207874,wrapper,1,1,False
BIN_4207878,wrapper,0,0,False
BIN_4207982,wrapper,0,0,False
BIN_4208763,wrapper,1,1,False
BIN_4209117,injected,0,0,False
BIN_4209263,injected,0,0,False
BIN_4209416,wrapper,0,0,False
BIN_4209627,wrapper,1,1,False
BIN_4210642,wrapper,1,1,False
BIN_4210668,injected,0,0,False
BIN_4214067,injected,1,1,False
BIN_4214431,wrapper,0,0,False
BIN_4217120,wrapper,1,1,False
BIN_4217372,wrapper,0,0,False
BIN_4218409,wrapper,1,1,False
BIN_4218611,wrapper,0,0,False
BIN_4218698,wrapper,0,0,False
BIN_4220039,wrapper,1,1,False
BIN_4220642,wrapper,0,0,False
BIN_4221006,wrapper,0,0,False
BIN_4221135,injected,1,1,False
BIN_4221555,wrapper,0,0,False
BIN_4222604,wrapper,1,1,False
BIN_4222739,wrapper,1,1,False
BIN_4224500,wrapper,1,1,False
BIN_4224567,injected,0,0,False
BIN_4225515,injected,0,0,False
BIN_4225552,wrapper,1,1,False
BIN_4226338,wrapper,0,0,False
BIN_4226727,injected,0,0,False
BIN_4227410,injected,1,1,False
BIN_4228183,wrapper,0,0,False
BIN_4229036,wrapper,1,1,False
BIN_4229483,injected,0,0,False
BIN_4229521,injected,0,0,False
BIN_4229907,wrapper,1,1,False
BIN_4230091,wrapper,1,1,False
BIN_4231182,wrapper,0,0,False
BIN_4231683,injected,1,1,False
BIN_4232049,injected,0,0,False
BIN_4233708,wrapper,0,0,False
BIN_4233766,wrapper,0,0,False
BIN_4233826,injected,1,1,False
BIN_4234827,wrapper,0,0,False
BIN_4235759,wrapper,1,1,False
BIN_4235956,wrapper,0,0,False
BIN_4236504,injected,0,0,False
BIN_4236730,injected,1,1,False
BIN_4237084,wrapper,1,1,False
BIN_4237380,injected,1,1,False
BIN_4238014,wrapper,1,1,False
BIN_4239184,injected,1,1,False
BIN_4239398,injected,1,1,False
BIN_4239577,wrapper,0,0,False
BIN_4239725,wrapper,1,1,False
BIN_4239840,injected,0,0,False
BIN_4239964,wrapper,0,0,False
BIN_4240002,injected,1,1,False
BIN_4240207,wrapper,1,1,False
BIN_4240340,injected,0,0,False
BIN_4240460,wrapper,1,1,False
BIN_4242518,injected,0,0,False
BIN_4242591,injected,0,0,False
BIN_4242627,wrapper,0,0,False
BIN_4242933,wrapper,1,1,False
BIN_4243427,wrapper,1,1,False
BIN_4244304,injected,0,0,False
BIN_4244345,wrapper,1,1,False
BIN_4244384,injected,1,1,False
BIN_4245502,wrapper,1,1,False
BIN_4245740,wrapper,0,0,False
BIN_4246087,wrapper,0,0,False
BIN_4246302,wrapper,1,1,False
BIN_4248311,wrapper,1,1,False
BIN_4248971,wrapper,0,0,False
BIN_4251185,wrapper,0,0,False
BIN_4251307,injected,1,1,False
BIN_4251753,wrapper,1,1,False
BIN_4252424,wrapper,0,0,False
BIN_4253718,wrapper,0,0,False
BIN_4254097,wrapper,1,1,False
BIN_4254845,injected,1,1,False
BIN_4256898,wrapper,0,0,False
BIN_4257072,injected,0,0,False
BIN_4257612,injected,0,0,False
BIN_4257820,injected,0,0,False
BIN_4258843,wrapper,1,1,False
BIN_4258902,wrapper,0,0,False
BIN_4259477,wrapper,1,1,False
BIN_4261479,wrapper,1,1,False
BIN_4261545,wrapper,1,1,False
BIN_4262168,wrapper,1,1,False
BIN_4262270,wrapper,1,1,False
BIN_4262729,injected,1,1,False
BIN_4263918,wrapper,1,1,False
BIN_4264815,wrapper,1,1,False
BIN_4265721,wrapper,1,1,False
BIN_4265836,wrapper,0,0,False
BIN_4266153,wrapper,0,0,False
BIN_4266428,wrapper,1,1,False
BIN_4266449,wrapper,1,1,False
BIN_4269221,wrapper,0,0,False
BIN_4269481,wrapper,0,0,False
BIN_4270081,wrapper,1,1,False
BIN_4271125,wrapper,0,0,False
BIN_4271549,injected,0,0,False
BIN_4272373,wrapper,1,1,False
BIN_4273449,injected,0,0,False
BIN_4273599,wrapper,0,0,False
BIN_4273640,wrapper,0,0,False
BIN_4273982,wrapper,1,1,False
BIN_4274346,wrapper,0,0,False
BIN_4275127,injected,0,0,False
BIN_4276071,wrapper,0,0,False
BIN_4276563,injected,1,1,False
BIN_4277505,injected,0,0,False
BIN_4277713,injected,0,0,False
BIN_4277865,injected,1,1,False
BIN_4278479,injected,1,1,False
BIN_4279103,wrapper,1,1,False
BIN_4279114,injected,1,1,False
BIN_4279189,injected,1,1,False
BIN_4279699,wrapper,0,0,False
BIN_4279712,injected,1,1,False
BIN_4280224,injected,0,0,False
BIN_4280528,wrapper,1,1,False
BIN_4280890,injected,1,1,False
BIN_4281250,wrapper,1,1,False
BIN_4281870,wrapper,1,1,False
BIN_4281975,wrapper,1,1,False
BIN_4282256,wrapper,1,1,False
BIN_4282349,wrapper,0,0,False
BIN_4282365,wrapper,1,1,False
BIN_4282459,wrapper,1,1,False
BIN_4282707,injected,0,0,False
BIN_4282894,wrapper,1,1,False
BIN_4283148,wrapper,0,0,False
BIN_4283156,wrapper,1,1,False
BIN_4283387,wrapper,0,0,False
BIN_4284235,injected,1,1,False
BIN_4284321,injected,1,1,False
BIN_4285550,wrapper,1,1,False
BIN_4286122,wrapper,1,1,False
BIN_4286276,wrapper,0,0,False
BIN_4286989,wrapper,1,1,False
BIN_4287058,wrapper,0,0,False
BIN_4287100,wrapper,1,1,False
BIN_4287670,injected,1,1,False
BIN_4288136,wrapper,1,1,False
BIN_4288347,wrapper,0,0,False
BIN_4288507,injected,1,1,False
BIN_4290126,wrapper,0,0,False
BIN_4290130,injected,0,0,False
BIN_4290216,wrapper,0,0,False
BIN_4292263,wrapper,1,1,False
BIN_4292842,injected,1,1,False
BIN_4294899,wrapper,0,0,False
BIN_4295237,injected,0,0,False
BIN_4295244,wrapper,0,0,False
BIN_4295821,injected,1,1,False
BIN_4295882,wrapper,1,1,False
BIN_4295889,injected,1,1,False
BIN_4296209,wrapper,0,0,False
BIN_4298461,wrapper,0,0,False
BIN_4301041,injected,0,0,False
BIN_4301292,injected,0,0,False
BIN_4301336,injected,1,1,False
BIN_4301910,wrapper,0,0,False
BIN_4302293,wrapper,1,1,False
BIN_4303840,wrapper,1,1,False
BIN_4303939,wrapper,0,0,False
BIN_4304125,injected,0,0,False
BIN_4304499,wrapper,1,1,False
BIN_4305254,injected,0,0,False
BIN_4306097,wrapper,1,1,False
BIN_4306270,wrapper,0,0,False
BIN_4306904,wrapper,1,1,False
BIN_4307743,wrapper,0,0,False
BIN_4307990,wrapper,0,0,False
BIN_4308077,wrapper,1,1,False
BIN_4308153,wrapper,1,1,False
BIN_4308769,injected,1,1,False
BIN_4309407,wrapper,0,0,False
BIN_4310734,injected,0,0,False
BIN_4310831,wrapper,0,0,False
BIN_4311282,wrapper,1,1,False
BIN_4311385,injected,1,1,False
BIN_4311458,injected,1,1,False
BIN_4312301,wrapper,1,1,False
BIN_4313303,injected,0,0,False
BIN_4313490,wrapper,0,0,False
BIN_4313757,wrapper,0,0,False
BIN_4315236,injected,0,0,False
BIN_4315957,wrapper,0,0,False
BIN_4316441,injected,1,1,False
BIN_4316716,wrapper,0,0,False
BIN_4317234,injected,1,1,False
BIN_4317380,wrapper,1,1,False
BIN_4320470,injected,0,0,False
BIN_4323419,wrapper,0,0,False
BIN_4325043,wrapper,0,0,False
BIN_4325237,injected,0,0,False
BIN_4325856,wrapper,1,1,False
BIN_4326937,wrapper,1,1,False
BIN_4328068,wrapper,0,0,False
BIN_4328209,wrapper,0,0,False
BIN_4328802,injected,1,1,False
BIN_4329019,wrapper,1,1,False
BIN_4329152,wrapper,0,0,False
BIN_4329526,injected,1,1,False
BIN_4330077,wrapper,1,1,False
BIN_4330117,wrapper,1,1,False
BIN_4330616,wrapper,0,0,False
BIN_4331315,injected,1,1,False
BIN_4331777,wrapper,0,0,False
BIN_4331956,injected,1,1,False
BIN_4331971,wrapper,1,1,False
BIN_4332256,wrapper,1,1,False
BIN_4332768,wrapper,0,0,False
BIN_4332796,wrapper,0,0,False
BIN_4333592,wrapper,0,0,False
BIN_4334402,wrapper,0,0,False
BIN_4335390,injected,1,1,False
BIN_4335930,wrapper,0,0,False
BIN_4336034,injected,1,1,False
BIN_4336127,wrapper,0,0,False
BIN_4336975,wrapper,1,1,False
BIN_4337403,wrapper,0,0,False
BIN_4338119,wrapper,0,0,False
BIN_4338168,wrapper,0,0,False
BIN_4338179,wrapper,0,0,False
BIN_4338885,injected,1,1,False
BIN_4338908,wrapper,1,1,False
BIN_4339368,injected,0,0,False
BIN_4339655,injected,1,1,False
BIN_4340390,wrapper,0,0,False
BIN_4340600,injected,0,0,False
BIN_4341408,wrapper,0,0,False
BIN_4341530,wrapper,0,0,False
BIN_4341688,injected,0,0,False
BIN_4342590,wrapper,1,1,False
BIN_4343183,wrapper,1,1,False
BIN_4343278,injected,1,1,False
BIN_4343317,wrapper,0,0,False
BIN_4343416,wrapper,1,1,False
BIN_4343778,wrapper,0,0,False
BIN_4344865,injected,0,0,False
BIN_4347556,injected,1,1,False
BIN_4347773,injected,1,1,False
BIN_4348606,injected,0,0,False
BIN_4348618,wrapper,1,1,False
BIN_4349128,wrapper,1,1,False
BIN_4349435,injected,0,0,False
BIN_4350641,wrapper,1,1,False
BIN_4350942,injected,0,0,False
BIN_4351843,injected,1,1,False
BIN_4351963,wrapper,1,1,False
BIN_4353417,wrapper,0,0,False
BIN_4355293,wrapper,1,1,False
BIN_4355551,wrapper,0,0,False
BIN_4357075,wrapper,1,1,False
BIN_4358091,wrapper,0,0,False
BIN_4358537,wrapper,0,0,False
BIN_4359270,injected,1,1,False
BIN_4359285,wrapper,1,1,False
BIN_4359303,injected,1,1,False
BIN_4359471,wrapper,1,1,False
BIN_4359886,wrapper,0,0,False
BIN_4359954,injected,0,0,False
BIN_4360488,wrapper,1,1,False
BIN_4361297,wrapper,1,1,False
BIN_4361865,wrapper,0,0,False
BIN_4362615,wrapper,0,0,False
BIN_4363186,injected,1,1,False
BIN_4363301,injected,0,0,False
BIN_4363653,wrapper,1,1,False
BIN_4363831,wrapper,0,0,False
BIN_4364093,wrapper,0,0,False
BIN_4365529,wrapper,0,0,False
BIN_4365727,wrapper,0,0,False
BIN_4368112,wrapper,1,1,False
BIN_4368310,wrapper,0,0,False
BIN_4370617,wrapper,0,0,False
BIN_4370631,wrapper,0,0,False
BIN_4370943,wrapper,0,0,False
BIN_4371315,injected,1,1,False
BIN_4372307,wrapper,0,0,False
BIN_4373648,wrapper,0,0,False
BIN_4374182,wrapper,0,0,False
BIN_4375891,wrapper,1,1,False
BIN_4377493,injected,1,1,False
BIN_4378035,wrapper,0,0,False
BIN_4378184,wrapper,1,1,False
BIN_4378612,injected,1,1,False
BIN_4378969,injected,1,1,False
BIN_4379134,wrapper,0,0,False
BIN_4379295,injected,0,0,False
BIN_4379501,wrapper,1,1,False
BIN_4379783,wrapper,1,1,False
BIN_4379845,injected,0,0,False
BIN_4380420,wrapper,1,1,False
BIN_4380590,injected,0,0,False
BIN_4381171,wrapper,1,1,False
BIN_4381277,wrapper,0,0,False
BIN_4381306,injected,0,0,False
BIN_4381547,injected,1,1,False
BIN_4381723,injected,1,1,False
BIN_4382162,wrapper,0,0,False
BIN_4383086,wrapper,0,0,False
BIN_4383887,wrapper,0,0,False
BIN_4384074,injected,1,1,False
BIN_4384319,wrapper,0,0,False
BIN_4384357,injected,1,1,False
BIN_4384773,wrapper,0,0,False
BIN_4385215,injected,1,1,False
BIN_4385472,wrapper,0,0,False
BIN_4386008,injected,0,0,False
BIN_4386078,wrapper,0,0,False
BIN_4386187,injected,1,1,False
BIN_4386801,injected,1,1,False
BIN_4387011,wrapper,1,1,False
BIN_4387227,injected,0,0,False
BIN_4388491,wrapper,1,1,False
BIN_4388605,injected,0,0,False
BIN_4388652,wrapper,1,1,False
BIN_4388831,injected,1,1,False
BIN_4389723,wrapper,0,0,False
BIN_4389915,injected,0,0,False
BIN_4390527,wrapper,0,0,False
BIN_4390795,wrapper,1,1,False
BIN_4392640,wrapper,1,1,False
BIN_4392740,wrapper,1,1,False
BIN_4394761,wrapper,0,0,False
BIN_4395385,injected,0,0,False
BIN_4395591,wrapper,0,0,False
BIN_4395961,wrapper,1,1,False
BIN_4396023,wrapper,1,1,False
BIN_4397149,injected,0,0,False
BIN_4397195,wrapper,0,0,False
BIN_4398297,injected,1,1,False
BIN_4398379,wrapper,0,0,False
BIN_4399020,wrapper,0,0,False
BIN_4400004,wrapper,0,0,False
BIN_4400154,injected,1,1,False
BIN_4402508,wrapper,1,1,False
BIN_4404957,wrapper,0,0,False
BIN_4405597,injected,0,0,False
BIN_4407504,wrapper,0,0,False
BIN_4407721,wrapper,1,1,False
BIN_4409582,injected,0,0,False
BIN_4409836,wrapper,0,0,False
BIN_4409999,injected,1,1,False
BIN_4410157,wrapper,0,0,False
BIN_4410265,wrapper,1,1,False
BIN_4410727,injected,1,1,False
BIN_4411786,injected,1,1,False
BIN_4411887,injected,1,1,False
BIN_4413121,wrapper,0,0,False
BIN_4413859,injected,0,0,False
BIN_4414005,wrapper,0,0,False
BIN_4414276,injected,0,0,False
BIN_4414704,wrapper,0,0,False
BIN_4415565,injected,0,0,False
BIN_4416073,wrapper,0,0,False
BIN_4416791,wrapper,1,1,False
BIN_4416847,wrapper,0,0,False
BIN_4417251,injected,0,0,False
BIN_4417723,wrapper,0,0,False
BIN_4418347,wrapper,1,1,False
BIN_4418661,injected,1,1,False
BIN_4419174,wrapper,1,1,False
BIN_4419804,injected,0,0,False
BIN_4420873,wrapper,1,1,False
BIN_4421842,wrapper,1,1,False
BIN_4422256,wrapper,1,1,False
BIN_4422844,wrapper,0,0,False
BIN_4423540,injected,0,0,False
BIN_4424174,injected,0,0,False
BIN_4424732,injected,1,1,False
BIN_4426150,wrapper,1,1,False
BIN_4426217,wrapper,1,1,False
BIN_4426916,wrapper,0,0,False
BIN_4427792,wrapper,0,0,False
BIN_4428101,wrapper,1,1,False
BIN_4428545,injected,0,0,False
BIN_4429495,wrapper,0,0,False
BIN_4429611,wrapper,1,1,False
BIN_4430247,injected,0,0,False
BIN_4430714,injected,0,0,False
BIN_4430998,wrapper,1,1,False
BIN_4431660,injected,0,0,False
BIN_4432069,wrapper,0,0,False
BIN_4432521,injected,0,0,False
BIN_4433247,injected,1,1,False
BIN_4433399,wrapper,1,1,False
BIN_4434241,wrapper,0,0,False
BIN_4434259,wrapper,0,0,False
BIN_4434348,wrapper,0,0,False
BIN_4434394,wrapper,1,1,False
BIN_4434564,wrapper,0,0,False
BIN_4434588,wrapper,0,0,False
BIN_4434884,injected,1,1,False
BIN_4435384,wrapper,0,0,False
BIN_4436788,injected,1,1,False
BIN_4438172,wrapper,1,1,False
BIN_4438182,wrapper,0,0,False
BIN_4438602,wrapper,1,1,False
BIN_4438819,wrapper,0,0,False
BIN_4440205,wrapper,1,1,False
BIN_4440725,wrapper,0,0,False
BIN_4441031,wrapper,0,0,False
BIN_4441124,wrapper,1,1,False
BIN_4441156,injected,1,1,False
BIN_4441264,wrapper,0,0,False
BIN_4442210,wrapper,0,0,False
BIN_4442543,wrapper,1,1,False
BIN_4443777,wrapper,1,1,False
BIN_4444256,wrapper,0,0,False
BIN_4444945,injected,0,0,False
BIN_4445383,wrapper,0,0,False
BIN_4445870,injected,1,1,False
BIN_4446124,wrapper,0,0,False
BIN_4446200,wrapper,0,0,False
BIN_4446550,wrapper,0,0,False
BIN_4447093,wrapper,0,0,False
BIN_4447632,wrapper,0,0,False
BIN_4447646,injected,0,0,False
BIN_4449080,wrapper,0,0,False
BIN_4449679,wrapper,1,1,False
BIN_4451568,wrapper,0,0,False
BIN_4452214,injected,0,0,False
BIN_4453450,injected,1,1,False
BIN_4453715,wrapper,1,1,False
BIN_4454117,wrapper,1,1,False
BIN_4455616,wrapper,0,0,False
BIN_4455761,wrapper,0,0,False
BIN_4455911,wrapper,1,1,False
BIN_4456980,wrapper,1,1,False
BIN_4457144,wrapper,1,1,False
BIN_4457236,wrapper,1,1,False
BIN_4457954,wrapper,1,1,False
BIN_4458161,wrapper,0,0,False
BIN_4459018,wrapper,0,0,False
BIN_4459201,wrapper,0,0,False
BIN_4459699,wrapper,0,0,False
BIN_4459981,wrapper,0,0,False
BIN_4460421,injected,0,0,False
BIN_4460493,wrapper,0,0,False
BIN_4460732,wrapper,1,1,False
BIN_4460898,injected,0,0,False
BIN_4461303,wrapper,0,0,False
BIN_4461597,wrapper,0,0,False
BIN_4464194,wrapper,0,0,False
BIN_4464215,wrapper,0,0,False
BIN_4464224,wrapper,1,1,False
BIN_4465787,wrapper,1,1,False
BIN_4466297,injected,0,0,False
BIN_4467486,injected,1,1,False
BIN_4469505,wrapper,1,1,False
BIN_4471249,injected,0,0,False
BIN_4471517,wrapper,1,1,False
BIN_4471703,wrapper,1,1,False
BIN_4472231,wrapper,1,1,False
BIN_4472470,wrapper,1,1,False
BIN_4472942,injected,1,1,False
BIN_4473489,injected,1,1,False
BIN_4475080,wrapper,1,1,False
BIN_4475131,injected,1,1,False
BIN_4475135,injected,1,1,False
BIN_4475388,injected,1,1,False
BIN_4475616,wrapper,0,0,False
BIN_4476498,injected,0,0,False
BIN_4476908,injected,1,1,False
BIN_4477010,wrapper,0,0,False
BIN_4477077,injected,0,0,False
BIN_4477775,wrapper,1,1,False
BIN_4477794,wrapper,0,0,False
BIN_4478089,wrapper,1,1,False
BIN_4478566,wrapper,0,0,False
BIN_4479190,injected,1,1,False
BIN_4479293,wrapper,0,0,False
BIN_4479537,wrapper,0,0,False
BIN_4480686,injected,0,0,False
BIN_4481013,injected,0,0,False
BIN_4481527,wrapper,0,0,False
BIN_4482724,wrapper,0,0,False
BIN_4483251,wrapper,0,0,False
BIN_4483617,wrapper,0,0,False
BIN_4484311,injected,0,0,False
BIN_4484559,wrapper,0,0,False
BIN_4488072,injected,1,1,False
BIN_4488076,wrapper,0,0,False
BIN_4489070,wrapper,0,0,False
BIN_4489134,wrapper,1,1,False
BIN_4490036,wrapper,1,1,False
BIN_4490171,wrapper,0,0,False
BIN_4490489,wrapper,0,0,False
BIN_4491063,wrapper,1,1,False
BIN_4491825,injected,0,0,False
BIN_4492336,wrapper,0,0,False
BIN_4495087,wrapper,0,0,False
BIN_4495883,wrapper,0,0,False
BIN_4498246,injected,1,1,False
BIN_4499341,injected,0,0,False
BIN_4500169,wrapper,1,1,False
BIN_4500830,wrapper,0,0,False
BIN_4500930,wrapper,0,0,False
BIN_4501070,injected,1,1,False
BIN_4501127,wrapper,0,0,False
BIN_4501391,injected,0,0,False
BIN_4501429,wrapper,0,0,False
BIN_4502146,wrapper,0,0,False
BIN_4502646,wrapper,0,0,False
BIN_4502875,wrapper,1,1,False
BIN_4503641,injected,1,1,False
BIN_4504249,injected,0,0,False
BIN_4504332,wrapper,1,1,False
BIN_4505192,wrapper,1,1,False
BIN_4505200,wrapper,1,1,False
BIN_4505343,wrapper,1,1,False
BIN_4506693,wrapper,0,0,False
BIN_4508949,wrapper,0,0,False
BIN_4509196,injected,0,0,False
BIN_4509397,injected,0,0,False
BIN_4509546,wrapper,0,0,False
BIN_4510080,wrapper,0,0,False
BIN_4510199,injected,1,1,False
BIN_4510701,wrapper,1,1,False
BIN_4510869,injected,1,1,False
BIN_4510904,injected,1,1,False
BIN_4510986,injected,1,1,False
BIN_4511129,wrapper,1,1,False
BIN_4511188,injected,0,0,False
BIN_4511861,injected,0,0,False
BIN_4512523,wrapper,1,1,False
BIN_4512647,wrapper,1,1,False
BIN_4513417,wrapper,0,0,False
BIN_4513979,wrapper,1,1,False
BIN_4514044,injected,0,0,False
BIN_4514139,wrapper,1,1,False
BIN_4514503,wrapper,1,1,False
BIN_4514764,injected,1,1,False
BIN_4515174,injected,0,0,False
BIN_4516143,injected,1,1,False
BIN_4516242,wrapper,0,0,False
BIN_4516398,wrapper,0,0,False
BIN_4517704,injected,1,1,False
BIN_4518393,wrapper,0,0,False
BIN_4519363,wrapper,0,0,False
BIN_4520024,wrapper,0,0,False
BIN_4520570,wrapper,0,0,False
BIN_4520845,injected,0,0,False
BIN_4521476,wrapper,0,0,False
BIN_4521631,injected,0,0,False
BIN_4522425,wrapper,1,1,False
BIN_4522544,injected,0,0,False
BIN_4522728,injected,0,0,False
BIN_4522762,wrapper,0,0,False
BIN_4523051,wrapper,1,1,False
BIN_4523976,injected,0,0,False
BIN_4524776,wrapper,0,0,False
BIN_4525169,wrapper,1,1,False
BIN_4526126,wrapper,0,0,False
BIN_4526444,wrapper,1,1,False
BIN_4526987,wrapper,1,1,False
BIN_4527308,wrapper,1,1,False
BIN_4527806,wrapper,0,0,False
BIN_4529595,wrapper,1,1,False
BIN_4529794,injected,0,0,False
BIN_4530144,wrapper,1,1,False
BIN_4530381,wrapper,1,1,False
BIN_4530415,wrapper,1,1,False
BIN_4530591,wrapper,1,1,False
BIN_4530990,wrapper,0,0,False
BIN_4531176,wrapper,1,1,False
BIN_4531382,wrapper,0,0,False
BIN_4531757,injected,0,0,False
BIN_4532859,injected,0,0,False
BIN_4532879,wrapper,0,0,False
BIN_4533223,wrapper,1,1,False
BIN_4533270,wrapper,1,1,False
BIN_4533403,wrapper,1,1,False
BIN_4535612,injected,1,1,False
BIN_4535879,wrapper,1,1,False
BIN_4535884,wrapper,1,1,False
BIN_4536099,wrapper,0,0,False
BIN_4536102,wrapper,1,1,False
BIN_4537323,injected,0,0,False
BIN_4537522,injected,0,0,False
BIN_4537716,injected,0,0,False
BIN_4537922,injected,1,1,False
BIN_4537992,injected,1,1,False
BIN_4538281,wrapper,0,0,False
BIN_4539158,injected,0,0,False
BIN_4539829,wrapper,0,0,False
BIN_4540845,wrapper,1,1,False
BIN_4542670,wrapper,1,1,False
BIN_4543366,wrapper,0,0,False
BIN_4543514,wrapper,0,0,False
BIN_4543630,wrapper,1,1,False
BIN_4543887,wrapper,1,1,False
BIN_4544380,wrapper,0,0,False
BIN_4544491,wrapper,1,1,False
BIN_4544691,wrapper,0,0,False
BIN_4544825,wrapper,1,1,False
BIN_4545735,wrapper,0,0,False
BIN_4545778,wrapper,0,0,False
BIN_4547739,injected,1,1,False
BIN_4548168,injected,0,0,False
BIN_4548204,wrapper,0,0,False
BIN_4548306,injected,0,0,False
BIN_4548428,wrapper,0,0,False
BIN_4549172,wrapper,1,1,False
BIN_4549661,wrapper,0,0,False
BIN_4549930,wrapper,0,0,False
BIN_4550176,injected,0,0,False
BIN_4551444,injected,1,1,False
BIN_4551860,wrapper,1,1,False
BIN_4552681,wrapper,0,0,False
BIN_4555684,injected,1,1,False
BIN_4556298,wrapper,1,1,False
BIN_4557125,injected,0,0,False
BIN_4557917,injected,0,0,False
BIN_4558088,wrapper,1,1,False
BIN_4560734,wrapper,1,1,False
BIN_4561536,wrapper,1,1,False
BIN_4561807,wrapper,1,1,False
BIN_4563217,injected,1,1,False
BIN_4563749,injected,0,0,False
BIN_4563825,wrapper,1,1,False
BIN_4564801,wrapper,1,1,False
BIN_4565318,wrapper,1,1,False
BIN_4565534,wrapper,0,0,False
BIN_4565992,wrapper,1,1,False
BIN_4566278,wrapper,1,1,False
BIN_4567615,injected,1,1,False
BIN_4567748,wrapper,1,1,False
BIN_4569044,wrapper,1,1,False
BIN_4569810,wrapper,1,1,False
BIN_4570836,injected,0,0,False
BIN_4571380,injected,0,0,False
BIN_4571522,wrapper,0,0,False
BIN_4572063,injected,1,1,False
BIN_4573081,wrapper,0,0,False
BIN_4573188,wrapper,0,0,False
BIN_4574200,wrapper,0,0,False
BIN_4574460,wrapper,0,0,False
BIN_4575106,injected,0,0,False
BIN_4575276,injected,0,0,False
BIN_4576055,wrapper,1,1,False
BIN_4577138,wrapper,1,1,False
BIN_4577721,injected,0,0,False
BIN_4577829,injected,0,0,False
BIN_4578072,injected,0,0,False
BIN_4579065,wrapper,1,1,False
BIN_4579602,wrapper,1,1,False
BIN_4579870,injected,0,0,False
BIN_4580096,wrapper,1,1,False
BIN_4580303,injected,0,0,False
BIN_4580799,injected,0,0,False
BIN_4582835,injected,1,1,False
BIN_4583327,wrapper,1,1,False
BIN_4584247,wrapper,0,0,False
BIN_4584712,injected,0,0,False
BIN_4585159,injected,0,0,False
BIN_4585353,wrapper,0,0,False
BIN_4585450,wrapper,1,1,False
BIN_4586361,injected,0,0,False
BIN_4586408,wrapper,1,1,False
BIN_4586542,injected,1,1,False
BIN_4586784,injected,0,0,False
BIN_4587607,injected,1,1,False
BIN_4587869,wrapper,0,0,False
BIN_4587919,wrapper,1,1,False
BIN_4588246,wrapper,1,1,False
BIN_4588272,wrapper,1,1,False
BIN_4588328,injected,1,1,False
BIN_4589290,wrapper,0,0,False
BIN_4591149,wrapper,1,1,False
BIN_4592009,wrapper,1,1,False
BIN_4592257,wrapper,0,0,False
BIN_4592565,wrapper,0,0,False
BIN_4593916,wrapper,0,0,False
BIN_4594431,injected,1,1,False
BIN_4594791,wrapper,1,1,False
BIN_4595828,wrapper,1,1,False
BIN_4596207,wrapper,0,0,False
BIN_4596429,wrapper,1,1,False
BIN_4596446,wrapper,1,1,False
BIN_4597487,injected,0,0,False
BIN_4597742,wrapper,1,1,False
BIN_4598561,wrapper,1,1,False
BIN_4599902,wrapper,0,0,False
BIN_4600504,wrapper,0,0,False
BIN_4600812,injected,0,0,False
BIN_4600879,wrapper,1,1,False
BIN_4601278,injected,1,1,False
BIN_4601680,wrapper,1,1,False
BIN_4602313,wrapper,1,1,False
BIN_4602522,wrapper,1,1,False
BIN_4603588,wrapper,0,0,False
BIN_4604905,injected,1,1,False
BIN_4605160,injected,1,1,False
BIN_4605636,wrapper,1,1,False
BIN_4606233,wrapper,0,0,False
BIN_4606492,injected,1,1,False
BIN_4606746,wrapper,1,1,False
BIN_4607424,injected,1,1,False
BIN_4607769,injected,0,0,False
BIN_4607891,wrapper,1,1,False
BIN_4609696,wrapper,1,1,False
BIN_4609788,wrapper,1,1,False
BIN_4610119,wrapper,1,1,False
BIN_4610608,wrapper,0,0,False
BIN_4610699,wrapper,0,0,False
BIN_4610931,wrapper,0,0,False
BIN_4611535,wrapper,0,0,False
BIN_4613256,wrapper,0,0,False
BIN_4613474,wrapper,1,1,False
BIN_4613904,injected,1,1,False
BIN_4614755,wrapper,0,0,False
BIN_4615093,injected,1,1,False
BIN_4615458,injected,1,1,False
BIN_4616787,injected,0,0,False
BIN_4618046,wrapper,1,1,False
BIN_4618157,injected,0,0,False
BIN_4618580,wrapper,0,0,False
BIN_4618598,wrapper,0,0,False
BIN_4618684,wrapper,0,0,False
BIN_4618715,injected,0,0,False
BIN_4618761,wrapper,1,1,False
BIN_4620188,wrapper,1,1,False
BIN_4621180,wrapper,0,0,False
BIN_4621223,injected,1,1,False
BIN_4621620,wrapper,0,0,False
BIN_4621998,wrapper,0,0,False
BIN_4623199,wrapper,0,0,False
BIN_4623392,wrapper,1,1,False
BIN_4624159,wrapper,1,1,False
BIN_4624613,wrapper,0,0,False
BIN_4625948,wrapper,0,0,False
BIN_4626136,wrapper,0,0,False
BIN_4627738,wrapper,0,0,False
BIN_4627791,wrapper,1,1,False
BIN_4627798,wrapper,0,0,False
BIN_4627963,wrapper,1,1,False
BIN_4628989,injected,1,1,False
BIN_4629402,wrapper,1,1,False
BIN_4630155,wrapper,0,0,False
BIN_4631047,injected,0,0,False
BIN_4631093,wrapper,0,0,False
BIN_4631434,injected,1,1,False
BIN_4632179,wrapper,1,1,False
BIN_4632437,wrapper,0,0,False
BIN_4633666,wrapper,1,1,False
BIN_4633863,wrapper,0,0,False
BIN_4634000,wrapper,1,1,False
BIN_4634764,injected,1,1,False
BIN_4635171,wrapper,0,0,False
BIN_4635290,injected,1,1,False
BIN_4635626,wrapper,0,0,False
BIN_4636455,wrapper,0,0,False
BIN_4636745,injected,0,0,False
BIN_4637794,wrapper,1,1,False
BIN_4637797,wrapper,1,1,False
BIN_4638242,wrapper,0,0,False
BIN_4638692,wrapper,0,0,False
BIN_4638736,injected,0,0,False
BIN_4638796,injected,1,1,False
BIN_4638824,injected,1,1,False
BIN_4639232,wrapper,0,0,False
BIN_4639618,wrapper,0,0,False
BIN_4639717,injected,0,0,False
BIN_4640459,injected,1,1,False
BIN_4641231,injected,1,1,False
BIN_4641703,injected,0,0,False
BIN_4642479,wrapper,1,1,False
BIN_4644305,wrapper,0,0,False
BIN_4644507,injected,1,1,False
BIN_4644950,wrapper,1,1,False
BIN_4645512,wrapper,1,1,False
BIN_4645538,wrapper,1,1,False
BIN_4645826,wrapper,1,1,False
BIN_4646878,wrapper,0,0,False
BIN_4647371,wrapper,1,1,False
BIN_4647849,wrapper,0,0,False
BIN_4648498,wrapper,0,0,False
BIN_4648533,wrapper,0,0,False
BIN_4649823,injected,1,1,False
BIN_4650036,wrapper,0,0,False
BIN_4651308,injected,0,0,False
BIN_4653181,wrapper,0,0,False
BIN_4653203,wrapper,0,0,False
BIN_4653335,wrapper,0,0,False
BIN_4653522,wrapper,1,1,False
BIN_4653825,wrapper,1,1,False
BIN_4654763,wrapper,0,0,False
BIN_4655396,injected,1,1,False
BIN_4657498,wrapper,0,0,False
BIN_4657631,injected,0,0,False
BIN_4657697,injected,0,0,False
BIN_4658290,wrapper,1,1,False
BIN_4659273,wrapper,1,1,False
BIN_4659697,injected,0,0,False
BIN_4660595,injected,0,0,False
BIN_4660950,injected,1,1,False
BIN_4661573,injected,0,0,False
BIN_4661729,wrapper,0,0,False
BIN_4665346,wrapper,1,1,False
BIN_4665524,wrapper,1,1,False
BIN_4666787,injected,0,0,False
BIN_4666865,wrapper,0,0,False
BIN_4667924,injected,0,0,False
BIN_4668060,wrapper,1,1,False
BIN_4669287,wrapper,1,1,False
BIN_4670405,wrapper,0,0,False
BIN_4671035,injected,1,1,False
BIN_4671385,wrapper,1,1,False
BIN_4672652,wrapper,1,1,False
BIN_4673151,wrapper,1,1,False
BIN_4673266,wrapper,1,1,False
BIN_4673806,wrapper,0,0,False
BIN_4674009,wrapper,0,0,False
BIN_4674075,injected,0,0,False
BIN_4675323,wrapper,0,0,False
BIN_4675409,wrapper,1,1,False
BIN_4675415,wrapper,1,1,False
BIN_4676229,wrapper,1,1,False
BIN_4677936,wrapper,0,0,False
BIN_4678370,wrapper,1,1,False
BIN_4678496,wrapper,1,1,False
BIN_4678528,wrapper,0,0,False
BIN_4679680,injected,1,1,False
BIN_4680042,injected,1,1,False
BIN_4680794,injected,0,0,False
BIN_4681107,wrapper,1,1,False
BIN_4682449,injected,1,1,False
BIN_4682638,wrapper,1,1,False
BIN_4683242,wrapper,0,0,False
BIN_4683258,injected,0,0,False
BIN_4683551,wrapper,0,0,False
BIN_4684241,wrapper,1,1,False
BIN_4684690,wrapper,1,1,False
BIN_4684706,wrapper,0,0,False
BIN_4685149,wrapper,1,1,False
BIN_4685371,wrapper,1,1,False
BIN_4685547,wrapper,0,0,False
BIN_4685711,wrapper,0,0,False
BIN_4686451,wrapper,0,0,False
BIN_4686737,injected,0,0,False
BIN_4687035,wrapper,1,1,False
BIN_4687973,injected,0,0,False
BIN_4688129,wrapper,1,1,False
BIN_4688187,injected,0,0,False
BIN_4688235,wrapper,1,1,False
BIN_4688466,injected,0,0,False
BIN_4689502,wrapper,1,1,False
BIN_4690120,wrapper,0,0,False
BIN_4690383,wrapper,0,0,False
BIN_4690736,wrapper,1,1,False
BIN_4690998,injected,0,0,False
BIN_4691256,wrapper,1,1,False
BIN_4691339,wrapper,1,1,False
BIN_4692343,injected,0,0,False
BIN_4692355,wrapper,1,1,False
BIN_4693232,wrapper,0,0,False
BIN_4693608,injected,1,1,False
BIN_4693914,wrapper,1,1,False
BIN_4694644,injected,1,1,False
BIN_4694794,injected,0,0,False
BIN_4694984,wrapper,0,0,False
BIN_4695214,wrapper,0,0,False
BIN_4696093,wrapper,1,1,False
BIN_4696126,wrapper,0,0,False
BIN_4696473,injected,1,1,False
BIN_4696698,wrapper,0,0,False
BIN_4697040,wrapper,0,0,False
BIN_4697216,wrapper,1,1,False
BIN_4697514,wrapper,1,1,False
BIN_4698735,wrapper,1,1,False
BIN_4699392,wrapper,0,0,False
BIN_4700502,wrapper,0,0,False
BIN_4701097,wrapper,1,1,False
BIN_4701516,wrapper,0,0,False
BIN_4702458,wrapper,1,1,False
BIN_4702810,injected,0,0,False
BIN_4703067,wrapper,0,0,False
BIN_4703304,wrapper,1,1,False
BIN_4703915,wrapper,0,0,False
BIN_4704053,wrapper,0,0,False
BIN_4704142,wrapper,0,0,False
BIN_4705378,injected,1,1,False
BIN_4706496,wrapper,0,0,False
BIN_4707788,wrapper,1,1,False
BIN_4707951,injected,1,1,False
BIN_4709186,wrapper,0,0,False
BIN_4712342,injected,0,0,False
BIN_4712575,wrapper,1,1,False
BIN_4713114,wrapper,0,0,False
BIN_4713286,injected,0,0,False
BIN_4713382,wrapper,0,0,False
BIN_4713669,wrapper,0,0,False
BIN_4713997,injected,0,0,False
BIN_4714010,wrapper,0,0,False
BIN_4715327,wrapper,0,0,False
BIN_4717211,wrapper,1,1,False
BIN_4717288,injected,0,0,False
BIN_4717323,injected,1,1,False
BIN_4718013,injected,1,1,False
BIN_4718429,wrapper,0,0,False
BIN_4718464,wrapper,1,1,False
BIN_4718696,wrapper,1,1,False
BIN_4720418,wrapper,0,0,False
BIN_4720977,injected,0,0,False
BIN_4721632,wrapper,0,0,False
BIN_4722027,wrapper,1,1,False
BIN_4722199,wrapper,1,1,False
BIN_4722583,wrapper,0,0,False
BIN_4722846,injected,1,1,False
BIN_4725203,injected,1,1,False
BIN_4725351,wrapper,1,1,False
BIN_4726899,wrapper,1,1,False
BIN_4726967,injected,1,1,False
BIN_4727810,wrapper,0,0,False
BIN_4728499,injected,0,0,False
BIN_4728651,wrapper,1,1,False
BIN_4730239,injected,0,0,False
BIN_4730325,wrapper,0,0,False
BIN_4730381,wrapper,1,1,False
BIN_4730562,wrapper,0,0,False
BIN_4731600,wrapper,0,0,False
BIN_4731949,wrapper,0,0,False
BIN_4732058,injected,1,1,False
BIN_4733784,wrapper,1,1,False
BIN_4735991,injected,1,1,False
BIN_4736938,wrapper,1,1,False
BIN_4737236,injected,1,1,False
BIN_4738233,injected,0,0,False
BIN_4739279,wrapper,1,1,False
BIN_4740217,wrapper,0,0,False
BIN_4742524,injected,0,0,False
BIN_4742855,wrapper,1,1,False
BIN_4743479,injected,0,0,False
BIN_4744144,wrapper,0,0,False
BIN_4744866,injected,0,0,False
BIN_4744881,injected,1,1,False
BIN_4745552,wrapper,1,1,False
BIN_4747189,wrapper,1,1,False
BIN_4747489,wrapper,1,1,False
BIN_4748084,wrapper,0,0,False
BIN_4748351,wrapper,0,0,False
BIN_4748601,wrapper,0,0,False
BIN_4748904,wrapper,1,1,False
BIN_4749340,wrapper,1,1,False
BIN_4749833,injected,1,1,False
BIN_4751276,wrapper,1,1,False
BIN_4751907,wrapper,1,1,False
BIN_4752117,wrapper,0,0,False
BIN_4752579,wrapper,0,0,False
BIN_4754747,wrapper,1,1,False
BIN_4755090,injected,1,1,False
BIN_4755424,injected,1,1,False
BIN_4755663,wrapper,0,0,False
BIN_4756457,wrapper,1,1,False
BIN_4756508,wrapper,0,0,False
BIN_4756545,wrapper,0,0,False
BIN_4756638,wrapper,0,0,False
BIN_4757533,injected,1,1,False
BIN_4758196,wrapper,1,1,False
BIN_4758212,wrapper,1,1,False
BIN_4758358,injected,1,1,False
BIN_4760318,injected,0,0,False
BIN_4761238,wrapper,0,0,False
BIN_4761341,wrapper,1,1,False
BIN_4761898,wrapper,0,0,False
BIN_4762211,wrapper,0,0,False
BIN_4762341,injected,1,1,False
BIN_4763378,wrapper,1,1,False
BIN_4764959,wrapper,0,0,False
BIN_4764993,wrapper,1,1,False
BIN_4765122,wrapper,1,1,False
BIN_4765248,wrapper,1,1,False
BIN_4766507,wrapper,0,0,False
BIN_4766586,wrapper,1,1,False
BIN_4766717,injected,0,0,False
BIN_4766739,wrapper,0,0,False
BIN_4768668,injected,0,0,False
BIN_4769281,injected,0,0,False
BIN_4769643,wrapper,1,1,False
BIN_4769694,wrapper,1,1,False
BIN_4770934,wrapper,0,0,False
BIN_4772128,injected,0,0,False
BIN_4772377,injected,1,1,False
BIN_4772787,injected,1,1,False
BIN_4772792,wrapper,0,0,False
BIN_4774145,wrapper,0,0,False
BIN_4775287,wrapper,1,1,False
BIN_4775945,injected,0,0,False
BIN_4776713,wrapper,1,1,False
BIN_4776771,wrapper,0,0,False
BIN_4777254,injected,1,1,False
BIN_4777939,wrapper,1,1,False
BIN_4779291,wrapper,0,0,False
BIN_4780201,wrapper,0,0,False
BIN_4781926,wrapper,1,1,False
BIN_4782444,wrapper,0,0,False
BIN_4782745,wrapper,1,1,False
BIN_4783789,injected,0,0,False
BIN_4784215,wrapper,1,1,False
BIN_4784261,wrapper,0,0,False
BIN_4784895,wrapper,0,0,False
BIN_4784966,injected,1,1,False
BIN_4785001,wrapper,0,0,False
BIN_4785176,wrapper,0,0,False
BIN_4785238,wrapper,1,1,False
BIN_4785414,wrapper,0,0,False
BIN_4789071,wrapper,1,1,False
BIN_4789642,wrapper,1,1,False
BIN_4790332,wrapper,1,1,False
BIN_4791653,wrapper,0,0,False
BIN_4792222,wrapper,1,1,False
BIN_4792434,wrapper,0,0,False
BIN_4792528,injected,0,0,False
BIN_4792868,wrapper,1,1,False
BIN_4793199,wrapper,0,0,False
BIN_4793963,wrapper,1,1,False
BIN_4794619,wrapper,1,1,False
BIN_4794901,wrapper,1,1,False
BIN_4794971,injected,1,1,False
BIN_4796345,wrapper,1,1,False
BIN_4796364,wrapper,0,0,False
BIN_4796647,injected,1,1,False
BIN_4797416,wrapper,0,0,False
BIN_4797582,wrapper,1,1,False
BIN_4797663,wrapper,1,1,False
BIN_4797914,wrapper,1,1,False
BIN_4798369,wrapper,1,1,False
BIN_4799173,wrapper,0,0,False
BIN_4800426,injected,1,1,False
BIN_4800596,wrapper,0,0,False
BIN_4801291,wrapper,0,0,False
BIN_4801454,wrapper,0,0,False
BIN_4802255,injected,1,1,False
BIN_4802565,injected,1,1,False
BIN_4803715,wrapper,1,1,False
BIN_4803951,wrapper,0,0,False
BIN_4804964,injected,0,0,False
BIN_4806530,wrapper,1,1,False
BIN_4807250,wrapper,0,0,False
BIN_4807521,wrapper,1,1,False
BIN_4808905,wrapper,1,1,False
BIN_4809460,wrapper,1,1,False
BIN_4809512,wrapper,1,1,False
BIN_4809998,injected,0,0,False
BIN_4811548,injected,1,1,False
BIN_4812187,wrapper,1,1,False
BIN_4813046,injected,1,1,False
BIN_4813682,injected,1,1,False
BIN_4813790,injected,0,0,False
BIN_4814116,wrapper,0,0,False
BIN_4814342,injected,0,0,False
BIN_4814457,wrapper,1,1,False
BIN_4814745,wrapper,1,1,False
BIN_4814816,wrapper,0,0,False
BIN_4814883,wrapper,0,0,False
BIN_4815332,wrapper,1,1,False
BIN_4816248,wrapper,1,1,False
BIN_4817154,wrapper,0,0,False
BIN_4817891,injected,1,1,False
BIN_4818635,wrapper,0,0,False
BIN_4818973,injected,1,1,False
BIN_4819256,injected,1,1,False
BIN_4820070,wrapper,0,0,False
BIN_4820743,injected,1,1,False
BIN_4821318,wrapper,0,0,False
BIN_4822093,injected,1,1,False
BIN_4822768,wrapper,1,1,False
BIN_4822887,wrapper,1,1,False
BIN_4824096,wrapper,0,0,False
BIN_4824136,wrapper,0,0,False
BIN_4824402,injected,0,0,False
BIN_4824491,wrapper,0,0,False
BIN_4824770,injected,0,0,False
BIN_4825003,wrapper,1,1,False
BIN_4825601,wrapper,1,1,False
BIN_4825645,injected,1,1,False
BIN_4826334,wrapper,1,1,False
BIN_4826336,injected,1,1,False
BIN_4826632,injected,1,1,False
BIN_4826988,injected,1,1,False
BIN_4827921,injected,1,1,False
BIN_4828169,wrapper,1,1,False
BIN_4828790,wrapper,0,0,False
BIN_4829905,wrapper,1,1,False
BIN_4831653,injected,0,0,False
BIN_4832460,wrapper,1,1,False
BIN_4832632,injected,0,0,False
BIN_4832981,wrapper,0,0,False
BIN_4833151,wrapper,0,0,False
BIN_4833441,injected,0,0,False
BIN_4833827,injected,1,1,False
BIN_4833917,wrapper,1,1,False
BIN_4834380,injected,1,1,False
BIN_4834554,injected,1,1,False
BIN_4834671,wrapper,1,1,False
BIN_4834795,wrapper,1,1,False
BIN_4835569,wrapper,1,1,False
BIN_4836051,wrapper,0,0,False
BIN_4836304,wrapper,0,0,False
BIN_4836490,wrapper,1,1,False
BIN_4836713,injected,1,1,False
BIN_4837380,wrapper,0,0,False
BIN_4839279,wrapper,0,0,False
BIN_4839931,wrapper,0,0,False
BIN_4840138,wrapper,1,1,False
BIN_4840336,injected,0,0,False
BIN_4840660,injected,1,1,False
BIN_4841064,wrapper,1,1,False
BIN_4841418,wrapper,0,0,False
BIN_4842119,wrapper,1,1,False
BIN_4843414,wrapper,1,1,False
BIN_4843965,wrapper,0,0,False
BIN_4845312,injected,1,1,False
BIN_4846098,wrapper,0,0,False
BIN_4847008,injected,1,1,False
BIN_4847627,wrapper,0,0,False
BIN_4849594,wrapper,0,0,False
BIN_4850023,wrapper,0,0,False
BIN_4850048,injected,0,0,False
BIN_4851508,wrapper,0,0,False
BIN_4852001,wrapper,1,1,False
BIN_4852953,wrapper,0,0,False
BIN_4853112,wrapper,1,1,False
BIN_4853647,wrapper,1,1,False
BIN_4854389,injected,0,0,False
BIN_4854627,injected,0,0,False
BIN_4854943,wrapper,0,0,False
BIN_4857653,wrapper,1,1,False
BIN_4858186,wrapper,1,1,False
BIN_4860053,wrapper,1,1,False
BIN_4860393,injected,1,1,False
BIN_4860911,wrapper,0,0,False
BIN_4861788,wrapper,0,0,False
BIN_4862985,wrapper,1,1,False
BIN_4863145,wrapper,1,1,False
BIN_4865479,wrapper,0,0,False
BIN_4865896,wrapper,1,1,False
BIN_4866350,injected,0,0,False
BIN_4866367,wrapper,0,0,False
BIN_4866732,wrapper,1,1,False
BIN_4867135,wrapper,0,0,False
BIN_4867458,wrapper,0,0,False
BIN_4867797,wrapper,0,0,False
BIN_4869749,wrapper,0,0,False
BIN_4870173,injected,0,0,False
BIN_4870732,injected,0,0,False
BIN_4870845,wrapper,1,1,False
BIN_4871382,wrapper,0,0,False
BIN_4872283,injected,0,0,False
BIN_4872748,wrapper,0,0,False
BIN_4873353,wrapper,0,0,False
BIN_4874495,wrapper,1,1,False
BIN_4874726,wrapper,0,0,False
BIN_4874907,injected,0,0,False
BIN_4874915,wrapper,0,0,False
BIN_4875131,wrapper,0,0,False
BIN_4875779,wrapper,0,0,False
BIN_4876331,injected,0,0,False
BIN_4877408,injected,0,0,False
BIN_4878511,injected,1,1,False
BIN_4878925,injected,1,1,False
BIN_4879210,injected,0,0,False
BIN_4879684,wrapper,1,1,False
BIN_4880031,injected,0,0,False
BIN_4880364,wrapper,0,0,False
BIN_4882079,wrapper,0,0,False
BIN_4882884,injected,0,0,False
BIN_4884368,wrapper,0,0,False
BIN_4884541,wrapper,1,1,False
BIN_4884608,injected,1,1,False
BIN_4885278,wrapper,1,1,False
BIN_4885461,injected,0,0,False
BIN_4885708,wrapper,1,1,False
BIN_4888601,injected,1,1,False
BIN_4888803,wrapper,0,0,False
BIN_4889075,wrapper,0,0,False
BIN_4889996,injected,1,1,False
BIN_4890320,wrapper,1,1,False
BIN_4890378,wrapper,1,1,False
BIN_4891966,wrapper,1,1,False
BIN_4892836,wrapper,1,1,False
BIN_4893059,wrapper,1,1,False
BIN_4894394,wrapper,0,0,False
BIN_4894590,wrapper,0,0,False
BIN_4897280,wrapper,0,0,False
BIN_4897571,wrapper,0,0,False
BIN_4898524,wrapper,1,1,False
BIN_4898539,wrapper,0,0,False
BIN_4898809,wrapper,0,0,False
BIN_4899366,injected,0,0,False
BIN_4899638,injected,0,0,False
BIN_4899887,wrapper,1,1,False
BIN_4900572,wrapper,1,1,False
BIN_4900919,wrapper,0,0,False
BIN_4901384,injected,0,0,False
BIN_4901592,wrapper,1,1,False
BIN_4901595,injected,0,0,False
BIN_4901812,wrapper,0,0,False
BIN_4902158,wrapper,0,0,False
BIN_4903211,wrapper,1,1,False
BIN_4903330,wrapper,0,0,False
BIN_4904424,injected,0,0,False
BIN_4904705,wrapper,1,1,False
BIN_4904973,wrapper,0,0,False
BIN_4904992,wrapper,0,0,False
BIN_4905111,wrapper,0,0,False
BIN_4905172,wrapper,1,1,False
BIN_4905419,wrapper,1,1,False
BIN_4905432,injected,0,0,False
BIN_4906035,wrapper,1,1,False
BIN_4906213,wrapper,1,1,False
BIN_4906304,wrapper,1,1,False
BIN_4908436,wrapper,0,0,False
BIN_4908871,wrapper,1,1,False
BIN_4908955,wrapper,1,1,False
BIN_4910216,wrapper,1,1,False
BIN_4911295,wrapper,0,0,False
BIN_4912325,wrapper,1,1,False
BIN_4912713,wrapper,1,1,False
BIN_4913010,wrapper,1,1,False
BIN_4913254,wrapper,0,0,False
BIN_4913822,wrapper,1,1,False
BIN_4914324,wrapper,1,1,False
BIN_4915744,injected,0,0,False
BIN_4916477,wrapper,0,0,False
BIN_4916925,wrapper,0,0,False
BIN_4917265,injected,0,0,False
BIN_4918151,wrapper,1,1,False
BIN_4918457,wrapper,1,1,False
BIN_4918833,injected,1,1,False
BIN_4920123,wrapper,0,0,False
BIN_4922812,wrapper,0,0,False
BIN_4923589,injected,0,0,False
BIN_4924305,wrapper,0,0,False
BIN_4924961,wrapper,0,0,False
BIN_4925529,injected,1,1,False
BIN_4926373,wrapper,1,1,False
BIN_4926516,wrapper,0,0,False
BIN_4927203,injected,0,0,False
BIN_4928159,wrapper,1,1,False
BIN_4930181,injected,1,1,False
BIN_4930213,injected,1,1,False
BIN_4930279,wrapper,0,0,False
BIN_4930445,injected,0,0,False
BIN_4931087,wrapper,1,1,False
BIN_4932420,injected,0,0,False
BIN_4932533,wrapper,0,0,False
BIN_4933823,wrapper,1,1,False
BIN_4933893,wrapper,0,0,False
BIN_4934154,wrapper,1,1,False
BIN_4934640,wrapper,1,1,False
BIN_4935005,wrapper,0,0,False
BIN_4935611,injected,0,0,False
BIN_4935852,injected,0,0,False
BIN_4936715,injected,1,1,False
BIN_4937192,wrapper,1,1,False
BIN_4937315,wrapper,0,0,False
BIN_4938285,wrapper,1,1,False
BIN_4938401,injected,0,0,False
BIN_4939532,injected,0,0,False
BIN_4939538,wrapper,0,0,False
BIN_4939670,wrapper,0,0,False
BIN_4940650,wrapper,1,1,False
BIN_4941108,wrapper,1,1,False
BIN_4942051,wrapper,1,1,False
BIN_4943635,wrapper,1,1,False
BIN_4945246,injected,0,0,False
BIN_4945807,wrapper,1,1,False
BIN_4946020,wrapper,0,0,False
BIN_4946952,wrapper,1,1,False
BIN_4948311,injected,1,1,False
BIN_4948324,wrapper,0,0,False
BIN_4948501,injected,0,0,False
BIN_4949053,injected,1,1,False
BIN_4949865,wrapper,0,0,False
BIN_4950403,wrapper,1,1,False
BIN_4950775,wrapper,0,0,False
BIN_4950788,wrapper,0,0,False
BIN_4950943,wrapper,0,0,False
BIN_4951091,wrapper,0,0,False
BIN_4952259,wrapper,1,1,False
BIN_4953073,wrapper,0,0,False
BIN_4954191,injected,1,1,False
BIN_4954420,wrapper,1,1,False
BIN_4954768,injected,0,0,False
BIN_4955532,injected,1,1,False
BIN_4956023,wrapper,1,1,False
BIN_4956367,wrapper,0,0,False
BIN_4956515,wrapper,0,0,False
BIN_4957654,injected,1,1,False
BIN_4960306,wrapper,1,1,False
BIN_4960775,wrapper,1,1,False
BIN_4960803,wrapper,1,1,False
BIN_4961422,wrapper,0,0,False
BIN_4961618,wrapper,1,1,False
BIN_4962090,injected,0,0,False
BIN_4963529,wrapper,1,1,False
BIN_4963612,wrapper,1,1,False
BIN_4963991,injected,0,0,False
BIN_4965255,wrapper,0,0,False
BIN_4965607,injected,0,0,False
BIN_4967771,wrapper,1,1,False
BIN_4968078,injected,0,0,False
BIN_4969254,wrapper,1,1,False
BIN_4969331,injected,0,0,False
BIN_4969982,wrapper,0,0,False
BIN_4970365,wrapper,1,1,False
BIN_4970367,injected,1,1,False
BIN_4970648,injected,0,0,False
BIN_4970860,wrapper,0,0,False
BIN_4971827,injected,0,0,False
BIN_4972872,wrapper,0,0,False
BIN_4973665,wrapper,1,1,False
BIN_4974488,wrapper,0,0,False
BIN_4976385,wrapper,1,1,False
BIN_4976606,wrapper,1,1,False
BIN_4976994,wrapper,1,1,False
BIN_4977183,wrapper,0,0,False
BIN_4978031,wrapper,1,1,False
BIN_4978276,wrapper,0,0,False
BIN_4978456,wrapper,0,0,False
BIN_4978685,wrapper,0,0,False
BIN_4980141,injected,1,1,False
BIN_4980297,wrapper,0,0,False
BIN_4980886,wrapper,0,0,False
BIN_4981645,injected,0,0,False
BIN_4981650,wrapper,1,1,False
BIN_4981898,wrapper,0,0,False
BIN_4981942,injected,1,1,False
BIN_4982161,wrapper,0,0,False
BIN_4985329,wrapper,0,0,False
BIN_4985727,wrapper,0,0,False
BIN_4988489,wrapper,1,1,False
BIN_4988865,injected,1,1,False
BIN_4989039,wrapper,1,1,False
BIN_4989485,wrapper,0,0,False
BIN_4991022,injected,1,1,False
BIN_4991602,wrapper,1,1,False
BIN_4991643,wrapper,1,1,False
BIN_4991744,wrapper,0,0,False
BIN_4992002,injected,0,0,False
BIN_4992164,wrapper,0,0,False
BIN_4992535,wrapper,0,0,False
BIN_4993256,injected,0,0,False
BIN_4993350,wrapper,1,1,False
BIN_4993830,injected,0,0,False
BIN_4994999,injected,0,0,False
BIN_4995285,wrapper,0,0,False
BIN_4995402,wrapper,1,1,False
BIN_4998105,injected,0,0,False
BIN_4999201,wrapper,1,1,False
BIN_4999604,injected,1,1,False
BIN_4999915,wrapper,1,1,False
BIN_5001535,injected,1,1,False
BIN_5001798,wrapper,1,1,False
BIN_5002668,injected,1,1,False
BIN_5002671,injected,0,0,False
BIN_5003222,injected,1,1,False
BIN_5003298,wrapper,1,1,False
BIN_5003646,wrapper,1,1,False
BIN_5004255,wrapper,1,1,False
BIN_5007383,wrapper,1,1,False
BIN_5007403,wrapper,1,1,False
BIN_5007969,wrapper,0,0,False
BIN_5008280,injected,0,0,False
BIN_5008836,wrapper,0,0,False
BIN_5009001,injected,0,0,False
BIN_5009480,wrapper,0,0,False
BIN_5010732,wrapper,1,1,False
BIN_5010799,injected,0,0,False
BIN_5011005,injected,1,1,False
BIN_5011052,injected,1,1,False
BIN_5011261,wrapper,1,1,False
BIN_5011540,wrapper,0,0,False
BIN_5011622,wrapper,1,1,False
BIN_5012153,wrapper,1,1,False
BIN_5013908,wrapper,1,1,False
BIN_5014080,wrapper,1,1,False
BIN_5014205,wrapper,1,1,False
BIN_5015952,wrapper,0,0,False
BIN_5016198,injected,1,1,False
BIN_5016536,wrapper,1,1,False
BIN_5017973,wrapper,1,1,False
BIN_5019265,wrapper,0,0,False
BIN_5019496,wrapper,1,1,False
BIN_5020530,injected,0,0,False
BIN_5021490,injected,1,1,False
BIN_5023035,wrapper,0,0,False
BIN_5023945,wrapper,0,0,False
BIN_5024902,wrapper,0,0,False
BIN_5024961,wrapper,1,1,False
BIN_5025598,wrapper,0,0,False
BIN_5026559,wrapper,1,1,False
BIN_5026601,wrapper,0,0,False
BIN_5026980,wrapper,0,0,False
BIN_5027600,wrapper,0,0,False
BIN_5027984,injected,0,0,False
BIN_5028242,injected,0,0,False
BIN_5029196,wrapper,0,0,False
BIN_5029252,wrapper,0,0,False
BIN_5030674,wrapper,0,0,False
BIN_5030706,wrapper,0,0,False
BIN_5034524,wrapper,1,1,False
BIN_5034793,wrapper,0,0,False
BIN_5035035,wrapper,1,1,False
BIN_5035458,wrapper,0,0,False
BIN_5036511,wrapper,1,1,False
BIN_5036836,injected,0,0,False
BIN_5037344,wrapper,1,1,False
BIN_5037912,wrapper,0,0,False
BIN_5039119,wrapper,1,1,False
BIN_5039808,wrapper,0,0,False
BIN_5041746,wrapper,0,0,False
BIN_5042522,wrapper,1,1,False
BIN_5042650,injected,1,1,False
BIN_5042959,injected,1,1,False
BIN_5043041,wrapper,1,1,False
BIN_5043090,wrapper,0,0,False
BIN_5043461,wrapper,1,1,False
BIN_5043766,wrapper,0,0,False
BIN_5045091,injected,0,0,False
BIN_5045480,wrapper,1,1,False
BIN_5045997,wrapper,0,0,False
BIN_5046090,injected,0,0,False
BIN_5046459,wrapper,0,0,False
BIN_5046900,injected,0,0,False
BIN_5047141,wrapper,1,1,False
BIN_5047218,wrapper,0,0,False
BIN_5047756,wrapper,0,0,False
BIN_5048399,injected,1,1,False
BIN_5048569,injected,0,0,False
BIN_5048817,wrapper,0,0,False
BIN_5049516,injected,1,1,False
BIN_5050450,injected,1,1,False
BIN_5051605,wrapper,1,1,False
BIN_5052045,wrapper,0,0,False
BIN_5052743,injected,1,1,False
BIN_5054338,wrapper,0,0,False
BIN_5057152,wrapper,0,0,False
BIN_5057635,injected,1,1,False
BIN_5058253,injected,0,0,False
BIN_5060064,wrapper,0,0,False
BIN_5060711,wrapper,0,0,False
BIN_5062043,injected,1,1,False
BIN_5062254,wrapper,0,0,False
BIN_5063143,wrapper,0,0,False
BIN_5063146,wrapper,0,0,False
BIN_5065054,wrapper,0,0,False
BIN_5065664,wrapper,0,0,False
BIN_5065683,wrapper,1,1,False
BIN_5065771,wrapper,0,0,False
BIN_5066298,injected,0,0,False
BIN_5066837,wrapper,0,0,False
BIN_5067868,wrapper,1,1,False
BIN_5070364,wrapper,1,1,False
BIN_5071237,wrapper,1,1,False
BIN_5071620,wrapper,1,1,False
BIN_5072087,wrapper,1,1,False
BIN_5072199,wrapper,0,0,False
BIN_5073008,injected,0,0,False
BIN_5073466,wrapper,0,0,False
BIN_5073781,wrapper,0,0,False
BIN_5074229,wrapper,1,1,False
BIN_5075193,wrapper,1,1,False
BIN_5075573,injected,1,1,False
BIN_5076479,wrapper,0,0,False
BIN_5077455,injected,1,1,False
BIN_5077778,wrapper,0,0,False
BIN_5077872,injected,1,1,False
BIN_5078061,wrapper,0,0,False
BIN_5078437,wrapper,1,1,False
BIN_5078633,wrapper,0,0,False
BIN_5078759,wrapper,1,1,False
BIN_5078966,wrapper,1,1,False
BIN_5079708,injected,1,1,False
BIN_5080538,injected,1,1,False
BIN_5080703,wrapper,0,0,False
BIN_5080898,wrapper,0,0,False
BIN_5080918,wrapper,1,1,False
BIN_5081683,wrapper,0,0,False
BIN_5082077,injected,1,1,False
BIN_5083007,wrapper,1,1,False
BIN_5085862,wrapper,0,0,False
BIN_5086642,injected,0,0,False
BIN_5086648,wrapper,0,0,False
BIN_5087722,injected,0,0,False
BIN_5091540,wrapper,0,0,False
BIN_5092078,injected,1,1,False
BIN_5092598,wrapper,0,0,False
BIN_5092966,wrapper,1,1,False
BIN_5093640,wrapper,1,1,False
BIN_5094003,injected,0,0,False
BIN_5095025,wrapper,0,0,False
BIN_5095748,injected,0,0,False
BIN_5097667,wrapper,0,0,False
BIN_5099268,wrapper,0,0,False
BIN_5099352,injected,1,1,False
BIN_5099618,wrapper,0,0,False
BIN_5100009,wrapper,0,0,False
BIN_5100188,injected,0,0,False
BIN_5100195,injected,1,1,False
BIN_5100531,injected,0,0,False
BIN_5100716,injected,0,0,False
BIN_5102257,wrapper,0,0,False
BIN_5102803,injected,0,0,False
BIN_5102808,wrapper,1,1,False
BIN_5103150,injected,0,0,False
BIN_5103629,injected,0,0,False
BIN_5104427,wrapper,1,1,False
BIN_5105562,wrapper,1,1,False
BIN_5106415,wrapper,1,1,False
BIN_5106908,injected,0,0,False
BIN_5107516,wrapper,1,1,False
BIN_5107572,wrapper,1,1,False
BIN_5108228,wrapper,0,0,False
BIN_5108982,injected,1,1,False
BIN_5109401,wrapper,0,0,False
BIN_5109656,wrapper,0,0,False
BIN_5109778,wrapper,1,1,False
BIN_5110695,wrapper,0,0,False
BIN_5110914,wrapper,0,0,False
BIN_5113387,wrapper,1,1,False
BIN_5113746,injected,1,1,False
BIN_5113795,wrapper,0,0,False
BIN_5114567,injected,0,0,False
BIN_5114853,wrapper,0,0,False
BIN_5114938,injected,1,1,False
BIN_5115387,wrapper,0,0,False
BIN_5115443,wrapper,1,1,False
BIN_5115774,wrapper,0,0,False
BIN_5116944,wrapper,1,1,False
BIN_5117261,wrapper,0,0,False
BIN_5117899,injected,0,0,False
BIN_5118448,wrapper,0,0,False
BIN_5118663,wrapper,0,0,False
BIN_5119435,wrapper,1,1,False
BIN_5119726,injected,0,0,False
BIN_5119817,wrapper,0,0,False
BIN_5120193,injected,1,1,False
BIN_5120868,wrapper,1,1,False
BIN_5122815,wrapper,1,1,False
BIN_5123179,wrapper,0,0,False
BIN_5124245,injected,0,0,False
BIN_5124600,wrapper,1,1,False
BIN_5125522,wrapper,0,0,False
BIN_5125916,wrapper,0,0,False
BIN_5126428,wrapper,0,0,False
BIN_5126531,wrapper,1,1,False
BIN_5126675,wrapper,1,1,False
BIN_5126823,wrapper,1,1,False
BIN_5128919,injected,0,0,False
BIN_5129507,wrapper,1,1,False
BIN_5129640,wrapper,1,1,False
BIN_5130710,injected,1,1,False
BIN_5131194,wrapper,1,1,False
BIN_5132780,wrapper,1,1,False
BIN_5133295,wrapper,0,0,False
BIN_5133826,wrapper,0,0,False
BIN_5134727,wrapper,1,1,False
BIN_5134794,wrapper,0,0,False
BIN_5135670,wrapper,0,0,False
BIN_5136183,injected,0,0,False
BIN_5136437,wrapper,0,0,False
BIN_5136548,wrapper,1,1,False
BIN_5136857,injected,0,0,False
BIN_5136959,wrapper,1,1,False
BIN_5139179,wrapper,0,0,False
BIN_5139570,wrapper,0,0,False
BIN_5141049,wrapper,1,1,False
BIN_5141102,injected,0,0,False
BIN_5141342,wrapper,1,1,False
BIN_5141466,wrapper,0,0,False
BIN_5141499,injected,1,1,False
BIN_5141605,wrapper,1,1,False
BIN_5142884,wrapper,0,0,False
BIN_5143164,wrapper,1,1,False
BIN_5143400,wrapper,1,1,False
BIN_5145320,wrapper,0,0,False
BIN_5145509,wrapper,1,1,False
BIN_5145745,wrapper,0,0,False
BIN_5146261,injected,1,1,False
BIN_5146340,wrapper,0,0,False
BIN_5146903,wrapper,0,0,False
BIN_5148393,wrapper,1,1,False
BIN_5148614,wrapper,0,0,False
BIN_5149464,wrapper,0,0,False
BIN_5150664,wrapper,1,1,False
BIN_5153094,injected,1,1,False
BIN_5153171,injected,1,1,False
BIN_5154630,injected,0,0,False
BIN_5156119,wrapper,1,1,False
BIN_5156494,wrapper,0,0,False
BIN_5157105,injected,1,1,False
BIN_5157456,wrapper,0,0,False
BIN_5157575,injected,1,1,False
BIN_5159229,wrapper,1,1,False
BIN_5161047,wrapper,1,1,False
BIN_5161086,injected,1,1,False
BIN_5162396,injected,0,0,False
BIN_5163015,injected,0,0,False
BIN_5163508,wrapper,0,0,False
BIN_5163802,injected,0,0,False
BIN_5164125,injected,1,1,False
BIN_5164160,injected,1,1,False
BIN_5165347,injected,1,1,False
BIN_5165376,injected,1,1,False
BIN_5165469,wrapper,1,1,False
BIN_5166372,injected,1,1,False
BIN_5167756,wrapper,1,1,False
BIN_5168057,wrapper,0,0,False
BIN_5168347,wrapper,1,1,False
BIN_5168453,wrapper,0,0,False
BIN_5168534,wrapper,0,0,False
BIN_5168850,wrapper,0,0,False
BIN_5168889,wrapper,1,1,False
BIN_5168980,injected,0,0,False
BIN_5169076,injected,0,0,False
BIN_5169238,wrapper,1,1,False
BIN_5171570,injected,1,1,False
BIN_5171591,injected,1,1,False
BIN_5173341,injected,0,0,False
BIN_5173546,wrapper,0,0,False
BIN_5174448,injected,1,1,False
BIN_5174661,wrapper,1,1,False
BIN_5174930,wrapper,0,0,False
BIN_5175004,injected,0,0,False
BIN_5175119,wrapper,1,1,False
BIN_5175266,injected,1,1,False
BIN_5176356,injected,0,0,False
BIN_5176700,injected,0,0,False
BIN_5176887,injected,0,0,False
BIN_5177768,injected,0,0,False
BIN_5178613,injected,0,0,False
BIN_5178851,wrapper,1,1,False
BIN_5179335,wrapper,0,0,False
BIN_5180471,wrapper,0,0,False
BIN_5180612,injected,1,1,False
BIN_5181080,wrapper,0,0,False
BIN_5181148,wrapper,0,0,False
BIN_5181151,injected,0,0,False
BIN_5181467,wrapper,1,1,False
BIN_5181617,wrapper,1,1,False
BIN_5181922,wrapper,0,0,False
BIN_5182056,wrapper,0,0,False
BIN_5182371,injected,0,0,False
BIN_5183546,wrapper,0,0,False
BIN_5184934,injected,1,1,False
BIN_5185088,injected,1,1,False
BIN_5185351,wrapper,0,0,False
BIN_5185440,wrapper,1,1,False
BIN_5185621,injected,1,1,False
BIN_5185644,wrapper,1,1,False
BIN_5185722,injected,1,1,False
BIN_5186311,wrapper,0,0,False
BIN_5186381,injected,0,0,False
BIN_5186392,injected,0,0,False
BIN_5186593,wrapper,1,1,False
BIN_5187012,wrapper,1,1,False
BIN_5187070,injected,1,1,False
BIN_5187922,injected,0,0,False
BIN_5189015,wrapper,0,0,False
BIN_5189054,wrapper,1,1,False
BIN_5189585,wrapper,1,1,False
BIN_5190087,wrapper,1,1,False
BIN_5190419,wrapper,0,0,False
BIN_5191094,injected,0,0,False
BIN_5192420,injected,0,0,False
BIN_5193137,wrapper,1,1,False
BIN_5193526,wrapper,1,1,False
BIN_5193857,wrapper,0,0,False
BIN_5193944,wrapper,0,0,False
BIN_5193978,injected,1,1,False
BIN_5194466,wrapper,0,0,False
BIN_5194507,wrapper,0,0,False
BIN_5194770,wrapper,0,0,False
BIN_5195809,injected,1,1,False
BIN_5196309,wrapper,1,1,False
BIN_5197458,wrapper,1,1,False
BIN_5197887,wrapper,1,1,False
BIN_5197921,wrapper,1,1,False
BIN_5198500,wrapper,1,1,False
BIN_5198598,wrapper,0,0,False
BIN_5198810,wrapper,1,1,False
BIN_5199776,injected,1,1,False
BIN_5200438,wrapper,0,0,False
BIN_5201161,wrapper,1,1,False
BIN_5202429,wrapper,1,1,False
BIN_5202490,wrapper,1,1,False
BIN_5202531,wrapper,0,0,False
BIN_5204917,wrapper,1,1,False
BIN_5205496,wrapper,0,0,False
BIN_5205542,wrapper,1,1,False
BIN_5205545,injected,1,1,False
BIN_5206056,injected,0,0,False
BIN_5206403,injected,0,0,False
BIN_5208435,wrapper,0,0,False
BIN_5208763,wrapper,0,0,False
BIN_5209318,injected,1,1,False
BIN_5210325,wrapper,0,0,False
BIN_5211748,injected,0,0,False
BIN_5213044,injected,1,1,False
BIN_5213553,wrapper,0,0,False
BIN_5213614,injected,1,1,False
BIN_5214080,injected,1,1,False
BIN_5214440,injected,0,0,False
BIN_5215440,injected,1,1,False
BIN_5215988,injected,0,0,False
BIN_5216094,wrapper,1,1,False
BIN_5216561,injected,1,1,False
BIN_5217733,wrapper,0,0,False
BIN_5217835,wrapper,0,0,False
BIN_5218680,wrapper,1,1,False
BIN_5218717,injected,1,1,False
BIN_5218931,injected,0,0,False
BIN_5218984,injected,1,1,False
BIN_5220074,injected,0,0,False
BIN_5220127,wrapper,0,0,False
BIN_5221896,wrapper,0,0,False
BIN_5221984,wrapper,1,1,False
BIN_5222920,wrapper,1,1,False
BIN_5223267,wrapper,1,1,False
BIN_5224182,wrapper,1,1,False
BIN_5224332,injected,1,1,False
BIN_5225421,wrapper,0,0,False
BIN_5225483,wrapper,1,1,False
BIN_5225576,wrapper,0,0,False
BIN_5225988,wrapper,0,0,False
BIN_5225995,wrapper,1,1,False
BIN_5227534,wrapper,1,1,False
BIN_5228397,wrapper,0,0,False
BIN_5228722,injected,1,1,False
BIN_5228868,injected,1,1,False
BIN_5229470,injected,1,1,False
BIN_5229833,injected,0,0,False
BIN_5230342,injected,0,0,False
BIN_5230921,wrapper,0,0,False
BIN_5230965,injected,0,0,False
BIN_5231175,injected,1,1,False
BIN_5231727,wrapper,1,1,False
BIN_5232496,injected,0,0,False
BIN_5233083,wrapper,1,1,False
BIN_5233554,injected,0,0,False
BIN_5233600,wrapper,1,1,False
BIN_5234258,wrapper,1,1,False
BIN_5234499,wrapper,0,0,False
BIN_5234698,wrapper,1,1,False
BIN_5234713,wrapper,1,1,False
BIN_5235017,injected,1,1,False
BIN_5235070,wrapper,1,1,False
BIN_5235111,injected,0,0,False
BIN_5236336,wrapper,1,1,False
BIN_5236610,injected,1,1,False
BIN_5237476,injected,1,1,False
BIN_5239708,wrapper,1,1,False
BIN_5240748,injected,0,0,False
BIN_5241941,wrapper,0,0,False
BIN_5242367,wrapper,1,1,False
BIN_5243848,injected,0,0,False
BIN_5245888,injected,1,1,False
BIN_5246063,wrapper,1,1,False
BIN_5247287,wrapper,1,1,False
BIN_5247949,injected,1,1,False
BIN_5248199,wrapper,0,0,False
BIN_5249461,wrapper,0,0,False
BIN_5249853,wrapper,0,0,False
BIN_5251231,wrapper,0,0,False
BIN_5251394,wrapper,0,0,False
BIN_5253919,wrapper,1,1,False
BIN_5253926,wrapper,1,1,False
BIN_5253980,wrapper,1,1,False
BIN_5254117,wrapper,0,0,False
BIN_5254155,wrapper,0,0,False
BIN_5254607,wrapper,0,0,False
BIN_5255267,wrapper,1,1,False
BIN_5256425,wrapper,1,1,False
BIN_5256716,wrapper,0,0,False
BIN_5256743,wrapper,0,0,False
BIN_5257229,wrapper,0,0,False
BIN_5258394,wrapper,1,1,False
BIN_5259952,wrapper,1,1,False
BIN_5260738,wrapper,1,1,False
BIN_5261242,wrapper,0,0,False
BIN_5261708,injected,1,1,False
BIN_5261920,wrapper,0,0,False
BIN_5263300,injected,0,0,False
BIN_5263369,injected,1,1,False
BIN_5264094,injected,0,0,False
BIN_5266446,wrapper,1,1,False
BIN_5266599,injected,0,0,False
BIN_5266677,wrapper,0,0,False
BIN_5266807,wrapper,1,1,False
BIN_5266840,wrapper,1,1,False
BIN_5267118,wrapper,1,1,False
BIN_5267620,wrapper,1,1,False
BIN_5267747,injected,0,0,False
BIN_5268100,injected,1,1,False
BIN_5268105,wrapper,0,0,False
BIN_5268221,wrapper,0,0,False
BIN_5269732,injected,1,1,False
BIN_5270931,wrapper,1,1,False
BIN_5271548,wrapper,1,1,False
BIN_5272969,injected,1,1,False
BIN_5274151,injected,0,0,False
BIN_5274475,wrapper,1,1,False
BIN_5274636,wrapper,0,0,False
BIN_5275050,injected,1,1,False
BIN_5275345,wrapper,1,1,False
BIN_5275911,injected,0,0,False
BIN_5276206,wrapper,0,0,False
BIN_5279929,injected,0,0,False
BIN_5279982,wrapper,0,0,False
BIN_5281345,wrapper,0,0,False
BIN_5281364,wrapper,1,1,False
BIN_5281582,wrapper,0,0,False
BIN_5282412,injected,0,0,False
BIN_5282892,wrapper,1,1,False
BIN_5284081,wrapper,0,0,False
BIN_5284105,injected,0,0,False
BIN_5284405,wrapper,1,1,False
BIN_5284458,wrapper,1,1,False
BIN_5284666,injected,1,1,False
BIN_5285465,wrapper,0,0,False
BIN_5285476,wrapper,1,1,False
BIN_5285809,wrapper,0,0,False
BIN_5287230,wrapper,1,1,False
BIN_5287313,wrapper,0,0,False
BIN_5288062,wrapper,1,1,False
BIN_5289084,wrapper,1,1,False
BIN_5289352,wrapper,1,1,False
BIN_5290342,injected,1,1,False
BIN_5290414,injected,0,0,False
BIN_5291116,wrapper,0,0,False
BIN_5291378,injected,0,0,False
BIN_5291846,wrapper,1,1,False
BIN_5293223,wrapper,1,1,False
BIN_5293391,wrapper,1,1,False
BIN_5294325,wrapper,0,0,False
BIN_5295421,injected,1,1,False
BIN_5296284,injected,1,1,False
BIN_5296813,injected,0,0,False
BIN_5297562,wrapper,0,0,False
BIN_5297729,wrapper,0,0,False
BIN_5298719,injected,0,0,False
BIN_5298788,wrapper,1,1,False
BIN_5299292,injected,0,0,False
BIN_5299790,wrapper,0,0,False
BIN_5300180,wrapper,0,0,False
BIN_5300599,injected,0,0,False
BIN_5300630,injected,0,0,False
BIN_5300710,wrapper,0,0,False
BIN_5301480,wrapper,0,0,False
BIN_5301633,wrapper,1,1,False
BIN_5302313,wrapper,0,0,False
BIN_5302471,wrapper,0,0,False
BIN_5302980,wrapper,1,1,False
BIN_5303629,wrapper,0,0,False
BIN_5303683,injected,1,1,False
BIN_5303823,wrapper,0,0,False
BIN_5304482,wrapper,0,0,False
BIN_5304773,wrapper,0,0,False
BIN_5304954,wrapper,1,1,False
BIN_5306208,wrapper,1,1,False
BIN_5306740,injected,0,0,False
BIN_5306768,injected,1,1,False
BIN_5306875,wrapper,1,1,False
BIN_5306894,injected,0,0,False
BIN_5307111,injected,1,1,False
BIN_5307697,wrapper,1,1,False
BIN_5307949,wrapper,0,0,False
BIN_5309563,injected,1,1,False
BIN_5310779,wrapper,0,0,False
BIN_5312509,injected,1,1,False
BIN_5312858,injected,0,0,False
BIN_5312907,injected,0,0,False
BIN_5312957,wrapper,0,0,False
BIN_5313585,wrapper,1,1,False
BIN_5314372,wrapper,1,1,False
BIN_5314476,wrapper,1,1,False
BIN_5315117,wrapper,0,0,False
BIN_5315449,wrapper,1,1,False
BIN_5315495,wrapper,0,0,False
BIN_5315714,wrapper,1,1,False
BIN_5315796,injected,0,0,False
BIN_5317077,wrapper,0,0,False
BIN_5317738,wrapper,1,1,False
BIN_5317785,wrapper,0,0,False
BIN_5317901,injected,1,1,False
BIN_5317939,wrapper,1,1,False
BIN_5318800,wrapper,1,1,False
BIN_5319320,wrapper,0,0,False
BIN_5319507,injected,0,0,False
BIN_5319508,wrapper,1,1,False
BIN_5320909,injected,0,0,False
BIN_5322156,wrapper,1,1,False
BIN_5323216,wrapper,1,1,False
BIN_5323242,injected,0,0,False
BIN_5324747,wrapper,1,1,False
BIN_5326357,injected,1,1,False
BIN_5327700,wrapper,0,0,False
BIN_5328118,injected,1,1,False
BIN_5328886,injected,0,0,False
BIN_5329745,injected,1,1,False
BIN_5329834,injected,1,1,False
BIN_5330466,wrapper,1,1,False
BIN_5330468,injected,0,0,False
BIN_5330745,wrapper,1,1,False
BIN_5331943,wrapper,1,1,False
BIN_5334760,wrapper,1,1,False
BIN_5336231,wrapper,1,1,False
BIN_5336476,wrapper,0,0,False
BIN_5336630,injected,0,0,False
BIN_5336696,wrapper,1,1,False
BIN_5338276,wrapper,0,0,False
BIN_5338284,injected,0,0,False
BIN_5339073,injected,1,1,False
BIN_5339332,wrapper,0,0,False
BIN_5339884,wrapper,0,0,False
BIN_5340097,wrapper,1,1,False
BIN_5341256,injected,1,1,False
BIN_5341263,injected,0,0,False
BIN_5341622,wrapper,0,0,False
BIN_5342474,injected,0,0,False
BIN_5343401,wrapper,1,1,False
BIN_5343490,injected,0,0,False
BIN_5343873,wrapper,1,1,False
BIN_5343875,wrapper,0,0,False
BIN_5344264,wrapper,1,1,False
BIN_5345194,wrapper,1,1,False
BIN_5345342,wrapper,0,0,False
BIN_5345685,wrapper,0,0,False
BIN_5345836,injected,1,1,False
BIN_5346059,wrapper,0,0,False
BIN_5346140,wrapper,0,0,False
BIN_5349039,wrapper,1,1,False
BIN_5349658,wrapper,0,0,False
BIN_5349745,wrapper,1,1,False
BIN_5350516,wrapper,1,1,False
BIN_5351039,wrapper,0,0,False
BIN_5351854,wrapper,0,0,False
BIN_5352613,injected,1,1,False
BIN_5352913,wrapper,1,1,False
BIN_5353351,wrapper,1,1,False
BIN_5353575,wrapper,0,0,False
BIN_5353925,wrapper,1,1,False
BIN_5354174,wrapper,1,1,False
BIN_5354291,injected,1,1,False
BIN_5354342,wrapper,1,1,False
BIN_5354960,wrapper,0,0,False
BIN_5355831,injected,0,0,False
BIN_5356598,injected,1,1,False
BIN_5356934,wrapper,0,0,False
BIN_5357118,wrapper,0,0,False
BIN_5357869,wrapper,1,1,False
BIN_5358456,wrapper,1,1,False
BIN_5358516,wrapper,0,0,False
BIN_5358711,injected,0,0,False
BIN_5359568,wrapper,0,0,False
BIN_5360170,wrapper,1,1,False
BIN_5360183,wrapper,1,1,False
BIN_5360758,injected,1,1,False
BIN_5361043,wrapper,1,1,False
BIN_5361282,wrapper,1,1,False
BIN_5361457,wrapper,1,1,False
BIN_5361941,injected,0,0,False
BIN_5361951,injected,0,0,False
BIN_5361977,wrapper,1,1,False
BIN_5362138,wrapper,1,1,False
BIN_5363375,wrapper,0,0,False
BIN_5364152,wrapper,1,1,False
BIN_5365103,injected,0,0,False
BIN_5365337,injected,1,1,False
BIN_5365537,injected,1,1,False
BIN_5365621,injected,0,0,False
BIN_5366025,wrapper,0,0,False
BIN_5366259,injected,1,1,False
BIN_5367073,wrapper,0,0,False
BIN_5368431,wrapper,0,0,False
BIN_5369228,wrapper,0,0,False
BIN_5369621,wrapper,1,1,False
BIN_5370809,wrapper,0,0,False
BIN_5372096,wrapper,0,0,False
BIN_5372289,wrapper,1,1,False
BIN_5372481,wrapper,1,1,False
BIN_5373148,injected,0,0,False
BIN_5373925,wrapper,1,1,False
BIN_5375943,wrapper,1,1,False
BIN_5376545,injected,0,0,False
BIN_5376773,wrapper,0,0,False
BIN_5377454,injected,1,1,False
BIN_5377540,wrapper,1,1,False
BIN_5379180,injected,0,0,False
BIN_5379484,injected,1,1,False
BIN_5379541,wrapper,1,1,False
BIN_5379983,wrapper,1,1,False
BIN_5381180,wrapper,1,1,False
BIN_5381465,wrapper,1,1,False
BIN_5382215,wrapper,1,1,False
BIN_5382540,wrapper,0,0,False
BIN_5382601,wrapper,0,0,False
BIN_5382629,injected,0,0,False
BIN_5383105,wrapper,1,1,False
BIN_5384133,wrapper,0,0,False
BIN_5384202,wrapper,0,0,False
BIN_5384276,wrapper,1,1,False
BIN_5384537,wrapper,1,1,False
BIN_5385251,injected,1,1,False
BIN_5385664,wrapper,0,0,False
BIN_5385849,injected,1,1,False
BIN_5387036,wrapper,0,0,False
BIN_5387280,wrapper,1,1,False
BIN_5387307,injected,0,0,False
BIN_5387593,injected,0,0,False
BIN_5388207,wrapper,0,0,False
BIN_5388831,wrapper,0,0,False
BIN_5388917,injected,1,1,False
BIN_5389509,wrapper,1,1,False
BIN_5390066,wrapper,1,1,False
BIN_5390379,wrapper,1,1,False
BIN_5390591,injected,1,1,False
BIN_5390746,injected,1,1,False
BIN_5391916,injected,1,1,False
BIN_5392283,wrapper,0,0,False
BIN_5394287,injected,1,1,False
BIN_5394335,injected,1,1,False
BIN_5394611,wrapper,0,0,False
BIN_5394845,wrapper,1,1,False
BIN_5395461,wrapper,1,1,False
BIN_5396769,injected,1,1,False
BIN_5396859,injected,1,1,False
BIN_5398560,wrapper,1,1,False
BIN_5398694,wrapper,0,0,False
BIN_5399435,wrapper,0,0,False
BIN_5399511,injected,1,1,False
BIN_5400589,injected,1,1,False
BIN_5401780,injected,1,1,False
BIN_5402160,injected,1,1,False
BIN_5402483,wrapper,0,0,False
BIN_5403994,wrapper,0,0,False
BIN_5404175,wrapper,1,1,False
BIN_5404517,injected,0,0,False
BIN_5404854,wrapper,0,0,False
BIN_5406539,injected,0,0,False
BIN_5408424,wrapper,0,0,False
BIN_5409141,wrapper,1,1,False
BIN_5410107,wrapper,1,1,False
BIN_5410463,injected,0,0,False
BIN_5410549,injected,0,0,False
BIN_5411179,wrapper,0,0,False
BIN_5412171,wrapper,0,0,False
BIN_5412177,wrapper,1,1,False
BIN_5412419,wrapper,1,1,False
BIN_5412977,injected,0,0,False
BIN_5413004,wrapper,1,1,False
BIN_5413680,wrapper,1,1,False
BIN_5414738,injected,0,0,False
BIN_5414774,injected,1,1,False
BIN_5415147,wrapper,0,0,False
BIN_5415164,wrapper,1,1,False
BIN_5415368,wrapper,1,1,False
BIN_5415853,wrapper,0,0,False
BIN_5416075,injected,1,1,False
BIN_5416246,wrapper,0,0,False
BIN_5418606,wrapper,0,0,False
BIN_5419020,wrapper,1,1,False
BIN_5419509,injected,0,0,False
BIN_5419831,wrapper,1,1,False
BIN_5419956,wrapper,1,1,False
BIN_5420136,wrapper,0,0,False
BIN_5422353,wrapper,0,0,False
BIN_5423266,wrapper,1,1,False
BIN_5425980,wrapper,0,0,False
BIN_5427292,wrapper,1,1,False
BIN_5427556,injected,0,0,False
BIN_5427842,injected,1,1,False
BIN_5429076,wrapper,0,0,False
BIN_5429830,wrapper,1,1,False
BIN_5430345,wrapper,1,1,False
BIN_5430670,wrapper,0,0,False
BIN_5431635,wrapper,1,1,False
BIN_5431838,wrapper,0,0,False
BIN_5432243,wrapper,1,1,False
BIN_5432486,wrapper,1,1,False
BIN_5433219,wrapper,1,1,False
BIN_5433334,wrapper,0,0,False
BIN_5433372,wrapper,1,1,False
BIN_5433452,injected,0,0,False
BIN_5433465,wrapper,1,1,False
BIN_5434116,injected,0,0,False
BIN_5434740,wrapper,0,0,False
BIN_5435661,wrapper,0,0,False
BIN_5436016,wrapper,1,1,False
BIN_5436617,wrapper,0,0,False
BIN_5437373,wrapper,0,0,False
BIN_5437525,wrapper,0,0,False
BIN_5437761,injected,0,0,False
BIN_5437788,injected,0,0,False
BIN_5438113,injected,1,1,False
BIN_5438388,injected,1,1,False
BIN_5439343,wrapper,1,1,False
BIN_5441644,injected,0,0,False
BIN_5441991,injected,0,0,False
BIN_5443439,injected,1,1,False
BIN_5444123,wrapper,1,1,False
BIN_5444195,wrapper,1,1,False
BIN_5444325,wrapper,0,0,False
BIN_5444350,wrapper,0,0,False
BIN_5445349,wrapper,1,1,False
BIN_5445417,wrapper,1,1,False
BIN_5445786,injected,1,1,False
BIN_5446371,injected,0,0,False
BIN_5446527,injected,0,0,False
BIN_5447069,wrapper,1,1,False
BIN_5449295,wrapper,0,0,False
BIN_5449391,wrapper,1,1,False
BIN_5450896,wrapper,1,1,False
BIN_5451001,injected,0,0,False
BIN_5451062,wrapper,0,0,False
BIN_5451472,wrapper,0,0,False
BIN_5451596,wrapper,0,0,False
BIN_5451613,wrapper,0,0,False
BIN_5453426,injected,1,1,False
BIN_5454271,injected,0,0,False
BIN_5455535,injected,0,0,False
BIN_5455540,injected,0,0,False
BIN_5456589,wrapper,1,1,False
BIN_5456670,wrapper,0,0,False
BIN_5457567,wrapper,0,0,False
BIN_5458057,wrapper,1,1,False
BIN_5459819,wrapper,0,0,False
BIN_5461385,injected,1,1,False
BIN_5461880,wrapper,0,0,False
BIN_5462201,wrapper,1,1,False
BIN_5462628,wrapper,0,0,False
BIN_5462933,wrapper,0,0,False
BIN_5463090,wrapper,1,1,False
BIN_5463999,wrapper,1,1,False
BIN_5464087,wrapper,0,0,False
BIN_5464594,wrapper,0,0,False
BIN_5465819,injected,1,1,False
BIN_5467399,wrapper,1,1,False
BIN_5467698,injected,0,0,False
BIN_5468021,wrapper,1,1,False
BIN_5468368,wrapper,0,0,False
BIN_5468560,wrapper,0,0,False
BIN_5468646,wrapper,0,0,False
BIN_5469062,wrapper,1,1,False
BIN_5469936,wrapper,1,1,False
BIN_5470168,injected,0,0,False
BIN_5470397,injected,1,1,False
BIN_5470579,wrapper,0,0,False
BIN_5470663,injected,0,0,False
BIN_5471998,wrapper,1,1,False
BIN_5472455,injected,1,1,False
BIN_5472929,wrapper,0,0,False
BIN_5474024,injected,0,0,False
BIN_5474751,wrapper,1,1,False
BIN_5475140,wrapper,0,0,False
BIN_5475196,wrapper,0,0,False
BIN_5475556,wrapper,0,0,False
BIN_5475621,wrapper,0,0,False
BIN_5476211,wrapper,0,0,False
BIN_5476890,injected,0,0,False
BIN_5477892,wrapper,1,1,False
BIN_5478016,injected,1,1,False
BIN_5479072,injected,1,1,False
BIN_5481514,injected,0,0,False
BIN_5481705,wrapper,0,0,False
BIN_5481737,wrapper,1,1,False
BIN_5481742,wrapper,1,1,False
BIN_5482588,injected,0,0,False
BIN_5482690,wrapper,1,1,False
BIN_5484160,injected,0,0,False
BIN_5484650,injected,0,0,False
BIN_5485310,wrapper,1,1,False
BIN_5485342,wrapper,1,1,False
BIN_5486532,wrapper,1,1,False
BIN_5487552,injected,1,1,False
BIN_5489812,injected,0,0,False
BIN_5490731,injected,0,0,False
BIN_5491182,wrapper,1,1,False
BIN_5491408,wrapper,0,0,False
BIN_5491863,wrapper,1,1,False
BIN_5492030,wrapper,1,1,False
BIN_5492151,injected,1,1,False
BIN_5492425,wrapper,0,0,False
BIN_5493750,wrapper,1,1,False
BIN_5493797,wrapper,0,0,False
BIN_5494180,wrapper,1,1,False
BIN_5494333,wrapper,0,0,False
BIN_5495237,wrapper,0,0,False
BIN_5495605,wrapper,1,1,False
BIN_5496250,injected,0,0,False
BIN_5496322,wrapper,0,0,False
BIN_5496774,wrapper,0,0,False
BIN_5496810,injected,1,1,False
BIN_5497208,injected,0,0,False
BIN_5497272,wrapper,0,0,False
BIN_5497648,wrapper,1,1,False
BIN_5498984,wrapper,0,0,False
BIN_5499134,wrapper,0,0,False
BIN_5499177,wrapper,0,0,False
BIN_5499286,wrapper,0,0,False
BIN_5501091,wrapper,1,1,False
BIN_5501214,wrapper,1,1,False
BIN_5501329,injected,1,1,False
BIN_5501437,wrapper,0,0,False
BIN_5501702,wrapper,0,0,False
BIN_5503284,injected,1,1,False
BIN_5503923,wrapper,1,1,False
BIN_5504880,injected,0,0,False
BIN_5505336,wrapper,0,0,False
BIN_5506020,wrapper,1,1,False
BIN_5506315,injected,0,0,False
BIN_5506647,injected,0,0,False
BIN_5507387,injected,1,1,False
BIN_5507394,injected,0,0,False
BIN_5508099,injected,1,1,False
BIN_5508129,injected,1,1,False
BIN_5508252,injected,0,0,False
BIN_5508980,wrapper,0,0,False
BIN_5509434,wrapper,0,0,False
BIN_5509859,wrapper,0,0,False
BIN_5510799,wrapper,1,1,False
BIN_5510949,wrapper,1,1,False
BIN_5510950,wrapper,0,0,False
BIN_5511843,wrapper,1,1,False
BIN_5513412,wrapper,0,0,False
BIN_5513827,wrapper,0,0,False
BIN_5514093,injected,0,0,False
BIN_5514229,injected,0,0,False
BIN_5514764,injected,1,1,False
BIN_5514846,wrapper,0,0,False
BIN_5515139,wrapper,1,1,False
BIN_5515863,injected,0,0,False
BIN_5515886,injected,1,1,False
BIN_5516706,wrapper,1,1,False
BIN_5517169,wrapper,1,1,False
BIN_5517277,injected,1,1,False
BIN_5517440,wrapper,0,0,False
BIN_5518094,injected,0,0,False
BIN_5518348,wrapper,0,0,False
BIN_5518904,injected,1,1,False
BIN_5518908,wrapper,1,1,False
BIN_5519200,wrapper,1,1,False
BIN_5519470,wrapper,1,1,False
BIN_5520666,wrapper,0,0,False
BIN_5522506,wrapper,0,0,False
BIN_5523145,wrapper,0,0,False
BIN_5523627,injected,0,0,False
BIN_5523683,injected,1,1,False
BIN_5524706,injected,0,0,False
BIN_5524785,wrapper,0,0,False
BIN_5525676,injected,0,0,False
BIN_5525832,wrapper,0,0,False
BIN_5526530,wrapper,0,0,False
BIN_5528264,injected,0,0,False
BIN_5528466,injected,0,0,False
BIN_5528628,wrapper,0,0,False
BIN_5529590,injected,0,0,False
BIN_5529919,wrapper,0,0,False
BIN_5530222,wrapper,0,0,False
BIN_5530578,wrapper,1,1,False
BIN_5530669,injected,1,1,False
BIN_5530978,wrapper,1,1,False
BIN_5531011,injected,0,0,False
BIN_5531266,injected,1,1,False
BIN_5531766,wrapper,0,0,False
BIN_5531773,injected,1,1,False
BIN_5531934,injected,1,1,False
BIN_5533127,wrapper,0,0,False
BIN_5534271,injected,1,1,False
BIN_5535549,wrapper,1,1,False
BIN_5535832,injected,0,0,False
BIN_5536129,wrapper,0,0,False
BIN_5536209,wrapper,1,1,False
BIN_5536508,wrapper,0,0,False
BIN_5537630,wrapper,0,0,False
BIN_5539128,injected,1,1,False
BIN_5539768,wrapper,0,0,False
BIN_5540024,wrapper,1,1,False
BIN_5540046,wrapper,1,1,False
BIN_5540388,wrapper,0,0,False
BIN_5541359,wrapper,0,0,False
BIN_5541780,injected,1,1,False
BIN_5542180,injected,1,1,False
BIN_5543289,injected,1,1,False
BIN_5543667,injected,0,0,False
BIN_5543988,wrapper,1,1,False
BIN_5544951,wrapper,1,1,False
BIN_5545677,injected,0,0,False
BIN_5546222,wrapper,1,1,False
BIN_5546354,wrapper,1,1,False
BIN_5546754,wrapper,0,0,False
BIN_5547044,injected,0,0,False
BIN_5547628,wrapper,1,1,False
BIN_5547732,wrapper,0,0,False
BIN_5548208,injected,1,1,False
BIN_5549007,injected,1,1,False
BIN_5549245,wrapper,0,0,False
BIN_5551192,wrapper,0,0,False
BIN_5551404,injected,0,0,False
BIN_5552875,injected,0,0,False
BIN_5553404,injected,1,1,False
BIN_5553514,injected,0,0,False
BIN_5554010,wrapper,0,0,False
BIN_5554842,wrapper,1,1,False
BIN_5554911,wrapper,1,1,False
BIN_5555724,wrapper,1,1,False
BIN_5556129,wrapper,0,0,False
BIN_5556416,wrapper,1,1,False
BIN_5556543,wrapper,1,1,False
BIN_5557652,injected,0,0,False
BIN_5557933,wrapper,1,1,False
BIN_5559074,injected,1,1,False
BIN_5559826,wrapper,0,0,False
BIN_5560244,wrapper,0,0,False
BIN_5561038,injected,1,1,False
BIN_5561084,injected,1,1,False
BIN_5561308,wrapper,0,0,False
BIN_5561689,wrapper,0,0,False
BIN_5561692,wrapper,1,1,False
BIN_5562293,injected,0,0,False
BIN_5562373,wrapper,0,0,False
BIN_5562754,wrapper,1,1,False
BIN_5563162,wrapper,1,1,False
BIN_5564290,injected,0,0,False
BIN_5564511,wrapper,1,1,False
BIN_5565886,wrapper,1,1,False
BIN_5566473,wrapper,0,0,False
BIN_5567219,wrapper,0,0,False
BIN_5568014,wrapper,1,1,False
BIN_5568179,wrapper,1,1,False
BIN_5568618,injected,1,1,False
BIN_5569029,wrapper,1,1,False
BIN_5571551,injected,1,1,False
BIN_5572958,wrapper,0,0,False
BIN_5573417,wrapper,1,1,False
BIN_5573637,wrapper,0,0,False
BIN_5574354,wrapper,1,1,False
BIN_5574840,wrapper,1,1,False
BIN_5576006,wrapper,1,1,False
BIN_5576473,wrapper,1,1,False
BIN_5576995,wrapper,1,1,False
BIN_5577421,injected,1,1,False
BIN_5578342,wrapper,1,1,False
BIN_5578478,wrapper,1,1,False
BIN_5579470,injected,1,1,False
BIN_5580320,wrapper,1,1,False
BIN_5581711,wrapper,1,1,False
BIN_5582109,injected,1,1,False
BIN_5582478,injected,1,1,False
BIN_5582625,wrapper,0,0,False
BIN_5584638,wrapper,0,0,False
BIN_5585354,injected,0,0,False
BIN_5585707,wrapper,0,0,False
BIN_5585883,wrapper,1,1,False
BIN_5586153,wrapper,1,1,False
BIN_5586533,wrapper,0,0,False
BIN_5586941,wrapper,0,0,False
BIN_5587143,injected,0,0,False
BIN_5587818,injected,0,0,False
BIN_5589217,wrapper,1,1,False
BIN_5589903,wrapper,1,1,False
BIN_5593109,wrapper,1,1,False
BIN_5593150,injected,0,0,False
BIN_5593614,injected,1,1,False
BIN_5594884,wrapper,0,0,False
BIN_5595175,wrapper,0,0,False
BIN_5595461,injected,1,1,False
BIN_5595993,wrapper,0,0,False
BIN_5597039,wrapper,1,1,False
BIN_5597396,wrapper,0,0,False
BIN_5598574,wrapper,1,1,False
BIN_5598606,wrapper,0,0,False
BIN_5599966,wrapper,0,0,False
BIN_5600083,wrapper,1,1,False
BIN_5602901,wrapper,0,0,False
BIN_5603154,wrapper,1,1,False
BIN_5603234,injected,0,0,False
BIN_5604405,wrapper,1,1,False
BIN_5606475,injected,1,1,False
BIN_5607330,injected,0,0,False
BIN_5607783,wrapper,1,1,False
BIN_5609807,wrapper,1,1,False
BIN_5610609,wrapper,0,0,False
BIN_5612053,wrapper,1,1,False
BIN_5612612,wrapper,1,1,False
BIN_5613215,injected,0,0,False
BIN_5613344,wrapper,1,1,False
BIN_5613885,wrapper,0,0,False
BIN_5614271,wrapper,1,1,False
BIN_5615268,injected,1,1,False
BIN_5615957,injected,0,0,False
BIN_5616130,wrapper,1,1,False
BIN_5616835,wrapper,1,1,False
BIN_5617296,wrapper,0,0,False
BIN_5617789,wrapper,0,0,False
BIN_5618844,wrapper,1,1,False
BIN_5619281,wrapper,1,1,False
BIN_5619342,injected,1,1,False
BIN_5619905,wrapper,0,0,False
BIN_5620986,injected,1,1,False
BIN_5621322,injected,1,1,False
BIN_5622095,wrapper,1,1,False
BIN_5622599,wrapper,0,0,False
BIN_5623032,wrapper,1,1,False
BIN_5624407,wrapper,0,0,False
BIN_5624480,wrapper,1,1,False
BIN_5624916,wrapper,0,0,False
BIN_5625005,wrapper,1,1,False
BIN_5625240,wrapper,1,1,False
BIN_5625555,wrapper,0,0,False
BIN_5626091,wrapper,0,0,False
BIN_5626093,injected,1,1,False
BIN_5626599,injected,1,1,False
BIN_5626744,wrapper,0,0,False
BIN_5626840,wrapper,0,0,False
BIN_5627992,wrapper,0,0,False
BIN_5628552,wrapper,0,0,False
BIN_5628733,wrapper,1,1,False
BIN_5629493,wrapper,0,0,False
BIN_5631598,wrapper,1,1,False
BIN_5631677,wrapper,1,1,False
BIN_5631697,wrapper,1,1,False
BIN_5632064,wrapper,0,0,False
BIN_5632748,wrapper,1,1,False
BIN_5633373,injected,1,1,False
BIN_5635709,wrapper,0,0,False
BIN_5636039,wrapper,1,1,False
BIN_5636265,wrapper,1,1,False
BIN_5636625,wrapper,0,0,False
BIN_5636760,wrapper,1,1,False
BIN_5637198,injected,1,1,False
BIN_5638163,injected,0,0,False
BIN_5638256,wrapper,0,0,False
BIN_5639336,injected,0,0,False
BIN_5640731,injected,0,0,False
BIN_5642297,injected,0,0,False
BIN_5642472,wrapper,1,1,False
BIN_5642763,injected,0,0,False
BIN_5643063,wrapper,1,1,False
BIN_5643582,wrapper,1,1,False
BIN_5645058,wrapper,0,0,False
BIN_5645579,wrapper,1,1,False
BIN_5648046,wrapper,0,0,False
BIN_5649616,wrapper,0,0,False
BIN_5649913,wrapper,1,1,False
BIN_5649962,injected,1,1,False
BIN_5650128,injected,1,1,False
BIN_5650804,wrapper,0,0,False
BIN_5650931,injected,1,1,False
BIN_5651431,injected,1,1,False
BIN_5652260,injected,0,0,False
BIN_5652270,wrapper,1,1,False
BIN_5653079,wrapper,1,1,False
BIN_5653166,injected,0,0,False
BIN_5655070,injected,1,1,False
BIN_5657930,injected,0,0,False
BIN_5658639,wrapper,1,1,False
BIN_5659126,wrapper,1,1,False
BIN_5659291,wrapper,0,0,False
BIN_5659510,wrapper,1,1,False
BIN_5659705,wrapper,1,1,False
BIN_5660459,wrapper,0,0,False
BIN_5660543,wrapper,0,0,False
BIN_5660799,wrapper,0,0,False
BIN_5661571,wrapper,0,0,False
BIN_5662485,wrapper,0,0,False
BIN_5662729,wrapper,1,1,False
BIN_5663645,wrapper,0,0,False
BIN_5666211,wrapper,0,0,False
BIN_5666680,wrapper,1,1,False
BIN_5667830,wrapper,0,0,False
BIN_5668145,injected,0,0,False
BIN_5668642,wrapper,1,1,False
BIN_5668680,injected,0,0,False
BIN_5669002,injected,0,0,False
BIN_5669278,wrapper,1,1,False
BIN_5669579,wrapper,1,1,False
BIN_5670191,injected,0,0,False
BIN_5670354,injected,1,1,False
BIN_5671747,wrapper,0,0,False
BIN_5672048,wrapper,0,0,False
BIN_5672925,wrapper,0,0,False
BIN_5674245,injected,0,0,False
BIN_5674617,injected,0,0,False
BIN_5676287,injected,1,1,False
BIN_5676982,wrapper,0,0,False
BIN_5677095,injected,0,0,False
BIN_5677530,wrapper,0,0,False
BIN_5677662,wrapper,0,0,False
BIN_5678041,wrapper,1,1,False
BIN_5678459,injected,1,1,False
BIN_5680811,wrapper,0,0,False
BIN_5681434,wrapper,0,0,False
BIN_5681549,injected,0,0,False
BIN_5681875,wrapper,0,0,False
BIN_5681939,injected,1,1,False
BIN_5682267,wrapper,1,1,False
BIN_5683125,wrapper,0,0,False
BIN_5685200,wrapper,1,1,False
BIN_5685663,wrapper,1,1,False
BIN_5686210,injected,0,0,False
BIN_5686284,wrapper,0,0,False
BIN_5686926,injected,1,1,False
BIN_5687279,wrapper,1,1,False
BIN_5687720,injected,1,1,False
BIN_5688371,injected,0,0,False
BIN_5688986,wrapper,0,0,False
BIN_5689372,wrapper,0,0,False
BIN_5690212,wrapper,0,0,False
BIN_5690481,wrapper,1,1,False
BIN_5691143,wrapper,0,0,False
BIN_5691828,wrapper,1,1,False
BIN_5692316,wrapper,0,0,False
BIN_5693855,wrapper,1,1,False
BIN_5694014,wrapper,0,0,False
BIN_5694349,injected,1,1,False
BIN_5695455,wrapper,1,1,False
BIN_5695554,wrapper,1,1,False
BIN_5696224,wrapper,1,1,False
BIN_5696905,wrapper,0,0,False
BIN_5697672,wrapper,1,1,False
BIN_5697739,wrapper,0,0,False
BIN_5698222,injected,0,0,False
BIN_5698234,injected,1,1,False
BIN_5699994,wrapper,1,1,False
BIN_5702241,injected,0,0,False
BIN_5702284,wrapper,0,0,False
BIN_5703044,wrapper,0,0,False
BIN_5703218,wrapper,0,0,False
BIN_5704016,wrapper,1,1,False
BIN_5704018,wrapper,0,0,False
BIN_5704317,wrapper,1,1,False
BIN_5705603,wrapper,1,1,False
BIN_5705805,injected,0,0,False
BIN_5707730,wrapper,0,0,False
BIN_5707952,wrapper,0,0,False
BIN_5708171,wrapper,1,1,False
BIN_5708956,wrapper,0,0,False
BIN_5709353,injected,0,0,False
BIN_5711348,wrapper,0,0,False
BIN_5711910,wrapper,0,0,False
BIN_5712356,wrapper,1,1,False
BIN_5712452,wrapper,1,1,False
BIN_5712493,wrapper,0,0,False
BIN_5712529,injected,0,0,False
BIN_5712671,wrapper,1,1,False
BIN_5713197,wrapper,0,0,False
BIN_5714057,injected,1,1,False
BIN_5714796,wrapper,0,0,False
BIN_5715236,wrapper,1,1,False
BIN_5715313,injected,1,1,False
BIN_5715412,injected,0,0,False
BIN_5715678,wrapper,1,1,False
BIN_5717365,wrapper,0,0,False
BIN_5717504,wrapper,1,1,False
BIN_5718427,wrapper,0,0,False
BIN_5719036,injected,0,0,False
BIN_5719862,wrapper,1,1,False
BIN_5720554,wrapper,1,1,False
BIN_5721095,wrapper,1,1,False
BIN_5721191,wrapper,0,0,False
BIN_5721346,wrapper,1,1,False
BIN_5722509,injected,1,1,False
BIN_5723756,wrapper,0,0,False
BIN_5723845,injected,1,1,False
BIN_5724075,wrapper,0,0,False
BIN_5724216,wrapper,0,0,False
BIN_5724320,wrapper,1,1,False
BIN_5725282,wrapper,0,0,False
BIN_5725470,wrapper,0,0,False
BIN_5725703,wrapper,0,0,False
BIN_5726183,wrapper,0,0,False
BIN_5726348,wrapper,1,1,False
BIN_5726908,injected,0,0,False
BIN_5728290,wrapper,0,0,False
BIN_5728484,wrapper,1,1,False
BIN_5728626,wrapper,0,0,False
BIN_5729941,injected,0,0,False
BIN_5730682,injected,0,0,False
BIN_5730793,wrapper,0,0,False
BIN_5731579,wrapper,0,0,False
BIN_5733466,injected,0,0,False
BIN_5733519,wrapper,0,0,False
BIN_5733968,wrapper,1,1,False
BIN_5734467,wrapper,1,1,False
BIN_5734629,injected,0,0,False
BIN_5736580,wrapper,1,1,False
BIN_5736680,wrapper,1,1,False
BIN_5737538,wrapper,0,0,False
BIN_5737942,wrapper,1,1,False
BIN_5738347,wrapper,0,0,False
BIN_5738839,wrapper,0,0,False
BIN_5739008,injected,0,0,False
BIN_5740629,wrapper,1,1,False
BIN_5740917,wrapper,0,0,False
BIN_5742368,wrapper,1,1,False
BIN_5742397,wrapper,0,0,False
BIN_5742443,wrapper,1,1,False
BIN_5742557,wrapper,1,1,False
BIN_5742575,wrapper,0,0,False
BIN_5742957,injected,0,0,False
BIN_5743000,wrapper,1,1,False
BIN_5743247,wrapper,0,0,False
BIN_5743882,injected,0,0,False
BIN_5743919,injected,0,0,False
BIN_5744750,wrapper,1,1,False
BIN_5745775,wrapper,1,1,False
BIN_5746594,wrapper,0,0,False
BIN_5747376,wrapper,0,0,False
BIN_5747633,wrapper,1,1,False
BIN_5747683,wrapper,1,1,False
BIN_5747770,wrapper,0,0,False
BIN_5748568,wrapper,1,1,False
BIN_5748719,wrapper,0,0,False
BIN_5748791,wrapper,0,0,False
BIN_5749066,wrapper,0,0,False
BIN_5749698,wrapper,0,0,False
BIN_5749823,injected,1,1,False
BIN_5750829,injected,1,1,False
BIN_5750885,wrapper,1,1,False
BIN_5750955,wrapper,1,1,False
BIN_5751209,wrapper,1,1,False
BIN_5753975,wrapper,1,1,False
BIN_5754366,injected,0,0,False
BIN_5755021,wrapper,1,1,False
BIN_5755298,wrapper,0,0,False
BIN_5756226,wrapper,0,0,False
BIN_5756538,injected,1,1,False
BIN_5757334,wrapper,1,1,False
BIN_5758203,wrapper,1,1,False
BIN_5759415,wrapper,1,1,False
BIN_5759450,wrapper,1,1,False
BIN_5759540,wrapper,1,1,False
BIN_5759959,wrapper,1,1,False
BIN_5760153,injected,1,1,False
BIN_5761238,injected,0,0,False
BIN_5761679,wrapper,1,1,False
BIN_5761785,wrapper,0,0,False
BIN_5762087,wrapper,0,0,False
BIN_5762225,injected,1,1,False
BIN_5762378,wrapper,0,0,False
BIN_5763131,wrapper,1,1,False
BIN_5763395,injected,0,0,False
BIN_5763754,wrapper,0,0,False
BIN_5764443,injected,1,1,False
BIN_5764583,wrapper,1,1,False
BIN_5764637,wrapper,1,1,False
BIN_5764653,wrapper,0,0,False
BIN_5764817,wrapper,1,1,False
BIN_5765099,injected,1,1,False
BIN_5765332,wrapper,1,1,False
BIN_5765431,injected,0,0,False
BIN_5766975,injected,0,0,False
BIN_5769850,wrapper,0,0,False
BIN_5769975,injected,0,0,False
BIN_5770289,wrapper,1,1,False
BIN_5770786,injected,1,1,False
BIN_5771007,injected,1,1,False
BIN_5771376,wrapper,0,0,False
BIN_5772164,injected,0,0,False
BIN_5772315,wrapper,1,1,False
BIN_5772476,wrapper,0,0,False
BIN_5772900,injected,1,1,False
BIN_5773662,wrapper,0,0,False
BIN_5774083,wrapper,1,1,False
BIN_5774727,wrapper,1,1,False
BIN_5775116,wrapper,1,1,False
BIN_5775576,injected,0,0,False
BIN_5776364,injected,0,0,False
BIN_5776402,injected,0,0,False
BIN_5777907,injected,0,0,False
BIN_5778011,injected,0,0,False
BIN_5778183,injected,1,1,False
BIN_5778943,wrapper,1,1,False
BIN_5779386,wrapper,0,0,False
BIN_5779409,wrapper,0,0,False
BIN_5780507,injected,0,0,False
BIN_5781726,injected,0,0,False
BIN_5781920,wrapper,1,1,False
BIN_5782420,injected,0,0,False
BIN_5782529,wrapper,1,1,False
BIN_5782979,injected,1,1,False
BIN_5783089,wrapper,0,0,False
BIN_5783234,wrapper,1,1,False
BIN_5783544,wrapper,0,0,False
BIN_5784153,wrapper,0,0,False
BIN_5786459,injected,0,0,False
BIN_5788204,injected,0,0,False
BIN_5788843,wrapper,1,1,False
BIN_5788917,wrapper,1,1,False
BIN_5788926,wrapper,1,1,False
BIN_5789027,injected,1,1,False
BIN_5789072,wrapper,0,0,False
BIN_5789619,wrapper,0,0,False
BIN_5789829,wrapper,0,0,False
BIN_5789877,injected,1,1,False
BIN_5791059,injected,0,0,False
BIN_5791178,injected,0,0,False
BIN_5791714,wrapper,1,1,False
BIN_5791826,wrapper,0,0,False
BIN_5791828,injected,1,1,False
BIN_5794215,injected,0,0,False
BIN_5794564,injected,1,1,False
BIN_5794999,wrapper,0,0,False
BIN_5795181,injected,0,0,False
BIN_5795435,wrapper,0,0,False
BIN_5796276,wrapper,1,1,False
BIN_5796633,wrapper,0,0,False
BIN_5797955,wrapper,1,1,False
BIN_5798015,injected,1,1,False
BIN_5798913,wrapper,1,1,False
BIN_5799827,wrapper,0,0,False
BIN_5800052,wrapper,0,0,False
BIN_5800695,wrapper,0,0,False
BIN_5801703,wrapper,0,0,False
BIN_5801799,wrapper,1,1,False
BIN_5802105,wrapper,0,0,False
BIN_5802161,wrapper,0,0,False
BIN_5805270,wrapper,0,0,False
BIN_5805548,wrapper,1,1,False
BIN_5806368,wrapper,0,0,False
BIN_5806625,wrapper,0,0,False
BIN_5807515,wrapper,0,0,False
BIN_5807844,wrapper,1,1,False
BIN_5809476,wrapper,0,0,False
BIN_5809948,wrapper,1,1,False
BIN_5810261,wrapper,1,1,False
BIN_5811359,injected,0,0,False
BIN_5812095,wrapper,1,1,False
BIN_5812307,wrapper,1,1,False
BIN_5812421,injected,0,0,False
BIN_5812738,wrapper,0,0,False
BIN_5812795,wrapper,0,0,False
BIN_5812998,wrapper,1,1,False
BIN_5814382,wrapper,1,1,False
BIN_5814391,wrapper,0,0,False
BIN_5814466,wrapper,0,0,False
BIN_5815116,injected,0,0,False
BIN_5815980,injected,1,1,False
BIN_5816324,injected,1,1,False
BIN_5816949,injected,1,1,False
BIN_5818618,wrapper,0,0,False
BIN_5818864,injected,0,0,False
BIN_5819206,wrapper,1,1,False
BIN_5819462,wrapper,1,1,False
BIN_5820533,wrapper,0,0,False
BIN_5820726,wrapper,1,1,False
BIN_5820966,wrapper,0,0,False
BIN_5821116,wrapper,1,1,False
BIN_5821123,wrapper,0,0,False
BIN_5821712,wrapper,1,1,False
BIN_5822466,wrapper,0,0,False
BIN_5822831,wrapper,0,0,False
BIN_5823192,injected,1,1,False
BIN_5823214,wrapper,1,1,False
BIN_5823516,wrapper,1,1,False
BIN_5824260,wrapper,0,0,False
BIN_5824287,wrapper,0,0,False
BIN_5824686,wrapper,0,0,False
BIN_5825562,wrapper,1,1,False
BIN_5826521,injected,0,0,False
BIN_5827452,wrapper,0,0,False
BIN_5827602,wrapper,0,0,False
BIN_5827806,wrapper,0,0,False
BIN_5827821,wrapper,0,0,False
BIN_5827961,wrapper,0,0,False
BIN_5829966,injected,0,0,False
BIN_5830269,wrapper,1,1,False
BIN_5831072,wrapper,1,1,False
BIN_5831348,wrapper,1,1,False
BIN_5831718,injected,1,1,False
BIN_5831934,injected,0,0,False
BIN_5832276,injected,0,0,False
BIN_5832833,injected,1,1,False
BIN_5833160,wrapper,0,0,False
BIN_5834550,wrapper,1,1,False
BIN_5834755,wrapper,1,1,False
BIN_5835373,wrapper,1,1,False
BIN_5835696,wrapper,1,1,False
BIN_5836244,wrapper,1,1,False
BIN_5836814,wrapper,1,1,False
BIN_5837623,wrapper,0,0,False
BIN_5837751,wrapper,0,0,False
BIN_5837935,injected,1,1,False
BIN_5840326,injected,0,0,False
BIN_5840667,wrapper,1,1,False
BIN_5841556,wrapper,0,0,False
BIN_5841844,wrapper,1,1,False
BIN_5842173,wrapper,1,1,False
BIN_5842722,wrapper,0,0,False
BIN_5843003,wrapper,1,1,False
BIN_5844364,wrapper,1,1,False
BIN_5844533,wrapper,0,0,False
BIN_5845821,injected,0,0,False
BIN_5845824,wrapper,0,0,False
BIN_5845993,wrapper,1,1,False
BIN_5846037,injected,1,1,False
BIN_5846099,wrapper,0,0,False
BIN_5846930,injected,1,1,False
BIN_5847418,wrapper,1,1,False
BIN_5847458,injected,1,1,False
BIN_5847561,wrapper,1,1,False
BIN_5847736,injected,0,0,False
BIN_5848397,injected,1,1,False
BIN_5848587,injected,1,1,False
BIN_5849017,wrapper,0,0,False
BIN_5850243,injected,1,1,False
BIN_5850506,wrapper,1,1,False
BIN_5851960,wrapper,1,1,False
BIN_5852916,injected,0,0,False
BIN_5853598,wrapper,0,0,False
BIN_5853703,injected,0,0,False
BIN_5853898,injected,1,1,False
BIN_5854688,wrapper,1,1,False
BIN_5854741,wrapper,1,1,False
BIN_5857280,injected,1,1,False
BIN_5857680,injected,1,1,False
BIN_5858298,injected,1,1,False
BIN_5858452,wrapper,0,0,False
BIN_5859543,injected,0,0,False
BIN_5859800,wrapper,0,0,False
BIN_5860179,wrapper,0,0,False
BIN_5860399,injected,0,0,False
BIN_5860890,wrapper,0,0,False
BIN_5861187,wrapper,0,0,False
BIN_5862172,wrapper,0,0,False
BIN_5862916,wrapper,0,0,False
BIN_5863548,injected,1,1,False
BIN_5863584,wrapper,0,0,False
BIN_5864565,wrapper,0,0,False
BIN_5864638,wrapper,0,0,False
BIN_5864912,injected,1,1,False
BIN_5865094,wrapper,1,1,False
BIN_5865318,wrapper,1,1,False
BIN_5866358,injected,1,1,False
BIN_5866532,wrapper,1,1,False
BIN_5866700,injected,0,0,False
BIN_5867133,wrapper,1,1,False
BIN_5868200,wrapper,0,0,False
BIN_5868621,injected,0,0,False
BIN_5868780,wrapper,1,1,False
BIN_5870203,wrapper,1,1,False
BIN_5870677,wrapper,0,0,False
BIN_5871406,wrapper,1,1,False
BIN_5871665,wrapper,1,1,False
BIN_5872115,wrapper,1,1,False
BIN_5872159,wrapper,0,0,False
BIN_5872363,wrapper,0,0,False
BIN_5873096,wrapper,0,0,False
BIN_5873290,injected,1,1,False
BIN_5873807,wrapper,1,1,False
BIN_5874060,injected,1,1,False
BIN_5876440,wrapper,0,0,False
BIN_5876614,wrapper,1,1,False
BIN_5877469,injected,1,1,False
BIN_5877592,injected,1,1,False
BIN_5877604,wrapper,0,0,False
BIN_5877775,wrapper,1,1,False
BIN_5877908,wrapper,1,1,False
BIN_5878307,injected,1,1,False
BIN_5878577,injected,0,0,False
BIN_5879167,wrapper,1,1,False
BIN_5879640,injected,1,1,False
BIN_5881077,wrapper,0,0,False
BIN_5881360,injected,0,0,False
BIN_5881427,wrapper,1,1,False
BIN_5881703,injected,1,1,False
BIN_5882671,wrapper,0,0,False
BIN_5882977,wrapper,1,1,False
BIN_5883296,wrapper,1,1,False
BIN_5883407,injected,1,1,False
BIN_5884114,injected,0,0,False
BIN_5884397,injected,0,0,False
BIN_5885014,wrapper,0,0,False
BIN_5887176,wrapper,0,0,False
BIN_5887337,injected,0,0,False
BIN_5887442,wrapper,1,1,False
BIN_5887707,wrapper,1,1,False
BIN_5887954,wrapper,1,1,False
BIN_5888426,injected,1,1,False
BIN_5888502,injected,1,1,False
BIN_5888679,wrapper,1,1,False
BIN_5888943,wrapper,1,1,False
BIN_5890247,injected,0,0,False
BIN_5890819,wrapper,0,0,False
BIN_5890890,injected,1,1,False
BIN_5891287,injected,0,0,False
BIN_5891873,injected,0,0,False
BIN_5891977,wrapper,0,0,False
BIN_5892472,wrapper,0,0,False
BIN_5892483,wrapper,1,1,False
BIN_5892811,wrapper,1,1,False
BIN_5893468,wrapper,1,1,False
BIN_5895387,wrapper,1,1,False
BIN_5895750,injected,1,1,False
BIN_5895883,injected,0,0,False
BIN_5895982,wrapper,0,0,False
BIN_5897115,wrapper,0,0,False
BIN_5897471,injected,1,1,False
BIN_5898196,injected,1,1,False
BIN_5899341,wrapper,1,1,False
BIN_5899371,wrapper,0,0,False
BIN_5900474,wrapper,0,0,False
BIN_5900531,injected,0,0,False
BIN_5900746,injected,0,0,False
BIN_5901140,wrapper,0,0,False
BIN_5902019,wrapper,1,1,False
BIN_5902146,injected,1,1,False
BIN_5904094,wrapper,0,0,False
BIN_5905428,wrapper,0,0,False
BIN_5905603,wrapper,1,1,False
BIN_5906159,wrapper,0,0,False
BIN_5907001,wrapper,1,1,False
BIN_5907939,wrapper,0,0,False
BIN_5908060,injected,0,0,False
BIN_5909104,injected,0,0,False
BIN_5909493,wrapper,1,1,False
BIN_5909544,wrapper,1,1,False
BIN_5910618,wrapper,0,0,False
BIN_5910796,wrapper,0,0,False
BIN_5911963,wrapper,0,0,False
BIN_5913201,injected,1,1,False
BIN_5913573,wrapper,1,1,False
BIN_5913621,wrapper,0,0,False
BIN_5914122,wrapper,1,1,False
BIN_5914165,injected,1,1,False
BIN_5914618,injected,1,1,False
BIN_5915017,injected,1,1,False
BIN_5915134,wrapper,0,0,False
BIN_5915365,injected,0,0,False
BIN_5915476,wrapper,1,1,False
BIN_5915873,injected,1,1,False
BIN_5916583,wrapper,0,0,False
BIN_5916766,wrapper,0,0,False
BIN_5917061,injected,1,1,False
BIN_5918023,wrapper,1,1,False
BIN_5918213,injected,0,0,False
BIN_5918675,wrapper,1,1,False
BIN_5918696,wrapper,1,1,False
BIN_5919008,injected,0,0,False
BIN_5919115,injected,1,1,False
BIN_5919335,injected,1,1,False
BIN_5919564,wrapper,0,0,False
BIN_5919983,wrapper,0,0,False
BIN_5920023,wrapper,0,0,False
BIN_5920590,injected,0,0,False
BIN_5921075,injected,0,0,False
BIN_5921375,wrapper,1,1,False
BIN_5922881,wrapper,1,1,False
BIN_5924203,wrapper,0,0,False
BIN_5924267,injected,1,1,False
BIN_5924927,wrapper,1,1,False
BIN_5926799,injected,0,0,False
BIN_5927392,wrapper,1,1,False
BIN_5928558,wrapper,0,0,False
BIN_5928752,wrapper,1,1,False
BIN_5930168,wrapper,1,1,False
BIN_5930438,injected,1,1,False
BIN_5931399,injected,1,1,False
BIN_5931526,wrapper,0,0,False
BIN_5931973,wrapper,0,0,False
BIN_5932989,wrapper,1,1,False
BIN_5933162,injected,1,1,False
BIN_5933583,injected,1,1,False
BIN_5934991,wrapper,1,1,False
BIN_5936425,injected,1,1,False
BIN_5936752,wrapper,0,0,False
BIN_5937002,injected,1,1,False
BIN_5937497,injected,0,0,False
BIN_5938194,injected,1,1,False
BIN_5938256,wrapper,1,1,False
BIN_5938261,wrapper,0,0,False
BIN_5938993,wrapper,1,1,False
BIN_5939125,wrapper,0,0,False
BIN_5940350,injected,1,1,False
BIN_5941188,injected,0,0,False
BIN_5941201,wrapper,1,1,False
BIN_5941717,wrapper,0,0,False
BIN_5942079,injected,1,1,False
BIN_5942117,wrapper,1,1,False
BIN_5942711,injected,0,0,False
BIN_5943155,wrapper,0,0,False
BIN_5943276,wrapper,0,0,False
BIN_5943662,wrapper,0,0,False
BIN_5943850,wrapper,1,1,False
BIN_5944201,wrapper,1,1,False
BIN_5944907,wrapper,1,1,False
BIN_5945289,wrapper,0,0,False
BIN_5945942,wrapper,0,0,False
BIN_5946074,wrapper,1,1,False
BIN_5946590,wrapper,1,1,False
BIN_5948415,wrapper,0,0,False
BIN_5948787,wrapper,0,0,False
BIN_5949334,wrapper,0,0,False
BIN_5949678,wrapper,1,1,False
BIN_5949827,wrapper,1,1,False
BIN_5950064,wrapper,1,1,False
BIN_5951113,wrapper,0,0,False
BIN_5951163,wrapper,1,1,False
BIN_5951207,wrapper,0,0,False
BIN_5953334,injected,0,0,False
BIN_5954170,wrapper,0,0,False
BIN_5954209,wrapper,0,0,False
BIN_5954292,wrapper,1,1,False
BIN_5955276,wrapper,1,1,False
BIN_5955377,wrapper,1,1,False
BIN_5956042,injected,0,0,False
BIN_5956086,wrapper,1,1,False
BIN_5956126,wrapper,1,1,False
BIN_5956170,wrapper,0,0,False
BIN_5956555,injected,1,1,False
BIN_5957126,injected,0,0,False
BIN_5957138,wrapper,1,1,False
BIN_5957686,wrapper,0,0,False
BIN_5957699,wrapper,0,0,False
BIN_5958091,wrapper,1,1,False
BIN_5958146,wrapper,1,1,False
BIN_5959949,wrapper,0,0,False
BIN_5960142,wrapper,0,0,False
BIN_5960967,wrapper,0,0,False
BIN_5962215,injected,1,1,False
BIN_5962644,wrapper,1,1,False
BIN_5963184,wrapper,0,0,False
BIN_5963553,injected,1,1,False
BIN_5963674,wrapper,0,0,False
BIN_5964677,injected,0,0,False
BIN_5965359,injected,1,1,False
BIN_5965766,wrapper,1,1,False
BIN_5967871,wrapper,0,0,False
BIN_5968228,wrapper,0,0,False
BIN_5968469,injected,1,1,False
BIN_5968867,wrapper,1,1,False
BIN_5968922,wrapper,1,1,False
BIN_5969641,wrapper,0,0,False
BIN_5970403,wrapper,1,1,False
BIN_5971248,wrapper,1,1,False
BIN_5972602,wrapper,0,0,False
BIN_5974263,wrapper,0,0,False
BIN_5975608,wrapper,1,1,False
BIN_5975629,wrapper,1,1,False
BIN_5976273,wrapper,1,1,False
BIN_5976806,wrapper,1,1,False
BIN_5977177,wrapper,0,0,False
BIN_5977669,wrapper,0,0,False
BIN_5978121,wrapper,0,0,False
BIN_5979818,wrapper,1,1,False
BIN_5979884,wrapper,1,1,False
BIN_5980411,injected,1,1,False
BIN_5980475,wrapper,0,0,False
BIN_5980964,injected,1,1,False
BIN_5981517,wrapper,1,1,False
BIN_5982037,wrapper,1,1,False
BIN_5982397,wrapper,0,0,False
BIN_5982846,injected,0,0,False
BIN_5982957,wrapper,1,1,False
BIN_5984822,wrapper,1,1,False
BIN_5986356,wrapper,0,0,False
BIN_5988489,wrapper,1,1,False
BIN_5988593,wrapper,0,0,False
BIN_5988823,injected,0,0,False
BIN_5988839,wrapper,1,1,False
BIN_5990877,wrapper,0,0,False
BIN_5991383,wrapper,1,1,False
BIN_5991575,injected,1,1,False
BIN_5991642,injected,0,0,False
BIN_5991697,wrapper,0,0,False
BIN_5992186,wrapper,0,0,False
BIN_5992911,injected,1,1,False
BIN_5993782,injected,0,0,False
BIN_5994367,injected,1,1,False
BIN_5994444,wrapper,1,1,False
BIN_5994610,wrapper,1,1,False
BIN_5994816,injected,1,1,False
BIN_5994890,wrapper,1,1,False
BIN_5996501,injected,0,0,False
BIN_5997220,wrapper,1,1,False
BIN_5998006,wrapper,0,0,False
BIN_5998309,wrapper,0,0,False
BIN_5998664,wrapper,0,0,False
BIN_5998768,wrapper,1,1,False
BIN_6000937,wrapper,0,0,False
BIN_6001064,injected,1,1,False
BIN_6001990,wrapper,1,1,False
BIN_6002222,injected,0,0,False
BIN_6002396,wrapper,1,1,False
BIN_6004658,wrapper,1,1,False
BIN_6004797,wrapper,0,0,False
BIN_6005162,injected,0,0,False
BIN_6006000,wrapper,0,0,False
BIN_6006921,wrapper,0,0,False
BIN_6008731,wrapper,0,0,False
BIN_6008984,wrapper,1,1,False
BIN_6009884,wrapper,1,1,False
BIN_6010054,wrapper,0,0,False
BIN_6010695,wrapper,0,0,False
BIN_6010911,wrapper,1,1,False
BIN_6012347,wrapper,1,1,False
BIN_6012443,wrapper,0,0,False
BIN_6013292,wrapper,0,0,False
BIN_6013344,wrapper,0,0,False
BIN_6013383,injected,1,1,False
BIN_6014336,wrapper,1,1,False
BIN_6014716,wrapper,1,1,False
BIN_6014805,wrapper,1,1,False
BIN_6016541,injected,1,1,False
BIN_6016810,injected,1,1,False
BIN_6016840,wrapper,1,1,False
BIN_6017424,injected,1,1,False
BIN_6017610,wrapper,1,1,False
BIN_6018553,wrapper,1,1,False
BIN_6018727,injected,0,0,False
BIN_6018751,wrapper,0,0,False
BIN_6018860,injected,1,1,False
BIN_6018865,wrapper,0,0,False
BIN_6019759,wrapper,0,0,False
BIN_6020267,injected,0,0,False
BIN_6020316,wrapper,0,0,False
BIN_6020586,wrapper,0,0,False
BIN_6020814,wrapper,0,0,False
BIN_6021291,injected,0,0,False
BIN_6021723,wrapper,1,1,False
BIN_6022098,injected,0,0,False
BIN_6022419,wrapper,1,1,False
BIN_6022747,injected,1,1,False
BIN_6023741,injected,0,0,False
BIN_6023752,wrapper,0,0,False
BIN_6026229,wrapper,1,1,False
BIN_6026331,wrapper,0,0,False
BIN_6026902,wrapper,1,1,False
BIN_6027656,wrapper,1,1,False
BIN_6029350,wrapper,1,1,False
BIN_6029446,wrapper,1,1,False
BIN_6030411,wrapper,0,0,False
BIN_6031702,wrapper,1,1,False
BIN_6031845,wrapper,0,0,False
BIN_6032043,wrapper,1,1,False
BIN_6032117,wrapper,0,0,False
BIN_6033205,injected,0,0,False
BIN_6033428,wrapper,0,0,False
BIN_6034697,wrapper,0,0,False
BIN_6035165,wrapper,0,0,False
BIN_6036008,injected,0,0,False
BIN_6037889,wrapper,1,1,False
BIN_6038468,wrapper,0,0,False
BIN_6038616,wrapper,1,1,False
BIN_6039117,wrapper,1,1,False
BIN_6039684,wrapper,0,0,False
BIN_6039923,wrapper,0,0,False
BIN_6043290,wrapper,0,0,False
BIN_6043629,wrapper,0,0,False
BIN_6043726,injected,0,0,False
BIN_6043815,wrapper,1,1,False
BIN_6044586,wrapper,1,1,False
BIN_6046444,wrapper,1,1,False
BIN_6046931,injected,1,1,False
BIN_6047073,wrapper,1,1,False
BIN_6047254,wrapper,0,0,False
BIN_6048284,wrapper,0,0,False
BIN_6048905,wrapper,1,1,False
BIN_6048991,wrapper,0,0,False
BIN_6049198,injected,0,0,False
BIN_6049681,wrapper,0,0,False
BIN_6049898,wrapper,0,0,False
BIN_6050158,wrapper,0,0,False
BIN_6050409,injected,0,0,False
BIN_6050594,injected,0,0,False
BIN_6052357,injected,1,1,False
BIN_6052481,wrapper,1,1,False
BIN_6052529,wrapper,1,1,False
BIN_6054240,injected,1,1,False
BIN_6055739,injected,0,0,False
BIN_6056049,wrapper,1,1,False
BIN_6056519,injected,1,1,False
BIN_6057224,wrapper,0,0,False
BIN_6057989,wrapper,0,0,False
BIN_6058298,wrapper,1,1,False
BIN_6058365,wrapper,1,1,False
BIN_6058844,injected,1,1,False
BIN_6058899,injected,1,1,False
BIN_6059020,wrapper,0,0,False
BIN_6059405,wrapper,0,0,False
BIN_6059921,wrapper,1,1,False
BIN_6061256,wrapper,1,1,False
BIN_6062176,wrapper,1,1,False
BIN_6062282,wrapper,1,1,False
BIN_6062468,injected,0,0,False
BIN_6063250,injected,1,1,False
BIN_6065807,injected,1,1,False
BIN_6066650,wrapper,1,1,False
BIN_6067399,wrapper,1,1,False
BIN_6069017,wrapper,1,1,False
BIN_6069336,wrapper,0,0,False
BIN_6070981,wrapper,1,1,False
BIN_6071175,wrapper,1,1,False
BIN_6071280,injected,1,1,False
BIN_6071337,injected,1,1,False
BIN_6075072,wrapper,0,0,False
BIN_6076043,wrapper,1,1,False
BIN_6077220,wrapper,1,1,False
BIN_6077336,wrapper,1,1,False
BIN_6077903,wrapper,0,0,False
BIN_6077930,injected,0,0,False
BIN_6078793,injected,1,1,False
BIN_6079235,wrapper,0,0,False
BIN_6080305,wrapper,0,0,False
BIN_6080378,wrapper,1,1,False
BIN_6081378,wrapper,1,1,False
BIN_6081430,wrapper,1,1,False
BIN_6081536,wrapper,0,0,False
BIN_6082443,injected,0,0,False
BIN_6082544,injected,1,1,False
BIN_6083471,wrapper,1,1,False
BIN_6083496,wrapper,1,1,False
BIN_6083922,wrapper,0,0,False
BIN_6084331,wrapper,0,0,False
BIN_6085370,wrapper,0,0,False
BIN_6085558,injected,0,0,False
BIN_6085649,wrapper,0,0,False
BIN_6086658,wrapper,1,1,False
BIN_6087344,wrapper,1,1,False
BIN_6088043,wrapper,0,0,False
BIN_6088470,injected,0,0,False
BIN_6088796,wrapper,0,0,False
BIN_6089911,wrapper,1,1,False
BIN_6089964,wrapper,0,0,False
BIN_6090506,injected,0,0,False
BIN_6090720,wrapper,0,0,False
BIN_6090839,wrapper,0,0,False
BIN_6091087,wrapper,0,0,False
BIN_6091299,wrapper,0,0,False
BIN_6091449,wrapper,0,0,False
BIN_6091568,wrapper,0,0,False
BIN_6091595,wrapper,0,0,False
BIN_6092180,wrapper,0,0,False
BIN_6092759,wrapper,0,0,False
BIN_6092838,injected,0,0,False
BIN_6093054,injected,0,0,False
BIN_6094273,wrapper,1,1,False
BIN_6094793,wrapper,0,0,False
BIN_6094813,injected,0,0,False
BIN_6094954,wrapper,1,1,False
BIN_6096446,wrapper,0,0,False
BIN_6097288,wrapper,0,0,False
BIN_6097360,wrapper,0,0,False
BIN_6097379,injected,1,1,False
BIN_6097880,wrapper,0,0,False
BIN_6098424,wrapper,1,1,False
BIN_6100821,wrapper,1,1,False
BIN_6101177,wrapper,0,0,False
BIN_6101992,injected,1,1,False
BIN_6102159,wrapper,1,1,False
BIN_6102470,wrapper,1,1,False
BIN_6103082,injected,1,1,False
BIN_6106195,wrapper,1,1,False
BIN_6106465,wrapper,0,0,False
BIN_6106748,wrapper,1,1,False
BIN_6108676,wrapper,1,1,False
BIN_6108793,wrapper,0,0,False
BIN_6108988,injected,0,0,False
BIN_6109084,injected,0,0,False
BIN_6109223,injected,1,1,False
BIN_6109921,wrapper,0,0,False
BIN_6110316,wrapper,1,1,False
BIN_6110838,wrapper,0,0,False
BIN_6111130,injected,1,1,False
BIN_6111224,injected,0,0,False
BIN_6112686,wrapper,1,1,False
BIN_6112777,wrapper,1,1,False
BIN_6114469,injected,1,1,False
BIN_6115849,injected,0,0,False
BIN_6116101,injected,1,1,False
BIN_6116750,wrapper,1,1,False
BIN_6117386,wrapper,0,0,False
BIN_6118248,injected,1,1,False
BIN_6118609,wrapper,0,0,False
BIN_6118854,wrapper,1,1,False
BIN_6119192,injected,1,1,False
BIN_6119232,injected,1,1,False
BIN_6119542,injected,1,1,False
BIN_6119729,injected,0,0,False
BIN_6120372,wrapper,1,1,False
BIN_6122364,wrapper,1,1,False
BIN_6122379,wrapper,0,0,False
BIN_6122567,wrapper,1,1,False
BIN_6123011,injected,1,1,False
BIN_6123642,wrapper,0,0,False
BIN_6123994,wrapper,0,0,False
BIN_6124184,injected,0,0,False
BIN_6125062,wrapper,1,1,False
BIN_6125595,wrapper,0,0,False
BIN_6125719,wrapper,0,0,False
BIN_6127279,wrapper,0,0,False
BIN_6128182,wrapper,1,1,False
BIN_6128631,injected,1,1,False
BIN_6129229,wrapper,0,0,False
BIN_6129336,injected,1,1,False
BIN_6129848,injected,1,1,False
BIN_6129872,wrapper,0,0,False
BIN_6129989,wrapper,1,1,False
BIN_6132230,injected,0,0,False
BIN_6132767,wrapper,0,0,False
BIN_6133385,wrapper,0,0,False
BIN_6133501,injected,0,0,False
BIN_6133539,wrapper,0,0,False
BIN_6133810,wrapper,0,0,False
BIN_6135676,wrapper,0,0,False
BIN_6136452,injected,1,1,False
BIN_6136577,injected,0,0,False
BIN_6137550,wrapper,1,1,False
BIN_6138100,wrapper,0,0,False
BIN_6138845,wrapper,0,0,False
BIN_6138965,injected,0,0,False
BIN_6138969,injected,0,0,False
BIN_6139312,wrapper,0,0,False
BIN_6140099,wrapper,0,0,False
BIN_6140296,wrapper,1,1,False
BIN_6141349,wrapper,0,0,False
BIN_6141569,wrapper,1,1,False
BIN_6142314,wrapper,0,0,False
BIN_6142817,injected,0,0,False
BIN_6142919,injected,1,1,False
BIN_6143251,wrapper,1,1,False
BIN_6144404,injected,0,0,False
BIN_6144616,wrapper,0,0,False
BIN_6146813,wrapper,0,0,False
BIN_6147512,injected,1,1,False
BIN_6148928,injected,1,1,False
BIN_6149120,wrapper,1,1,False
BIN_6149418,wrapper,1,1,False
BIN_6150104,wrapper,1,1,False
BIN_6150249,wrapper,1,1,False
BIN_6150823,wrapper,1,1,False
BIN_6151500,wrapper,1,1,False
BIN_6151715,injected,0,0,False
BIN_6151848,injected,0,0,False
BIN_6151921,wrapper,0,0,False
BIN_6151951,wrapper,0,0,False
BIN_6152489,wrapper,0,0,False
BIN_6152838,injected,0,0,False
BIN_6153717,injected,1,1,False
BIN_6153897,wrapper,0,0,False
BIN_6154028,wrapper,0,0,False
BIN_6154286,wrapper,0,0,False
BIN_6154554,injected,1,1,False
BIN_6154816,injected,0,0,False
BIN_6154839,wrapper,0,0,False
BIN_6156124,injected,1,1,False
BIN_6157263,wrapper,1,1,False
BIN_6157572,wrapper,1,1,False
BIN_6158573,wrapper,1,1,False
BIN_6159041,wrapper,0,0,False
BIN_6159889,injected,0,0,False
BIN_6159943,wrapper,1,1,False
BIN_6161381,wrapper,1,1,False
BIN_6163014,injected,0,0,False
BIN_6163255,wrapper,0,0,False
BIN_6163286,wrapper,1,1,False
BIN_6163443,wrapper,0,0,False
BIN_6163975,wrapper,0,0,False
BIN_6164088,wrapper,1,1,False
BIN_6164145,wrapper,1,1,False
BIN_6164373,wrapper,1,1,False
BIN_6164748,wrapper,0,0,False
BIN_6165354,injected,0,0,False
BIN_6167857,wrapper,1,1,False
BIN_6169319,injected,0,0,False
BIN_6169465,injected,0,0,False
BIN_6169687,wrapper,1,1,False
BIN_6170236,wrapper,0,0,False
BIN_6170590,wrapper,1,1,False
BIN_6170595,wrapper,0,0,False
BIN_6170950,wrapper,1,1,False
BIN_6171048,wrapper,0,0,False
BIN_6171345,wrapper,0,0,False
BIN_6171500,wrapper,1,1,False
BIN_6172123,wrapper,0,0,False
BIN_6174299,wrapper,0,0,False
BIN_6175370,injected,1,1,False
BIN_6175541,injected,0,0,False
BIN_6176268,injected,1,1,False
BIN_6176578,wrapper,0,0,False
BIN_6176767,wrapper,1,1,False
BIN_6177049,wrapper,1,1,False
BIN_6177465,injected,0,0,False
BIN_6177617,wrapper,1,1,False
BIN_6178269,injected,0,0,False
BIN_6178752,wrapper,1,1,False
BIN_6180153,wrapper,1,1,False
BIN_6180974,wrapper,0,0,False
BIN_6180997,wrapper,0,0,False
BIN_6181262,wrapper,0,0,False
BIN_6181950,wrapper,0,0,False
BIN_6182461,wrapper,1,1,False
BIN_6182747,wrapper,1,1,False
BIN_6183382,wrapper,0,0,False
BIN_6183484,injected,1,1,False
BIN_6183754,injected,0,0,False
BIN_6184091,injected,1,1,False
BIN_6184412,injected,0,0,False
BIN_6184746,wrapper,1,1,False
BIN_6185089,injected,1,1,False
BIN_6185400,wrapper,1,1,False
BIN_6185566,injected,1,1,False
BIN_6186064,injected,0,0,False
BIN_6187401,wrapper,1,1,False
BIN_6187944,wrapper,0,0,False
BIN_6189612,wrapper,0,0,False
BIN_6189747,wrapper,1,1,False
BIN_6189878,injected,1,1,False
BIN_6190330,wrapper,1,1,False
BIN_6190703,injected,1,1,False
BIN_6190705,wrapper,1,1,False
BIN_6190970,wrapper,1,1,False
BIN_6191006,wrapper,1,1,False
BIN_6192552,wrapper,0,0,False
BIN_6192998,wrapper,0,0,False
BIN_6193014,wrapper,0,0,False
BIN_6193864,injected,1,1,False
BIN_6194587,wrapper,1,1,False
BIN_6195349,wrapper,1,1,False
BIN_6196226,injected,0,0,False
BIN_6196611,wrapper,0,0,False
BIN_6196721,wrapper,1,1,False
BIN_6197220,wrapper,0,0,False
BIN_6198708,wrapper,0,0,False
BIN_6199271,wrapper,0,0,False
BIN_6199936,injected,0,0,False
BIN_6200057,wrapper,0,0,False
BIN_6201307,wrapper,0,0,False
BIN_6201349,injected,1,1,False
BIN_6202516,wrapper,0,0,False
BIN_6202947,injected,0,0,False
BIN_6203055,injected,1,1,False
BIN_6203833,injected,0,0,False
BIN_6203936,wrapper,1,1,False
BIN_6203939,wrapper,0,0,False
BIN_6204659,wrapper,0,0,False
BIN_6204688,injected,0,0,False
BIN_6204932,wrapper,1,1,False
BIN_6206946,injected,0,0,False
BIN_6208931,injected,0,0,False
BIN_6209035,wrapper,0,0,False
BIN_6209099,wrapper,0,0,False
BIN_6209438,injected,1,1,False
BIN_6209442,wrapper,0,0,False
BIN_6210356,injected,0,0,False
BIN_6212217,wrapper,1,1,False
BIN_6213281,wrapper,1,1,False
BIN_6213522,wrapper,0,0,False
BIN_6213997,wrapper,0,0,False
BIN_6214024,injected,0,0,False
BIN_6214074,wrapper,0,0,False
BIN_6214244,injected,1,1,False
BIN_6215170,wrapper,0,0,False
BIN_6215385,injected,0,0,False
BIN_6216592,wrapper,0,0,False
BIN_6217089,wrapper,1,1,False
BIN_6217445,wrapper,1,1,False
BIN_6217711,wrapper,1,1,False
BIN_6218115,wrapper,0,0,False
BIN_6218150,wrapper,1,1,False
BIN_6218649,wrapper,1,1,False
BIN_6219628,wrapper,0,0,False
BIN_6219866,wrapper,0,0,False
BIN_6220381,injected,1,1,False
BIN_6222222,wrapper,0,0,False
BIN_6222509,injected,0,0,False
BIN_6222984,wrapper,1,1,False
BIN_6223974,wrapper,1,1,False
BIN_6225025,wrapper,0,0,False
BIN_6226466,injected,1,1,False
BIN_6226809,wrapper,0,0,False
BIN_6226879,injected,1,1,False
BIN_6227177,injected,0,0,False
BIN_6227418,wrapper,0,0,False
BIN_6228653,wrapper,0,0,False
BIN_6228686,injected,1,1,False
BIN_6228781,injected,0,0,False
BIN_6229468,wrapper,0,0,False
BIN_6229779,wrapper,1,1,False
BIN_6229801,wrapper,1,1,False
BIN_6230562,injected,1,1,False
BIN_6230955,wrapper,1,1,False
BIN_6231746,wrapper,0,0,False
BIN_6232779,injected,0,0,False
BIN_6233284,wrapper,1,1,False
BIN_6233663,wrapper,0,0,False
BIN_6233797,wrapper,1,1,False
BIN_6234147,wrapper,0,0,False
BIN_6234624,wrapper,0,0,False
BIN_6235610,wrapper,1,1,False
BIN_6236346,wrapper,1,1,False
BIN_6237545,injected,0,0,False
BIN_6237920,injected,0,0,False
BIN_6238721,wrapper,1,1,False
BIN_6239157,wrapper,1,1,False
BIN_6241958,wrapper,0,0,False
BIN_6242029,wrapper,1,1,False
BIN_6242037,wrapper,1,1,False
BIN_6242491,wrapper,0,0,False
BIN_6243102,injected,0,0,False
BIN_6243368,wrapper,0,0,False
BIN_6243482,wrapper,0,0,False
BIN_6243524,wrapper,0,0,False
BIN_6244075,wrapper,0,0,False
BIN_6244705,injected,0,0,False
BIN_6244797,wrapper,1,1,False
BIN_6244838,wrapper,0,0,False
BIN_6244991,injected,0,0,False
BIN_6245015,wrapper,1,1,False
BIN_6245591,injected,1,1,False
BIN_6246824,wrapper,0,0,False
BIN_6247161,wrapper,1,1,False
BIN_6247292,wrapper,0,0,False
BIN_6248208,wrapper,1,1,False
BIN_6248529,wrapper,1,1,False
BIN_6249341,injected,1,1,False
BIN_6250198,injected,1,1,False
BIN_6251210,wrapper,1,1,False
BIN_6252152,wrapper,0,0,False
BIN_6252927,wrapper,1,1,False
BIN_6252959,wrapper,1,1,False
BIN_6252983,wrapper,1,1,False
BIN_6253388,injected,1,1,False
BIN_6253845,wrapper,0,0,False
BIN_6253875,wrapper,0,0,False
BIN_6254119,wrapper,0,0,False
BIN_6254977,injected,0,0,False
BIN_6255331,wrapper,1,1,False
BIN_6255406,wrapper,0,0,False
BIN_6255567,wrapper,0,0,False
BIN_6255639,wrapper,0,0,False
BIN_6255849,injected,1,1,False
BIN_6256980,wrapper,0,0,False
BIN_6256987,injected,1,1,False
BIN_6257145,wrapper,1,1,False
BIN_6257325,injected,0,0,False
BIN_6257638,injected,1,1,False
BIN_6258203,wrapper,1,1,False
BIN_6258233,wrapper,0,0,False
BIN_6258291,injected,1,1,False
BIN_6258353,injected,1,1,False
BIN_6258501,wrapper,1,1,False
BIN_6258969,wrapper,0,0,False
BIN_6259086,injected,0,0,False
BIN_6259960,wrapper,0,0,False
BIN_6260958,wrapper,0,0,False
BIN_6262029,injected,1,1,False
BIN_6262384,wrapper,0,0,False
BIN_6262415,wrapper,1,1,False
BIN_6262752,wrapper,1,1,False
BIN_6263339,wrapper,0,0,False
BIN_6263996,injected,0,0,False
BIN_6264650,wrapper,1,1,False
BIN_6265237,wrapper,1,1,False
BIN_6265795,wrapper,0,0,False
BIN_6267892,injected,0,0,False
BIN_6268526,wrapper,0,0,False
BIN_6268543,injected,0,0,False
BIN_6268840,wrapper,1,1,False
BIN_6269026,wrapper,0,0,False
BIN_6269397,wrapper,0,0,False
BIN_6270059,wrapper,1,1,False
BIN_6270340,injected,1,1,False
BIN_6271046,wrapper,0,0,False
BIN_6271149,injected,1,1,False
BIN_6271239,wrapper,1,1,False
BIN_6271988,wrapper,1,1,False
BIN_6275972,wrapper,0,0,False
BIN_6276608,wrapper,1,1,False
BIN_6277035,wrapper,1,1,False
BIN_6277607,wrapper,0,0,False
BIN_6277610,wrapper,0,0,False
BIN_6277739,wrapper,1,1,False
BIN_6278627,wrapper,1,1,False
BIN_6278758,wrapper,1,1,False
BIN_6279174,wrapper,0,0,False
BIN_6279350,wrapper,1,1,False
BIN_6279935,injected,0,0,False
BIN_6280805,wrapper,0,0,False
BIN_6282610,injected,0,0,False
BIN_6283207,injected,0,0,False
BIN_6283262,wrapper,1,1,False
BIN_6285205,injected,0,0,False
BIN_6286457,wrapper,1,1,False
BIN_6290118,wrapper,0,0,False
BIN_6290211,injected,0,0,False
BIN_6290567,injected,1,1,False
BIN_6291797,injected,0,0,False
BIN_6292405,injected,0,0,False
BIN_6293006,wrapper,0,0,False
BIN_6293639,wrapper,1,1,False
BIN_6293916,wrapper,0,0,False
BIN_6294242,wrapper,1,1,False
BIN_6295109,wrapper,1,1,False
BIN_6295748,wrapper,0,0,False
BIN_6296409,wrapper,0,0,False
BIN_6296531,injected,0,0,False
BIN_6296714,wrapper,0,0,False
BIN_6296873,wrapper,1,1,False
BIN_6296929,injected,0,0,False
BIN_6297682,wrapper,1,1,False
BIN_6298633,wrapper,0,0,False
BIN_6299331,wrapper,1,1,False
BIN_6299730,wrapper,0,0,False
BIN_6299838,wrapper,0,0,False
BIN_6301443,wrapper,0,0,False
BIN_6301688,injected,1,1,False
BIN_6303316,wrapper,0,0,False
BIN_6303449,wrapper,0,0,False
BIN_6303488,wrapper,1,1,False
BIN_6304177,wrapper,1,1,False
BIN_6304619,wrapper,0,0,False
BIN_6304662,wrapper,0,0,False
BIN_6305085,injected,0,0,False
BIN_6305866,injected,0,0,False
BIN_6306035,wrapper,1,1,False
BIN_6307602,injected,1,1,False
BIN_6308108,injected,1,1,False
BIN_6309712,wrapper,1,1,False
BIN_6310062,wrapper,0,0,False
BIN_6310187,injected,1,1,False
BIN_6311110,injected,1,1,False
BIN_6311232,wrapper,1,1,False
BIN_6311594,wrapper,0,0,False
BIN_6311783,wrapper,1,1,False
BIN_6312799,wrapper,1,1,False
BIN_6312910,wrapper,0,0,False
BIN_6314076,wrapper,1,1,False
BIN_6314548,wrapper,1,1,False
BIN_6315114,wrapper,0,0,False
BIN_6315344,wrapper,0,0,False
BIN_6316515,wrapper,1,1,False
BIN_6316885,wrapper,1,1,False
BIN_6317077,wrapper,1,1,False
BIN_6318174,wrapper,1,1,False
BIN_6318238,injected,1,1,False
BIN_6318298,wrapper,0,0,False
BIN_6318709,injected,0,0,False
BIN_6318855,injected,1,1,False
BIN_6318899,injected,0,0,False
BIN_6319444,wrapper,0,0,False
BIN_6320138,wrapper,1,1,False
BIN_6320350,injected,1,1,False
BIN_6320507,wrapper,0,0,False
BIN_6320862,wrapper,0,0,False
BIN_6321272,wrapper,1,1,False
BIN_6321346,wrapper,0,0,False
BIN_6322194,wrapper,0,0,False
BIN_6323020,injected,0,0,False
BIN_6323173,wrapper,1,1,False
BIN_6323265,wrapper,1,1,False
BIN_6327089,wrapper,0,0,False
BIN_6327578,injected,0,0,False
BIN_6327603,wrapper,0,0,False
BIN_6327937,wrapper,1,1,False
BIN_6329294,wrapper,0,0,False
BIN_6329303,wrapper,1,1,False
BIN_6330395,wrapper,0,0,False
BIN_6330706,wrapper,1,1,False
BIN_6330929,wrapper,1,1,False
BIN_6331666,wrapper,0,0,False
BIN_6332031,wrapper,1,1,False
BIN_6332730,injected,0,0,False
BIN_6333672,wrapper,1,1,False
BIN_6334090,injected,1,1,False
BIN_6334390,wrapper,0,0,False
BIN_6334887,injected,0,0,False
BIN_6336026,injected,1,1,False
BIN_6336914,injected,1,1,False
BIN_6337029,injected,0,0,False
BIN_6337102,wrapper,0,0,False
BIN_6337905,wrapper,0,0,False
BIN_6340466,wrapper,1,1,False
BIN_6341264,injected,1,1,False
BIN_6341932,wrapper,0,0,False
BIN_6341933,wrapper,1,1,False
BIN_6343961,injected,1,1,False
BIN_6344027,wrapper,0,0,False
BIN_6344314,wrapper,0,0,False
BIN_6344686,wrapper,0,0,False
BIN_6344911,injected,1,1,False
BIN_6346896,wrapper,0,0,False
BIN_6347270,wrapper,0,0,False
BIN_6347701,wrapper,1,1,False
BIN_6349198,wrapper,1,1,False
BIN_6350436,wrapper,0,0,False
BIN_6350570,wrapper,1,1,False
BIN_6351001,injected,1,1,False
BIN_6351414,wrapper,1,1,False
BIN_6351503,wrapper,1,1,False
BIN_6352208,wrapper,0,0,False
BIN_6352772,wrapper,1,1,False
BIN_6352805,wrapper,0,0,False
BIN_6353901,wrapper,1,1,False
BIN_6354708,wrapper,0,0,False
BIN_6355450,injected,0,0,False
BIN_6356978,wrapper,1,1,False
BIN_6357206,wrapper,1,1,False
BIN_6358191,injected,0,0,False
BIN_6361013,wrapper,1,1,False
BIN_6364033,injected,1,1,False
BIN_6364134,injected,1,1,False
BIN_6364778,wrapper,1,1,False
BIN_6364958,wrapper,1,1,False
BIN_6365221,injected,1,1,False
BIN_6365226,wrapper,1,1,False
BIN_6367395,wrapper,0,0,False
BIN_6370181,wrapper,0,0,False
BIN_6370225,injected,0,0,False
BIN_6372007,wrapper,1,1,False
BIN_6372222,injected,0,0,False
BIN_6373449,wrapper,0,0,False
BIN_6374047,injected,0,0,False
BIN_6375901,injected,1,1,False
BIN_6376533,injected,0,0,False
BIN_6376542,wrapper,0,0,False
BIN_6377855,wrapper,1,1,False
BIN_6379270,wrapper,1,1,False
BIN_6379495,wrapper,1,1,False
BIN_6380027,wrapper,0,0,False
BIN_6380498,wrapper,0,0,False
BIN_6381100,wrapper,1,1,False
BIN_6384367,wrapper,1,1,False
BIN_6384602,wrapper,1,1,False
BIN_6384954,wrapper,1,1,False
BIN_6385916,injected,1,1,False
BIN_6387280,wrapper,0,0,False
BIN_6388189,wrapper,0,0,False
BIN_6388265,wrapper,1,1,False
BIN_6388389,wrapper,1,1,False
BIN_6388720,wrapper,1,1,False
BIN_6388922,wrapper,1,1,False
BIN_6389234,wrapper,0,0,False
BIN_6389424,wrapper,0,0,False
BIN_6391010,wrapper,0,0,False
BIN_6391671,injected,0,0,False
BIN_6393380,injected,1,1,False
BIN_6393904,injected,1,1,False
BIN_6393989,injected,1,1,False
BIN_6394803,wrapper,1,1,False
BIN_6395536,wrapper,0,0,False
BIN_6396605,injected,0,0,False
BIN_6396865,wrapper,1,1,False
BIN_6397291,wrapper,1,1,False
BIN_6397796,wrapper,1,1,False
BIN_6400026,wrapper,1,1,False
BIN_6401829,injected,1,1,False
BIN_6403503,wrapper,0,0,False
BIN_6403625,injected,0,0,False
BIN_6404058,wrapper,0,0,False
BIN_6404260,wrapper,0,0,False
BIN_6404847,wrapper,1,1,False
BIN_6404855,wrapper,1,1,False
BIN_6405574,wrapper,0,0,False
BIN_6405624,wrapper,1,1,False
BIN_6405705,wrapper,1,1,False
BIN_6406333,wrapper,0,0,False
BIN_6406646,wrapper,1,1,False
BIN_6406853,wrapper,0,0,False
BIN_6407033,wrapper,0,0,False
BIN_6407080,wrapper,0,0,False
BIN_6407508,wrapper,1,1,False
BIN_6408160,wrapper,0,0,False
BIN_6408731,wrapper,1,1,False
BIN_6409672,injected,1,1,False
BIN_6410620,wrapper,1,1,False
BIN_6411921,wrapper,0,0,False
BIN_6412223,wrapper,1,1,False
BIN_6414199,wrapper,0,0,False
BIN_6414824,wrapper,0,0,False
BIN_6414959,wrapper,0,0,False
BIN_6416150,wrapper,0,0,False
BIN_6417024,injected,1,1,False
BIN_6417159,wrapper,0,0,False
BIN_6417506,wrapper,1,1,False
BIN_6417867,injected,1,1,False
BIN_6417960,injected,1,1,False
BIN_6417999,wrapper,1,1,False
BIN_6418621,wrapper,1,1,False
BIN_6419262,injected,0,0,False
BIN_6419679,wrapper,0,0,False
BIN_6419805,wrapper,0,0,False
BIN_6420063,injected,0,0,False
BIN_6420208,wrapper,1,1,False
BIN_6420213,wrapper,1,1,False
BIN_6420224,injected,1,1,False
BIN_6420781,wrapper,0,0,False
BIN_6420973,injected,0,0,False
BIN_6421093,wrapper,0,0,False
BIN_6421172,wrapper,0,0,False
BIN_6421533,wrapper,1,1,False
BIN_6421798,injected,1,1,False
BIN_6421834,wrapper,0,0,False
BIN_6422734,wrapper,0,0,False
BIN_6422834,wrapper,1,1,False
BIN_6423319,injected,1,1,False
BIN_6423471,wrapper,1,1,False
BIN_6423674,wrapper,1,1,False
BIN_6424262,wrapper,0,0,False
BIN_6424734,wrapper,1,1,False
BIN_6425002,wrapper,1,1,False
BIN_6425660,wrapper,1,1,False
BIN_6426394,wrapper,1,1,False
BIN_6428704,injected,0,0,False
BIN_6429301,injected,1,1,False
BIN_6429703,wrapper,0,0,False
BIN_6430570,wrapper,0,0,False
BIN_6431475,injected,0,0,False
BIN_6432349,wrapper,0,0,False
BIN_6432360,wrapper,1,1,False
BIN_6432879,injected,1,1,False
BIN_6433437,injected,1,1,False
BIN_6433623,injected,0,0,False
BIN_6434872,wrapper,0,0,False
BIN_6435223,wrapper,0,0,False
BIN_6436207,injected,0,0,False
BIN_6436615,wrapper,0,0,False
BIN_6437162,wrapper,1,1,False
BIN_6438001,injected,0,0,False
BIN_6438482,wrapper,0,0,False
BIN_6438840,injected,1,1,False
BIN_6438869,injected,1,1,False
BIN_6439730,wrapper,0,0,False
BIN_6440180,wrapper,1,1,False
BIN_6440411,wrapper,0,0,False
BIN_6440751,injected,1,1,False
BIN_6441474,wrapper,1,1,False
BIN_6442122,injected,1,1,False
BIN_6442463,injected,0,0,False
BIN_6442741,injected,1,1,False
BIN_6442907,injected,1,1,False
BIN_6442971,wrapper,0,0,False
BIN_6443643,wrapper,0,0,False
BIN_6443940,wrapper,1,1,False
BIN_6444610,injected,0,0,False
BIN_6444644,wrapper,0,0,False
BIN_6445843,injected,1,1,False
BIN_6446351,injected,0,0,False
BIN_6447411,wrapper,1,1,False
BIN_6448197,injected,1,1,False
BIN_6448501,injected,1,1,False
BIN_6448505,wrapper,1,1,False
BIN_6449392,injected,0,0,False
BIN_6449679,wrapper,0,0,False
BIN_6450258,wrapper,0,0,False
BIN_6450500,injected,0,0,False
BIN_6451304,injected,0,0,False
BIN_6451431,wrapper,1,1,False
BIN_6451584,wrapper,1,1,False
BIN_6452291,wrapper,0,0,False
BIN_6453499,wrapper,1,1,False
BIN_6454008,injected,0,0,False
BIN_6454194,injected,0,0,False
BIN_6454582,wrapper,0,0,False
BIN_6454792,wrapper,0,0,False
BIN_6454869,wrapper,0,0,False
BIN_6454882,injected,1,1,False
BIN_6455234,wrapper,1,1,False
BIN_6456450,wrapper,1,1,False
BIN_6457045,wrapper,1,1,False
BIN_6457066,injected,0,0,False
BIN_6457083,wrapper,0,0,False
BIN_6459190,injected,0,0,False
BIN_6459247,wrapper,1,1,False
BIN_6459538,wrapper,1,1,False
BIN_6459750,injected,0,0,False
BIN_6459851,injected,0,0,False
BIN_6459973,wrapper,1,1,False
BIN_6460802,wrapper,1,1,False
BIN_6460897,wrapper,1,1,False
BIN_6461240,injected,1,1,False
BIN_6462253,wrapper,1,1,False
BIN_6462352,wrapper,1,1,False
BIN_6463864,wrapper,1,1,False
BIN_6465535,wrapper,0,0,False
BIN_6467278,wrapper,0,0,False
BIN_6467753,injected,1,1,False
BIN_6468231,wrapper,1,1,False
BIN_6468924,injected,0,0,False
BIN_6469302,wrapper,1,1,False
BIN_6469931,wrapper,0,0,False
BIN_6470264,wrapper,0,0,False
BIN_6470562,wrapper,1,1,False
BIN_6470751,wrapper,1,1,False
BIN_6471841,injected,1,1,False
BIN_6472547,wrapper,0,0,False
BIN_6472853,injected,0,0,False
BIN_6474182,wrapper,1,1,False
BIN_6474414,injected,1,1,False
BIN_6475182,wrapper,1,1,False
BIN_6476150,wrapper,0,0,False
BIN_6478434,wrapper,0,0,False
BIN_6479123,injected,0,0,False
BIN_6479745,injected,1,1,False
BIN_6481006,wrapper,0,0,False
BIN_6481064,wrapper,0,0,False
BIN_6481356,wrapper,0,0,False
BIN_6481390,injected,1,1,False
BIN_6482039,injected,0,0,False
BIN_6482462,wrapper,1,1,False
BIN_6483046,wrapper,0,0,False
BIN_6483057,wrapper,0,0,False
BIN_6483314,injected,0,0,False
BIN_6483656,injected,0,0,False
BIN_6484060,wrapper,0,0,False
BIN_6484857,wrapper,1,1,False
BIN_6484937,wrapper,0,0,False
BIN_6487066,injected,1,1,False
BIN_6487111,injected,0,0,False
BIN_6487390,injected,0,0,False
BIN_6488176,wrapper,1,1,False
BIN_6488482,wrapper,0,0,False
BIN_6488864,wrapper,1,1,False
BIN_6489261,wrapper,1,1,False
BIN_6489455,wrapper,0,0,False
BIN_6489896,injected,1,1,False
BIN_6490113,injected,0,0,False
BIN_6490719,wrapper,1,1,False
BIN_6490926,injected,1,1,False
BIN_6491524,wrapper,1,1,False
BIN_6491915,wrapper,0,0,False
BIN_6491991,wrapper,0,0,False
BIN_6492302,injected,1,1,False
BIN_6492891,wrapper,0,0,False
BIN_6493394,wrapper,1,1,False
BIN_6494653,wrapper,1,1,False
BIN_6495042,wrapper,0,0,False
BIN_6495275,wrapper,1,1,False
BIN_6495296,wrapper,0,0,False
BIN_6496165,wrapper,0,0,False
BIN_6498442,wrapper,1,1,False
BIN_6498818,injected,1,1,False
BIN_6499660,injected,1,1,False
BIN_6500536,wrapper,0,0,False
BIN_6500902,wrapper,0,0,False
BIN_6501405,injected,0,0,False
BIN_6501766,injected,1,1,False
BIN_6502565,wrapper,1,1,False
BIN_6502811,injected,0,0,False
BIN_6504318,wrapper,1,1,False
BIN_6504674,wrapper,0,0,False
BIN_6504716,wrapper,0,0,False
BIN_6506981,wrapper,0,0,False
BIN_6507195,wrapper,1,1,False
BIN_6507856,injected,0,0,False
BIN_6508322,injected,0,0,False
BIN_6508433,injected,1,1,False
BIN_6509793,wrapper,0,0,False
BIN_6510128,wrapper,1,1,False
BIN_6510406,wrapper,1,1,False
BIN_6511023,injected,0,0,False
BIN_6511586,injected,1,1,False
BIN_6511729,wrapper,0,0,False
BIN_6512577,injected,0,0,False
BIN_6513271,wrapper,0,0,False
BIN_6515849,injected,0,0,False
BIN_6516419,injected,1,1,False
BIN_6516451,wrapper,0,0,False
BIN_6516479,wrapper,1,1,False
BIN_6517264,wrapper,1,1,False
BIN_6517539,injected,1,1,False
BIN_6517585,wrapper,0,0,False
BIN_6518563,wrapper,0,0,False
BIN_6518607,wrapper,1,1,False
BIN_6520889,wrapper,0,0,False
BIN_6521100,wrapper,1,1,False
BIN_6524747,wrapper,0,0,False
BIN_6525600,wrapper,1,1,False
BIN_6528434,wrapper,1,1,False
BIN_6528606,wrapper,0,0,False
BIN_6528785,injected,1,1,False
BIN_6528816,wrapper,0,0,False
BIN_6529110,injected,0,0,False
BIN_6529644,injected,0,0,False
BIN_6529781,injected,1,1,False
BIN_6530186,wrapper,1,1,False
BIN_6535565,wrapper,0,0,False
BIN_6536036,wrapper,0,0,False
BIN_6537343,wrapper,0,0,False
BIN_6537555,injected,0,0,False
BIN_6537583,wrapper,1,1,False
BIN_6537894,wrapper,1,1,False
BIN_6538033,injected,1,1,False
BIN_6538406,wrapper,1,1,False
BIN_6538887,wrapper,0,0,False
BIN_6538973,injected,1,1,False
BIN_6540050,wrapper,0,0,False
BIN_6540220,injected,1,1,False
BIN_6540450,injected,0,0,False
BIN_6540913,wrapper,0,0,False
BIN_6541227,injected,0,0,False
BIN_6541249,wrapper,1,1,False
BIN_6544085,injected,0,0,False
BIN_6544343,wrapper,1,1,False
BIN_6544699,wrapper,0,0,False
BIN_6544920,wrapper,1,1,False
BIN_6546251,wrapper,1,1,False
BIN_6546404,injected,1,1,False
BIN_6546684,wrapper,0,0,False
BIN_6547046,wrapper,0,0,False
BIN_6547106,wrapper,1,1,False
BIN_6549114,wrapper,0,0,False
BIN_6550014,wrapper,0,0,False
BIN_6550082,wrapper,1,1,False
BIN_6550440,injected,0,0,False
BIN_6550649,wrapper,1,1,False
BIN_6550869,injected,0,0,False
BIN_6551748,wrapper,0,0,False
BIN_6552072,wrapper,0,0,False
BIN_6552811,wrapper,1,1,False
BIN_6554251,injected,1,1,False
BIN_6554286,injected,0,0,False
BIN_6554307,wrapper,1,1,False
BIN_6555949,wrapper,1,1,False
BIN_6556230,wrapper,1,1,False
BIN_6557409,injected,0,0,False
BIN_6557487,wrapper,0,0,False
BIN_6558203,wrapper,1,1,False
BIN_6559017,wrapper,0,0,False
BIN_6559424,wrapper,0,0,False
BIN_6560010,injected,0,0,False
BIN_6560082,wrapper,0,0,False
BIN_6560272,injected,1,1,False
BIN_6561269,wrapper,1,1,False
BIN_6562632,wrapper,0,0,False
BIN_6563537,wrapper,0,0,False
BIN_6564856,wrapper,0,0,False
BIN_6564940,injected,0,0,False
BIN_6565426,wrapper,0,0,False
BIN_6565763,injected,1,1,False
BIN_6567247,wrapper,0,0,False
BIN_6567378,injected,1,1,False
BIN_6568118,wrapper,1,1,False
BIN_6568168,wrapper,0,0,False
BIN_6569252,wrapper,1,1,False
BIN_6569778,wrapper,0,0,False
BIN_6571238,wrapper,1,1,False
BIN_6573659,wrapper,0,0,False
BIN_6574261,wrapper,1,1,False
BIN_6574833,wrapper,0,0,False
BIN_6575090,wrapper,0,0,False
BIN_6575461,injected,1,1,False
BIN_6575665,wrapper,0,0,False
BIN_6576381,wrapper,0,0,False
BIN_6577621,wrapper,1,1,False
BIN_6578342,wrapper,1,1,False
BIN_6578744,wrapper,0,0,False
BIN_6579452,injected,0,0,False
BIN_6579667,injected,0,0,False
BIN_6581251,wrapper,1,1,False
BIN_6581803,injected,0,0,False
BIN_6582149,wrapper,1,1,False
BIN_6583615,injected,1,1,False
BIN_6583843,wrapper,1,1,False
BIN_6585293,wrapper,0,0,False
BIN_6586423,wrapper,0,0,False
BIN_6587483,wrapper,0,0,False
BIN_6588285,wrapper,0,0,False
BIN_6588936,wrapper,0,0,False
BIN_6589115,wrapper,1,1,False
BIN_6589499,injected,0,0,False
BIN_6589532,wrapper,0,0,False
BIN_6589829,wrapper,0,0,False
BIN_6590206,injected,1,1,False
BIN_6591787,wrapper,0,0,False
BIN_6591843,wrapper,1,1,False
BIN_6594771,wrapper,1,1,False
BIN_6595132,wrapper,1,1,False
BIN_6595701,wrapper,1,1,False
BIN_6595937,injected,1,1,False
BIN_6596110,wrapper,1,1,False
BIN_6596179,injected,0,0,False
BIN_6596394,wrapper,0,0,False
BIN_6596497,wrapper,0,0,False
BIN_6596909,injected,0,0,False
BIN_6597732,injected,1,1,False
BIN_6597749,wrapper,0,0,False
BIN_6597829,injected,0,0,False
BIN_6599052,wrapper,0,0,False
BIN_6599549,wrapper,1,1,False
BIN_6599715,wrapper,1,1,False
BIN_6600039,injected,1,1,False
BIN_6600089,wrapper,1,1,False
BIN_6600308,wrapper,0,0,False
BIN_6600783,wrapper,1,1,False
BIN_6601579,wrapper,1,1,False
BIN_6601635,wrapper,0,0,False
BIN_6602585,wrapper,1,1,False
BIN_6603166,wrapper,1,1,False
BIN_6603665,wrapper,0,0,False
BIN_6603678,wrapper,0,0,False
BIN_6604096,wrapper,1,1,False
BIN_6604582,wrapper,0,0,False
BIN_6604811,wrapper,1,1,False
BIN_6605011,injected,1,1,False
BIN_6605876,wrapper,0,0,False
BIN_6606783,wrapper,0,0,False
BIN_6606841,wrapper,1,1,False
BIN_6607956,wrapper,0,0,False
BIN_6609289,injected,1,1,False
BIN_6609650,wrapper,0,0,False
BIN_6610944,wrapper,0,0,False
BIN_6611005,injected,0,0,False
BIN_6611249,wrapper,1,1,False
BIN_6611617,wrapper,1,1,False
BIN_6611656,injected,0,0,False
BIN_6612069,wrapper,0,0,False
BIN_6612719,wrapper,1,1,False
BIN_6613191,wrapper,1,1,False
BIN_6613254,injected,0,0,False
BIN_6613581,wrapper,1,1,False
BIN_6614173,wrapper,0,0,False
BIN_6615764,wrapper,0,0,False
BIN_6616036,injected,0,0,False
BIN_6618190,wrapper,1,1,False
BIN_6618495,wrapper,1,1,False
BIN_6618857,injected,0,0,False
BIN_6618905,injected,1,1,False
BIN_6619573,wrapper,0,0,False
BIN_6619595,wrapper,1,1,False
BIN_6620041,wrapper,1,1,False
BIN_6620155,wrapper,1,1,False
BIN_6620229,wrapper,0,0,False
BIN_6620317,injected,1,1,False
BIN_6620920,wrapper,0,0,False
BIN_6621604,wrapper,1,1,False
BIN_6621696,wrapper,0,0,False
BIN_6621920,wrapper,0,0,False
BIN_6624133,injected,0,0,False
BIN_6624636,wrapper,0,0,False
BIN_6624763,injected,1,1,False
BIN_6624993,wrapper,1,1,False
BIN_6625162,wrapper,1,1,False
BIN_6625247,wrapper,1,1,False
BIN_6625370,wrapper,1,1,False
BIN_6625644,injected,0,0,False
BIN_6626214,wrapper,0,0,False
BIN_6626401,injected,0,0,False
BIN_6626995,wrapper,1,1,False
BIN_6627168,wrapper,1,1,False
BIN_6627376,wrapper,0,0,False
BIN_6627506,injected,1,1,False
BIN_6627799,injected,0,0,False
BIN_6628606,injected,0,0,False
BIN_6629898,injected,1,1,False
BIN_6630733,injected,1,1,False
BIN_6630789,wrapper,0,0,False
BIN_6631069,injected,0,0,False
BIN_6631193,wrapper,0,0,False
BIN_6631562,injected,1,1,False
BIN_6632192,wrapper,0,0,False
BIN_6633978,injected,1,1,False
BIN_6634058,wrapper,0,0,False
BIN_6636360,wrapper,0,0,False
BIN_6638599,injected,0,0,False
BIN_6639268,wrapper,0,0,False
BIN_6639308,injected,1,1,False
BIN_6639789,wrapper,0,0,False
BIN_6640363,wrapper,0,0,False
BIN_6640569,injected,1,1,False
BIN_6640741,wrapper,1,1,False
BIN_6641430,wrapper,1,1,False
BIN_6642749,wrapper,1,1,False
BIN_6643172,injected,0,0,False
BIN_6643211,wrapper,1,1,False
BIN_6645271,wrapper,0,0,False
BIN_6645605,injected,0,0,False
BIN_6646330,wrapper,0,0,False
BIN_6646583,wrapper,1,1,False
BIN_6647727,injected,0,0,False
BIN_6648213,wrapper,0,0,False
BIN_6649294,injected,1,1,False
BIN_6649325,injected,0,0,False
BIN_6649823,wrapper,0,0,False
BIN_6650024,wrapper,0,0,False
BIN_6651072,wrapper,0,0,False
BIN_6651076,wrapper,1,1,False
BIN_6651390,wrapper,0,0,False
BIN_6651557,wrapper,0,0,False
BIN_6651946,wrapper,1,1,False
BIN_6652362,wrapper,0,0,False
BIN_6653398,wrapper,1,1,False
BIN_6653810,wrapper,1,1,False
BIN_6654642,wrapper,1,1,False
BIN_6654681,wrapper,0,0,False
BIN_6654817,wrapper,1,1,False
BIN_6655297,wrapper,0,0,False
BIN_6655884,wrapper,0,0,False
BIN_6656331,wrapper,1,1,False
BIN_6657418,injected,1,1,False
BIN_6657861,injected,1,1,False
BIN_6658429,injected,1,1,False
BIN_6658645,wrapper,0,0,False
BIN_6658862,injected,1,1,False
BIN_6659029,wrapper,0,0,False
BIN_6659332,injected,0,0,False
BIN_6660054,injected,1,1,False
BIN_6662253,wrapper,0,0,False
BIN_6663309,injected,1,1,False
BIN_6663588,wrapper,1,1,False
BIN_6664136,wrapper,0,0,False
BIN_6664415,wrapper,0,0,False
BIN_6665762,injected,0,0,False
BIN_6666544,injected,0,0,False
BIN_6667704,wrapper,1,1,False
BIN_6670498,injected,1,1,False
BIN_6670993,injected,1,1,False
BIN_6671269,injected,0,0,False
BIN_6673756,wrapper,1,1,False
BIN_6673990,injected,0,0,False
BIN_6674347,wrapper,0,0,False
BIN_6676170,wrapper,0,0,False
BIN_6676175,injected,0,0,False
BIN_6676335,injected,0,0,False
BIN_6676342,wrapper,1,1,False
BIN_6676797,wrapper,0,0,False
BIN_6676836,wrapper,0,0,False
BIN_6677004,wrapper,1,1,False
BIN_6677240,wrapper,0,0,False
BIN_6677657,injected,1,1,False
BIN_6679320,wrapper,1,1,False
BIN_6679824,wrapper,0,0,False
BIN_6680447,wrapper,0,0,False
BIN_6680992,injected,1,1,False
BIN_6681082,wrapper,0,0,False
BIN_6681114,wrapper,1,1,False
BIN_6681582,wrapper,1,1,False
BIN_6681589,injected,0,0,False
BIN_6681842,wrapper,0,0,False
BIN_6681885,wrapper,1,1,False
BIN_6683360,wrapper,1,1,False
BIN_6683750,wrapper,0,0,False
BIN_6683925,injected,0,0,False
BIN_6683952,injected,0,0,False
BIN_6685799,wrapper,0,0,False
BIN_6686204,injected,0,0,False
BIN_6686379,wrapper,0,0,False
BIN_6687082,wrapper,1,1,False
BIN_6687484,injected,0,0,False
BIN_6687684,wrapper,0,0,False
BIN_6688281,wrapper,0,0,False
BIN_6688373,wrapper,1,1,False
BIN_6689269,wrapper,1,1,False
BIN_6689407,injected,0,0,False
BIN_6692313,wrapper,0,0,False
BIN_6692676,wrapper,1,1,False
BIN_6692888,wrapper,1,1,False
BIN_6693100,wrapper,0,0,False
BIN_6693523,wrapper,1,1,False
BIN_6693634,wrapper,1,1,False
BIN_6694615,injected,0,0,False
BIN_6695098,wrapper,0,0,False
BIN_6695158,wrapper,1,1,False
BIN_6696775,wrapper,0,0,False
BIN_6698341,injected,1,1,False
BIN_6698610,wrapper,1,1,False
BIN_6699348,wrapper,0,0,False
BIN_6699427,injected,1,1,False
BIN_6699823,wrapper,0,0,False
BIN_6700892,wrapper,1,1,False
BIN_6701968,injected,0,0,False
BIN_6702449,wrapper,0,0,False
BIN_6702837,wrapper,1,1,False
BIN_6703050,injected,0,0,False
BIN_6704033,wrapper,1,1,False
BIN_6704096,injected,0,0,False
BIN_6704830,injected,0,0,False
BIN_6704954,injected,1,1,False
BIN_6705107,wrapper,1,1,False
BIN_6705293,wrapper,0,0,False
BIN_6705552,injected,0,0,False
BIN_6705937,wrapper,0,0,False
BIN_6706194,injected,0,0,False
BIN_6706323,wrapper,1,1,False
BIN_6707512,injected,0,0,False
BIN_6708312,injected,1,1,False
BIN_6710116,wrapper,0,0,False
BIN_6710855,wrapper,1,1,False
BIN_6711076,wrapper,1,1,False
BIN_6711088,wrapper,0,0,False
BIN_6711131,injected,0,0,False
BIN_6711418,wrapper,0,0,False
BIN_6711480,wrapper,1,1,False
BIN_6711944,injected,1,1,False
BIN_6712021,wrapper,1,1,False
BIN_6712777,injected,1,1,False
BIN_6712959,wrapper,1,1,False
BIN_6713507,injected,0,0,False
BIN_6713817,injected,1,1,False
BIN_6714298,injected,0,0,False
BIN_6715206,wrapper,0,0,False
BIN_6715502,wrapper,1,1,False
BIN_6715856,wrapper,1,1,False
BIN_6715971,injected,0,0,False
BIN_6716843,injected,1,1,False
BIN_6717991,injected,0,0,False
BIN_6718283,injected,1,1,False
BIN_6718312,wrapper,1,1,False
BIN_6719710,wrapper,1,1,False
BIN_6720054,wrapper,1,1,False
BIN_6720980,wrapper,0,0,False
BIN_6721036,wrapper,0,0,False
BIN_6721082,injected,1,1,False
BIN_6721256,wrapper,0,0,False
BIN_6721539,wrapper,1,1,False
BIN_6722415,wrapper,1,1,False
BIN_6723389,wrapper,1,1,False
BIN_6724805,wrapper,1,1,False
BIN_6725683,wrapper,0,0,False
BIN_6725710,injected,0,0,False
BIN_6728937,wrapper,1,1,False
BIN_6729225,injected,0,0,False
BIN_6729772,injected,0,0,False
BIN_6730396,wrapper,0,0,False
BIN_6730456,wrapper,0,0,False
BIN_6731089,injected,0,0,False
BIN_6732719,wrapper,0,0,False
BIN_6733172,wrapper,1,1,False
BIN_6733871,wrapper,0,0,False
BIN_6733899,wrapper,0,0,False
BIN_6734660,wrapper,1,1,False
BIN_6735165,wrapper,0,0,False
BIN_6735712,wrapper,0,0,False
BIN_6735904,injected,0,0,False
BIN_6737954,injected,0,0,False
BIN_6738062,wrapper,1,1,False
BIN_6739065,wrapper,0,0,False
BIN_6739980,wrapper,0,0,False
BIN_6740029,wrapper,1,1,False
BIN_6740094,wrapper,0,0,False
BIN_6741498,wrapper,0,0,False
BIN_6741563,injected,1,1,False
BIN_6741753,wrapper,0,0,False
BIN_6742449,wrapper,0,0,False
BIN_6743585,injected,0,0,False
BIN_6744261,wrapper,0,0,False
BIN_6744563,wrapper,0,0,False
BIN_6745527,wrapper,0,0,False
BIN_6745796,wrapper,0,0,False
BIN_6746108,wrapper,0,0,False
BIN_6746138,injected,1,1,False
BIN_6746321,injected,0,0,False
BIN_6746358,injected,0,0,False
BIN_6747504,wrapper,1,1,False
BIN_6749291,wrapper,0,0,False
BIN_6750076,injected,1,1,False
BIN_6751190,wrapper,0,0,False
BIN_6751438,wrapper,1,1,False
BIN_6752042,injected,0,0,False
BIN_6752334,injected,1,1,False
BIN_6752994,wrapper,1,1,False
BIN_6753076,wrapper,1,1,False
BIN_6753773,wrapper,0,0,False
BIN_6754455,injected,0,0,False
BIN_6754858,wrapper,1,1,False
BIN_6754952,wrapper,1,1,False
BIN_6755095,wrapper,1,1,False
BIN_6756069,injected,0,0,False
BIN_6756914,wrapper,0,0,False
BIN_6757601,wrapper,1,1,False
BIN_6758115,wrapper,1,1,False
BIN_6758315,injected,1,1,False
BIN_6758744,wrapper,0,0,False
BIN_6759510,wrapper,0,0,False
BIN_6759942,wrapper,0,0,False
BIN_6760437,wrapper,1,1,False
BIN_6761290,injected,1,1,False
BIN_6761314,wrapper,0,0,False
BIN_6762955,injected,0,0,False
BIN_6763106,injected,0,0,False
BIN_6763324,injected,0,0,False
BIN_6763666,wrapper,1,1,False
BIN_6764110,injected,1,1,False
BIN_6764241,injected,0,0,False
BIN_6764320,wrapper,1,1,False
BIN_6764653,injected,0,0,False
BIN_6766457,wrapper,0,0,False
BIN_6766715,injected,1,1,False
BIN_6767707,injected,0,0,False
BIN_6768204,injected,0,0,False
BIN_6768575,wrapper,1,1,False
BIN_6768649,wrapper,1,1,False
BIN_6769067,wrapper,1,1,False
BIN_6769554,wrapper,1,1,False
BIN_6769901,injected,1,1,False
BIN_6770531,injected,1,1,False
BIN_6770632,injected,1,1,False
BIN_6771516,wrapper,0,0,False
BIN_6772292,injected,1,1,False
BIN_6773515,wrapper,0,0,False
BIN_6774678,injected,0,0,False
BIN_6775113,injected,0,0,False
BIN_6776388,injected,1,1,False
BIN_6777517,wrapper,1,1,False
BIN_6777665,injected,0,0,False
BIN_6777843,injected,1,1,False
BIN_6777877,wrapper,1,1,False
BIN_6777917,wrapper,1,1,False
BIN_6778125,injected,0,0,False
BIN_6778236,wrapper,0,0,False
BIN_6778698,wrapper,0,0,False
BIN_6778823,injected,1,1,False
BIN_6778856,wrapper,1,1,False
BIN_6779767,wrapper,1,1,False
BIN_6779999,wrapper,1,1,False
BIN_6780114,wrapper,1,1,False
BIN_6780198,wrapper,0,0,False
BIN_6780850,injected,1,1,False
BIN_6781232,wrapper,1,1,False
BIN_6781912,wrapper,1,1,False
BIN_6783444,wrapper,0,0,False
BIN_6783621,injected,1,1,False
BIN_6784451,wrapper,0,0,False
BIN_6784789,wrapper,0,0,False
BIN_6785570,wrapper,1,1,False
BIN_6787265,wrapper,0,0,False
BIN_6787572,wrapper,1,1,False
BIN_6788335,wrapper,0,0,False
BIN_6788453,wrapper,0,0,False
BIN_6788818,wrapper,0,0,False
BIN_6789671,injected,1,1,False
BIN_6790074,wrapper,1,1,False
BIN_6790923,wrapper,0,0,False
BIN_6791704,wrapper,0,0,False
BIN_6793786,wrapper,0,0,False
BIN_6794019,wrapper,1,1,False
BIN_6794039,wrapper,0,0,False
BIN_6794424,wrapper,0,0,False
BIN_6795875,injected,1,1,False
BIN_6796305,wrapper,1,1,False
BIN_6796308,wrapper,1,1,False
BIN_6796427,injected,1,1,False
BIN_6797005,injected,1,1,False
BIN_6799540,injected,1,1,False
BIN_6800307,wrapper,0,0,False
BIN_6800483,injected,1,1,False
BIN_6801558,wrapper,1,1,False
BIN_6801825,wrapper,0,0,False
BIN_6802973,wrapper,0,0,False
BIN_6803094,wrapper,0,0,False
BIN_6804167,wrapper,0,0,False
BIN_6804615,injected,1,1,False
BIN_6804654,wrapper,1,1,False
BIN_6804689,wrapper,1,1,False
BIN_6804959,wrapper,0,0,False
BIN_6804995,injected,1,1,False
BIN_6805239,wrapper,1,1,False
BIN_6805243,wrapper,0,0,False
BIN_6808180,injected,0,0,False
BIN_6808368,injected,1,1,False
BIN_6808451,wrapper,0,0,False
BIN_6808461,wrapper,1,1,False
BIN_6809214,injected,1,1,False
BIN_6810126,injected,0,0,False
BIN_6811370,injected,1,1,False
BIN_6811450,injected,0,0,False
BIN_6811911,wrapper,1,1,False
BIN_6812294,wrapper,1,1,False
BIN_6812360,wrapper,1,1,False
BIN_6813561,wrapper,1,1,False
BIN_6814521,wrapper,0,0,False
BIN_6815628,wrapper,0,0,False
BIN_6816418,wrapper,0,0,False
BIN_6816778,wrapper,1,1,False
BIN_6817171,wrapper,1,1,False
BIN_6817679,wrapper,0,0,False
BIN_6817742,wrapper,1,1,False
BIN_6818868,wrapper,0,0,False
BIN_6819555,wrapper,0,0,False
BIN_6820702,injected,1,1,False
BIN_6821657,wrapper,1,1,False
BIN_6821917,wrapper,0,0,False
BIN_6822378,wrapper,1,1,False
BIN_6822879,injected,0,0,False
BIN_6823145,injected,0,0,False
BIN_6824609,injected,1,1,False
BIN_6824985,wrapper,1,1,False
BIN_6825448,wrapper,0,0,False
BIN_6825750,injected,0,0,False
BIN_6826871,injected,0,0,False
BIN_6827247,wrapper,0,0,False
BIN_6828799,injected,1,1,False
BIN_6828866,wrapper,0,0,False
BIN_6829009,injected,0,0,False
BIN_6829044,wrapper,0,0,False
BIN_6830101,wrapper,1,1,False
BIN_6831104,wrapper,1,1,False
BIN_6831286,wrapper,0,0,False
BIN_6832707,injected,0,0,False
BIN_6833069,wrapper,1,1,False
BIN_6833594,wrapper,0,0,False
BIN_6834339,wrapper,0,0,False
BIN_6834702,injected,1,1,False
BIN_6834809,injected,0,0,False
BIN_6834995,injected,0,0,False
BIN_6835081,wrapper,1,1,False
BIN_6835500,injected,0,0,False
BIN_6835597,injected,1,1,False
BIN_6835879,wrapper,1,1,False
BIN_6836703,injected,1,1,False
BIN_6836715,wrapper,0,0,False
BIN_6837022,wrapper,0,0,False
BIN_6837593,wrapper,0,0,False
BIN_6837665,wrapper,1,1,False
BIN_6837791,wrapper,1,1,False
BIN_6839182,injected,0,0,False
BIN_6839786,wrapper,0,0,False
BIN_6841509,injected,0,0,False
BIN_6841615,wrapper,1,1,False
BIN_6842494,wrapper,0,0,False
BIN_6842508,wrapper,0,0,False
BIN_6843392,wrapper,0,0,False
BIN_6844147,wrapper,1,1,False
BIN_6845123,injected,1,1,False
BIN_6845489,wrapper,0,0,False
BIN_6846867,wrapper,1,1,False
BIN_6847156,injected,0,0,False
BIN_6847246,wrapper,0,0,False
BIN_6848373,wrapper,0,0,False
BIN_6848705,injected,0,0,False
BIN_6849325,injected,1,1,False
BIN_6850365,wrapper,0,0,False
BIN_6850747,wrapper,1,1,False
BIN_6850765,wrapper,0,0,False
BIN_6851447,injected,1,1,False
BIN_6852504,injected,0,0,False
BIN_6853084,wrapper,1,1,False
BIN_6853584,injected,0,0,False
BIN_6855003,wrapper,1,1,False
BIN_6855117,wrapper,1,1,False
BIN_6856705,wrapper,0,0,False
BIN_6857075,wrapper,1,1,False
BIN_6858818,wrapper,1,1,False
BIN_6859429,wrapper,1,1,False
BIN_6860083,wrapper,1,1,False
BIN_6860295,injected,1,1,False
BIN_6860708,wrapper,0,0,False
BIN_6860933,wrapper,0,0,False
BIN_6861544,wrapper,1,1,False
BIN_6861585,injected,1,1,False
BIN_6862467,wrapper,1,1,False
BIN_6862793,wrapper,1,1,False
BIN_6862796,wrapper,1,1,False
BIN_6863035,injected,1,1,False
BIN_6863266,wrapper,0,0,False
BIN_6864039,injected,0,0,False
BIN_6865310,wrapper,0,0,False
BIN_6865933,wrapper,0,0,False
BIN_6867102,injected,1,1,False
BIN_6869311,wrapper,1,1,False
BIN_6869529,wrapper,0,0,False
BIN_6870204,injected,1,1,False
BIN_6870286,wrapper,1,1,False
BIN_6870493,wrapper,0,0,False
BIN_6870623,injected,0,0,False
BIN_6871104,injected,1,1,False
BIN_6871190,wrapper,0,0,False
BIN_6872621,injected,0,0,False
BIN_6872681,injected,1,1,False
BIN_6873190,wrapper,0,0,False
BIN_6873428,wrapper,1,1,False
BIN_6874081,wrapper,0,0,False
BIN_6875207,wrapper,0,0,False
BIN_6875926,wrapper,0,0,False
BIN_6876863,injected,0,0,False
BIN_6877406,injected,0,0,False
BIN_6879233,wrapper,1,1,False
BIN_6882019,wrapper,0,0,False
BIN_6883394,injected,0,0,False
BIN_6883425,injected,0,0,False
BIN_6885064,wrapper,1,1,False
BIN_6885199,wrapper,1,1,False
BIN_6885487,wrapper,1,1,False
BIN_6885890,injected,0,0,False
BIN_6886460,injected,0,0,False
BIN_6886467,injected,0,0,False
BIN_6886513,wrapper,0,0,False
BIN_6886650,injected,1,1,False
BIN_6887624,wrapper,0,0,False
BIN_6888570,wrapper,1,1,False
BIN_6888948,wrapper,0,0,False
BIN_6888979,injected,0,0,False
BIN_6889299,wrapper,1,1,False
BIN_6890518,injected,1,1,False
BIN_6890698,injected,1,1,False
BIN_6893052,injected,1,1,False
BIN_6895044,injected,0,0,False
BIN_6895332,injected,1,1,False
BIN_6896201,wrapper,0,0,False
BIN_6897083,wrapper,0,0,False
BIN_6897356,wrapper,0,0,False
BIN_6897893,wrapper,0,0,False
BIN_6898175,wrapper,0,0,False
BIN_6898709,injected,0,0,False
BIN_6899034,wrapper,1,1,False
BIN_6900203,wrapper,0,0,False
BIN_6901635,injected,1,1,False
BIN_6902505,wrapper,1,1,False
BIN_6902713,wrapper,1,1,False
BIN_6903316,wrapper,0,0,False
BIN_6904099,wrapper,1,1,False
BIN_6904589,wrapper,0,0,False
BIN_6904919,wrapper,0,0,False
BIN_6906132,injected,0,0,False
BIN_6906805,injected,1,1,False
BIN_6907920,wrapper,1,1,False
BIN_6908065,injected,1,1,False
BIN_6908066,wrapper,0,0,False
BIN_6908345,injected,1,1,False
BIN_6909118,wrapper,1,1,False
BIN_6909191,injected,1,1,False
BIN_6910077,injected,1,1,False
BIN_6911395,wrapper,1,1,False
BIN_6911707,wrapper,0,0,False
BIN_6911717,injected,1,1,False
BIN_6912486,wrapper,0,0,False
BIN_6914715,wrapper,1,1,False
BIN_6915217,wrapper,0,0,False
BIN_6916790,wrapper,0,0,False
BIN_6917015,wrapper,0,0,False
BIN_6917438,wrapper,0,0,False
BIN_6917611,injected,1,1,False
BIN_6917649,wrapper,1,1,False
BIN_6919144,wrapper,1,1,False
BIN_6919996,injected,1,1,False
BIN_6921629,injected,1,1,False
BIN_6922862,wrapper,0,0,False
BIN_6923095,wrapper,0,0,False
BIN_6923532,wrapper,0,0,False
BIN_6923796,injected,0,0,False
BIN_6925345,injected,0,0,False
BIN_6925400,injected,1,1,False
BIN_6926079,injected,0,0,False
BIN_6926147,injected,1,1,False
BIN_6926388,injected,1,1,False
BIN_6927046,wrapper,1,1,False
BIN_6928125,wrapper,1,1,False
BIN_6928157,wrapper,1,1,False
BIN_6928715,injected,1,1,False
BIN_6929107,wrapper,1,1,False
BIN_6929421,wrapper,0,0,False
BIN_6929487,wrapper,0,0,False
BIN_6930036,injected,1,1,False
BIN_6930417,injected,1,1,False
BIN_6930980,injected,0,0,False
BIN_6931386,wrapper,1,1,False
BIN_6932713,injected,1,1,False
BIN_6933531,wrapper,0,0,False
BIN_6933622,wrapper,0,0,False
BIN_6933685,injected,1,1,False
BIN_6933777,wrapper,1,1,False
BIN_6934773,wrapper,0,0,False
BIN_6934881,wrapper,1,1,False
BIN_6935135,wrapper,1,1,False
BIN_6935187,injected,0,0,False
BIN_6937071,wrapper,0,0,False
BIN_6937509,injected,1,1,False
BIN_6937740,injected,0,0,False
BIN_6938723,wrapper,1,1,False
BIN_6940473,wrapper,0,0,False
BIN_6942017,wrapper,0,0,False
BIN_6942215,wrapper,1,1,False
BIN_6942267,injected,0,0,False
BIN_6942946,injected,1,1,False
BIN_6943156,injected,0,0,False
BIN_6943210,wrapper,1,1,False
BIN_6943371,wrapper,1,1,False
BIN_6943437,wrapper,0,0,False
BIN_6943629,wrapper,1,1,False
BIN_6944296,wrapper,0,0,False
BIN_6944462,injected,1,1,False
BIN_6944529,injected,1,1,False
BIN_6945618,injected,1,1,False
BIN_6945990,wrapper,1,1,False
BIN_6946721,wrapper,1,1,False
BIN_6947004,injected,0,0,False
BIN_6948125,injected,1,1,False
BIN_6948375,wrapper,1,1,False
BIN_6950148,wrapper,1,1,False
BIN_6950478,injected,0,0,False
BIN_6950892,injected,0,0,False
BIN_6952493,injected,0,0,False
BIN_6952637,wrapper,1,1,False
BIN_6953427,wrapper,0,0,False
BIN_6953520,wrapper,0,0,False
BIN_6953562,wrapper,0,0,False
BIN_6953885,injected,0,0,False
BIN_6956737,injected,1,1,False
BIN_6956873,wrapper,1,1,False
BIN_6958720,wrapper,0,0,False
BIN_6958799,wrapper,1,1,False
BIN_6958958,injected,0,0,False
BIN_6959475,wrapper,0,0,False
BIN_6959929,wrapper,1,1,False
BIN_6960137,wrapper,0,0,False
BIN_6962578,wrapper,0,0,False
BIN_6962793,injected,0,0,False
BIN_6963122,wrapper,1,1,False
BIN_6963344,injected,0,0,False
BIN_6963426,injected,1,1,False
BIN_6963461,injected,1,1,False
BIN_6964468,wrapper,1,1,False
BIN_6965267,wrapper,1,1,False
BIN_6967649,wrapper,0,0,False
BIN_6967801,wrapper,1,1,False
BIN_6969150,wrapper,1,1,False
BIN_6969821,wrapper,0,0,False
BIN_6970079,wrapper,1,1,False
BIN_6970647,injected,0,0,False
BIN_6970659,injected,1,1,False
BIN_6971562,wrapper,1,1,False
BIN_6972286,injected,1,1,False
BIN_6973068,wrapper,1,1,False
BIN_6973381,injected,1,1,False
BIN_6976463,injected,1,1,False
BIN_6976726,injected,0,0,False
BIN_6981959,wrapper,1,1,False
BIN_6981992,injected,0,0,False
BIN_6982319,wrapper,0,0,False
BIN_6982624,injected,0,0,False
BIN_6983122,wrapper,1,1,False
BIN_6983427,wrapper,1,1,False
BIN_6984612,injected,0,0,False
BIN_6984696,wrapper,1,1,False
BIN_6984783,injected,0,0,False
BIN_6985188,injected,1,1,False
BIN_6987314,wrapper,0,0,False
BIN_6989768,wrapper,0,0,False
BIN_6990330,injected,0,0,False
BIN_6990708,wrapper,0,0,False
BIN_6991440,wrapper,0,0,False
BIN_6992544,wrapper,0,0,False
BIN_6995097,injected,0,0,False
BIN_6995348,wrapper,0,0,False
BIN_6995684,injected,0,0,False
BIN_6996308,injected,0,0,False
BIN_6996850,injected,0,0,False
BIN_6997943,wrapper,1,1,False
BIN_6998022,injected,0,0,False
BIN_6998064,injected,1,1,False
BIN_6999592,wrapper,0,0,False
BIN_7000518,injected,0,0,False
BIN_7001328,wrapper,0,0,False
BIN_7002248,wrapper,1,1,False
BIN_7003403,wrapper,1,1,False
BIN_7003643,injected,1,1,False
BIN_7004737,injected,0,0,False
BIN_7005423,wrapper,1,1,False
BIN_7006819,injected,0,0,False
BIN_7006916,wrapper,0,0,False
BIN_7006995,injected,1,1,False
BIN_7007558,injected,1,1,False
BIN_7007805,wrapper,1,1,False
BIN_7008505,wrapper,1,1,False
BIN_7009230,wrapper,1,1,False
BIN_7009535,wrapper,0,0,False
BIN_7010039,injected,0,0,False
BIN_7011225,injected,1,1,False
BIN_7011554,wrapper,0,0,False
BIN_7012040,wrapper,1,1,False
BIN_7014143,wrapper,0,0,False
BIN_7014741,injected,0,0,False
BIN_7015526,wrapper,1,1,False
BIN_7015860,wrapper,0,0,False
BIN_7016082,wrapper,0,0,False
BIN_7018136,injected,1,1,False
BIN_7018381,wrapper,0,0,False
BIN_7018445,wrapper,0,0,False
BIN_7019225,wrapper,1,1,False
BIN_7019333,wrapper,0,0,False
BIN_7020295,injected,1,1,False
BIN_7020696,wrapper,0,0,False
BIN_7020740,injected,1,1,False
BIN_7021467,wrapper,0,0,False
BIN_7021603,injected,1,1,False
BIN_7022193,injected,1,1,False
BIN_7022263,wrapper,0,0,False
BIN_7022593,injected,0,0,False
BIN_7022857,wrapper,1,1,False
BIN_7023287,wrapper,0,0,False
BIN_7023430,wrapper,1,1,False
BIN_7023565,wrapper,1,1,False
BIN_7024566,injected,1,1,False
BIN_7024683,wrapper,1,1,False
BIN_7027067,wrapper,1,1,False
BIN_7027261,injected,1,1,False
BIN_7027635,wrapper,1,1,False
BIN_7029258,wrapper,0,0,False
BIN_7029482,injected,0,0,False
BIN_7029571,wrapper,0,0,False
BIN_7030813,injected,0,0,False
BIN_7032046,wrapper,1,1,False
BIN_7032758,wrapper,0,0,False
BIN_7033729,wrapper,0,0,False
BIN_7034349,injected,1,1,False
BIN_7034552,wrapper,0,0,False
BIN_7034560,wrapper,1,1,False
BIN_7034915,injected,1,1,False
BIN_7036157,wrapper,1,1,False
BIN_7036524,wrapper,0,0,False
BIN_7036529,wrapper,1,1,False
BIN_7036604,injected,1,1,False
BIN_7037181,injected,1,1,False
BIN_7038426,wrapper,0,0,False
BIN_7039550,wrapper,1,1,False
BIN_7039552,wrapper,1,1,False
BIN_7040298,wrapper,0,0,False
BIN_7040811,injected,0,0,False
BIN_7040837,wrapper,0,0,False
BIN_7042123,injected,1,1,False
BIN_7044001,injected,1,1,False
BIN_7044316,wrapper,1,1,False
BIN_7044638,wrapper,0,0,False
BIN_7044920,injected,1,1,False
BIN_7045129,injected,1,1,False
BIN_7045628,injected,0,0,False
BIN_7045909,wrapper,0,0,False
BIN_7046495,wrapper,0,0,False
BIN_7047068,wrapper,0,0,False
BIN_7047168,wrapper,0,0,False
BIN_7048088,wrapper,0,0,False
BIN_7048156,injected,1,1,False
BIN_7049691,wrapper,0,0,False
BIN_7050771,injected,1,1,False
BIN_7051121,wrapper,1,1,False
BIN_7051303,wrapper,0,0,False
BIN_7051726,wrapper,1,1,False
BIN_7053113,injected,1,1,False
BIN_7053922,wrapper,1,1,False
BIN_7054057,injected,0,0,False
BIN_7054271,wrapper,1,1,False
BIN_7055359,injected,1,1,False
BIN_7055724,injected,0,0,False
BIN_7055966,wrapper,0,0,False
BIN_7056522,wrapper,0,0,False
BIN_7056931,wrapper,0,0,False
BIN_7058722,injected,0,0,False
BIN_7059091,injected,0,0,False
BIN_7059776,wrapper,0,0,False
BIN_7060189,wrapper,0,0,False
BIN_7060236,injected,1,1,False
BIN_7060454,wrapper,1,1,False
BIN_7061027,wrapper,0,0,False
BIN_7061821,wrapper,0,0,False
BIN_7062242,wrapper,0,0,False
BIN_7062632,injected,0,0,False
BIN_7062648,injected,0,0,False
BIN_7063090,wrapper,0,0,False
BIN_7063669,wrapper,0,0,False
BIN_7064106,wrapper,0,0,False
BIN_7064294,wrapper,1,1,False
BIN_7064437,wrapper,1,1,False
BIN_7064659,wrapper,1,1,False
BIN_7064997,wrapper,1,1,False
BIN_7065050,wrapper,0,0,False
BIN_7066637,wrapper,0,0,False
BIN_7067094,wrapper,1,1,False
BIN_7067337,wrapper,0,0,False
BIN_7068365,wrapper,0,0,False
BIN_7069657,wrapper,0,0,False
BIN_7069667,wrapper,0,0,False
BIN_7071511,wrapper,1,1,False
BIN_7071512,wrapper,0,0,False
BIN_7072972,wrapper,1,1,False
BIN_7073016,injected,1,1,False
BIN_7074444,wrapper,0,0,False
BIN_7074564,wrapper,1,1,False
BIN_7075069,wrapper,0,0,False
BIN_7076419,wrapper,1,1,False
BIN_7076854,wrapper,0,0,False
BIN_7077810,wrapper,1,1,False
BIN_7077994,wrapper,1,1,False
BIN_7079111,wrapper,1,1,False
BIN_7079583,injected,1,1,False
BIN_7079678,wrapper,0,0,False
BIN_7080338,injected,0,0,False
BIN_7080377,injected,1,1,False
BIN_7080798,injected,0,0,False
BIN_7081247,injected,0,0,False
BIN_7081584,wrapper,0,0,False
BIN_7082477,wrapper,0,0,False
BIN_7083178,wrapper,0,0,False
BIN_7083324,injected,1,1,False
BIN_7083385,injected,0,0,False
BIN_7083674,wrapper,1,1,False
BIN_7086878,injected,0,0,False
BIN_7087540,wrapper,1,1,False
BIN_7087817,wrapper,1,1,False
BIN_7088290,wrapper,1,1,False
BIN_7089326,wrapper,0,0,False
BIN_7089448,wrapper,1,1,False
BIN_7090006,wrapper,0,0,False
BIN_7090632,injected,1,1,False
BIN_7090894,injected,1,1,False
BIN_7091648,wrapper,0,0,False
BIN_7091650,wrapper,0,0,False
BIN_7092265,injected,0,0,False
BIN_7093575,injected,0,0,False
BIN_7094130,wrapper,0,0,False
BIN_7094198,injected,0,0,False
BIN_7094791,injected,0,0,False
BIN_7095189,injected,1,1,False
BIN_7097018,injected,1,1,False
BIN_7097178,injected,1,1,False
BIN_7098225,wrapper,0,0,False
BIN_7098697,injected,0,0,False
BIN_7099022,injected,0,0,False
BIN_7099369,wrapper,1,1,False
BIN_7099506,wrapper,0,0,False
BIN_7099667,wrapper,0,0,False
BIN_7099939,injected,0,0,False
BIN_7100777,injected,1,1,False
BIN_7101292,wrapper,0,0,False
BIN_7101710,injected,1,1,False
BIN_7101760,wrapper,1,1,False
BIN_7103817,wrapper,0,0,False
BIN_7104322,wrapper,1,1,False
BIN_7105855,injected,0,0,False
BIN_7107359,wrapper,0,0,False
BIN_7108172,injected,1,1,False
BIN_7108554,wrapper,1,1,False
BIN_7108747,injected,1,1,False
BIN_7108812,wrapper,1,1,False
BIN_7108890,wrapper,1,1,False
BIN_7108898,wrapper,1,1,False
BIN_7108962,wrapper,1,1,False
BIN_7109954,wrapper,1,1,False
BIN_7110075,wrapper,1,1,False
BIN_7110473,wrapper,0,0,False
BIN_7111479,wrapper,1,1,False
BIN_7112323,wrapper,1,1,False
BIN_7113206,wrapper,1,1,False
BIN_7113366,injected,1,1,False
BIN_7113391,injected,0,0,False
BIN_7113494,wrapper,1,1,False
BIN_7113802,injected,1,1,False
BIN_7113829,injected,0,0,False
BIN_7113882,wrapper,1,1,False
BIN_7114378,injected,1,1,False
BIN_7114482,wrapper,0,0,False
BIN_7115026,wrapper,0,0,False
BIN_7115172,injected,1,1,False
BIN_7115242,wrapper,1,1,False
BIN_7116285,injected,1,1,False
BIN_7116308,wrapper,0,0,False
BIN_7116793,wrapper,1,1,False
BIN_7116831,wrapper,0,0,False
BIN_7117094,wrapper,1,1,False
BIN_7117857,wrapper,0,0,False
BIN_7118407,injected,0,0,False
BIN_7119007,wrapper,0,0,False
BIN_7119029,wrapper,0,0,False
BIN_7119732,injected,0,0,False
BIN_7120561,wrapper,1,1,False
BIN_7121500,wrapper,0,0,False
BIN_7121872,wrapper,0,0,False
BIN_7122780,injected,0,0,False
BIN_7124393,wrapper,0,0,False
BIN_7125322,wrapper,1,1,False
BIN_7125988,wrapper,0,0,False
BIN_7126306,wrapper,0,0,False
BIN_7126769,injected,0,0,False
BIN_7128034,injected,1,1,False
BIN_7128518,wrapper,0,0,False
BIN_7128613,wrapper,1,1,False
BIN_7129815,injected,0,0,False
BIN_7130295,wrapper,1,1,False
BIN_7130424,wrapper,0,0,False
BIN_7130442,wrapper,1,1,False
BIN_7130757,wrapper,1,1,False
BIN_7132596,injected,0,0,False
BIN_7132810,wrapper,0,0,False
BIN_7133703,injected,1,1,False
BIN_7134870,wrapper,0,0,False
BIN_7134922,injected,0,0,False
BIN_7134943,wrapper,0,0,False
BIN_7135382,injected,0,0,False
BIN_7136646,wrapper,0,0,False
BIN_7136961,wrapper,1,1,False
BIN_7137091,injected,0,0,False
BIN_7137216,wrapper,0,0,False
BIN_7137236,wrapper,1,1,False
BIN_7138046,wrapper,1,1,False
BIN_7138154,wrapper,1,1,False
BIN_7138439,injected,0,0,False
BIN_7138530,wrapper,0,0,False
BIN_7139051,wrapper,1,1,False
BIN_7139071,injected,0,0,False
BIN_7139753,wrapper,0,0,False
BIN_7139801,wrapper,0,0,False
BIN_7141888,wrapper,1,1,False
BIN_7141921,wrapper,0,0,False
BIN_7142090,injected,1,1,False
BIN_7142481,wrapper,0,0,False
BIN_7143034,injected,1,1,False
BIN_7144122,injected,0,0,False
BIN_7144927,wrapper,0,0,False
BIN_7145073,wrapper,0,0,False
BIN_7145107,wrapper,1,1,False
BIN_7145241,wrapper,1,1,False
BIN_7146173,wrapper,1,1,False
BIN_7146239,wrapper,0,0,False
BIN_7146521,wrapper,0,0,False
BIN_7146609,injected,0,0,False
BIN_7147150,wrapper,1,1,False
BIN_7147543,injected,1,1,False
BIN_7147667,wrapper,0,0,False
BIN_7147758,wrapper,1,1,False
BIN_7148048,wrapper,1,1,False
BIN_7148083,wrapper,1,1,False
BIN_7148113,wrapper,1,1,False
BIN_7148236,wrapper,0,0,False
BIN_7148649,wrapper,1,1,False
BIN_7149190,wrapper,1,1,False
BIN_7149693,wrapper,1,1,False
BIN_7150247,injected,1,1,False
BIN_7150619,wrapper,1,1,False
BIN_7150692,injected,0,0,False
BIN_7150904,wrapper,1,1,False
BIN_7151810,injected,0,0,False
BIN_7152131,injected,0,0,False
BIN_7152231,wrapper,0,0,False
BIN_7152887,injected,1,1,False
BIN_7153594,injected,1,1,False
BIN_7154626,wrapper,0,0,False
BIN_7155236,injected,0,0,False
BIN_7156280,injected,1,1,False
BIN_7157092,wrapper,1,1,False
BIN_7157368,wrapper,0,0,False
BIN_7157428,injected,0,0,False
BIN_7157843,injected,1,1,False
BIN_7158274,injected,0,0,False
BIN_7159188,injected,0,0,False
BIN_7159952,wrapper,1,1,False
BIN_7160381,wrapper,1,1,False
BIN_7160731,injected,0,0,False
BIN_7162302,injected,0,0,False
BIN_7163236,injected,1,1,False
BIN_7163417,wrapper,0,0,False
BIN_7164388,injected,0,0,False
BIN_7164466,wrapper,1,1,False
BIN_7164955,wrapper,0,0,False
BIN_7165589,wrapper,0,0,False
BIN_7166488,injected,0,0,False
BIN_7167034,wrapper,0,0,False
BIN_7168091,injected,1,1,False
BIN_7168602,injected,1,1,False
BIN_7169707,wrapper,0,0,False
BIN_7170518,injected,0,0,False
BIN_7171806,injected,1,1,False
BIN_7171825,wrapper,1,1,False
BIN_7172352,wrapper,0,0,False
BIN_7173611,wrapper,0,0,False
BIN_7173972,wrapper,1,1,False
BIN_7174423,injected,1,1,False
BIN_7174446,wrapper,1,1,False
BIN_7174683,injected,0,0,False
BIN_7174944,injected,1,1,False
BIN_7174955,wrapper,0,0,False
BIN_7175002,injected,0,0,False
BIN_7175721,wrapper,0,0,False
BIN_7176193,injected,1,1,False
BIN_7176554,injected,0,0,False
BIN_7176832,wrapper,0,0,False
BIN_7176904,wrapper,0,0,False
BIN_7177216,wrapper,1,1,False
BIN_7177992,wrapper,1,1,False
BIN_7178194,wrapper,1,1,False
BIN_7178656,injected,0,0,False
BIN_7178810,wrapper,1,1,False
BIN_7180320,injected,1,1,False
BIN_7181238,injected,0,0,False
BIN_7181353,wrapper,1,1,False
BIN_7182275,wrapper,0,0,False
BIN_7182638,wrapper,0,0,False
BIN_7182664,wrapper,0,0,False
BIN_7182690,injected,1,1,False
BIN_7183359,wrapper,0,0,False
BIN_7183419,wrapper,1,1,False
BIN_7183847,wrapper,0,0,False
BIN_7183965,wrapper,0,0,False
BIN_7184022,wrapper,1,1,False
BIN_7185190,wrapper,1,1,False
BIN_7186652,wrapper,0,0,False
BIN_7187321,wrapper,1,1,False
BIN_7187719,injected,1,1,False
BIN_7188181,wrapper,0,0,False
BIN_7188547,wrapper,1,1,False
BIN_7188656,wrapper,1,1,False
BIN_7188829,wrapper,1,1,False
BIN_7189840,injected,0,0,False
BIN_7190407,injected,1,1,False
BIN_7190579,injected,1,1,False
BIN_7192782,injected,0,0,False
BIN_7193253,wrapper,1,1,False
BIN_7193658,wrapper,1,1,False
BIN_7195378,wrapper,1,1,False
BIN_7195859,wrapper,1,1,False
BIN_7196074,wrapper,0,0,False
BIN_7196175,wrapper,0,0,False
BIN_7196408,wrapper,1,1,False
BIN_7196466,wrapper,1,1,False
BIN_7196998,wrapper,0,0,False
BIN_7197364,injected,0,0,False
BIN_7198585,wrapper,1,1,False
BIN_7198756,injected,0,0,False
BIN_7198866,wrapper,0,0,False
BIN_7198921,injected,0,0,False
BIN_7199555,wrapper,0,0,False
BIN_7199765,wrapper,1,1,False
BIN_7199979,wrapper,0,0,False
BIN_7200581,wrapper,0,0,False
BIN_7201454,wrapper,1,1,False
BIN_7201532,injected,1,1,False
BIN_7202198,wrapper,0,0,False
BIN_7202307,wrapper,0,0,False
BIN_7203003,wrapper,0,0,False
BIN_7203147,wrapper,0,0,False
BIN_7203594,wrapper,0,0,False
BIN_7203827,wrapper,0,0,False
BIN_7204247,wrapper,1,1,False
BIN_7205022,wrapper,0,0,False
BIN_7205841,wrapper,1,1,False
BIN_7206144,wrapper,1,1,False
BIN_7207562,wrapper,1,1,False
BIN_7208228,wrapper,0,0,False
BIN_7208479,wrapper,0,0,False
BIN_7209144,wrapper,0,0,False
BIN_7209398,injected,0,0,False
BIN_7210388,injected,1,1,False
BIN_7211258,wrapper,0,0,False
BIN_7211289,wrapper,0,0,False
BIN_7212604,injected,0,0,False
BIN_7212689,wrapper,1,1,False
BIN_7212897,wrapper,0,0,False
BIN_7213401,wrapper,1,1,False
BIN_7214948,injected,1,1,False
BIN_7215237,injected,1,1,False
BIN_7215263,wrapper,1,1,False
BIN_7215507,wrapper,1,1,False
BIN_7216105,wrapper,0,0,False
BIN_7216559,wrapper,1,1,False
BIN_7216864,wrapper,1,1,False
BIN_7217466,wrapper,0,0,False
BIN_7217561,injected,1,1,False
BIN_7221244,wrapper,0,0,False
BIN_7221900,wrapper,0,0,False
BIN_7222411,injected,1,1,False
BIN_7222786,wrapper,0,0,False
BIN_7222939,wrapper,0,0,False
BIN_7223408,wrapper,1,1,False
BIN_7223696,injected,0,0,False
BIN_7224310,injected,0,0,False
BIN_7226135,injected,0,0,False
BIN_7227632,wrapper,0,0,False
BIN_7227717,wrapper,0,0,False
BIN_7228173,wrapper,0,0,False
BIN_7228189,wrapper,0,0,False
BIN_7228995,wrapper,1,1,False
BIN_7229141,injected,1,1,False
BIN_7229693,wrapper,1,1,False
BIN_7230362,injected,1,1,False
BIN_7230659,injected,0,0,False
BIN_7231355,injected,1,1,False
BIN_7232378,wrapper,1,1,False
BIN_7232389,wrapper,1,1,False
BIN_7232693,wrapper,0,0,False
BIN_7232746,wrapper,1,1,False
BIN_7233009,wrapper,0,0,False
BIN_7233166,injected,1,1,False
BIN_7233509,injected,1,1,False
BIN_7233551,injected,1,1,False
BIN_7233649,injected,1,1,False
BIN_7234032,wrapper,0,0,False
BIN_7234360,wrapper,0,0,False
BIN_7234882,wrapper,0,0,False
BIN_7236255,wrapper,0,0,False
BIN_7236310,wrapper,0,0,False
BIN_7236419,injected,0,0,False
BIN_7236609,wrapper,1,1,False
BIN_7236854,injected,0,0,False
BIN_7237049,wrapper,0,0,False
BIN_7237534,wrapper,1,1,False
BIN_7237606,injected,0,0,False
BIN_7238225,wrapper,0,0,False
BIN_7240564,injected,0,0,False
BIN_7241076,injected,1,1,False
BIN_7241922,wrapper,0,0,False
BIN_7243490,injected,0,0,False
BIN_7243644,wrapper,1,1,False
BIN_7244295,wrapper,1,1,False
BIN_7244368,injected,1,1,False
BIN_7244495,wrapper,1,1,False
BIN_7244728,injected,0,0,False
BIN_7245019,injected,1,1,False
BIN_7245415,injected,1,1,False
BIN_7248806,injected,0,0,False
BIN_7250317,wrapper,0,0,False
BIN_7253571,wrapper,0,0,False
BIN_7254471,wrapper,0,0,False
BIN_7254608,wrapper,1,1,False
BIN_7256220,wrapper,0,0,False
BIN_7256951,wrapper,0,0,False
BIN_7257113,wrapper,1,1,False
BIN_7257151,wrapper,0,0,False
BIN_7257674,wrapper,1,1,False
BIN_7258823,wrapper,1,1,False
BIN_7259003,injected,0,0,False
BIN_7260944,injected,1,1,False
BIN_7261142,injected,1,1,False
BIN_7261175,wrapper,1,1,False
BIN_7261400,injected,0,0,False
BIN_7261836,injected,0,0,False
BIN_7261928,wrapper,1,1,False
BIN_7262396,wrapper,1,1,False
BIN_7262410,wrapper,0,0,False
BIN_7262984,wrapper,0,0,False
BIN_7263031,wrapper,0,0,False
BIN_7265178,wrapper,0,0,False
BIN_7266333,injected,1,1,False
BIN_7267282,wrapper,0,0,False
BIN_7267736,wrapper,0,0,False
BIN_7269214,wrapper,0,0,False
BIN_7269222,injected,0,0,False
BIN_7269449,injected,0,0,False
BIN_7271230,wrapper,1,1,False
BIN_7273857,wrapper,0,0,False
BIN_7274319,injected,1,1,False
BIN_7274844,wrapper,0,0,False
BIN_7274932,injected,0,0,False
BIN_7274938,injected,1,1,False
BIN_7274986,wrapper,1,1,False
BIN_7275562,wrapper,1,1,False
BIN_7275649,wrapper,0,0,False
BIN_7276632,injected,1,1,False
BIN_7278058,wrapper,0,0,False
BIN_7279154,wrapper,0,0,False
BIN_7280429,wrapper,0,0,False
BIN_7281709,wrapper,1,1,False
BIN_7282457,wrapper,0,0,False
BIN_7282656,injected,0,0,False
BIN_7282737,wrapper,1,1,False
BIN_7283013,wrapper,0,0,False
BIN_7283871,wrapper,0,0,False
BIN_7283978,wrapper,0,0,False
BIN_7284142,injected,1,1,False
BIN_7286641,wrapper,0,0,False
BIN_7286941,wrapper,0,0,False
BIN_7287053,wrapper,0,0,False
BIN_7287718,wrapper,0,0,False
BIN_7288320,wrapper,0,0,False
BIN_7288332,injected,0,0,False
BIN_7288415,wrapper,1,1,False
BIN_7289533,wrapper,0,0,False
BIN_7289573,injected,1,1,False
BIN_7290440,injected,0,0,False
BIN_7290808,injected,0,0,False
BIN_7291430,wrapper,0,0,False
BIN_7291882,injected,0,0,False
BIN_7291962,wrapper,0,0,False
BIN_7292715,wrapper,0,0,False
BIN_7293097,injected,1,1,False
BIN_7293448,wrapper,1,1,False
BIN_7294516,wrapper,1,1,False
BIN_7295569,wrapper,1,1,False
BIN_7296119,wrapper,0,0,False
BIN_7296713,wrapper,0,0,False
BIN_7297446,wrapper,1,1,False
BIN_7299762,wrapper,1,1,False
BIN_7300555,injected,1,1,False
BIN_7301114,wrapper,0,0,False
BIN_7301354,injected,0,0,False
BIN_7302689,wrapper,1,1,False
BIN_7303087,injected,0,0,False
BIN_7303167,injected,0,0,False
BIN_7303210,wrapper,0,0,False
BIN_7304068,wrapper,0,0,False
BIN_7305674,injected,0,0,False
BIN_7306683,injected,0,0,False
BIN_7307966,injected,1,1,False
BIN_7309363,injected,0,0,False
BIN_7310709,wrapper,0,0,False
BIN_7310809,wrapper,0,0,False
BIN_7311047,wrapper,1,1,False
BIN_7312111,wrapper,0,0,False
BIN_7312786,injected,1,1,False
BIN_7313459,injected,0,0,False
BIN_7313656,wrapper,0,0,False
BIN_7314115,wrapper,0,0,False
BIN_7314339,wrapper,1,1,False
BIN_7314473,wrapper,0,0,False
BIN_7316191,injected,1,1,False
BIN_7316931,wrapper,1,1,False
BIN_7317227,wrapper,0,0,False
BIN_7318296,wrapper,0,0,False
BIN_7319434,wrapper,1,1,False
BIN_7322101,wrapper,0,0,False
BIN_7322186,wrapper,1,1,False
BIN_7322287,injected,0,0,False
BIN_7322509,injected,0,0,False
BIN_7323164,wrapper,1,1,False
BIN_7323187,wrapper,1,1,False
BIN_7323555,wrapper,1,1,False
BIN_7323579,injected,1,1,False
BIN_7324301,wrapper,0,0,False
BIN_7324400,wrapper,1,1,False
BIN_7325228,wrapper,0,0,False
BIN_7325709,wrapper,1,1,False
BIN_7326012,wrapper,1,1,False
BIN_7326335,wrapper,0,0,False
BIN_7326682,injected,1,1,False
BIN_7327038,wrapper,0,0,False
BIN_7327355,injected,0,0,False
BIN_7328090,wrapper,1,1,False
BIN_7328137,injected,0,0,False
BIN_7328268,wrapper,1,1,False
BIN_7329851,wrapper,1,1,False
BIN_7330271,wrapper,0,0,False
BIN_7331177,wrapper,1,1,False
BIN_7331531,wrapper,1,1,False
BIN_7331718,injected,1,1,False
BIN_7333579,wrapper,0,0,False
BIN_7335111,injected,1,1,False
BIN_7335410,injected,1,1,False
BIN_7335690,wrapper,0,0,False
BIN_7336618,wrapper,0,0,False
BIN_7337753,wrapper,1,1,False
BIN_7338741,wrapper,1,1,False
BIN_7339245,wrapper,1,1,False
BIN_7339837,injected,0,0,False
BIN_7341318,injected,1,1,False
BIN_7341335,wrapper,0,0,False
BIN_7341618,wrapper,1,1,False
BIN_7341932,injected,0,0,False
BIN_7344430,injected,0,0,False
BIN_7344701,wrapper,0,0,False
BIN_7345102,wrapper,1,1,False
BIN_7345302,wrapper,1,1,False
BIN_7346739,injected,1,1,False
BIN_7346771,injected,1,1,False
BIN_7347247,wrapper,0,0,False
BIN_7348920,wrapper,0,0,False
BIN_7350972,injected,0,0,False
BIN_7351028,injected,1,1,False
BIN_7351819,wrapper,1,1,False
BIN_7352145,wrapper,1,1,False
BIN_7352528,wrapper,0,0,False
BIN_7353313,injected,1,1,False
BIN_7353330,wrapper,0,0,False
BIN_7353931,wrapper,1,1,False
BIN_7354040,wrapper,0,0,False
BIN_7354440,wrapper,1,1,False
BIN_7354593,injected,0,0,False
BIN_7354700,injected,0,0,False
BIN_7355072,injected,0,0,False
BIN_7356046,wrapper,0,0,False
BIN_7356475,wrapper,0,0,False
BIN_7357179,injected,0,0,False
BIN_7359474,wrapper,1,1,False
BIN_7360882,wrapper,1,1,False
BIN_7363167,injected,1,1,False
BIN_7363769,wrapper,1,1,False
BIN_7364044,wrapper,0,0,False
BIN_7365302,injected,1,1,False
BIN_7365648,wrapper,0,0,False
BIN_7365777,wrapper,0,0,False
BIN_7365863,wrapper,0,0,False
BIN_7367488,wrapper,1,1,False
BIN_7368419,wrapper,0,0,False
BIN_7368816,wrapper,1,1,False
BIN_7369251,wrapper,0,0,False
BIN_7369289,wrapper,1,1,False
BIN_7369805,injected,1,1,False
BIN_7370887,wrapper,1,1,False
BIN_7370962,wrapper,1,1,False
BIN_7372407,wrapper,0,0,False
BIN_7372849,wrapper,1,1,False
BIN_7373351,injected,1,1,False
BIN_7373675,wrapper,0,0,False
BIN_7375229,injected,1,1,False
BIN_7375542,injected,0,0,False
BIN_7376157,injected,0,0,False
BIN_7376158,wrapper,0,0,False
BIN_7376239,wrapper,0,0,False
BIN_7376321,wrapper,1,1,False
BIN_7376592,wrapper,0,0,False
BIN_7376993,injected,1,1,False
BIN_7377336,injected,0,0,False
BIN_7377341,wrapper,1,1,False
BIN_7378908,wrapper,1,1,False
BIN_7379253,injected,0,0,False
BIN_7379572,wrapper,1,1,False
BIN_7380548,injected,1,1,False
BIN_7381169,wrapper,1,1,False
BIN_7383161,wrapper,1,1,False
BIN_7383252,wrapper,1,1,False
BIN_7383543,injected,1,1,False
BIN_7383613,injected,0,0,False
BIN_7384397,injected,0,0,False
BIN_7384801,wrapper,0,0,False
BIN_7385470,injected,1,1,False
BIN_7385669,wrapper,0,0,False
BIN_7387439,injected,1,1,False
BIN_7387582,injected,0,0,False
BIN_7387623,wrapper,0,0,False
BIN_7388277,wrapper,0,0,False
BIN_7389129,wrapper,0,0,False
BIN_7389480,wrapper,1,1,False
BIN_7389988,wrapper,1,1,False
BIN_7389998,wrapper,0,0,False
BIN_7390290,wrapper,0,0,False
BIN_7390706,wrapper,1,1,False
BIN_7390751,injected,0,0,False
BIN_7390934,injected,0,0,False
BIN_7391098,wrapper,0,0,False
BIN_7391207,injected,0,0,False
BIN_7391433,wrapper,1,1,False
BIN_7391886,injected,1,1,False
BIN_7392517,wrapper,0,0,False
BIN_7393144,wrapper,1,1,False
BIN_7394022,injected,1,1,False
BIN_7394441,wrapper,0,0,False
BIN_7394526,wrapper,1,1,False
BIN_7394751,injected,0,0,False
BIN_7395812,wrapper,1,1,False
BIN_7396123,wrapper,1,1,False
BIN_7396898,wrapper,0,0,False
BIN_7397595,wrapper,0,0,False
BIN_7397974,wrapper,1,1,False
BIN_7400517,wrapper,0,0,False
BIN_7400610,wrapper,1,1,False
BIN_7400734,wrapper,1,1,False
BIN_7401000,wrapper,1,1,False
BIN_7403026,injected,1,1,False
BIN_7403585,injected,0,0,False
BIN_7404013,wrapper,1,1,False
BIN_7404070,wrapper,0,0,False
BIN_7404830,injected,1,1,False
BIN_7405147,wrapper,1,1,False
BIN_7405315,wrapper,0,0,False
BIN_7405837,wrapper,0,0,False
BIN_7406356,wrapper,0,0,False
BIN_7406868,wrapper,1,1,False
BIN_7407159,wrapper,1,1,False
BIN_7407492,wrapper,0,0,False
BIN_7407971,injected,0,0,False
BIN_7409148,wrapper,0,0,False
BIN_7410047,wrapper,0,0,False
BIN_7410052,wrapper,0,0,False
BIN_7410212,wrapper,1,1,False
BIN_7410748,wrapper,0,0,False
BIN_7411023,wrapper,1,1,False
BIN_7411600,wrapper,0,0,False
BIN_7411828,injected,1,1,False
BIN_7412041,injected,1,1,False
BIN_7412252,wrapper,0,0,False
BIN_7412329,wrapper,1,1,False
BIN_7412396,wrapper,1,1,False
BIN_7412484,injected,0,0,False
BIN_7413308,wrapper,1,1,False
BIN_7413512,injected,0,0,False
BIN_7413692,wrapper,1,1,False
BIN_7415707,wrapper,0,0,False
BIN_7416627,wrapper,1,1,False
BIN_7416980,wrapper,0,0,False
BIN_7418344,injected,1,1,False
BIN_7418890,injected,1,1,False
BIN_7420688,wrapper,0,0,False
BIN_7420752,wrapper,1,1,False
BIN_7421568,wrapper,0,0,False
BIN_7421712,wrapper,1,1,False
BIN_7422701,wrapper,1,1,False
BIN_7422815,wrapper,0,0,False
BIN_7423260,wrapper,0,0,False
BIN_7423609,wrapper,0,0,False
BIN_7424603,injected,1,1,False
BIN_7424790,wrapper,0,0,False
BIN_7425211,injected,1,1,False
BIN_7426252,wrapper,1,1,False
BIN_7426665,wrapper,0,0,False
BIN_7429108,wrapper,0,0,False
BIN_7430291,injected,1,1,False
BIN_7430594,injected,0,0,False
BIN_7430942,wrapper,1,1,False
BIN_7431057,wrapper,1,1,False
BIN_7431363,wrapper,0,0,False
BIN_7431962,wrapper,1,1,False
BIN_7432495,wrapper,0,0,False
BIN_7432767,injected,1,1,False
BIN_7432830,injected,1,1,False
BIN_7434825,wrapper,1,1,False
BIN_7435163,wrapper,1,1,False
BIN_7435286,injected,0,0,False
BIN_7436325,wrapper,1,1,False
BIN_7438230,wrapper,0,0,False
BIN_7438706,wrapper,0,0,False
BIN_7439530,injected,1,1,False
BIN_7440162,injected,1,1,False
BIN_7440207,injected,1,1,False
BIN_7440993,injected,1,1,False
BIN_7441137,wrapper,0,0,False
BIN_7441138,injected,1,1,False
BIN_7442145,wrapper,1,1,False
BIN_7442633,wrapper,1,1,False
BIN_7443104,injected,0,0,False
BIN_7443326,injected,0,0,False
BIN_7444535,injected,1,1,False
BIN_7444651,wrapper,1,1,False
BIN_7445801,wrapper,1,1,False
BIN_7446951,wrapper,1,1,False
BIN_7447065,wrapper,1,1,False
BIN_7447076,wrapper,0,0,False
BIN_7448583,injected,1,1,False
BIN_7449327,injected,0,0,False
BIN_7449471,wrapper,0,0,False
BIN_7451045,wrapper,0,0,False
BIN_7451334,injected,1,1,False
BIN_7451674,wrapper,1,1,False
BIN_7451841,wrapper,0,0,False
BIN_7453712,injected,1,1,False
BIN_7454198,injected,0,0,False
BIN_7456822,wrapper,1,1,False
BIN_7457587,injected,0,0,False
BIN_7457697,injected,0,0,False
BIN_7458034,injected,1,1,False
BIN_7458722,wrapper,1,1,False
BIN_7458742,wrapper,0,0,False
BIN_7459291,injected,0,0,False
BIN_7459962,injected,1,1,False
BIN_7460446,wrapper,1,1,False
BIN_7460880,wrapper,0,0,False
BIN_7461112,injected,1,1,False
BIN_7463295,wrapper,0,0,False
BIN_7463743,wrapper,1,1,False
BIN_7464527,injected,0,0,False
BIN_7464656,wrapper,0,0,False
BIN_7464747,wrapper,0,0,False
BIN_7464905,wrapper,0,0,False
BIN_7465700,wrapper,0,0,False
BIN_7466182,wrapper,0,0,False
BIN_7466718,injected,1,1,False
BIN_7468354,wrapper,1,1,False
BIN_7468424,wrapper,1,1,False
BIN_7468597,wrapper,0,0,False
BIN_7469208,injected,0,0,False
BIN_7469466,wrapper,1,1,False
BIN_7469545,wrapper,1,1,False
BIN_7470216,injected,0,0,False
BIN_7471317,wrapper,0,0,False
BIN_7471449,injected,1,1,False
BIN_7472915,wrapper,0,0,False
BIN_7473853,wrapper,0,0,False
BIN_7474071,wrapper,0,0,False
BIN_7474789,wrapper,1,1,False
BIN_7475656,wrapper,1,1,False
BIN_7476301,wrapper,1,1,False
BIN_7476610,wrapper,0,0,False
BIN_7476698,wrapper,0,0,False
BIN_7477262,injected,0,0,False
BIN_7478110,wrapper,0,0,False
BIN_7478569,wrapper,1,1,False
BIN_7478578,wrapper,1,1,False
BIN_7478869,wrapper,1,1,False
BIN_7478920,injected,0,0,False
BIN_7480372,injected,1,1,False
BIN_7480838,wrapper,1,1,False
BIN_7481034,wrapper,1,1,False
BIN_7481236,wrapper,0,0,False
BIN_7483382,wrapper,1,1,False
BIN_7483684,wrapper,0,0,False
BIN_7483925,wrapper,1,1,False
BIN_7484022,wrapper,0,0,False
BIN_7484139,wrapper,1,1,False
BIN_7484167,wrapper,0,0,False
BIN_7484791,wrapper,1,1,False
BIN_7485373,injected,0,0,False
BIN_7485437,wrapper,1,1,False
BIN_7486315,wrapper,0,0,False
BIN_7486872,wrapper,0,0,False
BIN_7487194,wrapper,1,1,False
BIN_7487360,wrapper,0,0,False
BIN_7487594,wrapper,1,1,False
BIN_7488409,wrapper,0,0,False
BIN_7488798,wrapper,1,1,False
BIN_7489086,wrapper,1,1,False
BIN_7490291,injected,0,0,False
BIN_7490390,wrapper,0,0,False
BIN_7491101,wrapper,1,1,False
BIN_7491142,injected,1,1,False
BIN_7491698,wrapper,0,0,False
BIN_7492998,wrapper,0,0,False
BIN_7494877,wrapper,0,0,False
BIN_7496484,wrapper,1,1,False
BIN_7496598,injected,1,1,False
BIN_7496803,injected,0,0,False
BIN_7497054,wrapper,0,0,False
BIN_7497100,injected,1,1,False
BIN_7498460,wrapper,1,1,False
BIN_7498713,injected,1,1,False
BIN_7499365,wrapper,1,1,False
BIN_7499389,injected,1,1,False
BIN_7499458,injected,0,0,False
BIN_7500254,wrapper,1,1,False
BIN_7500541,injected,0,0,False
BIN_7501698,wrapper,0,0,False
BIN_7501759,wrapper,1,1,False
BIN_7503204,wrapper,1,1,False
BIN_7503612,wrapper,1,1,False
BIN_7505106,wrapper,1,1,False
BIN_7506023,wrapper,0,0,False
BIN_7507418,injected,0,0,False
BIN_7507500,wrapper,0,0,False
BIN_7508412,wrapper,0,0,False
BIN_7509801,injected,0,0,False
BIN_7510603,injected,1,1,False
BIN_7512289,wrapper,1,1,False
BIN_7512434,injected,0,0,False
BIN_7512439,injected,1,1,False
BIN_7513054,wrapper,0,0,False
BIN_7513409,wrapper,1,1,False
BIN_7513482,wrapper,0,0,False
BIN_7513570,wrapper,1,1,False
BIN_7513989,wrapper,0,0,False
BIN_7514089,wrapper,1,1,False
BIN_7514479,wrapper,0,0,False
BIN_7516176,injected,0,0,False
BIN_7516922,wrapper,0,0,False
BIN_7517015,injected,0,0,False
BIN_7517329,wrapper,1,1,False
BIN_7517371,wrapper,1,1,False
BIN_7517823,injected,0,0,False
BIN_7518920,injected,0,0,False
BIN_7519102,wrapper,0,0,False
BIN_7520127,wrapper,0,0,False
BIN_7520495,wrapper,1,1,False
BIN_7520556,wrapper,0,0,False
BIN_7521181,wrapper,1,1,False
BIN_7521206,wrapper,1,1,False
BIN_7521244,wrapper,1,1,False
BIN_7521535,injected,0,0,False
BIN_7521844,wrapper,1,1,False
BIN_7522174,wrapper,0,0,False
BIN_7523452,wrapper,1,1,False
BIN_7524483,wrapper,0,0,False
BIN_7524845,wrapper,1,1,False
BIN_7525033,wrapper,1,1,False
BIN_7525952,injected,1,1,False
BIN_7527156,injected,0,0,False
BIN_7527290,wrapper,0,0,False
BIN_7528462,wrapper,0,0,False
BIN_7528693,wrapper,0,0,False
BIN_7528832,wrapper,0,0,False
BIN_7528897,injected,1,1,False
BIN_7529771,injected,1,1,False
BIN_7529987,wrapper,0,0,False
BIN_7530276,wrapper,0,0,False
BIN_7530796,wrapper,0,0,False
BIN_7530858,wrapper,0,0,False
BIN_7531374,injected,0,0,False
BIN_7532836,injected,1,1,False
BIN_7532860,wrapper,1,1,False
BIN_7533165,wrapper,1,1,False
BIN_7533348,injected,1,1,False
BIN_7533448,wrapper,0,0,False
BIN_7534136,wrapper,1,1,False
BIN_7534458,wrapper,1,1,False
BIN_7534903,wrapper,0,0,False
BIN_7535143,injected,0,0,False
BIN_7535442,injected,1,1,False
BIN_7535688,injected,1,1,False
BIN_7535695,injected,0,0,False
BIN_7536259,wrapper,1,1,False
BIN_7536333,injected,0,0,False
BIN_7536393,wrapper,1,1,False
BIN_7536562,wrapper,0,0,False
BIN_7537171,wrapper,0,0,False
BIN_7537380,injected,1,1,False
BIN_7537801,wrapper,1,1,False
BIN_7537837,wrapper,1,1,False
BIN_7537971,injected,0,0,False
BIN_7538961,wrapper,1,1,False
BIN_7539035,injected,1,1,False
BIN_7539822,injected,0,0,False
BIN_7539869,wrapper,1,1,False
BIN_7540169,wrapper,1,1,False
BIN_7541392,wrapper,1,1,False
BIN_7541481,wrapper,0,0,False
BIN_7541927,wrapper,0,0,False
BIN_7542653,wrapper,1,1,False
BIN_7543816,wrapper,0,0,False
BIN_7545341,wrapper,1,1,False
BIN_7545667,injected,0,0,False
BIN_7545967,wrapper,0,0,False
BIN_7546748,wrapper,0,0,False
BIN_7547420,injected,1,1,False
BIN_7548386,wrapper,0,0,False
BIN_7548420,wrapper,0,0,False
BIN_7550381,injected,0,0,False
BIN_7551055,injected,1,1,False
BIN_7551753,wrapper,1,1,False
BIN_7552414,injected,1,1,False
BIN_7552462,wrapper,1,1,False
BIN_7553390,wrapper,1,1,False
BIN_7553849,wrapper,1,1,False
BIN_7555099,injected,0,0,False
BIN_7555617,injected,1,1,False
BIN_7555622,wrapper,1,1,False
BIN_7555794,wrapper,1,1,False
BIN_7555800,injected,1,1,False
BIN_7556577,injected,1,1,False
BIN_7557578,wrapper,0,0,False
BIN_7557707,wrapper,0,0,False
BIN_7558670,wrapper,0,0,False
BIN_7558744,injected,1,1,False
BIN_7559876,injected,1,1,False
BIN_7561135,wrapper,1,1,False
BIN_7561191,wrapper,1,1,False
BIN_7561220,injected,1,1,False
BIN_7561413,injected,0,0,False
BIN_7563099,wrapper,1,1,False
BIN_7564095,injected,0,0,False
BIN_7564183,wrapper,0,0,False
BIN_7564587,wrapper,0,0,False
BIN_7565952,wrapper,0,0,False
BIN_7568711,injected,1,1,False
BIN_7569054,wrapper,0,0,False
BIN_7569220,injected,1,1,False
BIN_7569731,injected,1,1,False
BIN_7571647,wrapper,1,1,False
BIN_7571809,injected,0,0,False
BIN_7571980,injected,1,1,False
BIN_7572266,wrapper,1,1,False
BIN_7572997,wrapper,1,1,False
BIN_7573694,wrapper,1,1,False
BIN_7574132,wrapper,0,0,False
BIN_7574332,injected,1,1,False
BIN_7574608,injected,1,1,False
BIN_7575247,injected,0,0,False
BIN_7575761,wrapper,0,0,False
BIN_7576404,wrapper,1,1,False
BIN_7576902,injected,0,0,False
BIN_7578260,wrapper,0,0,False
BIN_7579266,wrapper,0,0,False
BIN_7580082,wrapper,1,1,False
BIN_7581657,wrapper,0,0,False
BIN_7583101,injected,1,1,False
BIN_7583534,wrapper,1,1,False
BIN_7583552,wrapper,1,1,False
BIN_7583709,wrapper,0,0,False
BIN_7584282,wrapper,1,1,False
BIN_7584885,wrapper,0,0,False
BIN_7585257,wrapper,0,0,False
BIN_7588450,wrapper,1,1,False
BIN_7589140,wrapper,0,0,False
BIN_7589872,injected,1,1,False
BIN_7590164,wrapper,1,1,False
BIN_7591055,injected,1,1,False
BIN_7591107,wrapper,0,0,False
BIN_7592398,wrapper,1,1,False
BIN_7593279,injected,1,1,False
BIN_7593399,wrapper,0,0,False
BIN_7593857,wrapper,0,0,False
BIN_7594580,wrapper,1,1,False
BIN_7597153,wrapper,1,1,False
BIN_7597511,injected,1,1,False
BIN_7598417,wrapper,0,0,False
BIN_7599017,injected,0,0,False
BIN_7599027,injected,0,0,False
BIN_7599142,injected,0,0,False
BIN_7599576,injected,1,1,False
BIN_7600967,injected,0,0,False
BIN_7601078,injected,0,0,False
BIN_7601512,injected,1,1,False
BIN_7602421,wrapper,0,0,False
BIN_7602453,wrapper,0,0,False
BIN_7603437,injected,1,1,False
BIN_7606188,wrapper,0,0,False
BIN_7606768,wrapper,1,1,False
BIN_7607215,wrapper,0,0,False
BIN_7607229,wrapper,0,0,False
BIN_7607562,injected,0,0,False
BIN_7607574,wrapper,1,1,False
BIN_7608812,wrapper,1,1,False
BIN_7609857,wrapper,0,0,False
BIN_7609955,injected,0,0,False
BIN_7610208,wrapper,0,0,False
BIN_7610388,injected,0,0,False
BIN_7611213,wrapper,1,1,False
BIN_7611262,wrapper,1,1,False
BIN_7611485,wrapper,1,1,False
BIN_7612672,wrapper,1,1,False
BIN_7612727,wrapper,0,0,False
BIN_7612746,injected,0,0,False
BIN_7613599,wrapper,0,0,False
BIN_7613641,wrapper,0,0,False
BIN_7614195,wrapper,0,0,False
BIN_7614599,wrapper,0,0,False
BIN_7614750,injected,0,0,False
BIN_7614906,wrapper,0,0,False
BIN_7615376,injected,0,0,False
BIN_7616231,wrapper,0,0,False
BIN_7616327,injected,0,0,False
BIN_7617312,injected,1,1,False
BIN_7617487,wrapper,1,1,False
BIN_7617621,injected,0,0,False
BIN_7618574,wrapper,0,0,False
BIN_7619572,injected,0,0,False
BIN_7620253,wrapper,0,0,False
BIN_7620687,injected,1,1,False
BIN_7621169,injected,0,0,False
BIN_7621581,wrapper,0,0,False
BIN_7622261,wrapper,1,1,False
BIN_7622850,wrapper,1,1,False
BIN_7623709,wrapper,0,0,False
BIN_7623899,wrapper,0,0,False
BIN_7626749,wrapper,0,0,False
BIN_7626835,wrapper,0,0,False
BIN_7626849,wrapper,0,0,False
BIN_7627502,wrapper,0,0,False
BIN_7629076,wrapper,1,1,False
BIN_7629272,wrapper,1,1,False
BIN_7629886,wrapper,0,0,False
BIN_7630011,wrapper,1,1,False
BIN_7630898,injected,0,0,False
BIN_7631170,injected,0,0,False
BIN_7631767,wrapper,1,1,False
BIN_7632738,wrapper,1,1,False
BIN_7634461,injected,1,1,False
BIN_7634775,wrapper,1,1,False
BIN_7637717,injected,0,0,False
BIN_7638537,wrapper,0,0,False
BIN_7638614,injected,0,0,False
BIN_7638883,injected,0,0,False
BIN_7639241,wrapper,1,1,False
BIN_7639362,injected,1,1,False
BIN_7639367,wrapper,1,1,False
BIN_7639500,injected,0,0,False
BIN_7639817,wrapper,0,0,False
BIN_7641043,wrapper,1,1,False
BIN_7641628,wrapper,1,1,False
BIN_7642929,injected,1,1,False
BIN_7644566,wrapper,0,0,False
BIN_7644969,wrapper,0,0,False
BIN_7645319,wrapper,1,1,False
BIN_7645899,wrapper,0,0,False
BIN_7646229,injected,1,1,False
BIN_7646371,wrapper,1,1,False
BIN_7646398,wrapper,1,1,False
BIN_7646630,wrapper,0,0,False
BIN_7646773,wrapper,0,0,False
BIN_7646858,wrapper,1,1,False
BIN_7647166,injected,1,1,False
BIN_7647453,injected,0,0,False
BIN_7647679,wrapper,1,1,False
BIN_7647915,wrapper,0,0,False
BIN_7647986,wrapper,0,0,False
BIN_7649654,wrapper,0,0,False
BIN_7651134,wrapper,1,1,False
BIN_7652328,wrapper,1,1,False
BIN_7652679,wrapper,1,1,False
BIN_7653671,injected,0,0,False
BIN_7654364,wrapper,1,1,False
BIN_7654563,wrapper,0,0,False
BIN_7654704,wrapper,1,1,False
BIN_7655254,wrapper,0,0,False
BIN_7655553,wrapper,0,0,False
BIN_7656052,wrapper,0,0,False
BIN_7656463,wrapper,1,1,False
BIN_7656665,wrapper,0,0,False
BIN_7656857,wrapper,1,1,False
BIN_7657060,wrapper,1,1,False
BIN_7658101,wrapper,1,1,False
BIN_7659323,wrapper,1,1,False
BIN_7659436,injected,1,1,False
BIN_7659720,wrapper,1,1,False
BIN_7659889,injected,1,1,False
BIN_7660453,wrapper,0,0,False
BIN_7660637,wrapper,0,0,False
BIN_7660927,wrapper,0,0,False
BIN_7660933,injected,1,1,False
BIN_7661163,wrapper,1,1,False
BIN_7661534,injected,0,0,False
BIN_7661611,wrapper,0,0,False
BIN_7663934,wrapper,1,1,False
BIN_7664060,wrapper,0,0,False
BIN_7664163,wrapper,0,0,False
BIN_7664530,wrapper,0,0,False
BIN_7664630,wrapper,1,1,False
BIN_7665159,wrapper,0,0,False
BIN_7666029,injected,1,1,False
BIN_7666046,wrapper,0,0,False
BIN_7666730,injected,0,0,False
BIN_7666860,wrapper,0,0,False
BIN_7667236,wrapper,1,1,False
BIN_7667307,injected,1,1,False
BIN_7667436,injected,0,0,False
BIN_7668154,injected,1,1,False
BIN_7668368,wrapper,1,1,False
BIN_7668754,wrapper,1,1,False
BIN_7669210,wrapper,0,0,False
BIN_7669429,injected,1,1,False
BIN_7670294,wrapper,1,1,False
BIN_7670853,injected,0,0,False
BIN_7670924,wrapper,1,1,False
BIN_7670926,wrapper,0,0,False
BIN_7671611,injected,1,1,False
BIN_7671787,injected,1,1,False
BIN_7673736,injected,1,1,False
BIN_7674489,wrapper,0,0,False
BIN_7675116,injected,1,1,False
BIN_7676178,injected,0,0,False
BIN_7676333,wrapper,1,1,False
BIN_7676580,wrapper,0,0,False
BIN_7676838,injected,1,1,False
BIN_7677079,injected,1,1,False
BIN_7677276,wrapper,1,1,False
BIN_7677318,wrapper,0,0,False
BIN_7677601,injected,1,1,False
BIN_7677612,injected,1,1,False
BIN_7678008,injected,1,1,False
BIN_7678351,injected,0,0,False
BIN_7679057,injected,1,1,False
BIN_7680570,injected,0,0,False
BIN_7680721,injected,1,1,False
BIN_7680805,injected,1,1,False
BIN_7681509,injected,1,1,False
BIN_7682139,wrapper,1,1,False
BIN_7682611,wrapper,1,1,False
BIN_7683291,wrapper,1,1,False
BIN_7683421,wrapper,1,1,False
BIN_7684394,injected,0,0,False
BIN_7684558,wrapper,0,0,False
BIN_7684717,wrapper,0,0,False
BIN_7684845,wrapper,1,1,False
BIN_7684847,injected,0,0,False
BIN_7686628,injected,1,1,False
BIN_7686936,injected,1,1,False
BIN_7687526,wrapper,1,1,False
BIN_7688366,injected,1,1,False
BIN_7688414,injected,0,0,False
BIN_7688936,wrapper,0,0,False
BIN_7689278,wrapper,1,1,False
BIN_7689668,wrapper,0,0,False
BIN_7689974,wrapper,1,1,False
BIN_7690099,injected,1,1,False
BIN_7690771,wrapper,1,1,False
BIN_7691918,wrapper,1,1,False
BIN_7691966,wrapper,1,1,False
BIN_7692073,wrapper,1,1,False
BIN_7693415,wrapper,0,0,False
BIN_7693495,wrapper,1,1,False
BIN_7695031,wrapper,0,0,False
BIN_7697407,wrapper,0,0,False
BIN_7697446,wrapper,0,0,False
BIN_7697838,wrapper,0,0,False
BIN_7698866,injected,0,0,False
BIN_7699296,wrapper,1,1,False
BIN_7700684,injected,1,1,False
BIN_7702142,injected,1,1,False
BIN_7702179,wrapper,1,1,False
BIN_7702239,wrapper,1,1,False
BIN_7702671,wrapper,0,0,False
BIN_7703244,injected,1,1,False
BIN_7703624,wrapper,1,1,False
BIN_7703671,wrapper,0,0,False
BIN_7703738,injected,0,0,False
BIN_7704075,injected,0,0,False
BIN_7705215,wrapper,0,0,False
BIN_7705565,wrapper,1,1,False
BIN_7706155,wrapper,0,0,False
BIN_7707170,wrapper,1,1,False
BIN_7707303,wrapper,1,1,False
BIN_7707314,injected,0,0,False
BIN_7708034,wrapper,1,1,False
BIN_7708341,wrapper,1,1,False
BIN_7708598,injected,1,1,False
BIN_7709015,wrapper,0,0,False
BIN_7709104,wrapper,1,1,False
BIN_7710177,wrapper,0,0,False
BIN_7711828,wrapper,0,0,False
BIN_7712668,wrapper,1,1,False
BIN_7714059,wrapper,1,1,False
BIN_7714103,wrapper,0,0,False
BIN_7714116,wrapper,0,0,False
BIN_7714473,injected,0,0,False
BIN_7715607,wrapper,0,0,False
BIN_7716669,wrapper,0,0,False
BIN_7716873,wrapper,1,1,False
BIN_7717206,wrapper,1,1,False
BIN_7717374,wrapper,0,0,False
BIN_7717493,wrapper,1,1,False
BIN_7717850,injected,1,1,False
BIN_7718863,wrapper,0,0,False
BIN_7719197,injected,1,1,False
BIN_7719310,wrapper,1,1,False
BIN_7720275,wrapper,0,0,False
BIN_7722104,injected,1,1,False
BIN_7722964,wrapper,1,1,False
BIN_7723502,wrapper,1,1,False
BIN_7723824,injected,0,0,False
BIN_7723848,wrapper,1,1,False
BIN_7724098,wrapper,0,0,False
BIN_7724180,wrapper,1,1,False
BIN_7725321,wrapper,1,1,False
BIN_7725843,wrapper,0,0,False
BIN_7727419,wrapper,1,1,False
BIN_7728559,wrapper,0,0,False
BIN_7728870,wrapper,1,1,False
BIN_7729207,injected,1,1,False
BIN_7729688,injected,0,0,False
BIN_7730164,injected,1,1,False
BIN_7730809,wrapper,1,1,False
BIN_7731264,injected,0,0,False
BIN_7731707,wrapper,0,0,False
BIN_7732037,wrapper,1,1,False
BIN_7733181,injected,0,0,False
BIN_7734076,wrapper,1,1,False
BIN_7734682,injected,1,1,False
BIN_7735410,wrapper,1,1,False
BIN_7736791,wrapper,0,0,False
BIN_7737304,injected,1,1,False
BIN_7737308,injected,1,1,False
BIN_7737372,injected,0,0,False
BIN_7738656,wrapper,1,1,False
BIN_7740020,wrapper,1,1,False
BIN_7740182,injected,1,1,False
BIN_7740527,wrapper,0,0,False
BIN_7741472,wrapper,1,1,False
BIN_7741845,wrapper,0,0,False
BIN_7742113,wrapper,1,1,False
BIN_7742362,injected,0,0,False
BIN_7742670,wrapper,0,0,False
BIN_7742832,wrapper,0,0,False
BIN_7743494,injected,0,0,False
BIN_7745267,wrapper,0,0,False
BIN_7745465,wrapper,1,1,False
BIN_7745758,wrapper,1,1,False
BIN_7748439,wrapper,1,1,False
BIN_7748504,wrapper,0,0,False
BIN_7749071,wrapper,1,1,False
BIN_7749209,wrapper,1,1,False
BIN_7752463,injected,0,0,False
BIN_7752955,wrapper,0,0,False
BIN_7753460,wrapper,0,0,False
BIN_7753833,wrapper,0,0,False
BIN_7754835,wrapper,1,1,False
BIN_7755389,wrapper,1,1,False
BIN_7756241,wrapper,0,0,False
BIN_7757102,wrapper,0,0,False
BIN_7757266,wrapper,0,0,False
BIN_7757400,injected,1,1,False
BIN_7758198,wrapper,1,1,False
BIN_7759849,wrapper,0,0,False
BIN_7760866,injected,0,0,False
BIN_7760906,injected,0,0,False
BIN_7762420,wrapper,0,0,False
BIN_7763783,wrapper,1,1,False
BIN_7764263,wrapper,0,0,False
BIN_7764566,wrapper,0,0,False
BIN_7764582,wrapper,1,1,False
BIN_7764763,wrapper,0,0,False
BIN_7765516,injected,0,0,False
BIN_7766108,wrapper,0,0,False
BIN_7766476,wrapper,1,1,False
BIN_7767084,injected,1,1,False
BIN_7767115,wrapper,0,0,False
BIN_7767152,wrapper,0,0,False
BIN_7767776,wrapper,1,1,False
BIN_7768460,wrapper,0,0,False
BIN_7768984,injected,0,0,False
BIN_7769181,wrapper,0,0,False
BIN_7770021,wrapper,1,1,False
BIN_7770040,injected,1,1,False
BIN_7770077,wrapper,1,1,False
BIN_7770803,wrapper,1,1,False
BIN_7771091,injected,1,1,False
BIN_7771924,wrapper,0,0,False
BIN_7772228,wrapper,0,0,False
BIN_7773382,injected,0,0,False
BIN_7774061,injected,0,0,False
BIN_7774190,injected,0,0,False
BIN_7774785,wrapper,0,0,False
BIN_7775257,wrapper,1,1,False
BIN_7775265,wrapper,0,0,False
BIN_7775863,wrapper,0,0,False
BIN_7776259,wrapper,0,0,False
BIN_7776921,wrapper,1,1,False
BIN_7776925,injected,1,1,False
BIN_7777148,injected,0,0,False
BIN_7777624,wrapper,0,0,False
BIN_7777714,injected,1,1,False
BIN_7777900,injected,0,0,False
BIN_7778108,injected,0,0,False
BIN_7778715,wrapper,0,0,False
BIN_7780531,wrapper,1,1,False
BIN_7780721,wrapper,0,0,False
BIN_7780888,injected,0,0,False
BIN_7781787,injected,0,0,False
BIN_7782717,wrapper,1,1,False
BIN_7782745,wrapper,0,0,False
BIN_7782966,injected,0,0,False
BIN_7783789,wrapper,1,1,False
BIN_7784605,injected,0,0,False
BIN_7785566,wrapper,0,0,False
BIN_7785572,wrapper,1,1,False
BIN_7785769,wrapper,0,0,False
BIN_7785864,wrapper,1,1,False
BIN_7786410,wrapper,0,0,False
BIN_7786765,injected,0,0,False
BIN_7786937,wrapper,1,1,False
BIN_7787962,wrapper,1,1,False
BIN_7788319,wrapper,0,0,False
BIN_7788595,wrapper,1,1,False
BIN_7788750,wrapper,1,1,False
BIN_7789755,injected,1,1,False
BIN_7789783,injected,0,0,False
BIN_7790615,injected,1,1,False
BIN_7790820,injected,0,0,False
BIN_7791767,wrapper,1,1,False
BIN_7793259,wrapper,1,1,False
BIN_7793998,wrapper,1,1,False
BIN_7794263,wrapper,0,0,False
BIN_7794558,wrapper,1,1,False
BIN_7794763,wrapper,0,0,False
BIN_7795038,wrapper,1,1,False
BIN_7796884,wrapper,1,1,False
BIN_7798028,wrapper,0,0,False
BIN_7800434,injected,1,1,False
BIN_7801076,wrapper,1,1,False
BIN_7801101,injected,0,0,False
BIN_7801508,injected,0,0,False
BIN_7801717,wrapper,0,0,False
BIN_7801833,wrapper,0,0,False
BIN_7802468,wrapper,0,0,False
BIN_7802522,wrapper,1,1,False
BIN_7802670,injected,0,0,False
BIN_7803243,wrapper,0,0,False
BIN_7803254,wrapper,1,1,False
BIN_7803467,wrapper,0,0,False
BIN_7805444,wrapper,0,0,False
BIN_7805865,wrapper,1,1,False
BIN_7806878,injected,0,0,False
BIN_7807818,wrapper,1,1,False
BIN_7807931,injected,0,0,False
BIN_7808041,wrapper,1,1,False
BIN_7808386,injected,1,1,False
BIN_7809110,wrapper,0,0,False
BIN_7809775,wrapper,0,0,False
BIN_7810233,wrapper,0,0,False
BIN_7810270,wrapper,1,1,False
BIN_7810393,wrapper,1,1,False
BIN_7810757,injected,1,1,False
BIN_7811303,wrapper,1,1,False
BIN_7811437,wrapper,1,1,False
BIN_7811622,wrapper,1,1,False
BIN_7812079,wrapper,1,1,False
BIN_7813617,wrapper,1,1,False
BIN_7813736,injected,0,0,False
BIN_7814317,injected,1,1,False
BIN_7815223,injected,1,1,False
BIN_7815949,wrapper,0,0,False
BIN_7816539,injected,1,1,False
BIN_7817263,wrapper,1,1,False
BIN_7818445,injected,1,1,False
BIN_7818502,injected,1,1,False
BIN_7819019,wrapper,0,0,False
BIN_7819115,wrapper,0,0,False
BIN_7819548,wrapper,0,0,False
BIN_7820320,wrapper,0,0,False
BIN_7820605,injected,1,1,False
BIN_7820823,injected,1,1,False
BIN_7821431,wrapper,0,0,False
BIN_7822265,injected,1,1,False
BIN_7822320,injected,0,0,False
BIN_7822847,wrapper,1,1,False
BIN_7822916,injected,0,0,False
BIN_7826929,wrapper,0,0,False
BIN_7827171,wrapper,1,1,False
BIN_7827833,injected,0,0,False
BIN_7828387,wrapper,1,1,False
BIN_7828747,wrapper,1,1,False
BIN_7828871,wrapper,0,0,False
BIN_7830019,injected,0,0,False
BIN_7830863,wrapper,1,1,False
BIN_7830879,wrapper,1,1,False
BIN_7831426,wrapper,0,0,False
BIN_7831824,wrapper,1,1,False
BIN_7832499,injected,1,1,False
BIN_7833384,injected,1,1,False
BIN_7833732,wrapper,1,1,False
BIN_7834095,wrapper,0,0,False
BIN_7834344,wrapper,1,1,False
BIN_7834505,wrapper,0,0,False
BIN_7835394,injected,1,1,False
BIN_7837204,wrapper,1,1,False
BIN_7837752,injected,1,1,False
BIN_7838150,wrapper,0,0,False
BIN_7838573,wrapper,1,1,False
BIN_7839274,wrapper,1,1,False
BIN_7840150,wrapper,0,0,False
BIN_7840670,wrapper,0,0,False
BIN_7841461,wrapper,1,1,False
BIN_7841663,wrapper,1,1,False
BIN_7841757,wrapper,1,1,False
BIN_7841839,wrapper,0,0,False
BIN_7841899,wrapper,0,0,False
BIN_7842654,wrapper,0,0,False
BIN_7842735,injected,1,1,False
BIN_7842806,injected,0,0,False
BIN_7843569,wrapper,0,0,False
BIN_7844850,wrapper,1,1,False
BIN_7845492,wrapper,1,1,False
BIN_7845569,wrapper,1,1,False
BIN_7845590,wrapper,0,0,False
BIN_7845946,wrapper,0,0,False
BIN_7846307,injected,1,1,False
BIN_7846627,wrapper,0,0,False
BIN_7846786,wrapper,0,0,False
BIN_7847129,injected,1,1,False
BIN_7848312,injected,1,1,False
BIN_7848877,wrapper,0,0,False
BIN_7849221,injected,0,0,False
BIN_7849251,injected,0,0,False
BIN_7850289,wrapper,1,1,False
BIN_7850307,injected,0,0,False
BIN_7850339,injected,1,1,False
BIN_7850976,injected,0,0,False
BIN_7851842,injected,1,1,False
BIN_7853807,wrapper,0,0,False
BIN_7853970,wrapper,1,1,False
BIN_7854331,wrapper,1,1,False
BIN_7855206,injected,1,1,False
BIN_7855503,wrapper,0,0,False
BIN_7856273,injected,1,1,False
BIN_7857143,wrapper,0,0,False
BIN_7857755,wrapper,0,0,False
BIN_7859074,wrapper,0,0,False
BIN_7860852,wrapper,1,1,False
BIN_7861413,wrapper,1,1,False
BIN_7861432,injected,0,0,False
BIN_7861454,wrapper,1,1,False
BIN_7861492,wrapper,0,0,False
BIN_7863145,wrapper,0,0,False
BIN_7863884,wrapper,1,1,False
BIN_7863910,wrapper,1,1,False
BIN_7864560,wrapper,1,1,False
BIN_7865528,wrapper,0,0,False
BIN_7865736,injected,0,0,False
BIN_7866741,wrapper,0,0,False
BIN_7866851,injected,1,1,False
BIN_7866903,wrapper,0,0,False
BIN_7867239,injected,0,0,False
BIN_7868359,wrapper,1,1,False
BIN_7868467,wrapper,1,1,False
BIN_7868784,wrapper,1,1,False
BIN_7869626,wrapper,1,1,False
BIN_7871163,injected,1,1,False
BIN_7872137,wrapper,1,1,False
BIN_7873220,wrapper,0,0,False
BIN_7873654,injected,0,0,False
BIN_7874439,wrapper,0,0,False
BIN_7874694,injected,1,1,False
BIN_7875759,injected,1,1,False
BIN_7876252,wrapper,1,1,False
BIN_7876309,wrapper,0,0,False
BIN_7876808,injected,0,0,False
BIN_7877226,injected,0,0,False
BIN_7877580,wrapper,0,0,False
BIN_7877949,injected,1,1,False
BIN_7878108,wrapper,0,0,False
BIN_7878616,injected,0,0,False
BIN_7879179,wrapper,0,0,False
BIN_7881624,wrapper,0,0,False
BIN_7882596,wrapper,1,1,False
BIN_7884290,wrapper,1,1,False
BIN_7885504,wrapper,0,0,False
BIN_7885761,wrapper,1,1,False
BIN_7886715,wrapper,1,1,False
BIN_7888071,wrapper,0,0,False
BIN_7889620,wrapper,1,1,False
BIN_7889628,injected,0,0,False
BIN_7889794,wrapper,1,1,False
BIN_7890448,wrapper,1,1,False
BIN_7890570,wrapper,1,1,False
BIN_7891284,wrapper,1,1,False
BIN_7891508,injected,0,0,False
BIN_7891677,wrapper,0,0,False
BIN_7891929,wrapper,0,0,False
BIN_7892292,injected,0,0,False
BIN_7892533,wrapper,1,1,False
BIN_7893026,wrapper,1,1,False
BIN_7893489,wrapper,0,0,False
BIN_7894279,injected,0,0,False
BIN_7894423,injected,1,1,False
BIN_7894601,wrapper,0,0,False
BIN_7895243,wrapper,1,1,False
BIN_7895383,injected,1,1,False
BIN_7896042,injected,1,1,False
BIN_7896456,injected,0,0,False
BIN_7896676,wrapper,1,1,False
BIN_7896808,wrapper,1,1,False
BIN_7897313,wrapper,0,0,False
BIN_7897783,injected,0,0,False
BIN_7897871,injected,1,1,False
BIN_7898557,wrapper,1,1,False
BIN_7899726,injected,0,0,False
BIN_7901424,wrapper,0,0,False
BIN_7901431,wrapper,0,0,False
BIN_7901766,wrapper,0,0,False
BIN_7902649,injected,0,0,False
BIN_7903123,wrapper,0,0,False
BIN_7903872,wrapper,0,0,False
BIN_7904128,wrapper,1,1,False
BIN_7904797,wrapper,1,1,False
BIN_7904886,wrapper,0,0,False
BIN_7906166,wrapper,1,1,False
BIN_7907323,wrapper,0,0,False
BIN_7908639,wrapper,0,0,False
BIN_7911682,injected,0,0,False
BIN_7912908,injected,0,0,False
BIN_7913379,injected,1,1,False
BIN_7913679,injected,1,1,False
BIN_7914326,injected,0,0,False
BIN_7915355,wrapper,0,0,False
BIN_7915455,wrapper,0,0,False
BIN_7915523,wrapper,1,1,False
BIN_7915854,wrapper,0,0,False
BIN_7916498,wrapper,0,0,False
BIN_7917269,wrapper,1,1,False
BIN_7917732,wrapper,1,1,False
BIN_7918509,injected,1,1,False
BIN_7920730,injected,0,0,False
BIN_7920843,wrapper,1,1,False
BIN_7922196,wrapper,0,0,False
BIN_7922340,wrapper,0,0,False
BIN_7923078,injected,0,0,False
BIN_7923248,injected,1,1,False
BIN_7924894,wrapper,1,1,False
BIN_7927159,injected,1,1,False
BIN_7928383,wrapper,1,1,False
BIN_7929901,injected,1,1,False
BIN_7930634,wrapper,1,1,False
BIN_7932317,wrapper,0,0,False
BIN_7932564,wrapper,1,1,False
BIN_7932924,wrapper,1,1,False
BIN_7933451,injected,1,1,False
BIN_7933564,wrapper,0,0,False
BIN_7933917,wrapper,1,1,False
BIN_7934779,injected,1,1,False
BIN_7935329,wrapper,1,1,False
BIN_7935642,wrapper,1,1,False
BIN_7936852,injected,1,1,False
BIN_7936924,wrapper,0,0,False
BIN_7937003,wrapper,1,1,False
BIN_7937186,wrapper,0,0,False
BIN_7938193,injected,0,0,False
BIN_7939399,injected,1,1,False
BIN_7939430,wrapper,1,1,False
BIN_7939770,wrapper,0,0,False
BIN_7940440,wrapper,1,1,False
BIN_7940559,wrapper,0,0,False
BIN_7941281,wrapper,1,1,False
BIN_7941285,wrapper,1,1,False
BIN_7941763,wrapper,0,0,False
BIN_7943077,wrapper,0,0,False
BIN_7943273,wrapper,1,1,False
BIN_7943301,injected,1,1,False
BIN_7943885,wrapper,0,0,False
BIN_7944450,injected,0,0,False
BIN_7945713,injected,0,0,False
BIN_7947836,wrapper,0,0,False
BIN_7948281,injected,1,1,False
BIN_7948429,wrapper,0,0,False
BIN_7948905,wrapper,1,1,False
BIN_7949241,wrapper,0,0,False
BIN_7949451,wrapper,0,0,False
BIN_7949537,wrapper,0,0,False
BIN_7949638,wrapper,1,1,False
BIN_7949692,injected,1,1,False
BIN_7950152,wrapper,1,1,False
BIN_7950286,wrapper,1,1,False
BIN_7950514,wrapper,1,1,False
BIN_7950600,wrapper,1,1,False
BIN_7951366,wrapper,1,1,False
BIN_7951420,wrapper,1,1,False
BIN_7951503,wrapper,0,0,False
BIN_7951564,wrapper,0,0,False
BIN_7951913,injected,1,1,False
BIN_7952297,wrapper,1,1,False
BIN_7953623,injected,1,1,False
BIN_7953823,wrapper,1,1,False
BIN_7954076,injected,0,0,False
BIN_7954348,injected,0,0,False
BIN_7955156,injected,1,1,False
BIN_7955324,wrapper,0,0,False
BIN_7955346,injected,1,1,False
BIN_7955632,injected,0,0,False
BIN_7956283,wrapper,1,1,False
BIN_7957091,injected,1,1,False
BIN_7957449,wrapper,1,1,False
BIN_7957563,injected,1,1,False
BIN_7957899,wrapper,0,0,False
BIN_7959962,injected,1,1,False
BIN_7960362,wrapper,0,0,False
BIN_7961329,injected,1,1,False
BIN_7961408,wrapper,1,1,False
BIN_7962482,wrapper,0,0,False
BIN_7962635,wrapper,0,0,False
BIN_7962711,wrapper,1,1,False
BIN_7962936,wrapper,1,1,False
BIN_7964324,wrapper,0,0,False
BIN_7964396,wrapper,1,1,False
BIN_7964704,injected,0,0,False
BIN_7964794,injected,0,0,False
BIN_7964954,wrapper,1,1,False
BIN_7966181,wrapper,1,1,False
BIN_7966593,wrapper,1,1,False
BIN_7966794,wrapper,0,0,False
BIN_7967543,wrapper,1,1,False
BIN_7967632,wrapper,1,1,False
BIN_7967703,injected,1,1,False
BIN_7969033,wrapper,1,1,False
BIN_7970058,injected,1,1,False
BIN_7970772,wrapper,0,0,False
BIN_7971707,wrapper,0,0,False
BIN_7972285,injected,1,1,False
BIN_7972468,injected,0,0,False
BIN_7972613,wrapper,0,0,False
BIN_7973080,wrapper,0,0,False
BIN_7975235,wrapper,0,0,False
BIN_7975299,wrapper,1,1,False
BIN_7975522,wrapper,0,0,False
BIN_7975744,injected,0,0,False
BIN_7977524,wrapper,0,0,False
BIN_7978768,wrapper,0,0,False
BIN_7980090,injected,1,1,False
BIN_7980618,wrapper,0,0,False
BIN_7981374,injected,0,0,False
BIN_7981657,wrapper,0,0,False
BIN_7982560,wrapper,0,0,False
BIN_7983211,injected,1,1,False
BIN_7983781,wrapper,1,1,False
BIN_7983939,wrapper,0,0,False
BIN_7983958,wrapper,0,0,False
BIN_7984294,wrapper,1,1,False
BIN_7985490,wrapper,1,1,False
BIN_7985877,wrapper,0,0,False
BIN_7985885,injected,0,0,False
BIN_7985906,injected,0,0,False
BIN_7986586,wrapper,0,0,False
BIN_7986641,wrapper,1,1,False
BIN_7988460,wrapper,0,0,False
BIN_7988595,injected,1,1,False
BIN_7988628,wrapper,0,0,False
BIN_7988735,injected,0,0,False
BIN_7989849,wrapper,1,1,False
BIN_7990414,wrapper,0,0,False
BIN_7990454,wrapper,0,0,False
BIN_7990516,wrapper,0,0,False
BIN_7990837,wrapper,1,1,False
BIN_7992089,injected,1,1,False
BIN_7992148,wrapper,0,0,False
BIN_7993878,injected,1,1,False
BIN_7994180,wrapper,1,1,False
BIN_7994340,wrapper,0,0,False
BIN_7994544,wrapper,0,0,False
BIN_7995458,wrapper,0,0,False
BIN_7995804,injected,1,1,False
BIN_7996843,wrapper,0,0,False
BIN_7997664,wrapper,1,1,False
BIN_7997698,wrapper,1,1,False
BIN_7997840,wrapper,1,1,False
BIN_7998206,injected,1,1,False
BIN_7998807,wrapper,0,0,False
BIN_7999358,injected,1,1,False
BIN_7999738,wrapper,0,0,False
BIN_7999979,wrapper,0,0,False
BIN_8000192,injected,1,1,False
BIN_8000815,injected,0,0,False
BIN_8000947,wrapper,1,1,False
BIN_8001058,wrapper,1,1,False
BIN_8001408,injected,0,0,False
BIN_8002064,wrapper,1,1,False
BIN_8002806,wrapper,0,0,False
BIN_8003292,wrapper,1,1,False
BIN_8003561,wrapper,1,1,False
BIN_8003776,wrapper,1,1,False
BIN_8004661,wrapper,0,0,False
BIN_8005087,injected,1,1,False
BIN_8005300,wrapper,0,0,False
BIN_8005697,wrapper,0,0,False
BIN_8006520,wrapper,0,0,False
BIN_8006599,injected,1,1,False
BIN_8006888,injected,0,0,False
BIN_8007177,injected,1,1,False
BIN_8007517,injected,0,0,False
BIN_8007769,wrapper,1,1,False
BIN_8008142,injected,0,0,False
BIN_8008312,wrapper,1,1,False
BIN_8008577,wrapper,1,1,False
BIN_8008651,injected,1,1,False
BIN_8008675,wrapper,0,0,False
BIN_8009650,injected,1,1,False
BIN_8009817,wrapper,1,1,False
BIN_8010574,wrapper,0,0,False
BIN_8010611,injected,0,0,False
BIN_8011236,injected,1,1,False
BIN_8012862,wrapper,1,1,False
BIN_8012902,wrapper,1,1,False
BIN_8013683,wrapper,0,0,False
BIN_8014946,injected,0,0,False
BIN_8015685,injected,1,1,False
BIN_8016844,injected,0,0,False
BIN_8018007,wrapper,1,1,False
BIN_8018317,wrapper,1,1,False
BIN_8018401,wrapper,1,1,False
BIN_8018822,wrapper,0,0,False
BIN_8019464,injected,0,0,False
BIN_8019993,injected,0,0,False
BIN_8020252,wrapper,0,0,False
BIN_8020273,injected,1,1,False
BIN_8020800,wrapper,1,1,False
BIN_8021717,wrapper,0,0,False
BIN_8022529,injected,0,0,False
BIN_8022677,wrapper,1,1,False
BIN_8023558,injected,0,0,False
BIN_8023813,wrapper,0,0,False
BIN_8024706,wrapper,0,0,False
BIN_8025006,wrapper,0,0,False
BIN_8025671,wrapper,0,0,False
BIN_8026560,injected,1,1,False
BIN_8027586,wrapper,0,0,False
BIN_8028105,wrapper,0,0,False
BIN_8028434,injected,1,1,False
BIN_8029195,wrapper,1,1,False
BIN_8030713,wrapper,1,1,False
BIN_8031936,wrapper,1,1,False
BIN_8031947,injected,0,0,False
BIN_8031985,wrapper,1,1,False
BIN_8033702,wrapper,0,0,False
BIN_8033711,wrapper,0,0,False
BIN_8033771,wrapper,0,0,False
BIN_8034524,injected,1,1,False
BIN_8034771,wrapper,1,1,False
BIN_8034788,wrapper,0,0,False
BIN_8034847,wrapper,0,0,False
BIN_8036061,wrapper,1,1,False
BIN_8036154,wrapper,1,1,False
BIN_8036407,wrapper,0,0,False
BIN_8036489,injected,1,1,False
BIN_8036532,injected,1,1,False
BIN_8036884,wrapper,0,0,False
BIN_8037086,wrapper,1,1,False
BIN_8039700,wrapper,1,1,False
BIN_8040004,wrapper,0,0,False
BIN_8041406,injected,0,0,False
BIN_8041525,injected,1,1,False
BIN_8041541,injected,1,1,False
BIN_8042666,wrapper,0,0,False
BIN_8043924,injected,0,0,False
BIN_8043976,wrapper,0,0,False
BIN_8044103,injected,0,0,False
BIN_8045073,wrapper,0,0,False
BIN_8045444,injected,0,0,False
BIN_8046097,injected,0,0,False
BIN_8046109,wrapper,1,1,False
BIN_8048353,injected,1,1,False
BIN_8048664,wrapper,0,0,False
BIN_8048867,injected,0,0,False
BIN_8049251,injected,1,1,False
BIN_8050120,wrapper,0,0,False
BIN_8050190,wrapper,1,1,False
BIN_8050657,wrapper,0,0,False
BIN_8050981,wrapper,1,1,False
BIN_8051004,wrapper,1,1,False
BIN_8051224,injected,0,0,False
BIN_8052097,wrapper,1,1,False
BIN_8052233,wrapper,0,0,False
BIN_8052524,injected,1,1,False
BIN_8053519,wrapper,0,0,False
BIN_8053614,wrapper,0,0,False
BIN_8054208,wrapper,0,0,False
BIN_8055074,wrapper,0,0,False
BIN_8055170,wrapper,0,0,False
BIN_8055530,injected,0,0,False
BIN_8056625,injected,0,0,False
BIN_8057138,wrapper,0,0,False
BIN_8057497,wrapper,0,0,False
BIN_8059368,wrapper,1,1,False
BIN_8059536,wrapper,1,1,False
BIN_8059857,wrapper,0,0,False
BIN_8060839,wrapper,1,1,False
BIN_8061475,wrapper,1,1,False
BIN_8062087,wrapper,0,0,False
BIN_8062285,wrapper,0,0,False
BIN_8064943,injected,0,0,False
BIN_8065102,wrapper,0,0,False
BIN_8065392,wrapper,1,1,False
BIN_8065494,injected,1,1,False
BIN_8066150,injected,0,0,False
BIN_8067383,wrapper,0,0,False
BIN_8067788,wrapper,1,1,False
BIN_8069936,wrapper,1,1,False
BIN_8069980,injected,1,1,False
BIN_8069992,wrapper,1,1,False
BIN_8070688,wrapper,0,0,False
BIN_8070868,wrapper,1,1,False
BIN_8071923,wrapper,1,1,False
BIN_8072621,wrapper,0,0,False
BIN_8072669,wrapper,1,1,False
BIN_8074595,wrapper,1,1,False
BIN_8076057,wrapper,1,1,False
BIN_8076454,wrapper,1,1,False
BIN_8076460,injected,1,1,False
BIN_8076501,injected,1,1,False
BIN_8076562,wrapper,0,0,False
BIN_8077901,wrapper,0,0,False
BIN_8078446,wrapper,0,0,False
BIN_8078638,injected,1,1,False
BIN_8079227,wrapper,0,0,False
BIN_8079245,wrapper,1,1,False
BIN_8079309,injected,1,1,False
BIN_8079449,wrapper,0,0,False
BIN_8079929,injected,0,0,False
BIN_8080641,wrapper,1,1,False
BIN_8081406,wrapper,1,1,False
BIN_8081707,wrapper,1,1,False
BIN_8082083,wrapper,1,1,False
BIN_8082463,wrapper,1,1,False
BIN_8083091,injected,0,0,False
BIN_8083459,wrapper,1,1,False
BIN_8085600,wrapper,0,0,False
BIN_8086417,wrapper,1,1,False
BIN_8088703,wrapper,0,0,False
BIN_8089856,wrapper,0,0,False
BIN_8091216,wrapper,0,0,False
BIN_8091690,wrapper,1,1,False
BIN_8091773,wrapper,0,0,False
BIN_8092679,injected,1,1,False
BIN_8092729,wrapper,0,0,False
BIN_8093144,wrapper,1,1,False
BIN_8093379,wrapper,1,1,False
BIN_8093508,wrapper,1,1,False
BIN_8094434,wrapper,0,0,False
BIN_8095248,injected,1,1,False
BIN_8096069,wrapper,0,0,False
BIN_8096111,injected,1,1,False
BIN_8096254,wrapper,1,1,False
BIN_8097260,wrapper,0,0,False
BIN_8100040,injected,0,0,False
BIN_8101185,wrapper,0,0,False
BIN_8101263,injected,1,1,False
BIN_8101312,wrapper,1,1,False
BIN_8101472,wrapper,0,0,False
BIN_8101474,wrapper,1,1,False
BIN_8102209,wrapper,1,1,False
BIN_8102324,wrapper,1,1,False
BIN_8103186,injected,0,0,False
BIN_8103825,injected,1,1,False
BIN_8104174,wrapper,1,1,False
BIN_8104278,wrapper,0,0,False
BIN_8105713,injected,1,1,False
BIN_8106040,wrapper,1,1,False
BIN_8107534,injected,1,1,False
BIN_8108202,wrapper,0,0,False
BIN_8108894,injected,1,1,False
BIN_8108977,wrapper,1,1,False
BIN_8109009,wrapper,1,1,False
BIN_8110331,wrapper,0,0,False
BIN_8111191,wrapper,1,1,False
BIN_8112056,injected,1,1,False
BIN_8112846,wrapper,1,1,False
BIN_8113374,wrapper,1,1,False
BIN_8113496,wrapper,1,1,False
BIN_8114841,wrapper,0,0,False
BIN_8115202,wrapper,1,1,False
BIN_8116111,wrapper,0,0,False
BIN_8116345,wrapper,1,1,False
BIN_8116474,wrapper,1,1,False
BIN_8117755,wrapper,1,1,False
BIN_8118354,wrapper,1,1,False
BIN_8120027,injected,0,0,False
BIN_8120722,wrapper,1,1,False
BIN_8121075,wrapper,1,1,False
BIN_8122063,wrapper,0,0,False
BIN_8122267,wrapper,0,0,False
BIN_8122587,injected,0,0,False
BIN_8122968,injected,0,0,False
BIN_8123329,injected,1,1,False
BIN_8123545,wrapper,1,1,False
BIN_8124373,wrapper,0,0,False
BIN_8125245,injected,1,1,False
BIN_8127512,wrapper,1,1,False
BIN_8128550,wrapper,0,0,False
BIN_8129059,wrapper,1,1,False
BIN_8129358,injected,0,0,False
BIN_8129379,injected,0,0,False
BIN_8129605,injected,1,1,False
BIN_8129913,wrapper,1,1,False
BIN_8130370,injected,0,0,False
BIN_8131246,wrapper,1,1,False
BIN_8132769,injected,0,0,False
BIN_8133135,injected,0,0,False
BIN_8133229,wrapper,0,0,False
BIN_8134242,injected,0,0,False
BIN_8134586,wrapper,0,0,False
BIN_8134982,injected,1,1,False
BIN_8135996,wrapper,0,0,False
BIN_8136304,wrapper,1,1,False
BIN_8136789,wrapper,1,1,False
BIN_8137122,injected,0,0,False
BIN_8137467,wrapper,1,1,False
BIN_8138242,wrapper,1,1,False
BIN_8140135,wrapper,1,1,False
BIN_8140149,injected,1,1,False
BIN_8141233,wrapper,1,1,False
BIN_8141666,injected,0,0,False
BIN_8142887,wrapper,0,0,False
BIN_8143266,wrapper,1,1,False
BIN_8143411,wrapper,1,1,False
BIN_8143535,wrapper,1,1,False
BIN_8143619,wrapper,1,1,False
BIN_8144672,wrapper,0,0,False
BIN_8144687,wrapper,1,1,False
BIN_8144803,wrapper,0,0,False
BIN_8145266,wrapper,0,0,False
BIN_8145272,wrapper,0,0,False
BIN_8145842,wrapper,0,0,False
BIN_8148592,wrapper,0,0,False
BIN_8149812,injected,0,0,False
BIN_8150281,wrapper,1,1,False
BIN_8150536,injected,0,0,False
BIN_8150671,wrapper,1,1,False
BIN_8151931,wrapper,0,0,False
BIN_8153949,wrapper,1,1,False
BIN_8154177,wrapper,0,0,False
BIN_8155353,wrapper,0,0,False
BIN_8155471,wrapper,0,0,False
BIN_8155906,injected,0,0,False
BIN_8157020,injected,0,0,False
BIN_8157550,injected,1,1,False
BIN_8157580,wrapper,1,1,False
BIN_8157918,wrapper,1,1,False
BIN_8158885,wrapper,0,0,False
BIN_8159565,injected,1,1,False
BIN_8159631,wrapper,1,1,False
BIN_8159911,injected,0,0,False
BIN_8160966,wrapper,1,1,False
BIN_8161346,injected,0,0,False
BIN_8161600,wrapper,1,1,False
BIN_8161802,wrapper,0,0,False
BIN_8162677,wrapper,0,0,False
BIN_8162935,wrapper,0,0,False
BIN_8164021,wrapper,0,0,False
BIN_8164059,wrapper,0,0,False
BIN_8164314,injected,1,1,False
BIN_8164744,injected,1,1,False
BIN_8165356,wrapper,0,0,False
BIN_8165858,wrapper,1,1,False
BIN_8167824,injected,0,0,False
BIN_8168468,wrapper,1,1,False
BIN_8169103,injected,0,0,False
BIN_8169128,wrapper,0,0,False
BIN_8170233,wrapper,0,0,False
BIN_8170238,wrapper,0,0,False
BIN_8172779,wrapper,1,1,False
BIN_8173103,wrapper,0,0,False
BIN_8173834,injected,1,1,False
BIN_8174034,wrapper,1,1,False
BIN_8174262,wrapper,1,1,False
BIN_8175366,wrapper,0,0,False
BIN_8176896,injected,0,0,False
BIN_8177374,injected,1,1,False
BIN_8177401,injected,1,1,False
BIN_8179207,injected,1,1,False
BIN_8180185,injected,0,0,False
BIN_8181756,wrapper,1,1,False
BIN_8182640,injected,0,0,False
BIN_8182682,wrapper,1,1,False
BIN_8184021,wrapper,1,1,False
BIN_8184158,wrapper,1,1,False
BIN_8185006,wrapper,0,0,False
BIN_8185778,wrapper,0,0,False
BIN_8185918,wrapper,0,0,False
BIN_8186307,injected,0,0,False
BIN_8186511,wrapper,0,0,False
BIN_8186936,injected,1,1,False
BIN_8187078,wrapper,0,0,False
BIN_8187414,wrapper,1,1,False
BIN_8188308,wrapper,1,1,False
BIN_8189078,wrapper,0,0,False
BIN_8189593,wrapper,1,1,False
BIN_8189742,injected,1,1,False
BIN_8189861,wrapper,0,0,False
BIN_8189886,wrapper,0,0,False
BIN_8189954,injected,0,0,False
BIN_8190781,injected,0,0,False
BIN_8190970,wrapper,1,1,False
BIN_8191051,injected,0,0,False
BIN_8191789,wrapper,0,0,False
BIN_8192740,wrapper,1,1,False
BIN_8192938,injected,1,1,False
BIN_8192943,injected,0,0,False
BIN_8193013,wrapper,0,0,False
BIN_8193576,wrapper,1,1,False
BIN_8193968,wrapper,0,0,False
BIN_8194414,wrapper,1,1,False
BIN_8194918,wrapper,1,1,False
BIN_8194938,wrapper,0,0,False
BIN_8195746,wrapper,0,0,False
BIN_8195933,wrapper,0,0,False
BIN_8197047,injected,1,1,False
BIN_8197416,wrapper,1,1,False
BIN_8199527,wrapper,1,1,False
BIN_8199828,wrapper,0,0,False
BIN_8200293,wrapper,1,1,False
BIN_8201637,injected,0,0,False
BIN_8202697,injected,1,1,False
BIN_8203337,wrapper,1,1,False
BIN_8203725,injected,1,1,False
BIN_8203924,injected,0,0,False
BIN_8204209,wrapper,1,1,False
BIN_8204263,wrapper,0,0,False
BIN_8204369,wrapper,0,0,False
BIN_8205315,injected,1,1,False
BIN_8205661,injected,0,0,False
BIN_8206924,wrapper,0,0,False
BIN_8206961,wrapper,0,0,False
BIN_8207738,wrapper,0,0,False
BIN_8207760,wrapper,0,0,False
BIN_8208506,injected,0,0,False
BIN_8209988,wrapper,0,0,False
BIN_8212330,wrapper,1,1,False
BIN_8213035,injected,1,1,False
BIN_8214498,wrapper,1,1,False
BIN_8215933,wrapper,1,1,False
BIN_8216682,injected,0,0,False
BIN_8216843,wrapper,1,1,False
BIN_8217127,injected,0,0,False
BIN_8217705,wrapper,0,0,False
BIN_8217997,injected,1,1,False
BIN_8218378,wrapper,0,0,False
BIN_8220135,wrapper,1,1,False
BIN_8220736,wrapper,1,1,False
BIN_8222089,wrapper,0,0,False
BIN_8222116,injected,1,1,False
BIN_8222512,wrapper,1,1,False
BIN_8222515,injected,0,0,False
BIN_8222621,wrapper,1,1,False
BIN_8223148,wrapper,1,1,False
BIN_8223202,wrapper,0,0,False
BIN_8223807,wrapper,0,0,False
BIN_8226208,injected,1,1,False
BIN_8226443,injected,0,0,False
BIN_8226637,wrapper,0,0,False
BIN_8227752,injected,1,1,False
BIN_8227758,wrapper,1,1,False
BIN_8227960,wrapper,0,0,False
BIN_8228107,wrapper,1,1,False
BIN_8228317,wrapper,0,0,False
BIN_8228891,injected,0,0,False
BIN_8230402,injected,0,0,False
BIN_8232092,wrapper,0,0,False
BIN_8232277,wrapper,0,0,False
BIN_8235449,wrapper,1,1,False
BIN_8235965,injected,1,1,False
BIN_8236883,injected,1,1,False
BIN_8237335,wrapper,0,0,False
BIN_8237424,wrapper,0,0,False
BIN_8237579,wrapper,0,0,False
BIN_8238268,wrapper,0,0,False
BIN_8238330,injected,1,1,False
BIN_8238756,wrapper,1,1,False
BIN_8239042,injected,0,0,False
BIN_8239963,wrapper,1,1,False
BIN_8240016,wrapper,1,1,False
BIN_8240034,wrapper,0,0,False
BIN_8240369,wrapper,0,0,False
BIN_8240387,wrapper,1,1,False
BIN_8240624,injected,0,0,False
BIN_8240740,wrapper,0,0,False
BIN_8240985,wrapper,0,0,False
BIN_8242962,wrapper,1,1,False
BIN_8245441,injected,1,1,False
BIN_8246062,wrapper,1,1,False
BIN_8246519,wrapper,1,1,False
BIN_8246545,wrapper,1,1,False
BIN_8248501,wrapper,0,0,False
BIN_8248833,wrapper,1,1,False
BIN_8249304,wrapper,1,1,False
BIN_8249681,wrapper,1,1,False
BIN_8250001,injected,1,1,False
BIN_8250277,wrapper,1,1,False
BIN_8252112,injected,0,0,False
BIN_8252483,wrapper,0,0,False
BIN_8252946,injected,1,1,False
BIN_8253295,wrapper,0,0,False
BIN_8253321,wrapper,1,1,False
BIN_8254514,wrapper,0,0,False
BIN_8255045,wrapper,1,1,False
BIN_8256183,injected,0,0,False
BIN_8256280,wrapper,1,1,False
BIN_8256660,wrapper,1,1,False
BIN_8256744,wrapper,1,1,False
BIN_8257056,wrapper,1,1,False
BIN_8257144,wrapper,1,1,False
BIN_8257487,wrapper,1,1,False
BIN_8257495,wrapper,0,0,False
BIN_8257729,injected,0,0,False
BIN_8258354,wrapper,1,1,False
BIN_8258909,injected,1,1,False
BIN_8259663,wrapper,1,1,False
BIN_8261364,wrapper,1,1,False
BIN_8261799,injected,0,0,False
BIN_8261835,wrapper,1,1,False
BIN_8262559,injected,0,0,False
BIN_8262916,wrapper,1,1,False
BIN_8262990,injected,0,0,False
BIN_8263898,wrapper,0,0,False
BIN_8264385,wrapper,1,1,False
BIN_8264644,wrapper,0,0,False
BIN_8264928,injected,1,1,False
BIN_8265206,wrapper,0,0,False
BIN_8265224,wrapper,1,1,False
BIN_8265273,injected,0,0,False
BIN_8265810,wrapper,1,1,False
BIN_8265822,wrapper,1,1,False
BIN_8267174,wrapper,1,1,False
BIN_8267284,wrapper,0,0,False
BIN_8267701,wrapper,0,0,False
BIN_8268248,wrapper,0,0,False
BIN_8268695,wrapper,0,0,False
BIN_8269040,wrapper,0,0,False
BIN_8269733,wrapper,0,0,False
BIN_8270471,wrapper,0,0,False
BIN_8270686,wrapper,1,1,False
BIN_8271540,wrapper,0,0,False
BIN_8271930,wrapper,0,0,False
BIN_8272772,wrapper,1,1,False
BIN_8272892,injected,0,0,False
BIN_8273230,injected,0,0,False
BIN_8275220,wrapper,0,0,False
BIN_8275367,wrapper,0,0,False
BIN_8276404,wrapper,1,1,False
BIN_8277065,wrapper,1,1,False
BIN_8277681,injected,1,1,False
BIN_8278014,wrapper,1,1,False
BIN_8278366,injected,0,0,False
BIN_8280124,wrapper,1,1,False
BIN_8280859,wrapper,0,0,False
BIN_8281913,wrapper,0,0,False
BIN_8282446,wrapper,1,1,False
BIN_8283117,wrapper,1,1,False
BIN_8283318,wrapper,0,0,False
BIN_8283472,wrapper,1,1,False
BIN_8284017,injected,1,1,False
BIN_8284159,wrapper,0,0,False
BIN_8285576,wrapper,0,0,False
BIN_8285927,wrapper,0,0,False
BIN_8286781,injected,0,0,False
BIN_8286808,wrapper,1,1,False
BIN_8286817,injected,1,1,False
BIN_8286932,wrapper,0,0,False
BIN_8287467,wrapper,1,1,False
BIN_8287731,wrapper,0,0,False
BIN_8287880,wrapper,0,0,False
BIN_8287882,wrapper,1,1,False
BIN_8288181,wrapper,0,0,False
BIN_8289777,wrapper,1,1,False
BIN_8290400,wrapper,0,0,False
BIN_8290488,injected,1,1,False
BIN_8290628,wrapper,0,0,False
BIN_8291183,injected,0,0,False
BIN_8291521,wrapper,0,0,False
BIN_8291613,wrapper,0,0,False
BIN_8291697,injected,1,1,False
BIN_8292834,wrapper,1,1,False
BIN_8292847,wrapper,0,0,False
BIN_8293106,wrapper,0,0,False
BIN_8293138,injected,1,1,False
BIN_8293489,injected,1,1,False
BIN_8293551,injected,1,1,False
BIN_8294439,injected,1,1,False
BIN_8295141,wrapper,0,0,False
BIN_8295849,wrapper,0,0,False
BIN_8296030,wrapper,1,1,False
BIN_8298071,wrapper,1,1,False
BIN_8298928,wrapper,0,0,False
BIN_8299078,wrapper,0,0,False
BIN_8299145,wrapper,1,1,False
BIN_8299449,wrapper,1,1,False
BIN_8301155,injected,1,1,False
BIN_8301768,wrapper,1,1,False
BIN_8302330,injected,1,1,False
BIN_8303172,wrapper,0,0,False
BIN_8305085,wrapper,0,0,False
BIN_8305436,wrapper,1,1,False
BIN_8305714,wrapper,0,0,False
BIN_8305790,injected,0,0,False
BIN_8306314,wrapper,1,1,False
BIN_8306335,wrapper,0,0,False
BIN_8306567,wrapper,1,1,False
BIN_8307112,injected,0,0,False
BIN_8307425,injected,0,0,False
BIN_8308240,wrapper,1,1,False
BIN_8310040,wrapper,0,0,False
BIN_8310280,wrapper,0,0,False
BIN_8310925,injected,1,1,False
BIN_8312273,wrapper,0,0,False
BIN_8312340,injected,0,0,False
BIN_8312831,wrapper,0,0,False
BIN_8313044,wrapper,1,1,False
BIN_8313197,wrapper,1,1,False
BIN_8314623,wrapper,1,1,False
BIN_8314956,wrapper,1,1,False
BIN_8317647,wrapper,1,1,False
BIN_8318129,wrapper,0,0,False
BIN_8318331,wrapper,0,0,False
BIN_8318427,wrapper,1,1,False
BIN_8318481,injected,1,1,False
BIN_8318714,wrapper,1,1,False
BIN_8319758,wrapper,1,1,False
BIN_8319997,wrapper,0,0,False
BIN_8320745,wrapper,1,1,False
BIN_8320808,wrapper,0,0,False
BIN_8322235,wrapper,1,1,False
BIN_8322279,wrapper,1,1,False
BIN_8322305,injected,0,0,False
BIN_8323019,wrapper,0,0,False
BIN_8323330,wrapper,1,1,False
BIN_8323413,wrapper,0,0,False
BIN_8323577,wrapper,1,1,False
BIN_8323905,wrapper,1,1,False
BIN_8324657,wrapper,1,1,False
BIN_8324860,wrapper,0,0,False
BIN_8325203,wrapper,0,0,False
BIN_8326315,wrapper,1,1,False
BIN_8326695,wrapper,0,0,False
BIN_8330262,wrapper,0,0,False
BIN_8331765,wrapper,1,1,False
BIN_8331983,wrapper,1,1,False
BIN_8332375,wrapper,1,1,False
BIN_8332655,wrapper,0,0,False
BIN_8333057,wrapper,1,1,False
BIN_8334260,wrapper,1,1,False
BIN_8335388,wrapper,1,1,False
BIN_8335587,wrapper,0,0,False
BIN_8336224,wrapper,1,1,False
BIN_8337536,wrapper,0,0,False
BIN_8339026,wrapper,1,1,False
BIN_8339615,wrapper,1,1,False
BIN_8342524,wrapper,1,1,False
BIN_8342682,wrapper,1,1,False
BIN_8343444,injected,0,0,False
BIN_8344013,wrapper,0,0,False
BIN_8344503,wrapper,1,1,False
BIN_8344913,injected,0,0,False
BIN_8346057,injected,1,1,False
BIN_8346538,injected,0,0,False
BIN_8347793,wrapper,0,0,False
BIN_8348059,wrapper,0,0,False
BIN_8348601,wrapper,0,0,False
BIN_8348663,wrapper,0,0,False
BIN_8348904,wrapper,1,1,False
BIN_8349388,injected,1,1,False
BIN_8350027,injected,0,0,False
BIN_8350295,injected,1,1,False
BIN_8351600,injected,1,1,False
BIN_8352096,wrapper,1,1,False
BIN_8352264,wrapper,0,0,False
BIN_8352511,wrapper,0,0,False
BIN_8354305,injected,0,0,False
BIN_8354408,injected,0,0,False
BIN_8354618,injected,1,1,False
BIN_8354877,wrapper,1,1,False
BIN_8355035,wrapper,0,0,False
BIN_8355347,wrapper,1,1,False
BIN_8356372,injected,0,0,False
BIN_8357158,injected,1,1,False
BIN_8358168,injected,1,1,False
BIN_8358746,injected,0,0,False
BIN_8358856,injected,0,0,False
BIN_8359071,wrapper,0,0,False
BIN_8359243,wrapper,1,1,False
BIN_8360225,wrapper,1,1,False
BIN_8360967,wrapper,0,0,False
BIN_8361018,injected,1,1,False
BIN_8361056,wrapper,0,0,False
BIN_8361128,injected,0,0,False
BIN_8361378,injected,0,0,False
BIN_8362969,wrapper,0,0,False
BIN_8363323,wrapper,0,0,False
BIN_8364311,injected,0,0,False
BIN_8364418,wrapper,0,0,False
BIN_8364517,injected,1,1,False
BIN_8364888,wrapper,1,1,False
BIN_8364942,wrapper,1,1,False
BIN_8365448,wrapper,1,1,False
BIN_8365627,wrapper,0,0,False
BIN_8368711,wrapper,0,0,False
BIN_8368726,injected,0,0,False
BIN_8369633,wrapper,0,0,False
BIN_8369754,wrapper,0,0,False
BIN_8370446,injected,0,0,False
BIN_8370458,injected,0,0,False
BIN_8371191,injected,0,0,False
BIN_8372005,injected,0,0,False
BIN_8372306,wrapper,1,1,False
BIN_8372990,injected,0,0,False
BIN_8373276,wrapper,1,1,False
BIN_8373367,injected,0,0,False
BIN_8373578,wrapper,0,0,False
BIN_8374926,wrapper,0,0,False
BIN_8374958,wrapper,0,0,False
BIN_8375227,wrapper,1,1,False
BIN_8375997,wrapper,1,1,False
BIN_8376176,injected,1,1,False
BIN_8376789,wrapper,1,1,False
BIN_8377289,wrapper,1,1,False
BIN_8378450,injected,0,0,False
BIN_8378579,wrapper,0,0,False
BIN_8379497,wrapper,0,0,False
BIN_8380062,wrapper,1,1,False
BIN_8380307,wrapper,1,1,False
BIN_8380916,wrapper,1,1,False
BIN_8381094,injected,0,0,False
BIN_8381606,injected,1,1,False
BIN_8382261,wrapper,1,1,False
BIN_8382309,injected,1,1,False
BIN_8382495,wrapper,1,1,False
BIN_8384003,wrapper,0,0,False
BIN_8384293,wrapper,1,1,False
BIN_8384419,wrapper,1,1,False
BIN_8384710,wrapper,0,0,False
BIN_8385018,injected,0,0,False
BIN_8385418,wrapper,1,1,False
BIN_8385454,wrapper,0,0,False
BIN_8385513,wrapper,1,1,False
BIN_8385556,wrapper,0,0,False
BIN_8386441,wrapper,1,1,False
BIN_8387362,injected,1,1,False
BIN_8388561,injected,1,1,False
BIN_8388962,wrapper,0,0,False
BIN_8388970,wrapper,0,0,False
BIN_8389448,wrapper,0,0,False
BIN_8390792,wrapper,0,0,False
BIN_8391201,injected,0,0,False
BIN_8391239,wrapper,0,0,False
BIN_8391655,wrapper,1,1,False
BIN_8392336,wrapper,1,1,False
BIN_8392359,injected,1,1,False
BIN_8393230,wrapper,1,1,False
BIN_8394234,wrapper,0,0,False
BIN_8394620,wrapper,0,0,False
BIN_8394696,injected,1,1,False
BIN_8397061,wrapper,0,0,False
BIN_8398204,injected,1,1,False
BIN_8399593,injected,1,1,False
BIN_8399971,wrapper,0,0,False
BIN_8400584,injected,0,0,False
BIN_8401681,wrapper,0,0,False
BIN_8402197,injected,0,0,False
BIN_8402384,wrapper,1,1,False
BIN_8402507,wrapper,0,0,False
BIN_8402516,wrapper,0,0,False
BIN_8402841,wrapper,0,0,False
BIN_8403382,wrapper,1,1,False
BIN_8403841,injected,0,0,False
BIN_8404060,wrapper,0,0,False
BIN_8404190,wrapper,1,1,False
BIN_8404370,injected,0,0,False
BIN_8405079,wrapper,1,1,False
BIN_8405507,wrapper,1,1,False
BIN_8405536,wrapper,0,0,False
BIN_8405631,wrapper,0,0,False
BIN_8405670,wrapper,1,1,False
BIN_8406157,wrapper,1,1,False
BIN_8406262,injected,1,1,False
BIN_8407117,wrapper,0,0,False
BIN_8409421,injected,1,1,False
BIN_8410325,wrapper,1,1,False
BIN_8411075,injected,0,0,False
BIN_8412258,wrapper,1,1,False
BIN_8412339,wrapper,1,1,False
BIN_8413774,wrapper,0,0,False
BIN_8414428,wrapper,1,1,False
BIN_8415542,wrapper,1,1,False
BIN_8416156,wrapper,0,0,False
BIN_8416254,wrapper,0,0,False
BIN_8416276,wrapper,0,0,False
BIN_8417734,wrapper,1,1,False
BIN_8417945,injected,1,1,False
BIN_8418126,wrapper,1,1,False
BIN_8418475,wrapper,0,0,False
BIN_8419319,injected,0,0,False
BIN_8419712,injected,0,0,False
BIN_8419760,injected,0,0,False
BIN_8420659,wrapper,1,1,False
BIN_8420760,injected,1,1,False
BIN_8420945,injected,0,0,False
BIN_8420979,injected,0,0,False
BIN_8421488,wrapper,0,0,False
BIN_8421607,wrapper,1,1,False
BIN_8422033,wrapper,1,1,False
BIN_8422322,wrapper,1,1,False
BIN_8422826,injected,0,0,False
BIN_8423098,wrapper,1,1,False
BIN_8423590,wrapper,1,1,False
BIN_8424688,wrapper,1,1,False
BIN_8425556,wrapper,0,0,False
BIN_8426108,wrapper,1,1,False
BIN_8426544,injected,1,1,False
BIN_8428702,wrapper,0,0,False
BIN_8428896,injected,0,0,False
BIN_8429386,wrapper,1,1,False
BIN_8429804,wrapper,0,0,False
BIN_8429949,wrapper,1,1,False
BIN_8433340,injected,0,0,False
BIN_8433463,wrapper,1,1,False
BIN_8433700,wrapper,1,1,False
BIN_8434567,wrapper,0,0,False
BIN_8435349,wrapper,1,1,False
BIN_8435365,injected,0,0,False
BIN_8436361,wrapper,0,0,False
BIN_8436363,wrapper,0,0,False
BIN_8438198,wrapper,1,1,False
BIN_8440635,wrapper,0,0,False
BIN_8441356,wrapper,1,1,False
BIN_8441732,wrapper,0,0,False
BIN_8443584,wrapper,1,1,False
BIN_8444699,wrapper,1,1,False
BIN_8445818,wrapper,0,0,False
BIN_8445887,wrapper,1,1,False
BIN_8446276,wrapper,1,1,False
BIN_8446308,injected,1,1,False
BIN_8447094,wrapper,1,1,False
BIN_8447728,wrapper,1,1,False
BIN_8448479,wrapper,0,0,False
BIN_8449832,injected,1,1,False
BIN_8450516,injected,0,0,False
BIN_8452637,injected,1,1,False
BIN_8453460,wrapper,0,0,False
BIN_8454613,wrapper,1,1,False
BIN_8456178,injected,1,1,False
BIN_8456238,wrapper,0,0,False
BIN_8456961,wrapper,1,1,False
BIN_8457107,wrapper,1,1,False
BIN_8457667,wrapper,1,1,False
BIN_8458409,wrapper,0,0,False
BIN_8459207,wrapper,0,0,False
BIN_8460297,injected,1,1,False
BIN_8460427,injected,1,1,False
BIN_8461776,injected,1,1,False
BIN_8462256,wrapper,0,0,False
BIN_8462522,injected,0,0,False
BIN_8462807,wrapper,1,1,False
BIN_8462934,wrapper,1,1,False
BIN_8463514,wrapper,1,1,False
BIN_8463660,wrapper,0,0,False
BIN_8467140,wrapper,0,0,False
BIN_8467263,injected,0,0,False
BIN_8467352,injected,1,1,False
BIN_8467380,wrapper,1,1,False
BIN_8467392,injected,1,1,False
BIN_8467498,wrapper,1,1,False
BIN_8467878,wrapper,0,0,False
BIN_8468191,injected,1,1,False
BIN_8468604,wrapper,1,1,False
BIN_8468702,wrapper,1,1,False
BIN_8470332,wrapper,0,0,False
BIN_8471197,wrapper,0,0,False
BIN_8471702,injected,1,1,False
BIN_8472175,wrapper,1,1,False
BIN_8473779,wrapper,1,1,False
BIN_8473876,wrapper,0,0,False
BIN_8474133,wrapper,0,0,False
BIN_8474545,wrapper,1,1,False
BIN_8475043,injected,1,1,False
BIN_8475116,wrapper,1,1,False
BIN_8475690,injected,0,0,False
BIN_8476360,wrapper,1,1,False
BIN_8477827,injected,0,0,False
BIN_8478551,wrapper,0,0,False
BIN_8480061,wrapper,1,1,False
BIN_8480538,wrapper,1,1,False
BIN_8480555,wrapper,0,0,False
BIN_8480641,wrapper,0,0,False
BIN_8482238,injected,0,0,False
BIN_8482405,wrapper,0,0,False
BIN_8482715,wrapper,1,1,False
BIN_8484526,wrapper,1,1,False
BIN_8484907,injected,1,1,False
BIN_8486497,wrapper,1,1,False
BIN_8486526,injected,0,0,False
BIN_8486696,injected,1,1,False
BIN_8487099,wrapper,1,1,False
BIN_8487318,wrapper,1,1,False
BIN_8487702,wrapper,1,1,False
BIN_8488335,wrapper,0,0,False
BIN_8488399,injected,0,0,False
BIN_8488556,wrapper,1,1,False
BIN_8490228,injected,0,0,False
BIN_8490415,injected,0,0,False
BIN_8492382,injected,1,1,False
BIN_8492874,wrapper,0,0,False
BIN_8493070,injected,0,0,False
BIN_8493205,wrapper,1,1,False
BIN_8493536,wrapper,0,0,False
BIN_8494034,wrapper,1,1,False
BIN_8496444,injected,0,0,False
BIN_8497114,injected,1,1,False
BIN_8497399,injected,1,1,False
BIN_8498364,wrapper,0,0,False
BIN_8498449,wrapper,0,0,False
BIN_8499020,injected,1,1,False
BIN_8499058,wrapper,0,0,False
BIN_8500476,wrapper,1,1,False
BIN_8502263,wrapper,0,0,False
BIN_8502899,wrapper,0,0,False
BIN_8505154,injected,1,1,False
BIN_8505921,wrapper,0,0,False
BIN_8506074,wrapper,1,1,False
BIN_8506188,injected,0,0,False
BIN_8506327,wrapper,0,0,False
BIN_8506627,wrapper,1,1,False
BIN_8506931,wrapper,1,1,False
BIN_8507011,wrapper,0,0,False
BIN_8507864,wrapper,0,0,False
BIN_8508366,wrapper,1,1,False
BIN_8508696,injected,0,0,False
BIN_8508918,injected,1,1,False
BIN_8509796,wrapper,0,0,False
BIN_8509804,wrapper,1,1,False
BIN_8509815,injected,0,0,False
BIN_8509869,wrapper,1,1,False
BIN_8511115,wrapper,1,1,False
BIN_8511564,wrapper,1,1,False
BIN_8513532,injected,0,0,False
BIN_8513724,wrapper,1,1,False
BIN_8513840,injected,1,1,False
BIN_8514605,injected,0,0,False
BIN_8515356,wrapper,0,0,False
BIN_8516571,wrapper,0,0,False
BIN_8516880,wrapper,0,0,False
BIN_8517546,injected,0,0,False
BIN_8517680,wrapper,0,0,False
BIN_8518239,injected,1,1,False
BIN_8519017,injected,0,0,False
BIN_8519045,wrapper,1,1,False
BIN_8520013,wrapper,1,1,False
BIN_8521632,wrapper,0,0,False
BIN_8522269,wrapper,0,0,False
BIN_8522814,wrapper,0,0,False
BIN_8522851,wrapper,1,1,False
BIN_8523594,wrapper,1,1,False
BIN_8524784,injected,0,0,False
BIN_8528255,injected,1,1,False
BIN_8528473,injected,1,1,False
BIN_8528576,wrapper,1,1,False
BIN_8529176,wrapper,1,1,False
BIN_8529199,wrapper,1,1,False
BIN_8529428,wrapper,1,1,False
BIN_8529532,injected,1,1,False
BIN_8529781,injected,0,0,False
BIN_8529912,wrapper,0,0,False
BIN_8530273,wrapper,0,0,False
BIN_8530623,injected,0,0,False
BIN_8530863,wrapper,1,1,False
BIN_8531279,wrapper,1,1,False
BIN_8531588,injected,0,0,False
BIN_8533900,wrapper,1,1,False
BIN_8534144,wrapper,0,0,False
BIN_8535130,injected,1,1,False
BIN_8536319,injected,0,0,False
BIN_8536466,wrapper,0,0,False
BIN_8537998,injected,0,0,False
BIN_8538791,wrapper,0,0,False
BIN_8539336,wrapper,1,1,False
BIN_8540652,wrapper,0,0,False
BIN_8542157,wrapper,1,1,False
BIN_8542449,wrapper,0,0,False
BIN_8542825,injected,1,1,False
BIN_8543661,wrapper,0,0,False
BIN_8543866,injected,0,0,False
BIN_8544208,wrapper,1,1,False
BIN_8545327,wrapper,1,1,False
BIN_8545995,wrapper,0,0,False
BIN_8546391,wrapper,1,1,False
BIN_8548141,wrapper,0,0,False
BIN_8548703,injected,0,0,False
BIN_8548899,wrapper,1,1,False
BIN_8548954,wrapper,1,1,False
BIN_8549142,injected,0,0,False
BIN_8549239,wrapper,0,0,False
BIN_8550137,wrapper,1,1,False
BIN_8550262,wrapper,1,1,False
BIN_8550865,wrapper,0,0,False
BIN_8551213,injected,0,0,False
BIN_8551420,wrapper,1,1,False
BIN_8552352,wrapper,0,0,False
BIN_8553642,injected,0,0,False
BIN_8553696,injected,0,0,False
BIN_8554403,injected,0,0,False
BIN_8556514,wrapper,0,0,False
BIN_8556576,wrapper,0,0,False
BIN_8557430,wrapper,0,0,False
BIN_8559006,wrapper,0,0,False
BIN_8559436,injected,1,1,False
BIN_8559586,injected,0,0,False
BIN_8560315,wrapper,1,1,False
BIN_8560887,wrapper,0,0,False
BIN_8561023,wrapper,0,0,False
BIN_8561077,wrapper,0,0,False
BIN_8562135,injected,1,1,False
BIN_8562213,injected,1,1,False
BIN_8562573,wrapper,0,0,False
BIN_8564030,wrapper,1,1,False
BIN_8564109,injected,0,0,False
BIN_8564490,wrapper,0,0,False
BIN_8564546,wrapper,0,0,False
BIN_8564589,wrapper,0,0,False
BIN_8565197,wrapper,1,1,False
BIN_8565668,wrapper,1,1,False
BIN_8565895,wrapper,1,1,False
BIN_8566914,injected,0,0,False
BIN_8567338,injected,0,0,False
BIN_8567561,injected,1,1,False
BIN_8568395,injected,1,1,False
BIN_8568891,wrapper,1,1,False
BIN_8569622,wrapper,0,0,False
BIN_8570029,injected,0,0,False
BIN_8570125,wrapper,0,0,False
BIN_8573637,injected,1,1,False
BIN_8573849,injected,1,1,False
BIN_8575321,wrapper,1,1,False
BIN_8576658,wrapper,1,1,False
BIN_8576705,wrapper,1,1,False
BIN_8576756,wrapper,0,0,False
BIN_8579399,wrapper,0,0,False
BIN_8580741,wrapper,1,1,False
BIN_8582084,injected,1,1,False
BIN_8582256,wrapper,1,1,False
BIN_8583328,injected,0,0,False
BIN_8583858,wrapper,0,0,False
BIN_8584712,injected,1,1,False
BIN_8584798,wrapper,0,0,False
BIN_8585543,injected,1,1,False
BIN_8585579,wrapper,1,1,False
BIN_8585617,wrapper,1,1,False
BIN_8585620,wrapper,1,1,False
BIN_8585636,wrapper,1,1,False
BIN_8585689,wrapper,1,1,False
BIN_8585913,wrapper,0,0,False
BIN_8586102,wrapper,1,1,False
BIN_8586125,injected,0,0,False
BIN_8586329,injected,0,0,False
BIN_8586478,injected,0,0,False
BIN_8588191,wrapper,0,0,False
BIN_8588705,wrapper,1,1,False
BIN_8589444,injected,1,1,False
BIN_8589682,wrapper,1,1,False
BIN_8589801,wrapper,0,0,False
BIN_8589895,wrapper,0,0,False
BIN_8590136,wrapper,0,0,False
BIN_8590222,injected,1,1,False
BIN_8590525,injected,1,1,False
BIN_8590991,injected,0,0,False
BIN_8591993,injected,1,1,False
BIN_8592179,wrapper,1,1,False
BIN_8592560,injected,1,1,False
BIN_8592621,wrapper,0,0,False
BIN_8592681,wrapper,1,1,False
BIN_8593076,injected,0,0,False
BIN_8594211,injected,0,0,False
BIN_8594322,wrapper,0,0,False
BIN_8594385,wrapper,0,0,False
BIN_8594882,injected,1,1,False
BIN_8594897,wrapper,0,0,False
BIN_8594981,wrapper,1,1,False
BIN_8595099,injected,0,0,False
BIN_8595675,injected,0,0,False
BIN_8595875,injected,1,1,False
BIN_8596298,wrapper,0,0,False
BIN_8598080,wrapper,1,1,False
BIN_8598284,wrapper,0,0,False
BIN_8599297,wrapper,1,1,False
BIN_8599860,wrapper,0,0,False
BIN_8600006,wrapper,1,1,False
BIN_8600193,wrapper,0,0,False
BIN_8600449,injected,1,1,False
BIN_8601874,injected,1,1,False
BIN_8601963,injected,1,1,False
BIN_8603135,injected,0,0,False
BIN_8603373,wrapper,1,1,False
BIN_8603866,injected,0,0,False
BIN_8604005,wrapper,0,0,False
BIN_8604162,injected,0,0,False
BIN_8604165,wrapper,1,1,False
BIN_8607418,injected,0,0,False
BIN_8608093,wrapper,0,0,False
BIN_8608251,wrapper,0,0,False
BIN_8608398,wrapper,1,1,False
BIN_8608490,injected,0,0,False
BIN_8609566,wrapper,1,1,False
BIN_8612243,wrapper,1,1,False
BIN_8612779,injected,1,1,False
BIN_8613011,injected,0,0,False
BIN_8613026,wrapper,0,0,False
BIN_8613815,injected,1,1,False
BIN_8614276,wrapper,1,1,False
BIN_8614365,wrapper,1,1,False
BIN_8614820,wrapper,1,1,False
BIN_8615307,wrapper,1,1,False
BIN_8616326,wrapper,0,0,False
BIN_8616448,wrapper,0,0,False
BIN_8616521,wrapper,1,1,False
BIN_8617470,wrapper,0,0,False
BIN_8617579,injected,1,1,False
BIN_8618124,injected,0,0,False
BIN_8618371,injected,0,0,False
BIN_8618811,wrapper,1,1,False
BIN_8619800,wrapper,0,0,False
BIN_8619993,wrapper,0,0,False
BIN_8620290,injected,1,1,False
BIN_8621012,injected,0,0,False
BIN_8622255,wrapper,1,1,False
BIN_8622886,wrapper,1,1,False
BIN_8624087,injected,0,0,False
BIN_8624420,wrapper,1,1,False
BIN_8624466,wrapper,1,1,False
BIN_8624913,wrapper,1,1,False
BIN_8625130,injected,0,0,False
BIN_8625825,wrapper,0,0,False
BIN_8625882,wrapper,1,1,False
BIN_8626693,wrapper,0,0,False
BIN_8628459,wrapper,0,0,False
BIN_8629193,wrapper,1,1,False
BIN_8629332,wrapper,0,0,False
BIN_8629357,wrapper,1,1,False
BIN_8629784,wrapper,1,1,False
BIN_8630048,wrapper,0,0,False
BIN_8630703,wrapper,0,0,False
BIN_8630759,injected,1,1,False
BIN_8630865,injected,1,1,False
BIN_8631212,wrapper,0,0,False
BIN_8631325,wrapper,0,0,False
BIN_8631565,wrapper,0,0,False
BIN_8631722,wrapper,1,1,False
BIN_8631836,wrapper,0,0,False
BIN_8632503,wrapper,0,0,False
BIN_8632596,wrapper,1,1,False
BIN_8633847,injected,0,0,False
BIN_8634845,injected,1,1,False
BIN_8634965,wrapper,1,1,False
BIN_8635090,wrapper,1,1,False
BIN_8635582,injected,0,0,False
BIN_8635596,wrapper,1,1,False
BIN_8636643,injected,1,1,False
BIN_8637951,wrapper,1,1,False
BIN_8639516,injected,1,1,False
BIN_8641968,wrapper,1,1,False
BIN_8642320,wrapper,0,0,False
BIN_8642997,wrapper,1,1,False
BIN_8643958,wrapper,1,1,False
BIN_8644431,wrapper,1,1,False
BIN_8644995,wrapper,0,0,False
BIN_8645845,wrapper,1,1,False
BIN_8646248,injected,0,0,False
BIN_8647064,wrapper,1,1,False
BIN_8648172,injected,0,0,False
BIN_8648476,wrapper,1,1,False
BIN_8649419,injected,0,0,False
BIN_8649600,wrapper,1,1,False
BIN_8649849,wrapper,1,1,False
BIN_8650251,injected,0,0,False
BIN_8650263,wrapper,0,0,False
BIN_8651425,wrapper,0,0,False
BIN_8652256,wrapper,1,1,False
BIN_8653509,injected,0,0,False
BIN_8654664,injected,1,1,False
BIN_8655080,wrapper,1,1,False
BIN_8657526,injected,1,1,False
BIN_8658374,wrapper,1,1,False
BIN_8659476,injected,1,1,False
BIN_8660525,injected,0,0,False
BIN_8660814,wrapper,1,1,False
BIN_8662249,wrapper,0,0,False
BIN_8662764,wrapper,1,1,False
BIN_8662978,wrapper,0,0,False
BIN_8663808,injected,1,1,False
BIN_8664332,wrapper,1,1,False
BIN_8664925,wrapper,1,1,False
BIN_8665957,injected,1,1,False
BIN_8666259,wrapper,0,0,False
BIN_8667272,wrapper,0,0,False
BIN_8667350,injected,1,1,False
BIN_8667765,wrapper,0,0,False
BIN_8667800,injected,0,0,False
BIN_8667916,wrapper,1,1,False
BIN_8668036,wrapper,1,1,False
BIN_8668216,injected,0,0,False
BIN_8668482,wrapper,0,0,False
BIN_8669113,wrapper,0,0,False
BIN_8669165,injected,1,1,False
BIN_8670412,wrapper,0,0,False
BIN_8671673,injected,0,0,False
BIN_8671722,wrapper,0,0,False
BIN_8672295,wrapper,1,1,False
BIN_8672473,wrapper,0,0,False
BIN_8672729,wrapper,0,0,False
BIN_8672761,wrapper,0,0,False
BIN_8673126,wrapper,0,0,False
BIN_8673285,wrapper,0,0,False
BIN_8674039,wrapper,1,1,False
BIN_8674490,wrapper,1,1,False
BIN_8677124,injected,0,0,False
BIN_8677228,injected,1,1,False
BIN_8677636,wrapper,1,1,False
BIN_8677928,wrapper,1,1,False
BIN_8678937,injected,0,0,False
BIN_8679030,wrapper,1,1,False
BIN_8679435,wrapper,1,1,False
BIN_8679636,wrapper,0,0,False
BIN_8680521,wrapper,0,0,False
BIN_8680763,injected,0,0,False
BIN_8680790,wrapper,1,1,False
BIN_8681497,injected,0,0,False
BIN_8681776,injected,0,0,False
BIN_8681789,wrapper,0,0,False
BIN_8682782,wrapper,1,1,False
BIN_8682800,injected,1,1,False
BIN_8683173,wrapper,1,1,False
BIN_8683204,wrapper,0,0,False
BIN_8683457,injected,0,0,False
BIN_8683789,wrapper,0,0,False
BIN_8684010,injected,0,0,False
BIN_8686224,wrapper,1,1,False
BIN_8688053,injected,0,0,False
BIN_8688495,injected,1,1,False
BIN_8688738,injected,0,0,False
BIN_8688879,wrapper,1,1,False
BIN_8690203,wrapper,1,1,False
BIN_8690428,wrapper,0,0,False
BIN_8691862,injected,0,0,False
BIN_8691886,injected,0,0,False
BIN_8692428,injected,0,0,False
BIN_8693286,wrapper,0,0,False
BIN_8693368,wrapper,1,1,False
BIN_8694774,injected,1,1,False
BIN_8695404,injected,0,0,False
BIN_8695627,wrapper,1,1,False
BIN_8695662,wrapper,1,1,False
BIN_8695983,injected,1,1,False
BIN_8696828,wrapper,0,0,False
BIN_8697286,wrapper,0,0,False
BIN_8697378,injected,0,0,False
BIN_8698297,injected,1,1,False
BIN_8698424,wrapper,0,0,False
BIN_8699006,wrapper,0,0,False
BIN_8699854,injected,1,1,False
BIN_8700330,injected,0,0,False
BIN_8700332,wrapper,0,0,False
BIN_8700482,wrapper,1,1,False
BIN_8700571,wrapper,1,1,False
BIN_8700973,wrapper,0,0,False
BIN_8701630,injected,0,0,False
BIN_8702005,injected,0,0,False
BIN_8703217,wrapper,1,1,False
BIN_8703375,wrapper,1,1,False
BIN_8703443,wrapper,0,0,False
BIN_8703551,injected,1,1,False
BIN_8704345,wrapper,1,1,False
BIN_8705300,injected,1,1,False
BIN_8705357,wrapper,1,1,False
BIN_8705444,wrapper,1,1,False
BIN_8705873,wrapper,0,0,False
BIN_8705922,wrapper,0,0,False
BIN_8706314,injected,0,0,False
BIN_8706849,injected,1,1,False
BIN_8707013,wrapper,0,0,False
BIN_8708263,injected,1,1,False
BIN_8709633,wrapper,0,0,False
BIN_8709865,wrapper,1,1,False
BIN_8710353,wrapper,1,1,False
BIN_8711331,wrapper,1,1,False
BIN_8711650,injected,0,0,False
BIN_8711736,wrapper,1,1,False
BIN_8712824,wrapper,0,0,False
BIN_8712850,wrapper,1,1,False
BIN_8713007,injected,0,0,False
BIN_8713296,wrapper,1,1,False
BIN_8715378,wrapper,0,0,False
BIN_8715382,wrapper,0,0,False
BIN_8715926,wrapper,1,1,False
BIN_8715929,wrapper,0,0,False
BIN_8716900,injected,1,1,False
BIN_8717467,injected,0,0,False
BIN_8719406,wrapper,0,0,False
BIN_8719685,wrapper,1,1,False
BIN_8720111,wrapper,1,1,False
BIN_8720383,wrapper,1,1,False
BIN_8720484,injected,0,0,False
BIN_8720652,wrapper,1,1,False
BIN_8720881,wrapper,0,0,False
BIN_8721406,injected,1,1,False
BIN_8721491,wrapper,1,1,False
BIN_8721687,injected,1,1,False
BIN_8721879,injected,1,1,False
BIN_8722520,wrapper,1,1,False
BIN_8722635,wrapper,1,1,False
BIN_8723411,wrapper,1,1,False
BIN_8723524,wrapper,1,1,False
BIN_8725019,wrapper,0,0,False
BIN_8725063,wrapper,1,1,False
BIN_8725405,injected,1,1,False
BIN_8725716,wrapper,1,1,False
BIN_8725731,wrapper,1,1,False
BIN_8726750,wrapper,0,0,False
BIN_8726799,injected,1,1,False
BIN_8727118,wrapper,1,1,False
BIN_8727321,wrapper,0,0,False
BIN_8730400,wrapper,0,0,False
BIN_8730911,injected,0,0,False
BIN_8732046,wrapper,0,0,False
BIN_8732356,wrapper,0,0,False
BIN_8732492,injected,1,1,False
BIN_8734677,injected,0,0,False
BIN_8735340,wrapper,0,0,False
BIN_8735932,wrapper,1,1,False
BIN_8736657,injected,0,0,False
BIN_8737434,wrapper,1,1,False
BIN_8738682,wrapper,1,1,False
BIN_8739225,wrapper,1,1,False
BIN_8740134,wrapper,0,0,False
BIN_8740399,injected,0,0,False
BIN_8742822,wrapper,0,0,False
BIN_8742887,injected,0,0,False
BIN_8743706,wrapper,1,1,False
BIN_8745935,injected,1,1,False
BIN_8746598,wrapper,1,1,False
BIN_8746773,wrapper,1,1,False
BIN_8747796,wrapper,1,1,False
BIN_8748642,wrapper,1,1,False
BIN_8749004,wrapper,1,1,False
BIN_8750940,injected,1,1,False
BIN_8751789,wrapper,1,1,False
BIN_8751873,injected,1,1,False
BIN_8751890,wrapper,0,0,False
BIN_8752085,wrapper,0,0,False
BIN_8752404,wrapper,1,1,False
BIN_8753282,injected,0,0,False
BIN_8754636,injected,1,1,False
BIN_8754769,wrapper,1,1,False
BIN_8754777,wrapper,0,0,False
BIN_8755493,wrapper,0,0,False
BIN_8755646,wrapper,0,0,False
BIN_8755735,wrapper,1,1,False
BIN_8755864,injected,0,0,False
BIN_8757755,injected,0,0,False
BIN_8757848,wrapper,0,0,False
BIN_8758251,wrapper,1,1,False
BIN_8758414,wrapper,1,1,False
BIN_8758686,wrapper,0,0,False
BIN_8758803,wrapper,1,1,False
BIN_8759398,injected,0,0,False
BIN_8759703,wrapper,0,0,False
BIN_8759788,wrapper,1,1,False
BIN_8759861,wrapper,0,0,False
BIN_8759898,injected,0,0,False
BIN_8759946,injected,1,1,False
BIN_8760380,wrapper,1,1,False
BIN_8760606,injected,1,1,False
BIN_8762102,wrapper,0,0,False
BIN_8762589,wrapper,1,1,False
BIN_8762662,injected,1,1,False
BIN_8763413,wrapper,1,1,False
BIN_8763473,injected,0,0,False
BIN_8764003,wrapper,0,0,False
BIN_8764282,wrapper,1,1,False
BIN_8764903,injected,0,0,False
BIN_8765002,injected,1,1,False
BIN_8765957,wrapper,1,1,False
BIN_8765995,wrapper,1,1,False
BIN_8766073,wrapper,0,0,False
BIN_8768129,injected,0,0,False
BIN_8769375,wrapper,0,0,False
BIN_8770003,injected,0,0,False
BIN_8770955,wrapper,1,1,False
BIN_8771412,injected,0,0,False
BIN_8771470,wrapper,0,0,False
BIN_8771968,injected,1,1,False
BIN_8773640,wrapper,1,1,False
BIN_8775174,wrapper,1,1,False
BIN_8775596,wrapper,1,1,False
BIN_8777035,injected,0,0,False
BIN_8777038,wrapper,1,1,False
BIN_8778488,wrapper,0,0,False
BIN_8778933,wrapper,0,0,False
BIN_8779641,wrapper,0,0,False
BIN_8780016,injected,1,1,False
BIN_8781315,wrapper,1,1,False
BIN_8781418,injected,1,1,False
BIN_8781539,wrapper,1,1,False
BIN_8782266,wrapper,1,1,False
BIN_8782293,injected,0,0,False
BIN_8784334,wrapper,1,1,False
BIN_8784385,injected,1,1,False
BIN_8785481,wrapper,1,1,False
BIN_8785627,wrapper,0,0,False
BIN_8785718,wrapper,1,1,False
BIN_8786231,wrapper,1,1,False
BIN_8786629,wrapper,0,0,False
BIN_8786713,wrapper,1,1,False
BIN_8786805,injected,0,0,False
BIN_8788104,wrapper,0,0,False
BIN_8789381,wrapper,1,1,False
BIN_8789557,injected,0,0,False
BIN_8789993,wrapper,1,1,False
BIN_8790616,injected,0,0,False
BIN_8791023,wrapper,1,1,False
BIN_8791754,injected,0,0,False
BIN_8791900,injected,1,1,False
BIN_8791939,injected,0,0,False
BIN_8792378,wrapper,0,0,False
BIN_8792531,injected,0,0,False
BIN_8792633,injected,1,1,False
BIN_8792766,wrapper,1,1,False
BIN_8793404,wrapper,0,0,False
BIN_8794072,wrapper,1,1,False
BIN_8794301,wrapper,0,0,False
BIN_8795163,wrapper,1,1,False
BIN_8795189,injected,1,1,False
BIN_8795894,injected,1,1,False
BIN_8795962,injected,0,0,False
BIN_8797558,injected,0,0,False
BIN_8797835,wrapper,0,0,False
BIN_8799423,wrapper,1,1,False
BIN_8799695,wrapper,0,0,False
BIN_8800818,injected,1,1,False
BIN_8801884,wrapper,0,0,False
BIN_8802256,wrapper,0,0,False
BIN_8802538,wrapper,1,1,False
BIN_8803318,wrapper,0,0,False
BIN_8803639,wrapper,1,1,False
BIN_8805292,injected,0,0,False
BIN_8805817,wrapper,0,0,False
BIN_8805942,wrapper,1,1,False
BIN_8806514,wrapper,0,0,False
BIN_8806618,wrapper,0,0,False
BIN_8807937,wrapper,1,1,False
BIN_8808715,injected,0,0,False
BIN_8808877,injected,1,1,False
BIN_8809558,wrapper,1,1,False
BIN_8809566,injected,1,1,False
BIN_8810184,wrapper,1,1,False
BIN_8810689,wrapper,0,0,False
BIN_8810858,wrapper,0,0,False
BIN_8811004,wrapper,0,0,False
BIN_8811036,wrapper,1,1,False
BIN_8811885,wrapper,0,0,False
BIN_8811914,wrapper,1,1,False
BIN_8812287,wrapper,0,0,False
BIN_8813392,injected,0,0,False
BIN_8813496,wrapper,1,1,False
BIN_8813615,wrapper,1,1,False
BIN_8814577,injected,0,0,False
BIN_8814957,injected,0,0,False
BIN_8815151,wrapper,0,0,False
BIN_8815155,injected,0,0,False
BIN_8815759,wrapper,0,0,False
BIN_8816377,injected,1,1,False
BIN_8817106,wrapper,1,1,False
BIN_8817882,wrapper,0,0,False
BIN_8818039,wrapper,1,1,False
BIN_8818958,wrapper,0,0,False
BIN_8820617,injected,0,0,False
BIN_8820982,wrapper,1,1,False
BIN_8823460,wrapper,1,1,False
BIN_8823581,injected,0,0,False
BIN_8824066,injected,0,0,False
BIN_8824316,wrapper,0,0,False
BIN_8825681,wrapper,0,0,False
BIN_8826298,injected,0,0,False
BIN_8826313,injected,1,1,False
BIN_8826626,injected,1,1,False
BIN_8827025,injected,0,0,False
BIN_8827094,wrapper,0,0,False
BIN_8828118,wrapper,0,0,False
BIN_8828140,injected,0,0,False
BIN_8829852,wrapper,1,1,False
BIN_8832357,injected,0,0,False
BIN_8832759,wrapper,0,0,False
BIN_8833491,injected,0,0,False
BIN_8833598,wrapper,0,0,False
BIN_8833933,wrapper,0,0,False
BIN_8834616,wrapper,1,1,False
BIN_8836087,injected,0,0,False
BIN_8836769,injected,1,1,False
BIN_8836807,wrapper,0,0,False
BIN_8838428,wrapper,0,0,False
BIN_8839629,wrapper,1,1,False
BIN_8840192,injected,1,1,False
BIN_8840930,wrapper,0,0,False
BIN_8841806,wrapper,1,1,False
BIN_8842472,wrapper,0,0,False
BIN_8842569,injected,1,1,False
BIN_8842669,injected,0,0,False
BIN_8843027,wrapper,1,1,False
BIN_8843537,wrapper,0,0,False
BIN_8843710,wrapper,0,0,False
BIN_8844197,wrapper,0,0,False
BIN_8845033,wrapper,1,1,False
BIN_8846823,wrapper,1,1,False
BIN_8847057,wrapper,1,1,False
BIN_8847405,injected,1,1,False
BIN_8847753,injected,1,1,False
BIN_8849280,injected,0,0,False
BIN_8849350,wrapper,1,1,False
BIN_8849768,wrapper,0,0,False
BIN_8849907,wrapper,0,0,False
BIN_8850240,wrapper,0,0,False
BIN_8850559,wrapper,0,0,False
BIN_8850684,wrapper,0,0,False
BIN_8851579,wrapper,0,0,False
BIN_8853163,wrapper,1,1,False
BIN_8853335,wrapper,0,0,False
BIN_8854017,wrapper,0,0,False
BIN_8854328,injected,0,0,False
BIN_8854518,wrapper,1,1,False
BIN_8854667,wrapper,0,0,False
BIN_8856275,wrapper,0,0,False
BIN_8856620,wrapper,1,1,False
BIN_8857484,wrapper,1,1,False
BIN_8858304,wrapper,0,0,False
BIN_8858478,wrapper,0,0,False
BIN_8858676,wrapper,0,0,False
BIN_8858825,wrapper,0,0,False
BIN_8860300,wrapper,1,1,False
BIN_8861917,wrapper,1,1,False
BIN_8862258,injected,1,1,False
BIN_8862343,wrapper,1,1,False
BIN_8863216,injected,1,1,False
BIN_8864396,wrapper,0,0,False
BIN_8864619,injected,1,1,False
BIN_8865089,wrapper,0,0,False
BIN_8865225,injected,0,0,False
BIN_8865529,wrapper,1,1,False
BIN_8865634,wrapper,1,1,False
BIN_8866332,injected,0,0,False
BIN_8866650,wrapper,0,0,False
BIN_8868202,wrapper,1,1,False
BIN_8869374,injected,0,0,False
BIN_8870425,wrapper,1,1,False
BIN_8870435,wrapper,0,0,False
BIN_8870850,wrapper,0,0,False
BIN_8871093,wrapper,1,1,False
BIN_8871099,wrapper,0,0,False
BIN_8871239,wrapper,1,1,False
BIN_8871711,wrapper,0,0,False
BIN_8872898,wrapper,0,0,False
BIN_8873438,wrapper,0,0,False
BIN_8873803,wrapper,0,0,False
BIN_8874010,wrapper,0,0,False
BIN_8874477,wrapper,0,0,False
BIN_8874513,wrapper,0,0,False
BIN_8874710,wrapper,1,1,False
BIN_8874782,wrapper,0,0,False
BIN_8874843,wrapper,1,1,False
BIN_8875232,injected,1,1,False
BIN_8875385,wrapper,1,1,False
BIN_8876560,wrapper,0,0,False
BIN_8877781,wrapper,0,0,False
BIN_8878920,injected,0,0,False
BIN_8880956,wrapper,1,1,False
BIN_8881077,wrapper,0,0,False
BIN_8881290,wrapper,0,0,False
BIN_8883134,injected,1,1,False
BIN_8883772,wrapper,1,1,False
BIN_8885119,wrapper,0,0,False
BIN_8885759,wrapper,0,0,False
BIN_8886446,injected,1,1,False
BIN_8887430,wrapper,1,1,False
BIN_8887507,injected,1,1,False
BIN_8887873,injected,0,0,False
BIN_8888579,injected,1,1,False
BIN_8889700,wrapper,0,0,False
BIN_8890354,wrapper,0,0,False
BIN_8892002,wrapper,1,1,False
BIN_8893796,wrapper,0,0,False
BIN_8893855,wrapper,0,0,False
BIN_8895160,wrapper,0,0,False
BIN_8895764,wrapper,1,1,False
BIN_8895880,wrapper,0,0,False
BIN_8896805,wrapper,0,0,False
BIN_8896831,wrapper,1,1,False
BIN_8898382,wrapper,0,0,False
BIN_8898876,injected,0,0,False
BIN_8900267,wrapper,0,0,False
BIN_8900360,wrapper,0,0,False
BIN_8900954,injected,0,0,False
BIN_8901223,injected,0,0,False
BIN_8902068,wrapper,0,0,False
BIN_8902325,injected,0,0,False
BIN_8903659,injected,1,1,False
BIN_8903931,wrapper,1,1,False
BIN_8904170,injected,1,1,False
BIN_8905269,injected,1,1,False
BIN_8905408,wrapper,1,1,False
BIN_8905577,injected,1,1,False
BIN_8906311,injected,1,1,False
BIN_8907488,injected,0,0,False
BIN_8908150,wrapper,1,1,False
BIN_8909534,wrapper,1,1,False
BIN_8909960,injected,0,0,False
BIN_8911066,wrapper,0,0,False
BIN_8911293,wrapper,1,1,False
BIN_8913685,injected,0,0,False
BIN_8913809,injected,1,1,False
BIN_8913855,wrapper,1,1,False
BIN_8914304,wrapper,1,1,False
BIN_8914457,wrapper,1,1,False
BIN_8914466,wrapper,0,0,False
BIN_8914574,wrapper,0,0,False
BIN_8916251,wrapper,1,1,False
BIN_8917152,wrapper,0,0,False
BIN_8917416,wrapper,0,0,False
BIN_8917515,wrapper,1,1,False
BIN_8917531,injected,1,1,False
BIN_8917890,injected,1,1,False
BIN_8918078,wrapper,0,0,False
BIN_8918628,wrapper,0,0,False
BIN_8918937,wrapper,1,1,False
BIN_8919269,injected,1,1,False
BIN_8919809,wrapper,1,1,False
BIN_8920147,injected,0,0,False
BIN_8920171,wrapper,0,0,False
BIN_8920651,wrapper,1,1,False
BIN_8920743,wrapper,1,1,False
BIN_8921081,injected,1,1,False
BIN_8921309,wrapper,1,1,False
BIN_8922914,wrapper,1,1,False
BIN_8923468,wrapper,1,1,False
BIN_8923757,wrapper,0,0,False
BIN_8924281,wrapper,1,1,False
BIN_8924343,wrapper,1,1,False
BIN_8925374,injected,0,0,False
BIN_8925744,injected,0,0,False
BIN_8926408,wrapper,0,0,False
BIN_8927064,wrapper,0,0,False
BIN_8927202,wrapper,0,0,False
BIN_8928482,wrapper,1,1,False
BIN_8929696,wrapper,1,1,False
BIN_8929834,injected,0,0,False
BIN_8929870,injected,0,0,False
BIN_8930769,wrapper,0,0,False
BIN_8931145,wrapper,0,0,False
BIN_8931491,wrapper,0,0,False
BIN_8935378,wrapper,1,1,False
BIN_8935981,injected,1,1,False
BIN_8936953,wrapper,0,0,False
BIN_8936964,wrapper,1,1,False
BIN_8937536,wrapper,0,0,False
BIN_8938075,wrapper,0,0,False
BIN_8938254,injected,0,0,False
BIN_8938724,wrapper,1,1,False
BIN_8938926,wrapper,1,1,False
BIN_8939608,wrapper,1,1,False
BIN_8939723,wrapper,1,1,False
BIN_8940708,wrapper,0,0,False
BIN_8942348,wrapper,0,0,False
BIN_8942823,wrapper,0,0,False
BIN_8943293,wrapper,0,0,False
BIN_8944101,injected,0,0,False
BIN_8944419,wrapper,0,0,False
BIN_8944978,injected,1,1,False
BIN_8945297,wrapper,0,0,False
BIN_8945848,wrapper,0,0,False
BIN_8946071,wrapper,0,0,False
BIN_8946237,injected,1,1,False
BIN_8947066,injected,1,1,False
BIN_8947732,wrapper,0,0,False
BIN_8948250,wrapper,0,0,False
BIN_8949286,wrapper,0,0,False
BIN_8949934,wrapper,0,0,False
BIN_8950121,wrapper,0,0,False
BIN_8950226,injected,0,0,False
BIN_8950381,wrapper,1,1,False
BIN_8950701,wrapper,1,1,False
BIN_8950702,injected,0,0,False
BIN_8950885,wrapper,0,0,False
BIN_8951198,wrapper,1,1,False
BIN_8951379,wrapper,1,1,False
BIN_8951651,injected,1,1,False
BIN_8952061,injected,0,0,False
BIN_8952325,wrapper,0,0,False
BIN_8953069,wrapper,1,1,False
BIN_8954311,wrapper,1,1,False
BIN_8954346,wrapper,0,0,False
BIN_8954839,wrapper,0,0,False
BIN_8955801,injected,0,0,False
BIN_8955857,injected,1,1,False
BIN_8957267,wrapper,0,0,False
BIN_8957870,injected,1,1,False
BIN_8958346,wrapper,1,1,False
BIN_8959579,wrapper,1,1,False
BIN_8959701,wrapper,0,0,False
BIN_8959813,injected,0,0,False
BIN_8960562,wrapper,1,1,False
BIN_8960905,wrapper,1,1,False
BIN_8961196,wrapper,0,0,False
BIN_8961498,injected,1,1,False
BIN_8962393,wrapper,0,0,False
BIN_8962565,wrapper,0,0,False
BIN_8962723,wrapper,0,0,False
BIN_8963371,wrapper,1,1,False
BIN_8963814,injected,1,1,False
BIN_8964432,wrapper,1,1,False
BIN_8966017,injected,1,1,False
BIN_8968052,wrapper,1,1,False
BIN_8968116,wrapper,1,1,False
BIN_8968276,injected,0,0,False
BIN_8969902,wrapper,0,0,False
BIN_8970164,injected,0,0,False
BIN_8970634,wrapper,1,1,False
BIN_8971684,wrapper,0,0,False
BIN_8972182,wrapper,1,1,False
BIN_8973150,wrapper,0,0,False
BIN_8973272,injected,0,0,False
BIN_8973899,wrapper,1,1,False
BIN_8974025,wrapper,0,0,False
BIN_8975679,injected,0,0,False
BIN_8975838,wrapper,1,1,False
BIN_8976673,wrapper,0,0,False
BIN_8978151,wrapper,1,1,False
BIN_8978244,injected,0,0,False
BIN_8978424,wrapper,0,0,False
BIN_8979701,wrapper,0,0,False
BIN_8980005,injected,0,0,False
BIN_8980473,injected,1,1,False
BIN_8980487,injected,1,1,False
BIN_8980700,injected,0,0,False
BIN_8981016,injected,0,0,False
BIN_8981152,wrapper,1,1,False
BIN_8981502,injected,1,1,False
BIN_8983042,wrapper,0,0,False
BIN_8985381,wrapper,1,1,False
BIN_8985443,wrapper,1,1,False
BIN_8986671,injected,0,0,False
BIN_8986729,wrapper,0,0,False
BIN_8987910,injected,0,0,False
BIN_8989197,wrapper,1,1,False
BIN_8989215,wrapper,1,1,False
BIN_8989361,wrapper,1,1,False
BIN_8989828,wrapper,0,0,False
BIN_8990138,wrapper,0,0,False
BIN_8990780,wrapper,1,1,False
BIN_8991975,wrapper,0,0,False
BIN_8992188,wrapper,1,1,False
BIN_8992347,injected,1,1,False
BIN_8993957,wrapper,1,1,False
BIN_8993993,wrapper,1,1,False
BIN_8994379,wrapper,1,1,False
BIN_8995273,wrapper,0,0,False
BIN_8995407,wrapper,1,1,False
BIN_8995510,wrapper,1,1,False
BIN_8995511,wrapper,1,1,False
BIN_8996301,injected,1,1,False
BIN_8996817,injected,0,0,False
BIN_8996896,wrapper,1,1,False
BIN_8996949,injected,1,1,False
BIN_8997259,injected,1,1,False
BIN_8997465,wrapper,1,1,False
BIN_8998855,injected,0,0,False
BIN_8999661,wrapper,0,0,False
BIN_8999807,wrapper,0,0,False
BIN_9000073,wrapper,0,0,False
BIN_9000171,wrapper,0,0,False
BIN_9000466,wrapper,1,1,False
BIN_9001103,injected,1,1,False
BIN_9001556,injected,0,0,False
BIN_9002164,injected,1,1,False
BIN_9002776,wrapper,1,1,False
BIN_9002858,injected,1,1,False
BIN_9002936,wrapper,1,1,False
BIN_9006121,wrapper,0,0,False
BIN_9007677,wrapper,1,1,False
BIN_9008160,wrapper,1,1,False
BIN_9009131,wrapper,1,1,False
BIN_9010043,wrapper,1,1,False
BIN_9010592,injected,1,1,False
BIN_9011178,wrapper,1,1,False
BIN_9011470,wrapper,1,1,False
BIN_9012016,wrapper,1,1,False
BIN_9012148,wrapper,1,1,False
BIN_9013044,wrapper,1,1,False
BIN_9013106,wrapper,1,1,False
BIN_9013252,wrapper,1,1,False
BIN_9013570,wrapper,0,0,False
BIN_9014197,injected,1,1,False
BIN_9014507,wrapper,1,1,False
BIN_9014667,wrapper,1,1,False
BIN_9014981,wrapper,1,1,False
BIN_9017887,injected,0,0,False
BIN_9018146,wrapper,1,1,False
BIN_9018325,wrapper,0,0,False
BIN_9018353,wrapper,0,0,False
BIN_9018399,wrapper,1,1,False
BIN_9018842,injected,0,0,False
BIN_9019114,wrapper,1,1,False
BIN_9020396,injected,0,0,False
BIN_9020490,wrapper,0,0,False
BIN_9021263,injected,1,1,False
BIN_9022833,wrapper,0,0,False
BIN_9023061,wrapper,1,1,False
BIN_9023713,wrapper,0,0,False
BIN_9024134,wrapper,1,1,False
BIN_9024470,injected,1,1,False
BIN_9025435,wrapper,1,1,False
BIN_9025702,wrapper,1,1,False
BIN_9026347,wrapper,1,1,False
BIN_9027383,wrapper,1,1,False
BIN_9027403,wrapper,1,1,False
BIN_9028634,injected,1,1,False
BIN_9028974,wrapper,1,1,False
BIN_9029418,injected,0,0,False
BIN_9030779,wrapper,1,1,False
BIN_9031421,wrapper,1,1,False
BIN_9031554,injected,1,1,False
BIN_9032491,injected,1,1,False
BIN_9033899,injected,0,0,False
BIN_9034480,wrapper,1,1,False
BIN_9035257,wrapper,1,1,False
BIN_9036084,wrapper,0,0,False
BIN_9036297,wrapper,1,1,False
BIN_9037872,injected,0,0,False
BIN_9038071,wrapper,0,0,False
BIN_9038383,injected,0,0,False
BIN_9038388,wrapper,0,0,False
BIN_9039494,wrapper,0,0,False
BIN_9040646,injected,0,0,False
BIN_9040764,wrapper,0,0,False
BIN_9040779,injected,1,1,False
BIN_9040978,wrapper,0,0,False
BIN_9041508,wrapper,0,0,False
BIN_9042680,injected,0,0,False
BIN_9042983,wrapper,0,0,False
BIN_9044242,injected,0,0,False
BIN_9044374,injected,0,0,False
BIN_9044496,wrapper,1,1,False
BIN_9044621,wrapper,0,0,False
BIN_9044733,wrapper,0,0,False
BIN_9044862,injected,0,0,False
BIN_9045239,wrapper,0,0,False
BIN_9045262,injected,0,0,False
BIN_9045781,wrapper,1,1,False
BIN_9045821,wrapper,1,1,False
BIN_9047926,wrapper,0,0,False
BIN_9048429,wrapper,0,0,False
BIN_9049138,wrapper,0,0,False
BIN_9049152,wrapper,1,1,False
BIN_9050998,wrapper,1,1,False
BIN_9051384,wrapper,1,1,False
BIN_9052088,injected,0,0,False
BIN_9053916,injected,1,1,False
BIN_9054456,injected,1,1,False
BIN_9054537,injected,0,0,False
BIN_9054592,injected,1,1,False
BIN_9054891,injected,0,0,False
BIN_9055011,wrapper,1,1,False
BIN_9055072,injected,0,0,False
BIN_9056547,wrapper,1,1,False
BIN_9056888,wrapper,0,0,False
BIN_9057040,wrapper,0,0,False
BIN_9057245,injected,1,1,False
BIN_9058244,injected,1,1,False
BIN_9059954,wrapper,1,1,False
BIN_9060584,injected,1,1,False
BIN_9060797,wrapper,1,1,False
BIN_9062356,injected,0,0,False
BIN_9062919,wrapper,0,0,False
BIN_9063819,injected,1,1,False
BIN_9064483,injected,1,1,False
BIN_9065003,wrapper,1,1,False
BIN_9065578,wrapper,1,1,False
BIN_9065596,wrapper,1,1,False
BIN_9065614,wrapper,0,0,False
BIN_9065835,wrapper,1,1,False
BIN_9066211,wrapper,1,1,False
BIN_9066632,wrapper,1,1,False
BIN_9069345,wrapper,1,1,False
BIN_9069547,wrapper,0,0,False
BIN_9069980,injected,1,1,False
BIN_9070563,injected,0,0,False
BIN_9071337,wrapper,0,0,False
BIN_9071598,wrapper,1,1,False
BIN_9071720,injected,1,1,False
BIN_9071834,injected,0,0,False
BIN_9072734,injected,1,1,False
BIN_9074124,injected,1,1,False
BIN_9074326,injected,0,0,False
BIN_9076249,wrapper,0,0,False
BIN_9076362,wrapper,1,1,False
BIN_9076873,wrapper,1,1,False
BIN_9077371,injected,1,1,False
BIN_9077844,wrapper,1,1,False
BIN_9078076,wrapper,0,0,False
BIN_9078696,wrapper,0,0,False
BIN_9079262,wrapper,0,0,False
BIN_9081091,wrapper,1,1,False
BIN_9081657,injected,0,0,False
BIN_9082378,injected,1,1,False
BIN_9083192,injected,1,1,False
BIN_9084604,wrapper,0,0,False
BIN_9085012,injected,0,0,False
BIN_9087491,wrapper,1,1,False
BIN_9087673,injected,1,1,False
BIN_9090110,wrapper,0,0,False
BIN_9092462,wrapper,1,1,False
BIN_9092557,wrapper,1,1,False
BIN_9093299,wrapper,1,1,False
BIN_9093721,injected,0,0,False
BIN_9094441,wrapper,0,0,False
BIN_9094704,wrapper,1,1,False
BIN_9095594,wrapper,0,0,False
BIN_9096854,wrapper,0,0,False
BIN_9096886,wrapper,1,1,False
BIN_9097273,wrapper,1,1,False
BIN_9100705,injected,0,0,False
BIN_9101702,injected,0,0,False
BIN_9101970,wrapper,1,1,False
BIN_9104748,injected,1,1,False
BIN_9107251,injected,1,1,False
BIN_9107351,injected,1,1,False
BIN_9107723,wrapper,1,1,False
BIN_9110533,wrapper,0,0,False
BIN_9111391,injected,0,0,False
BIN_9112063,wrapper,0,0,False
BIN_9112116,wrapper,0,0,False
BIN_9112811,wrapper,0,0,False
BIN_9113217,injected,1,1,False
BIN_9114205,wrapper,0,0,False
BIN_9114236,wrapper,1,1,False
BIN_9115239,wrapper,0,0,False
BIN_9116907,wrapper,0,0,False
BIN_9117249,wrapper,1,1,False
BIN_9117329,injected,0,0,False
BIN_9118396,wrapper,0,0,False
BIN_9119126,wrapper,1,1,False
BIN_9120357,wrapper,1,1,False
BIN_9120590,wrapper,1,1,False
BIN_9122388,wrapper,1,1,False
BIN_9122936,wrapper,1,1,False
BIN_9123370,wrapper,0,0,False
BIN_9124621,injected,0,0,False
BIN_9124672,injected,1,1,False
BIN_9125804,wrapper,0,0,False
BIN_9126310,injected,1,1,False
BIN_9126931,wrapper,1,1,False
BIN_9127307,wrapper,1,1,False
BIN_9127367,injected,1,1,False
BIN_9127531,wrapper,1,1,False
BIN_9128451,wrapper,0,0,False
BIN_9128459,wrapper,1,1,False
BIN_9128726,wrapper,0,0,False
BIN_9129022,wrapper,0,0,False
BIN_9129158,injected,0,0,False
BIN_9129162,wrapper,0,0,False
BIN_9131689,injected,0,0,False
BIN_9132234,wrapper,1,1,False
BIN_9132459,wrapper,0,0,False
BIN_9132653,wrapper,0,0,False
BIN_9132711,wrapper,0,0,False
BIN_9133291,wrapper,0,0,False
BIN_9133727,wrapper,0,0,False
BIN_9134952,injected,1,1,False
BIN_9135636,wrapper,0,0,False
BIN_9136390,wrapper,0,0,False
BIN_9136643,wrapper,0,0,False
BIN_9137115,wrapper,1,1,False
BIN_9137267,wrapper,0,0,False
BIN_9137443,wrapper,1,1,False
BIN_9138862,wrapper,1,1,False
BIN_9139061,injected,1,1,False
BIN_9139759,wrapper,0,0,False
BIN_9140046,wrapper,1,1,False
BIN_9141294,wrapper,0,0,False
BIN_9141746,injected,0,0,False
BIN_9142803,wrapper,0,0,False
BIN_9143180,wrapper,1,1,False
BIN_9143642,wrapper,0,0,False
BIN_9143883,wrapper,1,1,False
BIN_9145051,injected,0,0,False
BIN_9145434,wrapper,0,0,False
BIN_9146250,injected,1,1,False
BIN_9147180,injected,0,0,False
BIN_9147588,injected,1,1,False
BIN_9148127,wrapper,1,1,False
BIN_9148389,wrapper,1,1,False
BIN_9148990,wrapper,0,0,False
BIN_9149394,injected,1,1,False
BIN_9151165,wrapper,1,1,False
BIN_9151684,injected,0,0,False
BIN_9152507,injected,1,1,False
BIN_9152945,wrapper,1,1,False
BIN_9154132,injected,1,1,False
BIN_9154403,wrapper,1,1,False
BIN_9155293,wrapper,1,1,False
BIN_9156058,injected,1,1,False
BIN_9156289,wrapper,0,0,False
BIN_9156368,wrapper,0,0,False
BIN_9156710,injected,1,1,False
BIN_9157077,injected,1,1,False
BIN_9157563,wrapper,0,0,False
BIN_9157605,injected,0,0,False
BIN_9157841,wrapper,0,0,False
BIN_9158114,wrapper,1,1,False
BIN_9158472,wrapper,1,1,False
BIN_9158631,wrapper,0,0,False
BIN_9159289,wrapper,1,1,False
BIN_9159414,wrapper,1,1,False
BIN_9159805,wrapper,1,1,False
BIN_9159915,wrapper,1,1,False
BIN_9159968,wrapper,0,0,False
BIN_9160307,wrapper,0,0,False
BIN_9160399,wrapper,1,1,False
BIN_9160542,wrapper,1,1,False
BIN_9162036,injected,0,0,False
BIN_9162230,wrapper,1,1,False
BIN_9163200,injected,1,1,False
BIN_9163468,wrapper,1,1,False
BIN_9164079,wrapper,0,0,False
BIN_9164485,wrapper,1,1,False
BIN_9165448,wrapper,1,1,False
BIN_9165650,wrapper,0,0,False
BIN_9166640,injected,1,1,False
BIN_9167056,wrapper,0,0,False
BIN_9168211,injected,1,1,False
BIN_9168377,injected,1,1,False
BIN_9169188,injected,0,0,False
BIN_9169885,wrapper,1,1,False
BIN_9169923,wrapper,1,1,False
BIN_9170360,wrapper,1,1,False
BIN_9171114,wrapper,1,1,False
BIN_9171444,wrapper,1,1,False
BIN_9173220,wrapper,1,1,False
BIN_9173430,wrapper,0,0,False
BIN_9173916,wrapper,0,0,False
BIN_9174741,injected,1,1,False
BIN_9174937,injected,0,0,False
BIN_9174990,wrapper,1,1,False
BIN_9175428,injected,1,1,False
BIN_9175455,injected,0,0,False
BIN_9176229,wrapper,1,1,False
BIN_9177061,wrapper,0,0,False
BIN_9177304,injected,0,0,False
BIN_9177679,injected,1,1,False
BIN_9177977,injected,1,1,False
BIN_9179699,wrapper,0,0,False
BIN_9179842,wrapper,0,0,False
BIN_9179946,wrapper,0,0,False
BIN_9180937,wrapper,1,1,False
BIN_9181149,injected,1,1,False
BIN_9182697,wrapper,0,0,False
BIN_9183180,wrapper,1,1,False
BIN_9183339,injected,0,0,False
BIN_9183587,wrapper,1,1,False
BIN_9183656,injected,0,0,False
BIN_9184315,wrapper,0,0,False
BIN_9184971,wrapper,0,0,False
BIN_9185583,injected,0,0,False
BIN_9186009,wrapper,1,1,False
BIN_9186042,wrapper,1,1,False
BIN_9186092,wrapper,1,1,False
BIN_9186403,wrapper,1,1,False
BIN_9187342,wrapper,1,1,False
BIN_9189242,wrapper,1,1,False
BIN_9189987,injected,0,0,False
BIN_9190191,wrapper,0,0,False
BIN_9191694,wrapper,0,0,False
BIN_9191763,wrapper,0,0,False
BIN_9192202,injected,0,0,False
BIN_9192399,wrapper,0,0,False
BIN_9192463,wrapper,1,1,False
BIN_9193277,wrapper,0,0,False
BIN_9194437,injected,0,0,False
BIN_9195614,wrapper,1,1,False
BIN_9197221,wrapper,1,1,False
BIN_9197511,injected,1,1,False
BIN_9197638,injected,1,1,False
BIN_9198499,wrapper,0,0,False
BIN_9198854,injected,0,0,False
BIN_9200066,wrapper,0,0,False
BIN_9200490,wrapper,0,0,False
BIN_9201957,wrapper,1,1,False
BIN_9201962,wrapper,0,0,False
BIN_9201975,injected,1,1,False
BIN_9202863,injected,1,1,False
BIN_9203464,injected,1,1,False
BIN_9203731,wrapper,0,0,False
BIN_9204104,injected,0,0,False
BIN_9204735,wrapper,0,0,False
BIN_9204742,injected,1,1,False
BIN_9204949,wrapper,0,0,False
BIN_9205114,wrapper,0,0,False
BIN_9205263,wrapper,0,0,False
BIN_9205362,injected,1,1,False
BIN_9205709,injected,1,1,False
BIN_9207816,wrapper,0,0,False
BIN_9208142,injected,0,0,False
BIN_9209264,wrapper,0,0,False
BIN_9209265,wrapper,0,0,False
BIN_9209604,wrapper,1,1,False
BIN_9210474,injected,0,0,False
BIN_9210544,wrapper,0,0,False
BIN_9210890,wrapper,1,1,False
BIN_9211885,wrapper,1,1,False
BIN_9212314,injected,1,1,False
BIN_9212474,wrapper,1,1,False
BIN_9213733,wrapper,1,1,False
BIN_9213852,wrapper,0,0,False
BIN_9213980,injected,1,1,False
BIN_9214296,injected,1,1,False
BIN_9214560,wrapper,0,0,False
BIN_9214616,injected,1,1,False
BIN_9216328,wrapper,0,0,False
BIN_9218165,wrapper,1,1,False
BIN_9218410,wrapper,0,0,False
BIN_9221183,wrapper,1,1,False
BIN_9222628,wrapper,0,0,False
BIN_9222841,wrapper,0,0,False
BIN_9224713,wrapper,0,0,False
BIN_9225616,wrapper,1,1,False
BIN_9226057,wrapper,0,0,False
BIN_9226772,wrapper,0,0,False
BIN_9227112,wrapper,1,1,False
BIN_9228485,wrapper,1,1,False
BIN_9228862,wrapper,1,1,False
BIN_9229098,injected,0,0,False
BIN_9229126,injected,0,0,False
BIN_9229312,wrapper,0,0,False
BIN_9229448,wrapper,0,0,False
BIN_9230972,wrapper,1,1,False
BIN_9231311,wrapper,0,0,False
BIN_9232478,wrapper,1,1,False
BIN_9233200,injected,1,1,False
BIN_9233793,injected,1,1,False
BIN_9234803,wrapper,1,1,False
BIN_9235519,wrapper,1,1,False
BIN_9236370,wrapper,0,0,False
BIN_9236512,injected,0,0,False
BIN_9236581,wrapper,1,1,False
BIN_9236739,wrapper,1,1,False
BIN_9236824,injected,0,0,False
BIN_9237117,injected,0,0,False
BIN_9238073,injected,1,1,False
BIN_9238426,injected,0,0,False
BIN_9238726,wrapper,1,1,False
BIN_9239404,wrapper,1,1,False
BIN_9240099,wrapper,0,0,False
BIN_9241982,injected,0,0,False
BIN_9242805,wrapper,0,0,False
BIN_9242824,wrapper,1,1,False
BIN_9243163,wrapper,1,1,False
BIN_9243295,injected,0,0,False
BIN_9244380,wrapper,1,1,False
BIN_9244592,wrapper,1,1,False
BIN_9245408,injected,1,1,False
BIN_9246533,injected,0,0,False
BIN_9246898,wrapper,1,1,False
BIN_9247107,wrapper,1,1,False
BIN_9248045,wrapper,0,0,False
BIN_9248259,injected,1,1,False
BIN_9249157,wrapper,1,1,False
BIN_9250927,wrapper,0,0,False
BIN_9251496,wrapper,0,0,False
BIN_9251519,wrapper,1,1,False
BIN_9251869,wrapper,0,0,False
BIN_9255339,wrapper,1,1,False
BIN_9255489,wrapper,0,0,False
BIN_9255605,wrapper,1,1,False
BIN_9255955,wrapper,1,1,False
BIN_9256125,wrapper,1,1,False
BIN_9256460,wrapper,0,0,False
BIN_9256626,wrapper,1,1,False
BIN_9256837,wrapper,1,1,False
BIN_9256933,injected,0,0,False
BIN_9256994,wrapper,0,0,False
BIN_9257355,injected,0,0,False
BIN_9257426,injected,1,1,False
BIN_9258288,wrapper,0,0,False
BIN_9258409,wrapper,1,1,False
BIN_9258788,injected,0,0,False
BIN_9260813,injected,1,1,False
BIN_9261090,wrapper,0,0,False
BIN_9262634,wrapper,0,0,False
BIN_9263348,wrapper,1,1,False
BIN_9263629,wrapper,0,0,False
BIN_9266291,injected,0,0,False
BIN_9266940,injected,0,0,False
BIN_9268013,injected,1,1,False
BIN_9268616,wrapper,0,0,False
BIN_9269406,wrapper,1,1,False
BIN_9269425,wrapper,0,0,False
BIN_9269871,wrapper,1,1,False
BIN_9271106,injected,1,1,False
BIN_9271122,wrapper,1,1,False
BIN_9272166,wrapper,0,0,False
BIN_9272761,wrapper,1,1,False
BIN_9273047,injected,1,1,False
BIN_9273050,wrapper,0,0,False
BIN_9273273,wrapper,1,1,False
BIN_9274896,injected,1,1,False
BIN_9276233,wrapper,0,0,False
BIN_9276300,wrapper,1,1,False
BIN_9276664,wrapper,1,1,False
BIN_9277288,wrapper,0,0,False
BIN_9278061,wrapper,0,0,False
BIN_9278396,wrapper,0,0,False
BIN_9281309,injected,1,1,False
BIN_9282528,wrapper,0,0,False
BIN_9283181,injected,0,0,False
BIN_9284352,wrapper,1,1,False
BIN_9284375,wrapper,0,0,False
BIN_9285124,wrapper,0,0,False
BIN_9286276,injected,1,1,False
BIN_9286640,wrapper,0,0,False
BIN_9286675,wrapper,1,1,False
BIN_9287324,wrapper,0,0,False
BIN_9287978,injected,1,1,False
BIN_9288069,wrapper,0,0,False
BIN_9288384,wrapper,0,0,False
BIN_9290601,injected,1,1,False
BIN_9290970,wrapper,0,0,False
BIN_9293118,injected,0,0,False
BIN_9293330,wrapper,1,1,False
BIN_9293590,wrapper,0,0,False
BIN_9294800,wrapper,0,0,False
BIN_9294845,wrapper,0,0,False
BIN_9295381,injected,1,1,False
BIN_9296080,wrapper,0,0,False
BIN_9296821,wrapper,0,0,False
BIN_9296931,wrapper,0,0,False
BIN_9297560,injected,1,1,False
BIN_9298130,injected,1,1,False
BIN_9298734,injected,0,0,False
BIN_9299387,wrapper,1,1,False
BIN_9300208,wrapper,0,0,False
BIN_9300288,injected,0,0,False
BIN_9301946,injected,1,1,False
BIN_9302164,injected,1,1,False
BIN_9302333,wrapper,1,1,False
BIN_9302645,wrapper,1,1,False
BIN_9302851,wrapper,1,1,False
BIN_9302870,injected,0,0,False
BIN_9303071,injected,0,0,False
BIN_9303273,wrapper,0,0,False
BIN_9304216,wrapper,0,0,False
BIN_9304685,injected,0,0,False
BIN_9304794,wrapper,0,0,False
BIN_9304895,wrapper,1,1,False
BIN_9305334,wrapper,0,0,False
BIN_9305652,injected,0,0,False
BIN_9305833,wrapper,0,0,False
BIN_9305874,wrapper,0,0,False
BIN_9306041,wrapper,0,0,False
BIN_9308075,injected,0,0,False
BIN_9309317,wrapper,0,0,False
BIN_9310213,wrapper,0,0,False
BIN_9310506,injected,0,0,False
BIN_9312039,wrapper,1,1,False
BIN_9312055,injected,1,1,False
BIN_9312298,injected,1,1,False
BIN_9312729,injected,1,1,False
BIN_9313586,injected,0,0,False
BIN_9314000,wrapper,0,0,False
BIN_9315197,wrapper,1,1,False
BIN_9315591,injected,0,0,False
BIN_9315898,wrapper,0,0,False
BIN_9316561,injected,1,1,False
BIN_9316596,injected,1,1,False
BIN_9316902,injected,1,1,False
BIN_9316983,wrapper,1,1,False
BIN_9318706,wrapper,0,0,False
BIN_9319320,wrapper,1,1,False
BIN_9319700,wrapper,0,0,False
BIN_9319703,wrapper,1,1,False
BIN_9320789,injected,0,0,False
BIN_9320816,wrapper,0,0,False
BIN_9321312,injected,0,0,False
BIN_9321803,injected,1,1,False
BIN_9321893,wrapper,1,1,False
BIN_9323077,wrapper,0,0,False
BIN_9323458,wrapper,0,0,False
BIN_9323573,injected,0,0,False
BIN_9323695,wrapper,0,0,False
BIN_9323803,wrapper,1,1,False
BIN_9324140,injected,1,1,False
BIN_9324293,wrapper,1,1,False
BIN_9326311,injected,1,1,False
BIN_9327718,wrapper,0,0,False
BIN_9328077,wrapper,0,0,False
BIN_9328272,wrapper,1,1,False
BIN_9328471,injected,1,1,False
BIN_9328583,injected,0,0,False
BIN_9328663,injected,1,1,False
BIN_9328686,injected,1,1,False
BIN_9328723,wrapper,1,1,False
BIN_9329009,injected,0,0,False
BIN_9329389,wrapper,1,1,False
BIN_9330227,injected,0,0,False
BIN_9330869,injected,1,1,False
BIN_9331257,wrapper,1,1,False
BIN_9331801,wrapper,1,1,False
BIN_9332866,injected,1,1,False
BIN_9333042,injected,0,0,False
BIN_9333214,wrapper,0,0,False
BIN_9333246,injected,0,0,False
BIN_9333674,injected,1,1,False
BIN_9333903,wrapper,0,0,False
BIN_9333951,wrapper,0,0,False
BIN_9333975,wrapper,0,0,False
BIN_9334225,injected,1,1,False
BIN_9334723,wrapper,0,0,False
BIN_9335702,wrapper,0,0,False
BIN_9335771,wrapper,1,1,False
BIN_9337143,wrapper,0,0,False
BIN_9338132,injected,1,1,False
BIN_9338448,injected,0,0,False
BIN_9340173,wrapper,1,1,False
BIN_9340209,injected,0,0,False
BIN_9341202,wrapper,1,1,False
BIN_9341286,injected,0,0,False
BIN_9341398,wrapper,0,0,False
BIN_9341417,wrapper,1,1,False
BIN_9341844,wrapper,0,0,False
BIN_9342397,wrapper,1,1,False
BIN_9343281,wrapper,1,1,False
BIN_9345080,wrapper,1,1,False
BIN_9345104,injected,1,1,False
BIN_9345419,wrapper,0,0,False
BIN_9345656,injected,0,0,False
BIN_9346118,wrapper,1,1,False
BIN_9346169,wrapper,1,1,False
BIN_9346981,injected,1,1,False
BIN_9348041,wrapper,1,1,False
BIN_9348369,injected,0,0,False
BIN_9349518,injected,1,1,False
BIN_9349639,wrapper,1,1,False
BIN_9350152,wrapper,0,0,False
BIN_9350359,wrapper,0,0,False
BIN_9350629,wrapper,0,0,False
BIN_9350932,wrapper,1,1,False
BIN_9351273,wrapper,0,0,False
BIN_9351277,wrapper,1,1,False
BIN_9351550,injected,0,0,False
BIN_9351839,injected,1,1,False
BIN_9352217,wrapper,1,1,False
BIN_9354937,wrapper,0,0,False
BIN_9357045,injected,1,1,False
BIN_9357066,injected,0,0,False
BIN_9357693,wrapper,1,1,False
BIN_9358468,injected,0,0,False
BIN_9360144,injected,0,0,False
BIN_9360833,wrapper,0,0,False
BIN_9361166,wrapper,1,1,False
BIN_9363727,injected,0,0,False
BIN_9363840,wrapper,0,0,False
BIN_9364457,injected,0,0,False
BIN_9364488,wrapper,1,1,False
BIN_9365149,injected,1,1,False
BIN_9365581,wrapper,1,1,False
BIN_9366722,wrapper,0,0,False
BIN_9367016,wrapper,0,0,False
BIN_9367861,injected,1,1,False
BIN_9367888,injected,0,0,False
BIN_9368464,wrapper,1,1,False
BIN_9368632,wrapper,0,0,False
BIN_9368688,wrapper,1,1,False
BIN_9370177,wrapper,0,0,False
BIN_9372163,wrapper,1,1,False
BIN_9372241,wrapper,0,0,False
BIN_9372444,injected,1,1,False
BIN_9372813,wrapper,0,0,False
BIN_9372963,wrapper,0,0,False
BIN_9373162,wrapper,1,1,False
BIN_9375012,wrapper,1,1,False
BIN_9375070,wrapper,1,1,False
BIN_9375261,injected,1,1,False
BIN_9377741,injected,0,0,False
BIN_9378344,injected,1,1,False
BIN_9379106,wrapper,0,0,False
BIN_9380575,wrapper,0,0,False
BIN_9381238,wrapper,0,0,False
BIN_9381495,wrapper,1,1,False
BIN_9384172,wrapper,0,0,False
BIN_9384768,wrapper,0,0,False
BIN_9384995,wrapper,0,0,False
BIN_9385020,wrapper,1,1,False
BIN_9385405,wrapper,1,1,False
BIN_9385635,wrapper,1,1,False
BIN_9386020,injected,0,0,False
BIN_9386375,wrapper,1,1,False
BIN_9386768,wrapper,0,0,False
BIN_9387188,injected,0,0,False
BIN_9387885,injected,1,1,False
BIN_9387935,wrapper,0,0,False
BIN_9388407,wrapper,0,0,False
BIN_9388730,wrapper,1,1,False
BIN_9389554,wrapper,1,1,False
BIN_9390395,wrapper,0,0,False
BIN_9391307,injected,0,0,False
BIN_9391532,wrapper,0,0,False
BIN_9391719,wrapper,1,1,False
BIN_9393137,wrapper,0,0,False
BIN_9393180,injected,0,0,False
BIN_9393380,wrapper,0,0,False
BIN_9393723,wrapper,0,0,False
BIN_9393774,injected,1,1,False
BIN_9394922,injected,1,1,False
BIN_9394957,injected,0,0,False
BIN_9395110,injected,0,0,False
BIN_9395898,wrapper,0,0,False
BIN_9396003,wrapper,1,1,False
BIN_9396025,injected,1,1,False
BIN_9396157,injected,1,1,False
BIN_9396205,injected,0,0,False
BIN_9397862,wrapper,1,1,False
BIN_9398341,injected,0,0,False
BIN_9399131,wrapper,1,1,False
BIN_9399547,wrapper,1,1,False
BIN_9400267,wrapper,0,0,False
BIN_9400646,injected,0,0,False
BIN_9400823,wrapper,0,0,False
BIN_9400825,wrapper,1,1,False
BIN_9400890,wrapper,1,1,False
BIN_9401255,injected,1,1,False
BIN_9403625,injected,0,0,False
BIN_9403656,wrapper,0,0,False
BIN_9404019,injected,0,0,False
BIN_9404191,injected,1,1,False
BIN_9405813,injected,1,1,False
BIN_9406076,wrapper,1,1,False
BIN_9406702,injected,0,0,False
BIN_9407564,wrapper,0,0,False
BIN_9407963,injected,0,0,False
BIN_9408295,injected,0,0,False
BIN_9410475,injected,1,1,False
BIN_9410683,wrapper,0,0,False
BIN_9411130,wrapper,0,0,False
BIN_9411875,injected,0,0,False
BIN_9411933,wrapper,1,1,False
BIN_9413117,wrapper,0,0,False
BIN_9414131,wrapper,1,1,False
BIN_9415459,injected,0,0,False
BIN_9415660,wrapper,0,0,False
BIN_9416333,injected,0,0,False
BIN_9416550,wrapper,0,0,False
BIN_9416765,wrapper,0,0,False
BIN_9417319,wrapper,1,1,False
BIN_9417415,wrapper,0,0,False
BIN_9418540,wrapper,1,1,False
BIN_9418618,wrapper,0,0,False
BIN_9418903,injected,1,1,False
BIN_9418919,injected,0,0,False
BIN_9418955,injected,0,0,False
BIN_9419716,wrapper,1,1,False
BIN_9420760,wrapper,0,0,False
BIN_9420791,wrapper,0,0,False
BIN_9421261,injected,1,1,False
BIN_9421487,wrapper,1,1,False
BIN_9421874,wrapper,0,0,False
BIN_9422139,injected,0,0,False
BIN_9422715,injected,0,0,False
BIN_9423401,injected,0,0,False
BIN_9424150,injected,1,1,False
BIN_9424585,wrapper,0,0,False
BIN_9426367,wrapper,0,0,False
BIN_9426475,wrapper,1,1,False
BIN_9426627,wrapper,0,0,False
BIN_9426721,injected,1,1,False
BIN_9427311,injected,0,0,False
BIN_9428223,wrapper,0,0,False
BIN_9428407,wrapper,0,0,False
BIN_9428758,injected,1,1,False
BIN_9428924,injected,1,1,False
BIN_9429110,injected,0,0,False
BIN_9429406,injected,1,1,False
BIN_9429455,injected,0,0,False
BIN_9429497,injected,1,1,False
BIN_9429538,injected,1,1,False
BIN_9429777,wrapper,0,0,False
BIN_9431039,injected,0,0,False
BIN_9431168,injected,0,0,False
BIN_9431931,injected,1,1,False
BIN_9431954,wrapper,1,1,False
BIN_9432592,injected,0,0,False
BIN_9435709,wrapper,0,0,False
BIN_9436164,injected,1,1,False
BIN_9437656,wrapper,0,0,False
BIN_9437873,injected,1,1,False
BIN_9438266,injected,1,1,False
BIN_9438337,wrapper,1,1,False
BIN_9439019,wrapper,1,1,False
BIN_9439245,wrapper,1,1,False
BIN_9440325,wrapper,0,0,False
BIN_9440494,wrapper,0,0,False
BIN_9440777,wrapper,1,1,False
BIN_9441591,wrapper,0,0,False
BIN_9441712,wrapper,0,0,False
BIN_9442183,wrapper,0,0,False
BIN_9442621,wrapper,1,1,False
BIN_9442747,injected,1,1,False
BIN_9442927,wrapper,1,1,False
BIN_9443225,wrapper,1,1,False
BIN_9443417,wrapper,1,1,False
BIN_9446048,wrapper,1,1,False
BIN_9447170,wrapper,1,1,False
BIN_9447404,wrapper,0,0,False
BIN_9447441,wrapper,1,1,False
BIN_9447781,wrapper,1,1,False
BIN_9448542,wrapper,0,0,False
BIN_9448592,injected,0,0,False
BIN_9450151,injected,0,0,False
BIN_9450475,wrapper,1,1,False
BIN_9451377,wrapper,0,0,False
BIN_9452135,wrapper,0,0,False
BIN_9452506,wrapper,1,1,False
BIN_9452741,wrapper,0,0,False
BIN_9452985,wrapper,0,0,False
BIN_9453117,wrapper,0,0,False
BIN_9453459,injected,0,0,False
BIN_9453583,wrapper,0,0,False
BIN_9454250,wrapper,0,0,False
BIN_9454470,wrapper,1,1,False
BIN_9454767,wrapper,0,0,False
BIN_9454892,wrapper,0,0,False
BIN_9455133,wrapper,0,0,False
BIN_9455173,injected,0,0,False
BIN_9455250,wrapper,1,1,False
BIN_9456127,injected,1,1,False
BIN_9456211,wrapper,0,0,False
BIN_9456590,wrapper,0,0,False
BIN_9457025,wrapper,1,1,False
BIN_9457110,wrapper,0,0,False
BIN_9458129,injected,1,1,False
BIN_9458611,injected,1,1,False
BIN_9458800,wrapper,0,0,False
BIN_9459257,wrapper,1,1,False
BIN_9459828,wrapper,1,1,False
BIN_9460508,wrapper,1,1,False
BIN_9461737,wrapper,0,0,False
BIN_9461745,wrapper,0,0,False
BIN_9462373,injected,1,1,False
BIN_9462517,wrapper,1,1,False
BIN_9463681,wrapper,0,0,False
BIN_9464286,wrapper,0,0,False
BIN_9464742,wrapper,1,1,False
BIN_9465206,injected,1,1,False
BIN_9466111,wrapper,1,1,False
BIN_9467011,wrapper,0,0,False
BIN_9467027,wrapper,0,0,False
BIN_9467879,wrapper,0,0,False
BIN_9468216,injected,1,1,False
BIN_9468616,wrapper,1,1,False
BIN_9468638,injected,1,1,False
BIN_9468838,wrapper,0,0,False
BIN_9469372,wrapper,0,0,False
BIN_9470023,wrapper,1,1,False
BIN_9470159,wrapper,0,0,False
BIN_9470366,wrapper,0,0,False
BIN_9470986,wrapper,0,0,False
BIN_9472137,injected,1,1,False
BIN_9472229,wrapper,0,0,False
BIN_9473079,injected,0,0,False
BIN_9473877,wrapper,0,0,False
BIN_9474652,injected,1,1,False
BIN_9474721,injected,0,0,False
BIN_9474937,wrapper,0,0,False
BIN_9475121,injected,0,0,False
BIN_9475241,wrapper,0,0,False
BIN_9475626,injected,0,0,False
BIN_9477009,injected,0,0,False
BIN_9477704,injected,1,1,False
BIN_9477794,injected,0,0,False
BIN_9477819,wrapper,0,0,False
BIN_9479123,injected,0,0,False
BIN_9479133,wrapper,0,0,False
BIN_9480398,wrapper,0,0,False
BIN_9480790,wrapper,0,0,False
BIN_9480843,wrapper,0,0,False
BIN_9481285,wrapper,0,0,False
BIN_9482196,injected,0,0,False
BIN_9482703,wrapper,1,1,False
BIN_9482986,wrapper,0,0,False
BIN_9483374,injected,0,0,False
BIN_9483745,wrapper,1,1,False
BIN_9485980,wrapper,0,0,False
BIN_9486586,injected,1,1,False
BIN_9486775,wrapper,0,0,False
BIN_9486949,wrapper,0,0,False
BIN_9487501,wrapper,1,1,False
BIN_9488931,injected,0,0,False
BIN_9490006,injected,1,1,False
BIN_9492453,wrapper,1,1,False
BIN_9492660,wrapper,1,1,False
BIN_9493426,wrapper,1,1,False
BIN_9493623,wrapper,1,1,False
BIN_9494635,wrapper,0,0,False
BIN_9495064,injected,0,0,False
BIN_9495193,injected,0,0,False
BIN_9495501,injected,1,1,False
BIN_9495929,injected,0,0,False
BIN_9496074,wrapper,1,1,False
BIN_9496116,wrapper,1,1,False
BIN_9497579,wrapper,0,0,False
BIN_9497939,wrapper,0,0,False
BIN_9499129,wrapper,1,1,False
BIN_9501562,wrapper,0,0,False
BIN_9501564,wrapper,1,1,False
BIN_9502048,wrapper,0,0,False
BIN_9502102,wrapper,1,1,False
BIN_9502152,wrapper,0,0,False
BIN_9502216,wrapper,1,1,False
BIN_9502354,injected,1,1,False
BIN_9503534,wrapper,1,1,False
BIN_9504520,wrapper,1,1,False
BIN_9504582,wrapper,0,0,False
BIN_9504657,wrapper,1,1,False
BIN_9505346,wrapper,0,0,False
BIN_9505513,injected,0,0,False
BIN_9505945,injected,0,0,False
BIN_9506133,injected,1,1,False
BIN_9506827,wrapper,1,1,False
BIN_9506893,wrapper,1,1,False
BIN_9507093,injected,0,0,False
BIN_9507807,wrapper,0,0,False
BIN_9508189,wrapper,0,0,False
BIN_9509174,injected,0,0,False
BIN_9509412,wrapper,0,0,False
BIN_9509425,wrapper,0,0,False
BIN_9509544,injected,0,0,False
BIN_9509933,wrapper,0,0,False
BIN_9511130,wrapper,0,0,False
BIN_9511345,wrapper,0,0,False
BIN_9511616,wrapper,0,0,False
BIN_9512223,wrapper,0,0,False
BIN_9512262,injected,1,1,False
BIN_9512854,wrapper,0,0,False
BIN_9513192,wrapper,0,0,False
BIN_9514021,wrapper,1,1,False
BIN_9514352,wrapper,0,0,False
BIN_9514473,injected,0,0,False
BIN_9515682,wrapper,1,1,False
BIN_9515925,wrapper,0,0,False
BIN_9517582,wrapper,0,0,False
BIN_9517599,wrapper,0,0,False
BIN_9517609,wrapper,1,1,False
BIN_9517886,wrapper,0,0,False
BIN_9518024,injected,0,0,False
BIN_9518218,injected,0,0,False
BIN_9518299,injected,1,1,False
BIN_9518681,wrapper,0,0,False
BIN_9522534,injected,0,0,False
BIN_9522900,injected,1,1,False
BIN_9523331,wrapper,0,0,False
BIN_9523643,wrapper,0,0,False
BIN_9523893,injected,1,1,False
BIN_9525315,wrapper,0,0,False
BIN_9525509,injected,0,0,False
BIN_9525582,wrapper,0,0,False
BIN_9526228,injected,0,0,False
BIN_9526564,injected,1,1,False
BIN_9527060,injected,0,0,False
BIN_9528044,injected,1,1,False
BIN_9528288,wrapper,0,0,False
BIN_9528300,injected,0,0,False
BIN_9529276,wrapper,1,1,False
BIN_9529363,wrapper,0,0,False
BIN_9530418,wrapper,1,1,False
BIN_9531076,wrapper,1,1,False
BIN_9531149,injected,0,0,False
BIN_9531433,wrapper,0,0,False
BIN_9531654,wrapper,1,1,False
BIN_9532553,wrapper,0,0,False
BIN_9532843,wrapper,1,1,False
BIN_9535517,injected,1,1,False
BIN_9535780,injected,0,0,False
BIN_9536172,wrapper,0,0,False
BIN_9536414,wrapper,1,1,False
BIN_9536429,wrapper,0,0,False
BIN_9536437,wrapper,1,1,False
BIN_9536683,wrapper,1,1,False
BIN_9536975,injected,0,0,False
BIN_9537104,wrapper,1,1,False
BIN_9537274,injected,0,0,False
BIN_9538755,injected,0,0,False
BIN_9539097,wrapper,0,0,False
BIN_9540471,wrapper,0,0,False
BIN_9541105,wrapper,0,0,False
BIN_9541386,wrapper,1,1,False
BIN_9541556,wrapper,1,1,False
BIN_9541832,wrapper,0,0,False
BIN_9543084,wrapper,0,0,False
BIN_9544609,wrapper,1,1,False
BIN_9545447,wrapper,0,0,False
BIN_9546072,injected,1,1,False
BIN_9547972,wrapper,0,0,False
BIN_9548645,injected,1,1,False
BIN_9549701,wrapper,0,0,False
BIN_9550470,injected,0,0,False
BIN_9550617,wrapper,0,0,False
BIN_9551130,wrapper,1,1,False
BIN_9551319,wrapper,1,1,False
BIN_9551330,injected,0,0,False
BIN_9551942,wrapper,0,0,False
BIN_9554185,wrapper,1,1,False
BIN_9555156,injected,1,1,False
BIN_9555288,injected,0,0,False
BIN_9555362,injected,0,0,False
BIN_9556071,wrapper,1,1,False
BIN_9556408,injected,1,1,False
BIN_9556562,injected,0,0,False
BIN_9557325,injected,1,1,False
BIN_9557462,wrapper,0,0,False
BIN_9557542,wrapper,1,1,False
BIN_9557653,wrapper,1,1,False
BIN_9557850,wrapper,1,1,False
BIN_9558128,injected,0,0,False
BIN_9558546,wrapper,1,1,False
BIN_9559038,wrapper,1,1,False
BIN_9559662,wrapper,1,1,False
BIN_9560449,wrapper,0,0,False
BIN_9561094,injected,1,1,False
BIN_9561448,injected,0,0,False
BIN_9562731,wrapper,0,0,False
BIN_9564360,wrapper,0,0,False
BIN_9564366,wrapper,1,1,False
BIN_9566810,injected,1,1,False
BIN_9567239,injected,1,1,False
BIN_9567938,wrapper,1,1,False
BIN_9567966,wrapper,0,0,False
BIN_9570455,injected,0,0,False
BIN_9571609,wrapper,1,1,False
BIN_9571804,injected,1,1,False
BIN_9572967,injected,1,1,False
BIN_9573389,injected,1,1,False
BIN_9573567,wrapper,0,0,False
BIN_9575709,wrapper,1,1,False
BIN_9576474,injected,0,0,False
BIN_9576529,injected,0,0,False
BIN_9577318,wrapper,1,1,False
BIN_9579028,wrapper,0,0,False
BIN_9579559,wrapper,1,1,False
BIN_9579599,injected,0,0,False
BIN_9580758,wrapper,1,1,False
BIN_9581294,wrapper,0,0,False
BIN_9581789,wrapper,1,1,False
BIN_9582173,wrapper,0,0,False
BIN_9582758,wrapper,0,0,False
BIN_9582954,wrapper,0,0,False
BIN_9584369,wrapper,1,1,False
BIN_9584582,injected,0,0,False
BIN_9584871,injected,1,1,False
BIN_9585036,wrapper,1,1,False
BIN_9585095,wrapper,1,1,False
BIN_9586180,wrapper,1,1,False
BIN_9587238,injected,0,0,False
BIN_9587518,wrapper,1,1,False
BIN_9587601,injected,1,1,False
BIN_9587891,wrapper,0,0,False
BIN_9588408,injected,0,0,False
BIN_9588860,wrapper,1,1,False
BIN_9588972,wrapper,1,1,False
BIN_9589902,wrapper,1,1,False
BIN_9590970,injected,1,1,False
BIN_9591006,wrapper,0,0,False
BIN_9591884,wrapper,1,1,False
BIN_9593561,injected,1,1,False
BIN_9594439,wrapper,1,1,False
BIN_9594684,injected,1,1,False
BIN_9595129,wrapper,0,0,False
BIN_9595435,injected,1,1,False
BIN_9595450,wrapper,0,0,False
BIN_9595644,wrapper,1,1,False
BIN_9595912,wrapper,1,1,False
BIN_9596255,injected,1,1,False
BIN_9597743,injected,1,1,False
BIN_9598336,wrapper,0,0,False
BIN_9598846,wrapper,1,1,False
BIN_9599181,injected,0,0,False
BIN_9599281,injected,1,1,False
BIN_9600034,wrapper,1,1,False
BIN_9600208,wrapper,1,1,False
BIN_9600942,injected,1,1,False
BIN_9601562,injected,0,0,False
BIN_9603964,wrapper,1,1,False
BIN_9604148,injected,1,1,False
BIN_9604608,injected,1,1,False
BIN_9605097,injected,0,0,False
BIN_9605375,wrapper,1,1,False
BIN_9605456,injected,0,0,False
BIN_9605952,wrapper,0,0,False
BIN_9606475,wrapper,0,0,False
BIN_9606982,wrapper,0,0,False
BIN_9608441,wrapper,0,0,False
BIN_9609673,wrapper,0,0,False
BIN_9609848,wrapper,1,1,False
BIN_9611871,wrapper,0,0,False
BIN_9611901,wrapper,0,0,False
BIN_9612891,injected,1,1,False
BIN_9613015,injected,1,1,False
BIN_9613489,wrapper,1,1,False
BIN_9614234,wrapper,0,0,False
BIN_9615403,wrapper,0,0,False
BIN_9616179,injected,1,1,False
BIN_9616303,wrapper,0,0,False
BIN_9616525,wrapper,0,0,False
BIN_9616598,wrapper,0,0,False
BIN_9617824,injected,1,1,False
BIN_9618509,wrapper,0,0,False
BIN_9619438,wrapper,1,1,False
BIN_9621051,wrapper,0,0,False
BIN_9621318,injected,0,0,False
BIN_9622074,injected,0,0,False
BIN_9622535,injected,1,1,False
BIN_9623642,wrapper,1,1,False
BIN_9623725,wrapper,1,1,False
BIN_9623920,wrapper,0,0,False
BIN_9627403,injected,0,0,False
BIN_9627695,injected,0,0,False
BIN_9627714,injected,0,0,False
BIN_9628090,wrapper,1,1,False
BIN_9628221,wrapper,0,0,False
BIN_9628835,wrapper,1,1,False
BIN_9629512,wrapper,0,0,False
BIN_9630152,wrapper,1,1,False
BIN_9631580,wrapper,0,0,False
BIN_9631960,wrapper,0,0,False
BIN_9632603,wrapper,0,0,False
BIN_9632862,wrapper,0,0,False
BIN_9632879,wrapper,0,0,False
BIN_9633879,wrapper,0,0,False
BIN_9636041,wrapper,0,0,False
BIN_9636222,wrapper,1,1,False
BIN_9638050,wrapper,1,1,False
BIN_9638231,injected,1,1,False
BIN_9638251,injected,1,1,False
BIN_9638671,wrapper,0,0,False
BIN_9639782,injected,1,1,False
BIN_9640088,wrapper,1,1,False
BIN_9640515,wrapper,1,1,False
BIN_9641120,injected,1,1,False
BIN_9641595,injected,1,1,False
BIN_9641804,wrapper,0,0,False
BIN_9643276,wrapper,0,0,False
BIN_9643413,wrapper,0,0,False
BIN_9643656,injected,0,0,False
BIN_9644143,wrapper,1,1,False
BIN_9644259,injected,1,1,False
BIN_9645521,wrapper,1,1,False
BIN_9646169,injected,0,0,False
BIN_9646408,wrapper,1,1,False
BIN_9646512,wrapper,1,1,False
BIN_9648394,wrapper,0,0,False
BIN_9648429,injected,0,0,False
BIN_9649842,injected,0,0,False
BIN_9651121,wrapper,0,0,False
BIN_9652170,wrapper,0,0,False
BIN_9652690,wrapper,0,0,False
BIN_9653426,wrapper,1,1,False
BIN_9653594,wrapper,0,0,False
BIN_9653603,wrapper,1,1,False
BIN_9654290,wrapper,0,0,False
BIN_9654563,wrapper,0,0,False
BIN_9656169,wrapper,1,1,False
BIN_9656423,wrapper,0,0,False
BIN_9657670,wrapper,0,0,False
BIN_9658041,wrapper,1,1,False
BIN_9658116,wrapper,0,0,False
BIN_9658817,injected,1,1,False
BIN_9659098,wrapper,0,0,False
BIN_9659452,wrapper,1,1,False
BIN_9659522,injected,0,0,False
BIN_9659738,wrapper,1,1,False
BIN_9660114,wrapper,1,1,False
BIN_9660645,wrapper,0,0,False
BIN_9661141,wrapper,0,0,False
BIN_9661159,wrapper,0,0,False
BIN_9663512,wrapper,0,0,False
BIN_9663786,wrapper,0,0,False
BIN_9663845,injected,0,0,False
BIN_9665363,wrapper,0,0,False
BIN_9665661,wrapper,0,0,False
BIN_9665936,wrapper,0,0,False
BIN_9667132,wrapper,1,1,False
BIN_9667791,wrapper,0,0,False
BIN_9668154,wrapper,1,1,False
BIN_9668394,injected,0,0,False
BIN_9669710,injected,1,1,False
BIN_9669923,wrapper,0,0,False
BIN_9670434,wrapper,0,0,False
BIN_9671297,injected,1,1,False
BIN_9671519,wrapper,0,0,False
BIN_9671817,wrapper,0,0,False
BIN_9671953,wrapper,1,1,False
BIN_9672439,wrapper,1,1,False
BIN_9672697,injected,0,0,False
BIN_9672917,wrapper,1,1,False
BIN_9672995,injected,1,1,False
BIN_9674434,injected,1,1,False
BIN_9674708,wrapper,0,0,False
BIN_9675247,wrapper,0,0,False
BIN_9675304,wrapper,0,0,False
BIN_9676270,wrapper,1,1,False
BIN_9676330,wrapper,1,1,False
BIN_9676411,wrapper,0,0,False
BIN_9676431,wrapper,1,1,False
BIN_9677660,wrapper,1,1,False
BIN_9677746,wrapper,1,1,False
BIN_9678096,injected,1,1,False
BIN_9678632,injected,0,0,False
BIN_9680078,injected,1,1,False
BIN_9680140,injected,1,1,False
BIN_9680360,wrapper,1,1,False
BIN_9680929,wrapper,1,1,False
BIN_9680997,wrapper,0,0,False
BIN_9682316,wrapper,0,0,False
BIN_9682723,injected,0,0,False
BIN_9682870,wrapper,1,1,False
BIN_9684210,injected,0,0,False
BIN_9684400,wrapper,0,0,False
BIN_9684734,wrapper,0,0,False
BIN_9685486,wrapper,1,1,False
BIN_9685509,injected,1,1,False
BIN_9685661,injected,1,1,False
BIN_9686293,wrapper,1,1,False
BIN_9686686,wrapper,1,1,False
BIN_9686909,wrapper,1,1,False
BIN_9687369,injected,1,1,False
BIN_9687584,injected,1,1,False
BIN_9689116,wrapper,0,0,False
BIN_9689538,injected,1,1,False
BIN_9689665,injected,0,0,False
BIN_9689695,wrapper,0,0,False
BIN_9689822,wrapper,1,1,False
BIN_9689918,wrapper,1,1,False
BIN_9690325,wrapper,0,0,False
BIN_9690474,wrapper,1,1,False
BIN_9690811,injected,0,0,False
BIN_9690967,wrapper,0,0,False
BIN_9691163,injected,1,1,False
BIN_9691724,wrapper,0,0,False
BIN_9691974,wrapper,0,0,False
BIN_9692169,injected,1,1,False
BIN_9692294,wrapper,0,0,False
BIN_9692690,injected,1,1,False
BIN_9692817,wrapper,1,1,False
BIN_9694167,wrapper,0,0,False
BIN_9694279,injected,1,1,False
BIN_9695277,wrapper,1,1,False
BIN_9695474,wrapper,0,0,False
BIN_9697108,injected,1,1,False
BIN_9697825,wrapper,0,0,False
BIN_9698082,wrapper,1,1,False
BIN_9698285,wrapper,0,0,False
BIN_9700013,wrapper,0,0,False
BIN_9701246,wrapper,0,0,False
BIN_9701313,wrapper,0,0,False
BIN_9701438,injected,1,1,False
BIN_9702119,wrapper,1,1,False
BIN_9702351,wrapper,1,1,False
BIN_9703029,wrapper,0,0,False
BIN_9703681,injected,0,0,False
BIN_9705110,wrapper,0,0,False
BIN_9705779,wrapper,0,0,False
BIN_9706126,injected,1,1,False
BIN_9706800,wrapper,0,0,False
BIN_9706932,injected,0,0,False
BIN_9707611,wrapper,0,0,False
BIN_9707642,injected,0,0,False
BIN_9707776,injected,0,0,False
BIN_9708154,wrapper,1,1,False
BIN_9708232,wrapper,1,1,False
BIN_9708300,injected,1,1,False
BIN_9708574,wrapper,1,1,False
BIN_9708744,wrapper,1,1,False
BIN_9709133,wrapper,1,1,False
BIN_9709325,injected,1,1,False
BIN_9710190,wrapper,1,1,False
BIN_9710975,injected,0,0,False
BIN_9711003,wrapper,1,1,False
BIN_9711244,wrapper,1,1,False
BIN_9711625,injected,1,1,False
BIN_9712097,wrapper,1,1,False
BIN_9712338,injected,1,1,False
BIN_9715407,wrapper,1,1,False
BIN_9716166,wrapper,1,1,False
BIN_9716664,injected,1,1,False
BIN_9717893,wrapper,1,1,False
BIN_9718736,injected,1,1,False
BIN_9719283,wrapper,0,0,False
BIN_9720772,wrapper,1,1,False
BIN_9720785,injected,1,1,False
BIN_9720905,injected,1,1,False
BIN_9721189,injected,0,0,False
BIN_9722460,wrapper,1,1,False
BIN_9723611,injected,0,0,False
BIN_9724380,injected,1,1,False
BIN_9724451,wrapper,1,1,False
BIN_9724717,wrapper,1,1,False
BIN_9726212,wrapper,0,0,False
BIN_9726742,injected,0,0,False
BIN_9726938,wrapper,0,0,False
BIN_9728364,wrapper,1,1,False
BIN_9728523,injected,0,0,False
BIN_9728926,wrapper,1,1,False
BIN_9729252,injected,1,1,False
BIN_9729489,injected,0,0,False
BIN_9730316,wrapper,0,0,False
BIN_9732153,wrapper,1,1,False
BIN_9732324,injected,1,1,False
BIN_9732520,wrapper,1,1,False
BIN_9732559,wrapper,0,0,False
BIN_9734304,wrapper,1,1,False
BIN_9734940,wrapper,0,0,False
BIN_9735256,injected,1,1,False
BIN_9735984,injected,1,1,False
BIN_9736300,wrapper,1,1,False
BIN_9736379,wrapper,1,1,False
BIN_9736467,injected,1,1,False
BIN_9736574,wrapper,1,1,False
BIN_9737044,injected,0,0,False
BIN_9737451,wrapper,0,0,False
BIN_9738257,injected,1,1,False
BIN_9738306,wrapper,1,1,False
BIN_9738990,wrapper,0,0,False
BIN_9740130,wrapper,0,0,False
BIN_9741285,injected,0,0,False
BIN_9741499,wrapper,1,1,False
BIN_9741504,wrapper,1,1,False
BIN_9741761,injected,1,1,False
BIN_9742127,wrapper,1,1,False
BIN_9742662,wrapper,0,0,False
BIN_9743062,wrapper,0,0,False
BIN_9743438,wrapper,1,1,False
BIN_9743439,wrapper,1,1,False
BIN_9743802,injected,1,1,False
BIN_9744996,wrapper,0,0,False
BIN_9745233,injected,0,0,False
BIN_9747059,wrapper,0,0,False
BIN_9748023,wrapper,0,0,False
BIN_9748844,wrapper,0,0,False
BIN_9748866,wrapper,1,1,False
BIN_9749685,wrapper,1,1,False
BIN_9749729,wrapper,0,0,False
BIN_9750047,injected,1,1,False
BIN_9750478,wrapper,0,0,False
BIN_9750648,injected,1,1,False
BIN_9751072,injected,0,0,False
BIN_9751076,wrapper,0,0,False
BIN_9753067,injected,1,1,False
BIN_9753753,wrapper,1,1,False
BIN_9754071,wrapper,0,0,False
BIN_9754133,injected,0,0,False
BIN_9755802,injected,0,0,False
BIN_9755854,wrapper,0,0,False
BIN_9756828,injected,1,1,False
BIN_9758103,injected,1,1,False
BIN_9758176,injected,1,1,False
BIN_9760357,wrapper,1,1,False
BIN_9760444,wrapper,1,1,False
BIN_9761097,wrapper,0,0,False
BIN_9761343,wrapper,0,0,False
BIN_9763383,wrapper,1,1,False
BIN_9763507,wrapper,0,0,False
BIN_9763707,wrapper,0,0,False
BIN_9764657,wrapper,0,0,False
BIN_9764714,injected,0,0,False
BIN_9765373,injected,0,0,False
BIN_9766118,wrapper,0,0,False
BIN_9766472,injected,1,1,False
BIN_9768229,wrapper,0,0,False
BIN_9768926,wrapper,0,0,False
BIN_9769038,injected,0,0,False
BIN_9770436,wrapper,1,1,False
BIN_9771128,wrapper,1,1,False
BIN_9771241,injected,1,1,False
BIN_9771530,injected,0,0,False
BIN_9772090,wrapper,1,1,False
BIN_9773828,wrapper,0,0,False
BIN_9774729,injected,0,0,False
BIN_9775389,wrapper,0,0,False
BIN_9777235,wrapper,0,0,False
BIN_9778869,injected,0,0,False
BIN_9779129,wrapper,0,0,False
BIN_9779174,wrapper,1,1,False
BIN_9780333,wrapper,1,1,False
BIN_9781739,injected,1,1,False
BIN_9785103,wrapper,0,0,False
BIN_9785437,injected,1,1,False
BIN_9785452,injected,0,0,False
BIN_9786952,wrapper,0,0,False
BIN_9788998,injected,1,1,False
BIN_9790575,wrapper,1,1,False
BIN_9790746,wrapper,1,1,False
BIN_9792464,wrapper,1,1,False
BIN_9793212,injected,0,0,False
BIN_9793504,wrapper,0,0,False
BIN_9794108,wrapper,1,1,False
BIN_9796661,wrapper,0,0,False
BIN_9796886,wrapper,0,0,False
BIN_9797248,injected,0,0,False
BIN_9797630,injected,1,1,False
BIN_9797670,injected,0,0,False
BIN_9797901,wrapper,0,0,False
BIN_9798307,wrapper,0,0,False
BIN_9798724,wrapper,0,0,False
BIN_9799793,wrapper,1,1,False
BIN_9799982,injected,0,0,False
BIN_9800107,injected,1,1,False
BIN_9800425,wrapper,0,0,False
BIN_9800481,wrapper,0,0,False
BIN_9800864,wrapper,0,0,False
BIN_9800945,wrapper,0,0,False
BIN_9801445,injected,0,0,False
BIN_9802013,wrapper,0,0,False
BIN_9803289,wrapper,1,1,False
BIN_9804432,wrapper,1,1,False
BIN_9804490,wrapper,1,1,False
BIN_9804649,wrapper,1,1,False
BIN_9805073,wrapper,1,1,False
BIN_9805542,wrapper,0,0,False
BIN_9806386,wrapper,1,1,False
BIN_9807267,wrapper,1,1,False
BIN_9807983,wrapper,1,1,False
BIN_9808261,injected,1,1,False
BIN_9808264,wrapper,0,0,False
BIN_9808677,wrapper,1,1,False
BIN_9809720,wrapper,1,1,False
BIN_9810160,injected,1,1,False
BIN_9810694,wrapper,1,1,False
BIN_9811553,wrapper,0,0,False
BIN_9811931,injected,1,1,False
BIN_9812063,injected,0,0,False
BIN_9812908,wrapper,0,0,False
BIN_9813115,wrapper,1,1,False
BIN_9813264,injected,0,0,False
BIN_9813376,injected,1,1,False
BIN_9813425,wrapper,1,1,False
BIN_9814394,wrapper,1,1,False
BIN_9814530,wrapper,1,1,False
BIN_9814779,wrapper,1,1,False
BIN_9815173,wrapper,0,0,False
BIN_9816699,wrapper,0,0,False
BIN_9817147,wrapper,0,0,False
BIN_9817630,wrapper,1,1,False
BIN_9817801,wrapper,1,1,False
BIN_9818340,injected,0,0,False
BIN_9818412,wrapper,0,0,False
BIN_9818775,wrapper,0,0,False
BIN_9819371,injected,0,0,False
BIN_9819605,wrapper,1,1,False
BIN_9820351,wrapper,1,1,False
BIN_9820359,injected,0,0,False
BIN_9820388,wrapper,0,0,False
BIN_9820555,injected,0,0,False
BIN_9820622,wrapper,0,0,False
BIN_9820719,injected,0,0,False
BIN_9820943,wrapper,1,1,False
BIN_9821537,injected,1,1,False
BIN_9821620,injected,1,1,False
BIN_9821720,wrapper,1,1,False
BIN_9821850,wrapper,0,0,False
BIN_9821941,wrapper,1,1,False
BIN_9821965,injected,1,1,False
BIN_9822588,injected,1,1,False
BIN_9824700,wrapper,1,1,False
BIN_9824835,wrapper,1,1,False
BIN_9825062,wrapper,0,0,False
BIN_9825254,wrapper,1,1,False
BIN_9825685,injected,0,0,False
BIN_9826126,injected,1,1,False
BIN_9827098,injected,0,0,False
BIN_9829639,injected,1,1,False
BIN_9829810,injected,0,0,False
BIN_9830031,injected,1,1,False
BIN_9830873,wrapper,0,0,False
BIN_9832510,wrapper,1,1,False
BIN_9832989,wrapper,0,0,False
BIN_9834162,wrapper,1,1,False
BIN_9834553,wrapper,1,1,False
BIN_9834612,wrapper,0,0,False
BIN_9834950,wrapper,0,0,False
BIN_9836096,injected,1,1,False
BIN_9836525,wrapper,0,0,False
BIN_9836962,wrapper,1,1,False
BIN_9837273,wrapper,1,1,False
BIN_9837323,injected,1,1,False
BIN_9837884,wrapper,0,0,False
BIN_9838320,injected,1,1,False
BIN_9838990,injected,1,1,False
BIN_9839240,wrapper,1,1,False
BIN_9839866,wrapper,1,1,False
BIN_9840951,injected,1,1,False
BIN_9841613,wrapper,1,1,False
BIN_9842661,wrapper,0,0,False
BIN_9843297,wrapper,0,0,False
BIN_9843437,wrapper,1,1,False
BIN_9844317,wrapper,0,0,False
BIN_9844979,wrapper,1,1,False
BIN_9845919,wrapper,0,0,False
BIN_9846710,injected,0,0,False
BIN_9846782,wrapper,0,0,False
BIN_9847043,wrapper,0,0,False
BIN_9847212,wrapper,1,1,False
BIN_9847323,injected,0,0,False
BIN_9848740,wrapper,1,1,False
BIN_9849522,wrapper,0,0,False
BIN_9850102,wrapper,1,1,False
BIN_9850567,injected,0,0,False
BIN_9850646,wrapper,1,1,False
BIN_9850692,wrapper,1,1,False
BIN_9850794,wrapper,0,0,False
BIN_9851085,wrapper,0,0,False
BIN_9851228,wrapper,0,0,False
BIN_9851372,wrapper,1,1,False
BIN_9853903,wrapper,0,0,False
BIN_9856439,injected,1,1,False
BIN_9857738,wrapper,0,0,False
BIN_9858322,wrapper,1,1,False
BIN_9858819,injected,1,1,False
BIN_9858954,wrapper,0,0,False
BIN_9860293,injected,1,1,False
BIN_9861411,injected,0,0,False
BIN_9861586,wrapper,0,0,False
BIN_9863214,wrapper,0,0,False
BIN_9864035,injected,1,1,False
BIN_9864530,injected,0,0,False
BIN_9864742,injected,1,1,False
BIN_9865709,wrapper,1,1,False
BIN_9866684,wrapper,0,0,False
BIN_9867289,wrapper,1,1,False
BIN_9867457,wrapper,1,1,False
BIN_9867844,injected,0,0,False
BIN_9868272,wrapper,0,0,False
BIN_9868328,wrapper,1,1,False
BIN_9868747,injected,1,1,False
BIN_9868963,injected,0,0,False
BIN_9869325,injected,0,0,False
BIN_9870109,injected,0,0,False
BIN_9870228,wrapper,1,1,False
BIN_9870675,wrapper,0,0,False
BIN_9870948,wrapper,1,1,False
BIN_9871706,wrapper,1,1,False
BIN_9872092,wrapper,1,1,False
BIN_9872841,wrapper,1,1,False
BIN_9875287,wrapper,0,0,False
BIN_9877143,wrapper,0,0,False
BIN_9877251,injected,1,1,False
BIN_9878852,wrapper,1,1,False
BIN_9879264,wrapper,0,0,False
BIN_9879904,wrapper,1,1,False
BIN_9880342,injected,0,0,False
BIN_9880658,wrapper,1,1,False
BIN_9882239,wrapper,0,0,False
BIN_9882519,wrapper,0,0,False
BIN_9882738,wrapper,0,0,False
BIN_9882891,injected,1,1,False
BIN_9883746,injected,0,0,False
BIN_9884332,injected,0,0,False
BIN_9884511,injected,1,1,False
BIN_9884863,injected,0,0,False
BIN_9885042,injected,0,0,False
BIN_9886021,wrapper,0,0,False
BIN_9886590,wrapper,1,1,False
BIN_9886820,injected,0,0,False
BIN_9887505,injected,1,1,False
BIN_9887603,wrapper,1,1,False
BIN_9887665,wrapper,1,1,False
BIN_9888519,wrapper,1,1,False
BIN_9888812,wrapper,1,1,False
BIN_9889208,wrapper,0,0,False
BIN_9889279,wrapper,0,0,False
BIN_9890534,wrapper,0,0,False
BIN_9890663,wrapper,1,1,False
BIN_9890892,wrapper,0,0,False
BIN_9892230,injected,1,1,False
BIN_9892721,injected,1,1,False
BIN_9893060,wrapper,1,1,False
BIN_9893166,injected,0,0,False
BIN_9893860,wrapper,0,0,False
BIN_9894413,wrapper,0,0,False
BIN_9895902,injected,0,0,False
BIN_9896591,wrapper,1,1,False
BIN_9897127,wrapper,0,0,False
BIN_9897320,injected,0,0,False
BIN_9897859,injected,1,1,False
BIN_9899758,wrapper,0,0,False
BIN_9899761,wrapper,0,0,False
BIN_9900796,wrapper,1,1,False
BIN_9900901,injected,0,0,False
BIN_9901295,wrapper,0,0,False
BIN_9901492,wrapper,0,0,False
BIN_9901844,wrapper,1,1,False
BIN_9902385,wrapper,0,0,False
BIN_9903627,wrapper,1,1,False
BIN_9904895,injected,0,0,False
BIN_9906604,wrapper,1,1,False
BIN_9906669,wrapper,1,1,False
BIN_9907121,injected,1,1,False
BIN_9907317,wrapper,0,0,False
BIN_9907325,wrapper,1,1,False
BIN_9909318,injected,1,1,False
BIN_9909984,injected,1,1,False
BIN_9910809,wrapper,1,1,False
BIN_9910870,wrapper,0,0,False
BIN_9911094,wrapper,0,0,False
BIN_9911207,injected,1,1,False
BIN_9911685,wrapper,1,1,False
BIN_9912213,injected,1,1,False
BIN_9912884,wrapper,0,0,False
BIN_9913136,injected,0,0,False
BIN_9914438,wrapper,1,1,False
BIN_9915013,injected,0,0,False
BIN_9916377,injected,1,1,False
BIN_9917651,injected,1,1,False
BIN_9918388,injected,1,1,False
BIN_9919445,injected,0,0,False
BIN_9920388,wrapper,1,1,False
BIN_9920935,wrapper,0,0,False
BIN_9921122,wrapper,0,0,False
BIN_9921519,wrapper,0,0,False
BIN_9922332,injected,0,0,False
BIN_9922476,wrapper,1,1,False
BIN_9923963,wrapper,1,1,False
BIN_9927957,injected,0,0,False
BIN_9928389,wrapper,1,1,False
BIN_9928804,wrapper,1,1,False
BIN_9928959,wrapper,1,1,False
BIN_9929311,wrapper,0,0,False
BIN_9930683,wrapper,0,0,False
BIN_9931451,wrapper,0,0,False
BIN_9931984,wrapper,1,1,False
BIN_9932982,wrapper,1,1,False
BIN_9933928,wrapper,1,1,False
BIN_9934524,injected,1,1,False
BIN_9934557,injected,0,0,False
BIN_9935107,injected,0,0,False
BIN_9935281,injected,1,1,False
BIN_9935312,injected,0,0,False
BIN_9935986,wrapper,0,0,False
BIN_9936356,wrapper,0,0,False
BIN_9937040,wrapper,1,1,False
BIN_9937956,wrapper,0,0,False
BIN_9938512,wrapper,0,0,False
BIN_9939553,wrapper,1,1,False
BIN_9940472,wrapper,0,0,False
BIN_9940826,injected,0,0,False
BIN_9940932,injected,0,0,False
BIN_9941630,wrapper,1,1,False
BIN_9942078,injected,1,1,False
BIN_9942080,wrapper,1,1,False
BIN_9942087,injected,1,1,False
BIN_9943054,wrapper,0,0,False
BIN_9943071,wrapper,1,1,False
BIN_9943362,injected,1,1,False
BIN_9943510,injected,1,1,False
BIN_9943584,injected,0,0,False
BIN_9943792,wrapper,0,0,False
BIN_9944045,wrapper,1,1,False
BIN_9945158,injected,1,1,False
BIN_9945376,wrapper,0,0,False
BIN_9945400,wrapper,1,1,False
BIN_9947853,wrapper,1,1,False
BIN_9949368,wrapper,1,1,False
BIN_9949426,injected,0,0,False
BIN_9949819,wrapper,0,0,False
BIN_9949928,injected,1,1,False
BIN_9950151,injected,0,0,False
BIN_9950432,injected,0,0,False
BIN_9950561,wrapper,1,1,False
BIN_9950579,wrapper,1,1,False
BIN_9950704,injected,0,0,False
BIN_9950710,wrapper,0,0,False
BIN_9951393,injected,0,0,False
BIN_9951430,wrapper,0,0,False
BIN_9952039,injected,0,0,False
BIN_9953397,injected,0,0,False
BIN_9953698,wrapper,1,1,False
BIN_9955012,wrapper,0,0,False
BIN_9955101,wrapper,0,0,False
BIN_9955201,wrapper,0,0,False
BIN_9955590,wrapper,0,0,False
BIN_9956430,wrapper,1,1,False
BIN_9956646,wrapper,0,0,False
BIN_9956663,wrapper,0,0,False
BIN_9956964,wrapper,0,0,False
BIN_9957001,wrapper,0,0,False
BIN_9957489,wrapper,1,1,False
BIN_9957509,wrapper,0,0,False
BIN_9957599,wrapper,1,1,False
BIN_9958223,wrapper,1,1,False
BIN_9958961,wrapper,0,0,False
BIN_9959320,wrapper,0,0,False
BIN_9959394,injected,1,1,False
BIN_9962352,wrapper,0,0,False
BIN_9962437,wrapper,1,1,False
BIN_9962594,injected,1,1,False
BIN_9962710,wrapper,0,0,False
BIN_9963487,wrapper,1,1,False
BIN_9963521,wrapper,1,1,False
BIN_9963692,wrapper,0,0,False
BIN_9963906,wrapper,1,1,False
BIN_9965077,injected,0,0,False
BIN_9967534,wrapper,1,1,False
BIN_9968470,injected,1,1,False
BIN_9968631,wrapper,1,1,False
BIN_9970309,wrapper,0,0,False
BIN_9970478,wrapper,1,1,False
BIN_9972991,wrapper,1,1,False
BIN_9973212,wrapper,1,1,False
BIN_9973439,injected,1,1,False
BIN_9974639,wrapper,0,0,False
BIN_9974874,wrapper,1,1,False
BIN_9975557,wrapper,0,0,False
BIN_9975929,injected,0,0,False
BIN_9975976,wrapper,0,0,False
BIN_9976421,wrapper,1,1,False
BIN_9977485,injected,0,0,False
BIN_9979671,wrapper,0,0,False
BIN_9980352,wrapper,0,0,False
BIN_9980461,injected,0,0,False
BIN_9981234,injected,0,0,False
BIN_9981435,injected,0,0,False
BIN_9981591,wrapper,1,1,False
BIN_9982072,wrapper,0,0,False
BIN_9982529,injected,1,1,False
BIN_9982560,injected,0,0,False
BIN_9983020,injected,0,0,False
BIN_9984509,injected,0,0,False
BIN_9984667,injected,1,1,False
BIN_9986891,wrapper,0,0,False
BIN_9987028,injected,1,1,False
BIN_9987957,injected,0,0,False
BIN_9988192,wrapper,0,0,False
BIN_9988210,wrapper,1,1,False
BIN_9988751,wrapper,0,0,False
BIN_9988788,wrapper,1,1,False
BIN_9989976,wrapper,0,0,False
BIN_9990231,injected,1,1,False
BIN_9990359,injected,1,1,False
BIN_9990412,wrapper,0,0,False
BIN_9990685,wrapper,1,1,False
BIN_9991518,wrapper,1,1,False
BIN_9991924,wrapper,0,0,False
BIN_9993006,wrapper,1,1,False
BIN_9994107,injected,0,0,False
BIN_9994878,injected,0,0,False
BIN_9995252,injected,1,1,False
BIN_9995565,wrapper,0,0,False
BIN_9997006,wrapper,1,1,False
BIN_9997455,injected,0,0,False
BIN_9999842,injected,0,0,False
