name,label
0,0
1,0
2,0
3,0
4,0
5,0
6,0
7,0
8,0
9,0
10,0
11,0
12,0
13,0
14,0
15,0
16,0
17,0
18,0
19,0
20,0
21,0
22,0
23,0
24,0
25,0
26,0
27,0
28,0
29,0
30,0
31,0
32,0
33,0
34,0
35,0
36,0
37,1
38,0
39,0
40,0
41,0
42,0
43,0
44,0
45,0
46,0
47,1
48,0
49,0
50,0
51,0
52,0
53,0
54,0
55,0
56,0
57,0
58,0
59,0
60,0
61,0
62,0
63,0
64,0
65,0
66,0
67,0
68,0
69,0
70,0
71,0
72,0
73,0
74,0
75,0
76,0
77,0
78,0
79,0
80,0
81,0
82,0
83,0
84,0
85,0
86,0
87,0
88,0
89,0
90,0
91,0
92,0
93,0
94,0
95,0
96,0
97,0
98,0
99,0
100,0
101,0
102,0
103,0
104,0
105,0
106,0
107,0
108,0
109,0
110,0
111,0
112,0
113,1
114,0
115,0
116,0
117,0
118,0
119,0
120,0
121,0
122,0
123,0
124,0
125,0
126,0
127,0
128,0
129,0
130,0
131,0
132,0
133,0
134,0
135,0
136,0
137,0
138,0
139,0
140,0
141,0
142,0
143,0
144,0
145,0
146,1
147,0
148,0
149,0
150,0
151,0
152,0
153,0
154,0
155,0
156,0
157,0
158,0
159,0
160,0
161,0
162,0
163,0
164,0
165,0
166,0
167,0
168,0
169,0
170,1
171,0
172,0
173,0
174,0
175,0
176,2
177,0
178,0
179,0
180,0
181,0
182,0
183,0
184,0
185,0
186,0
187,0
188,1
189,0
190,0
191,0
192,0
193,0
194,0
195,0
196,0
197,0
198,0
199,0
200,0
201,0
202,0
203,0
204,0
205,0
206,0
207,0
208,0
209,0
210,0
211,0
212,0
213,0
214,0
215,0
216,0
217,0
218,0
219,0
220,0
221,0
222,0
223,0
224,0
225,0
226,0
227,0
228,0
229,0
230,0
231,0
232,0
233,0
234,0
235,0
236,0
237,0
238,2
239,0
240,0
241,0
242,1
243,0
244,0
245,0
246,0
247,0
248,0
249,0
250,0
251,0
252,0
253,0
254,0
255,1
256,0
257,0
258,0
259,0
260,0
261,0
262,0
263,0
264,0
265,0
266,0
267,0
268,0
269,0
270,1
271,0
272,0
273,0
274,0
275,0
276,0
277,0
278,0
279,0
280,0
281,0
282,0
283,0
284,0
285,0
286,0
287,0
288,0
289,0
290,0
291,0
292,0
293,0
294,0
295,0
296,0
297,0
298,0
299,0
300,0
301,0
302,0
303,0
304,0
305,0
306,0
307,0
308,0
309,0
310,0
311,0
312,0
313,0
314,0
315,0
316,0
317,0
318,0
319,0
320,0
321,0
322,0
323,0
324,0
325,0
326,1
327,0
328,0
329,0
330,0
331,0
332,0
333,0
334,0
335,1
336,0
337,0
338,0
339,2
340,0
341,0
342,0
343,0
344,0
345,0
346,0
347,0
348,0
349,0
350,0
351,0
352,0
353,2
354,0
355,0
356,0
357,0
358,0
359,0
360,0
361,0
362,0
363,0
364,2
365,0
366,0
367,0
368,0
369,0
370,0
371,0
372,0
373,0
374,0
375,0
376,0
377,0
378,0
379,0
380,0
381,0
382,1
383,0
384,0
385,0
386,0
387,0
388,0
389,0
390,0
391,0
392,0
393,0
394,0
395,0
396,0
397,0
398,0
399,0
400,0
401,0
402,0
403,0
404,0
405,0
406,0
407,0
408,0
409,0
410,0
411,0
412,0
413,0
414,0
415,0
416,0
417,0
418,0
419,0
420,0
421,0
422,0
423,0
424,0
425,0
426,0
427,0
428,0
429,0
430,0
431,0
432,0
433,0
434,0
435,0
436,0
437,0
438,0
439,0
440,0
441,0
442,0
443,0
444,0
445,0
446,0
447,0
448,0
449,0
450,0
451,0
452,0
453,0
454,0
455,0
456,0
457,0
458,0
459,0
460,0
461,0
462,0
463,0
464,0
465,0
466,0
467,0
468,0
469,0
470,0
471,0
472,0
473,0
474,0
475,0
476,0
477,0
478,0
479,0
480,2
481,0
482,0
483,0
484,0
485,0
486,0
487,0
488,0
489,0
490,0
491,0
492,0
493,0
494,0
495,0
496,0
497,0
498,0
499,0
500,0
501,0
502,0
503,0
504,0
505,0
506,0
507,0
508,1
509,0
510,0
511,0
512,0
513,0
514,0
515,0
516,0
517,1
518,0
519,0
520,0
521,0
522,0
523,0
524,0
525,2
526,0
527,0
528,0
529,0
530,0
531,0
532,0
533,0
534,0
535,0
536,2
537,0
538,0
539,0
540,0
541,2
542,0
543,0
544,0
545,0
546,0
547,0
548,0
549,2
550,0
551,0
552,2
553,0
554,0
555,0
556,0
557,0
558,0
559,0
560,0
561,0
562,2
563,1
564,1
565,0
566,0
567,0
568,0
569,0
570,0
571,0
572,0
573,0
574,0
575,0
576,1
577,0
578,0
579,0
580,0
581,0
582,0
583,0
584,0
585,0
586,0
587,0
588,0
589,0
590,0
591,0
592,0
593,1
594,0
595,0
596,0
597,0
598,0
599,1
600,0
601,0
602,0
603,0
604,0
605,0
606,0
607,0
608,0
609,0
610,0
611,0
612,0
613,0
614,0
615,0
616,0
617,0
618,0
619,0
620,0
621,0
622,0
623,0
624,0
625,0
626,0
627,0
628,0
629,0
630,0
631,0
632,0
633,0
634,0
635,0
636,0
637,0
638,0
639,0
640,1
641,0
642,0
643,2
644,0
645,0
646,0
647,0
648,0
649,0
650,0
651,0
652,0
653,1
654,1
655,0
656,0
657,0
658,0
659,0
660,0
661,0
662,0
663,0
664,0
665,0
666,0
667,0
668,0
669,0
670,0
671,0
672,0
673,0
674,0
675,0
676,1
677,0
678,0
679,0
680,0
681,0
682,0
683,0
684,0
685,0
686,0
687,0
688,0
689,0
690,0
691,0
692,2
693,0
694,0
695,2
696,1
697,0
698,0
699,0
700,0
701,0
702,0
703,0
704,0
705,0
706,0
707,0
708,0
709,0
710,0
711,0
712,0
713,0
714,0
715,0
716,0
717,0
718,0
719,2
720,0
721,0
722,0
723,0
724,2
725,0
726,0
727,0
728,0
729,0
730,2
731,0
732,0
733,0
734,0
735,0
736,0
737,0
738,0
739,0
740,0
741,0
742,0
743,0
744,2
745,0
746,0
747,0
748,0
749,0
750,0
751,0
752,0
753,0
754,0
755,0
756,0
757,0
758,0
759,0
760,0
761,0
762,0
763,0
764,0
765,0
766,0
767,0
768,0
769,0
770,0
771,0
772,0
773,0
774,0
775,0
776,0
777,1
778,0
779,0
780,0
781,0
782,2
783,0
784,0
785,0
786,0
787,0
788,0
789,0
790,0
791,0
792,0
793,0
794,0
795,0
796,0
797,0
798,0
799,0
800,0
801,0
802,0
803,0
804,0
805,0
806,0
807,0
808,0
809,0
810,0
811,0
812,0
813,0
814,0
815,0
816,0
817,0
818,0
819,0
820,0
821,0
822,0
823,0
824,0
825,0
826,0
827,0
828,0
829,2
830,0
831,0
832,0
833,0
834,0
835,0
836,0
837,0
838,0
839,0
840,0
841,0
842,0
843,0
844,0
845,0
846,0
847,2
848,0
849,0
850,0
851,0
852,0
853,0
854,0
855,0
856,0
857,0
858,0
859,0
860,0
861,0
862,0
863,0
864,0
865,0
866,1
867,2
868,2
869,0
870,0
871,0
872,0
873,0
874,0
875,1
876,0
877,0
878,0
879,1
880,0
881,0
882,0
883,0
884,0
885,0
886,0
887,0
888,0
889,0
890,0
891,0
892,0
893,0
894,0
895,0
896,0
897,0
898,0
899,0
900,0
901,0
902,0
903,0
904,0
905,0
906,0
907,0
908,0
909,0
910,0
911,0
912,0
913,0
914,0
915,0
916,0
917,0
918,0
919,0
920,0
921,0
922,0
923,0
924,0
925,0
926,2
927,0
928,0
929,0
930,0
931,0
932,2
933,0
934,0
935,0
936,2
937,0
938,0
939,0
940,0
941,0
942,0
943,0
944,0
945,0
946,0
947,0
948,0
949,0
950,0
951,0
952,0
953,0
954,0
955,0
956,0
957,0
958,0
959,0
960,0
961,0
962,0
963,0
964,0
965,0
966,0
967,0
968,0
969,0
970,0
971,0
972,0
973,0
974,0
975,0
976,0
977,0
978,0
979,0
980,0
981,0
982,0
983,0
984,0
985,0
986,0
987,0
988,0
989,0
990,2
991,2
992,0
993,0
994,0
995,0
996,0
997,0
998,0
999,0
1000,0
1001,0
1002,0
1003,1
1004,0
1005,0
1006,0
1007,0
1008,0
1009,0
1010,0
1011,0
1012,0
1013,2
1014,0
1015,0
1016,0
1017,0
1018,0
1019,0
1020,0
1021,2
1022,0
1023,0
1024,0
1025,0
1026,0
1027,0
1028,0
1029,0
1030,0
1031,0
1032,0
1033,0
1034,0
1035,0
1036,0
1037,1
1038,0
1039,0
1040,0
1041,0
1042,0
1043,0
1044,0
1045,0
1046,0
1047,0
1048,0
1049,0
1050,2
1051,0
1052,0
1053,0
1054,0
1055,0
1056,0
1057,0
1058,0
1059,0
1060,0
1061,0
1062,0
1063,0
1064,0
1065,0
1066,0
1067,0
1068,0
1069,0
1070,0
1071,0
1072,1
1073,0
1074,0
1075,0
1076,0
1077,0
1078,0
1079,0
1080,0
1081,0
1082,0
1083,0
1084,0
1085,0
1086,0
1087,0
1088,0
1089,0
1090,0
1091,1
1092,0
1093,2
1094,0
1095,2
1096,0
1097,0
1098,0
1099,0
1100,0
1101,0
1102,2
1103,0
1104,0
1105,0
1106,0
1107,0
1108,0
1109,0
1110,0
1111,0
1112,0
1113,2
1114,0
1115,0
1116,0
1117,0
1118,2
1119,1
1120,0
1121,0
1122,0
1123,0
1124,0
1125,0
1126,0
1127,0
1128,0
1129,0
1130,0
1131,0
1132,0
1133,0
1134,0
1135,2
1136,0
1137,0
1138,0
1139,0
1140,0
1141,0
1142,0
1143,0
1144,0
1145,0
1146,0
1147,0
1148,2
1149,0
1150,2
1151,0
1152,0
1153,0
1154,0
1155,1
1156,0
1157,2
1158,0
1159,0
1160,0
1161,0
1162,0
1163,0
1164,0
1165,0
1166,2
1167,1
1168,0
1169,2
1170,1
1171,0
1172,0
1173,0
1174,0
1175,0
1176,0
1177,0
1178,0
1179,2
1180,0
1181,2
1182,0
1183,0
1184,2
1185,0
1186,0
1187,0
1188,0
1189,0
1190,0
1191,0
1192,0
1193,0
1194,0
1195,0
1196,0
1197,0
1198,0
1199,0
1200,0
1201,0
1202,0
1203,0
1204,0
1205,0
1206,0
1207,0
1208,0
1209,0
1210,0
1211,0
1212,0
1213,0
1214,2
1215,0
1216,0
1217,0
1218,0
1219,0
1220,2
1221,0
1222,0
1223,0
1224,0
1225,1
1226,0
1227,0
1228,0
1229,0
1230,0
1231,0
1232,0
1233,1
1234,0
1235,0
1236,0
1237,0
1238,0
1239,0
1240,0
1241,0
1242,0
1243,0
1244,0
1245,2
1246,0
1247,0
1248,0
1249,0
1250,0
1251,0
1252,0
1253,0
1254,0
1255,0
1256,0
1257,0
1258,0
1259,0
1260,0
1261,1
1262,0
1263,0
1264,0
1265,0
1266,0
1267,0
1268,0
1269,0
1270,0
1271,1
1272,0
1273,0
1274,0
1275,0
1276,0
1277,0
1278,0
1279,0
1280,0
1281,0
1282,0
1283,0
1284,0
1285,0
1286,0
1287,0
1288,0
1289,0
1290,2
1291,0
1292,0
1293,0
1294,0
1295,0
1296,0
1297,0
1298,0
1299,0
1300,0
1301,2
1302,0
1303,0
1304,0
1305,0
1306,0
1307,0
1308,0
1309,0
1310,2
1311,0
1312,0
1313,0
1314,0
1315,0
1316,0
1317,0
1318,0
1319,0
1320,0
1321,0
1322,0
1323,0
1324,0
1325,0
1326,0
1327,0
1328,0
1329,0
1330,0
1331,0
1332,0
1333,0
1334,0
1335,0
1336,0
1337,0
1338,0
1339,2
1340,0
1341,0
1342,0
1343,0
1344,0
1345,0
1346,0
1347,1
1348,0
1349,0
1350,0
1351,0
1352,0
1353,0
1354,0
1355,0
1356,0
1357,0
1358,0
1359,2
1360,2
1361,0
1362,0
1363,0
1364,0
1365,0
1366,0
1367,0
1368,0
1369,0
1370,0
1371,0
1372,0
1373,0
1374,0
1375,0
1376,0
1377,0
1378,0
1379,0
1380,0
1381,0
1382,0
1383,0
1384,0
1385,0
1386,0
1387,0
1388,0
1389,0
1390,0
1391,0
1392,0
1393,0
1394,0
1395,0
1396,0
1397,0
1398,0
1399,0
1400,0
1401,0
1402,0
1403,0
1404,0
1405,0
1406,0
1407,0
1408,0
1409,0
1410,0
1411,0
1412,0
1413,0
1414,1
1415,0
1416,0
1417,0
1418,0
1419,0
1420,0
1421,0
1422,0
1423,0
1424,0
1425,0
1426,0
1427,0
1428,0
1429,0
1430,0
1431,0
1432,0
1433,0
1434,0
1435,0
1436,0
1437,0
1438,0
1439,0
1440,0
1441,0
1442,0
1443,0
1444,0
1445,0
1446,0
1447,0
1448,0
1449,0
1450,0
1451,0
1452,0
1453,0
1454,2
1455,0
1456,0
1457,0
1458,0
1459,0
1460,0
1461,0
1462,0
1463,0
1464,0
1465,0
1466,0
1467,0
1468,0
1469,0
1470,0
1471,0
1472,0
1473,0
1474,2
1475,0
1476,0
1477,0
1478,0
1479,0
1480,0
1481,2
1482,0
1483,0
1484,0
1485,0
1486,0
1487,0
1488,0
1489,0
1490,0
1491,0
1492,0
1493,0
1494,0
1495,0
1496,0
1497,0
1498,0
1499,0
1500,0
1501,0
1502,0
1503,0
1504,0
1505,0
1506,0
1507,0
1508,0
1509,0
1510,0
1511,0
1512,0
1513,0
1514,0
1515,1
1516,0
1517,0
1518,0
1519,0
1520,0
1521,0
1522,0
1523,0
1524,0
1525,0
1526,0
1527,0
1528,0
1529,0
1530,0
1531,0
1532,0
1533,0
1534,0
1535,0
1536,2
1537,0
1538,0
1539,0
1540,0
1541,0
1542,2
1543,0
1544,0
1545,0
1546,0
1547,0
1548,0
1549,0
1550,0
1551,0
1552,1
1553,1
1554,1
1555,0
1556,0
1557,0
1558,0
1559,1
1560,0
1561,0
1562,0
1563,0
1564,1
1565,0
1566,0
1567,0
1568,0
1569,0
1570,0
1571,0
1572,0
1573,2
1574,2
1575,0
1576,0
1577,0
1578,0
1579,0
1580,0
1581,0
1582,0
1583,0
1584,0
1585,0
1586,0
1587,0
1588,0
1589,0
1590,0
1591,0
1592,0
1593,0
1594,0
1595,0
1596,0
1597,0
1598,0
1599,0
1600,0
1601,2
1602,1
1603,0
1604,0
1605,0
1606,0
1607,0
1608,0
1609,0
1610,0
1611,0
1612,0
1613,0
1614,1
1615,0
1616,0
1617,0
1618,0
1619,0
1620,0
1621,0
1622,0
1623,0
1624,0
1625,1
1626,2
1627,0
1628,0
1629,0
1630,0
1631,0
1632,0
1633,1
1634,0
1635,0
1636,0
1637,0
1638,0
1639,0
1640,0
1641,0
1642,0
1643,0
1644,0
1645,0
1646,0
1647,0
1648,0
1649,0
1650,0
1651,0
1652,0
1653,0
1654,0
1655,0
1656,0
1657,0
1658,0
1659,1
1660,0
1661,0
1662,0
1663,0
1664,0
1665,0
1666,0
1667,0
1668,0
1669,2
1670,2
1671,1
1672,0
1673,0
1674,2
1675,0
1676,2
1677,0
1678,0
1679,0
1680,1
1681,0
1682,0
1683,1
1684,0
1685,0
1686,0
1687,0
1688,0
1689,0
1690,0
1691,0
1692,0
1693,0
1694,0
1695,0
1696,0
1697,0
1698,0
1699,1
1700,0
1701,0
1702,0
1703,0
1704,0
1705,0
1706,0
1707,0
1708,0
1709,0
1710,1
1711,0
1712,0
1713,0
1714,0
1715,0
1716,0
1717,2
1718,0
1719,2
1720,0
1721,0
1722,0
1723,0
1724,0
1725,0
1726,0
1727,0
1728,0
1729,0
1730,0
1731,0
1732,0
1733,0
1734,0
1735,0
1736,0
1737,0
1738,0
1739,0
1740,0
1741,0
1742,0
1743,0
1744,0
1745,0
1746,0
1747,0
1748,0
1749,1
1750,0
1751,0
1752,0
1753,1
1754,0
1755,0
1756,0
1757,0
1758,0
1759,0
1760,0
1761,0
1762,2
1763,0
1764,0
1765,0
1766,0
1767,0
1768,0
1769,0
1770,0
1771,0
1772,2
1773,0
1774,0
1775,0
1776,2
1777,0
1778,0
1779,0
1780,0
1781,1
1782,0
1783,0
1784,0
1785,0
1786,0
1787,0
1788,0
1789,0
1790,2
1791,0
1792,0
1793,0
1794,0
1795,0
1796,0
1797,0
1798,0
1799,0
1800,0
1801,0
1802,0
1803,0
1804,0
1805,0
1806,0
1807,0
1808,0
1809,0
1810,0
1811,0
1812,0
1813,0
1814,0
1815,0
1816,0
1817,0
1818,0
1819,0
1820,0
1821,2
1822,2
1823,0
1824,0
1825,0
1826,0
1827,0
1828,0
1829,0
1830,2
1831,0
1832,0
1833,0
1834,0
1835,0
1836,0
1837,0
1838,0
1839,0
1840,0
1841,0
1842,0
1843,0
1844,0
1845,2
1846,0
1847,0
1848,0
1849,0
1850,0
1851,0
1852,0
1853,1
1854,0
1855,2
1856,0
1857,0
1858,0
1859,0
1860,0
1861,0
1862,0
1863,0
1864,0
1865,0
1866,0
1867,0
1868,0
1869,0
1870,0
1871,0
1872,2
1873,0
1874,0
1875,0
1876,0
1877,0
1878,0
1879,0
1880,0
1881,1
1882,0
1883,0
1884,0
1885,0
1886,0
1887,0
1888,0
1889,0
1890,0
1891,0
1892,0
1893,1
1894,0
1895,0
1896,0
1897,0
1898,0
1899,0
1900,0
1901,0
1902,0
1903,0
1904,0
1905,0
1906,2
1907,0
1908,1
1909,1
1910,0
1911,0
1912,0
1913,0
1914,0
1915,0
1916,1
1917,0
1918,0
1919,0
1920,0
1921,0
1922,0
1923,0
1924,0
1925,0
1926,0
1927,0
1928,0
1929,0
1930,0
1931,0
1932,0
1933,0
1934,0
1935,1
1936,0
1937,0
1938,0
1939,0
1940,0
1941,0
1942,0
1943,2
1944,0
1945,0
1946,0
1947,1
1948,0
1949,0
1950,0
1951,2
1952,0
1953,0
1954,1
1955,0
1956,0
1957,0
1958,0
1959,0
1960,0
1961,0
1962,0
1963,0
1964,0
1965,0
1966,1
1967,0
1968,1
1969,0
1970,0
1971,0
1972,0
1973,0
1974,0
1975,0
1976,2
1977,1
1978,0
1979,0
1980,0
1981,0
1982,2
1983,0
1984,0
1985,0
1986,0
1987,0
1988,0
1989,0
1990,0
1991,0
1992,0
1993,0
1994,0
1995,0
1996,0
1997,0
1998,1
1999,0
2000,0
2001,0
2002,0
2003,0
2004,0
2005,0
2006,0
2007,0
2008,0
2009,0
2010,0
2011,1
2012,0
2013,0
2014,0
2015,0
2016,0
2017,0
2018,0
2019,0
2020,0
2021,0
2022,0
2023,0
2024,0
2025,2
2026,0
2027,0
2028,1
2029,1
2030,0
2031,0
2032,0
2033,0
2034,0
2035,0
2036,0
2037,0
2038,0
2039,0
2040,2
2041,0
2042,0
2043,2
2044,0
2045,0
2046,0
2047,0
2048,1
2049,0
2050,0
2051,0
2052,0
2053,0
2054,0
2055,0
2056,0
2057,0
2058,0
2059,0
2060,1
2061,0
2062,0
2063,0
2064,0
2065,0
2066,0
2067,1
2068,0
2069,0
2070,0
2071,1
2072,0
2073,0
2074,0
2075,0
2076,0
2077,0
2078,0
2079,1
2080,0
2081,0
2082,0
2083,0
2084,0
2085,0
2086,0
2087,0
2088,0
2089,2
2090,0
2091,0
2092,2
2093,0
2094,0
2095,0
2096,0
2097,1
2098,0
2099,0
2100,0
2101,0
2102,0
2103,0
2104,0
2105,2
2106,0
2107,0
2108,0
2109,0
2110,0
2111,0
2112,0
2113,0
2114,0
2115,0
2116,1
2117,0
2118,0
2119,0
2120,0
2121,0
2122,0
2123,0
2124,0
2125,0
2126,0
2127,0
2128,0
2129,0
2130,0
2131,0
2132,1
2133,0
2134,0
2135,0
2136,0
2137,0
2138,0
2139,0
2140,0
2141,0
2142,0
2143,0
2144,0
2145,0
2146,0
2147,0
2148,0
2149,0
2150,1
2151,0
2152,0
2153,0
2154,0
2155,0
2156,0
2157,0
2158,0
2159,0
2160,0
2161,0
2162,0
2163,0
2164,0
2165,0
2166,1
2167,0
2168,0
2169,0
2170,1
2171,0
2172,0
2173,0
2174,0
2175,0
2176,0
2177,0
2178,1
2179,0
2180,0
2181,0
2182,2
2183,0
2184,0
2185,0
2186,2
2187,0
2188,0
2189,0
2190,0
2191,0
2192,0
2193,2
2194,0
2195,0
2196,0
2197,0
2198,0
2199,0
2200,0
2201,0
2202,0
2203,2
2204,0
2205,0
2206,0
2207,0
2208,0
2209,0
2210,0
2211,0
2212,0
2213,0
2214,0
2215,0
2216,0
2217,1
2218,0
2219,0
2220,0
2221,0
2222,0
2223,0
2224,0
2225,0
2226,0
2227,0
2228,0
2229,0
2230,0
2231,2
2232,0
2233,0
2234,0
2235,0
2236,0
2237,2
2238,0
2239,0
2240,0
2241,0
2242,2
2243,0
2244,0
2245,0
2246,2
2247,0
2248,2
2249,0
2250,0
2251,0
2252,0
2253,0
2254,0
2255,0
2256,0
2257,0
2258,1
2259,1
2260,0
2261,0
2262,0
2263,0
2264,1
2265,0
2266,0
2267,0
2268,1
2269,1
2270,0
2271,0
2272,0
2273,0
2274,0
2275,0
2276,0
2277,1
2278,0
2279,0
2280,0
2281,0
2282,0
2283,0
2284,2
2285,0
2286,0
2287,0
2288,0
2289,0
2290,2
2291,0
2292,0
2293,0
2294,0
2295,2
2296,0
2297,1
2298,0
2299,0
2300,0
2301,0
2302,1
2303,0
2304,0
2305,0
2306,0
2307,0
2308,0
2309,0
2310,2
2311,0
2312,0
2313,0
2314,0
2315,0
2316,0
2317,1
2318,0
2319,0
2320,0
2321,0
2322,0
2323,0
2324,0
2325,0
2326,0
2327,0
2328,0
2329,2
2330,0
2331,0
2332,1
2333,0
2334,0
2335,0
2336,1
2337,0
2338,0
2339,0
2340,0
2341,0
2342,1
2343,0
2344,0
2345,0
2346,0
2347,0
2348,1
2349,2
2350,0
2351,0
2352,0
2353,0
2354,0
2355,0
2356,0
2357,0
2358,0
2359,0
2360,0
2361,0
2362,0
2363,0
2364,2
2365,0
2366,0
2367,0
2368,0
2369,0
2370,0
2371,0
2372,0
2373,0
2374,0
2375,0
2376,0
2377,0
2378,0
2379,0
2380,0
2381,1
2382,0
2383,0
2384,2
2385,0
2386,0
2387,0
2388,1
2389,0
2390,0
2391,0
2392,0
2393,0
2394,0
2395,0
2396,0
2397,0
2398,1
2399,0
2400,0
2401,0
2402,0
2403,0
2404,2
2405,0
2406,0
2407,0
2408,0
2409,0
2410,0
2411,0
2412,0
2413,0
2414,0
2415,0
2416,0
2417,0
2418,0
2419,0
2420,0
2421,0
2422,0
2423,0
2424,0
2425,0
2426,0
2427,1
2428,0
2429,1
2430,0
2431,0
2432,0
2433,0
2434,0
2435,0
2436,1
2437,0
2438,2
2439,0
2440,0
2441,0
2442,0
2443,2
2444,2
2445,0
2446,0
2447,0
2448,0
2449,0
2450,0
2451,0
2452,0
2453,0
2454,0
2455,0
2456,0
2457,0
2458,0
2459,1
2460,0
2461,0
2462,1
2463,0
2464,0
2465,0
2466,0
2467,1
2468,0
2469,0
2470,0
2471,0
2472,0
2473,1
2474,0
2475,0
2476,0
2477,0
2478,0
2479,0
2480,0
2481,0
2482,0
2483,0
2484,0
2485,0
2486,0
2487,0
2488,0
2489,0
2490,0
2491,0
2492,0
2493,0
2494,0
2495,0
2496,0
2497,0
2498,0
2499,0
2500,0
2501,1
2502,0
2503,0
2504,1
2505,0
2506,0
2507,0
2508,0
2509,1
2510,0
2511,2
2512,2
2513,0
2514,0
2515,0
2516,0
2517,0
2518,0
2519,0
2520,0
2521,0
2522,0
2523,0
2524,0
2525,0
2526,0
2527,0
2528,0
2529,0
2530,0
2531,0
2532,1
2533,2
2534,0
2535,0
2536,0
2537,0
2538,0
2539,0
2540,1
2541,2
2542,0
2543,0
2544,0
2545,1
2546,0
2547,1
2548,1
2549,0
2550,0
2551,0
2552,0
2553,0
2554,0
2555,0
2556,2
2557,0
2558,0
2559,1
2560,0
2561,0
2562,0
2563,0
2564,0
2565,0
2566,2
2567,0
2568,0
2569,0
2570,1
2571,0
2572,0
2573,0
2574,0
2575,1
2576,0
2577,0
2578,0
2579,0
2580,0
2581,0
2582,0
2583,0
2584,2
2585,2
2586,0
2587,0
2588,0
2589,0
2590,0
2591,0
2592,0
2593,0
2594,0
2595,0
2596,0
2597,0
2598,0
2599,1
2600,0
2601,1
2602,0
2603,0
2604,0
2605,1
2606,0
2607,0
2608,0
2609,1
2610,0
2611,0
2612,0
2613,0
2614,0
2615,0
2616,0
2617,0
2618,0
2619,0
2620,0
2621,0
2622,0
2623,0
2624,0
2625,0
2626,0
2627,0
2628,0
2629,0
2630,0
2631,0
2632,0
2633,0
2634,0
2635,0
2636,0
2637,0
2638,0
2639,0
2640,0
2641,0
2642,0
2643,0
2644,0
2645,2
2646,0
2647,0
2648,0
2649,0
2650,0
2651,0
2652,1
2653,0
2654,0
2655,1
2656,0
2657,0
2658,0
2659,0
2660,0
2661,0
2662,0
2663,0
2664,0
2665,0
2666,0
2667,0
2668,0
2669,0
2670,2
2671,0
2672,1
2673,2
2674,0
2675,1
2676,2
2677,1
2678,0
2679,0
2680,0
2681,0
2682,0
2683,0
2684,0
2685,0
2686,0
2687,0
2688,0
2689,1
2690,0
2691,1
2692,0
2693,0
2694,0
2695,2
2696,0
2697,0
2698,0
2699,1
2700,0
2701,0
2702,0
2703,0
2704,0
2705,0
2706,0
2707,0
2708,0
2709,0
2710,0
2711,0
2712,0
2713,1
2714,0
2715,0
2716,0
2717,0
2718,0
2719,0
2720,0
2721,0
2722,2
2723,0
2724,0
2725,0
2726,0
2727,0
2728,0
2729,0
2730,0
2731,0
2732,1
2733,1
2734,0
2735,0
2736,1
2737,0
2738,0
2739,0
2740,0
2741,0
2742,0
2743,0
2744,0
2745,0
2746,1
2747,0
2748,0
2749,0
2750,0
2751,0
2752,0
2753,0
2754,0
2755,0
2756,0
2757,0
2758,0
2759,0
2760,0
2761,2
2762,0
2763,0
2764,0
2765,0
2766,0
2767,0
2768,0
2769,0
2770,0
2771,0
2772,0
2773,0
2774,0
2775,0
2776,0
2777,0
2778,1
2779,0
2780,0
2781,2
2782,0
2783,0
2784,0
2785,0
2786,0
2787,0
2788,0
2789,2
2790,0
2791,0
2792,0
2793,0
2794,0
2795,0
2796,0
2797,0
2798,0
2799,0
2800,0
2801,2
2802,0
2803,0
2804,0
2805,0
2806,0
2807,0
2808,0
2809,0
2810,0
2811,0
2812,0
2813,0
2814,0
2815,0
2816,0
2817,0
2818,0
2819,0
2820,0
2821,0
2822,0
2823,0
2824,0
2825,0
2826,0
2827,0
2828,0
2829,0
2830,1
2831,0
2832,0
2833,0
2834,0
2835,0
2836,0
2837,0
2838,0
2839,0
2840,0
2841,0
2842,2
2843,0
2844,0
2845,0
2846,0
2847,0
2848,0
2849,0
2850,0
2851,0
2852,0
2853,0
2854,0
2855,0
2856,0
2857,0
2858,1
2859,0
2860,0
2861,0
2862,0
2863,0
2864,1
2865,2
2866,2
2867,0
2868,0
2869,0
2870,0
2871,0
2872,0
2873,1
2874,0
2875,0
2876,0
2877,0
2878,0
2879,1
2880,1
2881,0
2882,0
2883,0
2884,0
2885,0
2886,1
2887,0
2888,1
2889,0
2890,0
2891,2
2892,0
2893,0
2894,0
2895,0
2896,0
2897,0
2898,0
2899,0
2900,0
2901,0
2902,0
2903,0
2904,0
2905,0
2906,0
2907,0
2908,0
2909,0
2910,0
2911,0
2912,0
2913,0
2914,0
2915,0
2916,0
2917,0
2918,0
2919,0
2920,0
2921,0
2922,2
2923,1
2924,0
2925,0
2926,0
2927,0
2928,1
2929,0
2930,1
2931,1
2932,0
2933,0
2934,0
2935,0
2936,0
2937,0
2938,0
2939,0
2940,0
2941,2
2942,0
2943,0
2944,1
2945,0
2946,0
2947,0
2948,0
2949,0
2950,0
2951,0
2952,1
2953,0
2954,0
2955,0
2956,0
2957,0
2958,0
2959,0
2960,0
2961,0
2962,0
2963,0
2964,2
2965,0
2966,0
2967,0
2968,0
2969,0
2970,0
2971,0
2972,0
2973,1
2974,0
2975,0
2976,0
2977,2
2978,0
2979,0
2980,0
2981,0
2982,2
2983,0
2984,0
2985,0
2986,0
2987,0
2988,2
2989,0
2990,0
2991,0
2992,0
2993,0
2994,0
2995,0
2996,0
2997,1
2998,0
2999,0
3000,0
3001,0
3002,0
3003,0
3004,0
3005,0
3006,0
3007,1
3008,2
3009,0
3010,2
3011,0
3012,2
3013,0
3014,0
3015,1
3016,0
3017,0
3018,0
3019,0
3020,0
3021,0
3022,0
3023,0
3024,0
3025,0
3026,0
3027,0
3028,2
3029,0
3030,0
3031,0
3032,0
3033,0
3034,0
3035,0
3036,0
3037,0
3038,0
3039,0
3040,0
3041,0
3042,0
3043,0
3044,0
3045,0
3046,0
3047,0
3048,0
3049,0
3050,0
3051,0
3052,0
3053,0
3054,0
3055,0
3056,0
3057,0
3058,0
3059,0
3060,0
3061,0
3062,0
3063,2
3064,2
3065,0
3066,0
3067,0
3068,0
3069,0
3070,0
3071,0
3072,0
3073,0
3074,0
3075,0
3076,0
3077,0
3078,0
3079,0
3080,0
3081,0
3082,0
3083,0
3084,0
3085,0
3086,0
3087,2
3088,0
3089,0
3090,2
3091,0
3092,0
3093,1
3094,0
3095,0
3096,0
3097,0
3098,0
3099,1
3100,0
3101,0
3102,0
3103,0
3104,2
3105,0
3106,0
3107,0
3108,0
3109,0
3110,1
3111,0
3112,0
3113,0
3114,0
3115,2
3116,0
3117,0
3118,0
3119,0
3120,0
3121,0
3122,0
3123,0
3124,0
3125,0
3126,0
3127,0
3128,0
3129,0
3130,2
3131,0
3132,0
3133,0
3134,0
3135,0
3136,1
3137,0
3138,0
3139,0
3140,0
3141,0
3142,0
3143,0
3144,0
3145,0
3146,0
3147,0
3148,0
3149,0
3150,0
3151,0
3152,1
3153,2
3154,0
3155,0
3156,2
3157,0
3158,0
3159,0
3160,0
3161,1
3162,0
3163,1
3164,0
3165,0
3166,0
3167,0
3168,0
3169,2
3170,0
3171,0
3172,0
3173,0
3174,0
3175,0
3176,0
3177,0
3178,0
3179,0
3180,0
3181,0
3182,1
3183,0
3184,0
3185,0
3186,0
3187,0
3188,0
3189,0
3190,0
3191,0
3192,0
3193,2
3194,0
3195,1
3196,0
3197,0
3198,0
3199,0
3200,1
3201,0
3202,0
3203,0
3204,1
3205,0
3206,0
3207,2
3208,0
3209,2
3210,0
3211,0
3212,0
3213,0
3214,0
3215,0
3216,0
3217,0
3218,0
3219,0
3220,0
3221,1
3222,0
3223,0
3224,0
3225,0
3226,0
3227,0
3228,1
3229,0
3230,0
3231,0
3232,0
3233,0
3234,0
3235,0
3236,0
3237,0
3238,0
3239,1
3240,0
3241,1
3242,0
3243,0
3244,0
3245,0
3246,1
3247,0
3248,0
3249,0
3250,2
3251,0
3252,0
3253,0
3254,0
3255,0
3256,0
3257,0
3258,0
3259,0
3260,0
3261,0
3262,2
3263,0
3264,0
3265,0
3266,0
3267,0
3268,0
3269,0
3270,0
3271,0
3272,0
3273,0
3274,0
3275,0
3276,0
3277,1
3278,0
3279,0
3280,0
3281,0
3282,0
3283,0
3284,0
3285,0
3286,0
3287,0
3288,0
3289,0
3290,0
3291,0
3292,0
3293,0
3294,0
3295,1
3296,2
3297,0
3298,0
3299,0
3300,0
3301,0
3302,0
3303,0
3304,0
3305,2
3306,0
3307,0
3308,0
3309,0
3310,0
3311,0
3312,0
3313,0
3314,0
3315,0
3316,0
3317,0
3318,0
3319,0
3320,1
3321,0
3322,1
3323,0
3324,0
3325,0
3326,0
3327,0
3328,0
3329,0
3330,0
3331,0
3332,0
3333,0
3334,0
3335,0
3336,0
3337,0
3338,0
3339,0
3340,0
3341,0
3342,0
3343,0
3344,0
3345,0
3346,0
3347,0
3348,0
3349,0
3350,2
3351,0
3352,0
3353,0
3354,0
3355,0
3356,0
3357,0
3358,0
3359,0
3360,0
3361,0
3362,0
3363,0
3364,0
3365,1
3366,0
3367,0
3368,0
3369,0
3370,0
3371,0
3372,0
3373,0
3374,0
3375,2
3376,0
3377,2
3378,1
3379,0
3380,2
3381,2
3382,2
3383,0
3384,0
3385,0
3386,0
3387,0
3388,0
3389,1
3390,1
3391,0
3392,0
3393,2
3394,1
3395,0
3396,0
3397,0
3398,0
3399,0
3400,0
3401,1
3402,2
3403,0
3404,0
3405,0
3406,0
3407,0
3408,0
3409,0
3410,0
3411,0
3412,0
3413,1
3414,0
3415,0
3416,0
3417,2
3418,0
3419,0
3420,0
3421,0
3422,2
3423,0
3424,0
3425,1
3426,2
3427,0
3428,0
3429,0
3430,0
3431,0
3432,0
3433,0
3434,0
3435,2
3436,1
3437,0
3438,0
3439,1
3440,0
3441,0
3442,0
3443,0
3444,0
3445,0
3446,0
3447,0
3448,0
3449,2
3450,0
3451,0
3452,0
3453,2
3454,0
3455,0
3456,0
3457,0
3458,0
3459,1
3460,1
3461,0
3462,0
3463,0
3464,0
3465,1
3466,0
3467,1
3468,0
3469,0
3470,0
3471,0
3472,2
3473,0
3474,0
3475,2
3476,0
3477,0
3478,0
3479,0
3480,0
3481,2
3482,0
3483,0
3484,0
3485,0
3486,0
3487,0
3488,0
3489,0
3490,0
3491,0
3492,2
3493,0
3494,0
3495,1
3496,0
3497,0
3498,0
3499,0
3500,2
3501,0
3502,1
3503,0
3504,0
3505,1
3506,0
3507,0
3508,1
3509,0
3510,0
3511,2
3512,0
3513,0
3514,0
3515,0
3516,0
3517,0
3518,0
3519,1
3520,0
3521,1
3522,0
3523,0
3524,1
3525,0
3526,0
3527,0
3528,0
3529,0
3530,0
3531,0
3532,0
3533,0
3534,0
3535,0
3536,0
3537,2
3538,0
3539,0
3540,0
3541,0
3542,0
3543,0
3544,0
3545,0
3546,0
3547,0
3548,0
3549,1
3550,0
3551,0
3552,0
3553,2
3554,0
3555,0
3556,2
3557,0
3558,0
3559,0
3560,0
3561,0
3562,0
3563,0
3564,0
3565,0
3566,0
3567,1
3568,0
3569,0
3570,2
3571,0
3572,2
3573,0
3574,0
3575,0
3576,0
3577,0
3578,0
3579,0
3580,1
3581,0
3582,0
3583,1
3584,0
3585,0
3586,0
3587,0
3588,0
3589,2
3590,1
3591,0
3592,2
3593,0
3594,0
3595,0
3596,0
3597,0
3598,0
3599,0
3600,0
3601,0
3602,2
3603,0
3604,0
3605,0
3606,0
3607,0
3608,0
3609,0
3610,0
3611,0
3612,0
3613,2
3614,0
3615,1
3616,0
3617,0
3618,2
3619,1
3620,0
3621,0
3622,0
3623,2
3624,2
3625,0
3626,0
3627,1
3628,0
3629,0
3630,0
3631,2
3632,0
3633,1
3634,0
3635,0
3636,0
3637,0
3638,1
3639,0
3640,0
3641,0
3642,0
3643,0
3644,0
3645,0
3646,0
3647,0
3648,0
3649,1
3650,0
3651,0
3652,0
3653,1
3654,1
3655,0
3656,0
3657,0
3658,0
3659,0
3660,0
3661,0
3662,0
3663,0
3664,0
3665,0
3666,2
3667,0
3668,0
3669,0
3670,0
3671,0
3672,0
3673,2
3674,0
3675,2
3676,0
3677,0
3678,1
3679,0
3680,1
3681,0
3682,0
3683,0
3684,0
3685,0
3686,0
3687,0
3688,2
3689,0
3690,0
3691,0
3692,0
3693,0
3694,0
3695,0
3696,0
3697,1
3698,0
3699,0
3700,0
3701,0
3702,1
3703,0
3704,0
3705,0
3706,0
3707,2
3708,0
3709,0
3710,2
3711,0
3712,0
3713,1
3714,0
3715,0
3716,2
3717,0
3718,0
3719,1
3720,1
3721,0
3722,0
3723,0
3724,0
3725,0
3726,0
3727,0
3728,0
3729,0
3730,0
3731,0
3732,0
3733,0
3734,0
3735,0
3736,0
3737,1
3738,0
3739,0
3740,0
3741,1
3742,0
3743,2
3744,0
3745,1
3746,0
3747,0
3748,0
3749,0
3750,0
3751,0
3752,0
3753,0
3754,0
3755,0
3756,0
3757,0
3758,0
3759,0
3760,0
3761,0
3762,0
3763,0
3764,0
3765,1
3766,0
3767,1
3768,2
3769,0
3770,0
3771,0
3772,0
3773,0
3774,0
3775,0
3776,0
3777,2
3778,0
3779,0
3780,0
3781,0
3782,0
3783,0
3784,2
3785,0
3786,0
3787,0
3788,0
3789,1
3790,1
3791,0
3792,0
3793,0
3794,0
3795,0
3796,0
3797,0
3798,1
3799,0
3800,0
3801,0
3802,0
3803,0
3804,0
3805,0
3806,0
3807,1
3808,0
3809,0
3810,0
3811,0
3812,1
3813,0
3814,1
3815,0
3816,0
3817,0
3818,0
3819,1
3820,0
3821,0
3822,0
3823,0
3824,0
3825,0
3826,0
3827,0
3828,1
3829,0
3830,0
3831,0
3832,0
3833,0
3834,0
3835,0
3836,0
3837,0
3838,1
3839,0
3840,2
3841,1
3842,0
3843,0
3844,0
3845,0
3846,2
3847,0
3848,0
3849,0
3850,1
3851,0
3852,0
3853,0
3854,0
3855,0
3856,0
3857,0
3858,0
3859,0
3860,0
3861,0
3862,0
3863,0
3864,0
3865,1
3866,0
3867,0
3868,1
3869,0
3870,0
3871,0
3872,0
3873,0
3874,0
3875,0
3876,0
3877,0
3878,2
3879,0
3880,0
3881,0
3882,0
3883,0
3884,0
3885,0
3886,2
3887,1
3888,0
3889,0
3890,0
3891,0
3892,0
3893,0
3894,0
3895,0
3896,0
3897,2
3898,0
3899,0
3900,0
3901,0
3902,0
3903,0
3904,1
3905,2
3906,0
3907,0
3908,0
3909,0
3910,0
3911,0
3912,1
3913,2
3914,1
3915,0
3916,0
3917,2
3918,0
3919,0
3920,0
3921,0
3922,0
3923,1
3924,0
3925,0
3926,0
3927,0
3928,0
3929,0
3930,0
3931,0
3932,0
3933,0
3934,0
3935,1
3936,0
3937,0
3938,0
3939,0
3940,0
3941,0
3942,0
3943,0
3944,0
3945,0
3946,0
3947,0
3948,0
3949,0
3950,0
3951,0
3952,0
3953,2
3954,0
3955,2
3956,2
3957,1
3958,0
3959,2
3960,1
3961,0
3962,2
3963,0
3964,0
3965,1
3966,0
3967,0
3968,0
3969,1
3970,0
3971,0
3972,0
3973,0
3974,0
3975,0
3976,0
3977,0
3978,0
3979,0
3980,0
3981,1
3982,0
3983,0
3984,0
3985,0
3986,0
3987,0
3988,1
3989,0
3990,2
3991,0
3992,0
3993,0
3994,1
3995,0
3996,1
3997,0
3998,0
3999,0
4000,2
4001,0
4002,0
4003,0
4004,1
4005,0
4006,0
4007,0
4008,2
4009,0
4010,0
4011,0
4012,0
4013,0
4014,2
4015,2
4016,1
4017,0
4018,0
4019,0
4020,0
4021,0
4022,0
4023,1
4024,0
4025,0
4026,2
4027,2
4028,0
4029,0
4030,0
4031,0
4032,1
4033,0
4034,1
4035,0
4036,0
4037,0
4038,1
4039,0
4040,0
4041,0
4042,0
4043,2
4044,0
4045,0
4046,1
4047,0
4048,0
4049,1
4050,0
4051,0
4052,0
4053,0
4054,0
4055,2
4056,1
4057,2
4058,0
4059,0
4060,0
4061,0
4062,1
4063,0
4064,0
4065,0
4066,0
4067,2
4068,2
4069,0
4070,0
4071,0
4072,0
4073,0
4074,0
4075,0
4076,0
4077,0
4078,0
4079,0
4080,0
4081,0
4082,1
4083,0
4084,0
4085,0
4086,1
4087,0
4088,0
4089,0
4090,0
4091,0
4092,0
4093,2
4094,0
4095,2
4096,0
4097,0
4098,0
4099,0
4100,0
4101,0
4102,0
4103,0
4104,0
4105,1
4106,1
4107,0
4108,0
4109,0
4110,1
4111,0
4112,0
4113,0
4114,0
4115,0
4116,2
4117,1
4118,0
4119,2
4120,0
4121,0
4122,2
4123,0
4124,0
4125,0
4126,0
4127,0
4128,0
4129,0
4130,1
4131,0
4132,0
4133,0
4134,0
4135,0
4136,0
4137,0
4138,0
4139,0
4140,1
4141,0
4142,0
4143,0
4144,1
4145,0
4146,0
4147,1
4148,0
4149,0
4150,0
4151,0
4152,1
4153,0
4154,0
4155,0
4156,0
4157,0
4158,0
4159,0
4160,0
4161,0
4162,0
4163,0
4164,0
4165,2
4166,0
4167,0
4168,1
4169,0
4170,0
4171,0
4172,1
4173,1
4174,0
4175,0
4176,0
4177,0
4178,0
4179,0
4180,0
4181,0
4182,0
4183,0
4184,0
4185,0
4186,0
4187,0
4188,0
4189,0
4190,1
4191,0
4192,0
4193,0
4194,2
4195,0
4196,2
4197,0
4198,0
4199,0
4200,0
4201,0
4202,0
4203,0
4204,0
4205,1
4206,1
4207,0
4208,0
4209,0
4210,2
4211,1
4212,0
4213,0
4214,0
4215,0
4216,0
4217,0
4218,0
4219,0
4220,0
4221,1
4222,0
4223,0
4224,0
4225,0
4226,0
4227,2
4228,0
4229,0
4230,0
4231,0
4232,0
4233,0
4234,0
4235,0
4236,0
4237,0
4238,2
4239,0
4240,0
4241,0
4242,0
4243,0
4244,0
4245,0
4246,0
4247,0
4248,2
4249,0
4250,0
4251,1
4252,0
4253,0
4254,0
4255,1
4256,0
4257,1
4258,1
4259,0
4260,0
4261,0
4262,2
4263,0
4264,0
4265,0
4266,0
4267,0
4268,0
4269,0
4270,1
4271,0
4272,0
4273,0
4274,0
4275,0
4276,1
4277,0
4278,1
4279,0
4280,0
4281,1
4282,0
4283,1
4284,0
4285,0
4286,0
4287,2
4288,0
4289,0
4290,2
4291,1
4292,0
4293,0
4294,1
4295,0
4296,0
4297,0
4298,0
4299,0
4300,0
4301,2
4302,0
4303,0
4304,0
4305,0
4306,0
4307,0
4308,0
4309,0
4310,0
4311,1
4312,0
4313,0
4314,0
4315,0
4316,2
4317,0
4318,2
4319,0
4320,0
4321,0
4322,2
4323,0
4324,2
4325,0
4326,0
4327,0
4328,0
4329,0
4330,0
4331,0
4332,0
4333,0
4334,0
4335,0
4336,2
4337,0
4338,0
4339,2
4340,0
4341,0
4342,0
4343,2
4344,0
4345,1
4346,0
4347,1
4348,0
4349,0
4350,0
4351,0
4352,0
4353,0
4354,0
4355,2
4356,0
4357,0
4358,1
4359,1
4360,2
4361,0
4362,0
4363,0
4364,2
4365,0
4366,0
4367,1
4368,0
4369,0
4370,0
4371,0
4372,0
4373,0
4374,0
4375,0
4376,0
4377,0
4378,0
4379,0
4380,0
4381,0
4382,1
4383,1
4384,0
4385,0
4386,0
4387,2
4388,2
4389,1
4390,0
4391,0
4392,0
4393,0
4394,0
4395,1
4396,0
4397,0
4398,1
4399,0
4400,0
4401,0
4402,1
4403,0
4404,0
4405,0
4406,0
4407,0
4408,0
4409,0
4410,0
4411,1
4412,0
4413,0
4414,1
4415,0
4416,0
4417,0
4418,1
4419,2
4420,1
4421,1
4422,0
4423,0
4424,0
4425,0
4426,1
4427,0
4428,0
4429,0
4430,0
4431,1
4432,0
4433,0
4434,0
4435,1
4436,1
4437,0
4438,0
4439,0
4440,0
4441,0
4442,0
4443,0
4444,0
4445,0
4446,2
4447,0
4448,0
4449,0
4450,0
4451,0
4452,0
4453,0
4454,0
4455,0
4456,0
4457,0
4458,0
4459,0
4460,0
4461,2
4462,0
4463,1
4464,1
4465,0
4466,0
4467,2
4468,0
4469,1
4470,0
4471,2
4472,0
4473,0
4474,0
4475,0
4476,0
4477,0
4478,0
4479,2
4480,0
4481,0
4482,1
4483,0
4484,0
4485,1
4486,0
4487,0
4488,0
4489,0
4490,0
4491,0
4492,0
4493,0
4494,0
4495,0
4496,0
4497,0
4498,0
4499,0
4500,0
4501,1
4502,0
4503,1
4504,0
4505,0
4506,0
4507,0
4508,0
4509,0
4510,2
4511,0
4512,0
4513,0
4514,2
4515,0
4516,0
4517,1
4518,0
4519,0
4520,0
4521,0
4522,0
4523,0
4524,0
4525,0
4526,0
4527,0
4528,0
4529,0
4530,0
4531,0
4532,1
4533,0
4534,0
4535,0
4536,0
4537,1
4538,0
4539,0
4540,1
4541,1
4542,0
4543,0
4544,1
4545,0
4546,0
4547,0
4548,0
4549,0
4550,0
4551,1
4552,0
4553,0
4554,0
4555,0
4556,0
4557,0
4558,0
4559,0
4560,0
4561,0
4562,0
4563,0
4564,2
4565,1
4566,0
4567,0
4568,0
4569,0
4570,0
4571,1
4572,0
4573,0
4574,0
4575,0
4576,0
4577,0
4578,0
4579,0
4580,0
4581,0
4582,0
4583,2
4584,0
4585,0
4586,0
4587,2
4588,0
4589,2
4590,0
4591,0
4592,0
4593,0
4594,0
4595,0
4596,0
4597,0
4598,1
4599,0
4600,0
4601,0
4602,2
4603,0
4604,0
4605,0
4606,0
4607,2
4608,0
4609,0
4610,1
4611,1
4612,0
4613,0
4614,0
4615,0
4616,2
4617,0
4618,0
4619,0
4620,0
4621,0
4622,2
4623,0
4624,0
4625,0
4626,0
4627,0
4628,1
4629,0
4630,0
4631,0
4632,0
4633,0
4634,0
4635,0
4636,0
4637,0
4638,0
4639,0
4640,0
4641,0
4642,0
4643,2
4644,0
4645,1
4646,0
4647,0
4648,0
4649,2
4650,0
4651,0
4652,0
4653,0
4654,0
4655,0
4656,0
4657,1
4658,1
4659,0
4660,0
4661,0
4662,0
4663,0
4664,0
4665,0
4666,0
4667,2
4668,0
4669,0
4670,0
4671,0
4672,1
4673,0
4674,0
4675,0
4676,2
4677,0
4678,0
4679,2
4680,1
4681,0
4682,0
4683,2
4684,0
4685,0
4686,1
4687,0
4688,2
4689,0
4690,0
4691,0
4692,0
4693,0
4694,2
4695,0
4696,0
4697,0
4698,0
4699,1
4700,0
4701,0
4702,0
4703,0
4704,0
4705,0
4706,0
4707,2
4708,2
4709,0
4710,0
4711,0
4712,0
4713,0
4714,0
4715,0
4716,0
4717,2
4718,0
4719,0
4720,0
4721,2
4722,0
4723,0
4724,0
4725,0
4726,0
4727,0
4728,2
4729,0
4730,0
4731,1
4732,0
4733,0
4734,0
4735,0
4736,0
4737,0
4738,0
4739,0
4740,0
4741,2
4742,0
4743,2
4744,0
4745,1
4746,0
4747,0
4748,0
4749,1
4750,2
4751,0
4752,1
4753,1
4754,0
4755,0
4756,1
4757,0
4758,0
4759,0
4760,0
4761,0
4762,0
4763,0
4764,0
4765,0
4766,1
4767,0
4768,0
4769,0
4770,0
4771,0
4772,0
4773,0
4774,0
4775,0
4776,0
4777,0
4778,0
4779,0
4780,2
4781,0
4782,0
4783,0
4784,0
4785,0
4786,0
4787,0
4788,0
4789,0
4790,0
4791,0
4792,2
4793,0
4794,0
4795,0
4796,2
4797,0
4798,0
4799,0
4800,1
4801,0
4802,1
4803,0
4804,0
4805,0
4806,0
4807,0
4808,0
4809,0
4810,1
4811,0
4812,0
4813,0
4814,0
4815,0
4816,0
4817,0
4818,0
4819,0
4820,0
4821,0
4822,0
4823,0
4824,0
4825,0
4826,2
4827,2
4828,0
4829,1
4830,0
4831,2
4832,2
4833,0
4834,0
4835,0
4836,0
4837,0
4838,0
4839,1
4840,0
4841,0
4842,0
4843,0
4844,0
4845,0
4846,1
4847,0
4848,2
4849,0
4850,1
4851,0
4852,2
4853,0
4854,0
4855,0
4856,1
4857,0
4858,0
4859,0
4860,0
4861,2
4862,0
4863,0
4864,0
4865,0
4866,0
4867,0
4868,0
4869,0
4870,0
4871,0
4872,0
4873,0
4874,0
4875,0
4876,0
4877,0
4878,2
4879,0
4880,0
4881,0
4882,0
4883,2
4884,0
4885,0
4886,1
4887,0
4888,2
4889,0
4890,1
4891,0
4892,0
4893,0
4894,0
4895,0
4896,0
4897,0
4898,0
4899,0
4900,0
4901,0
4902,0
4903,0
4904,0
4905,0
4906,1
4907,0
4908,0
4909,0
4910,0
4911,0
4912,0
4913,0
4914,0
4915,0
4916,0
4917,0
4918,0
4919,0
4920,0
4921,0
4922,0
4923,0
4924,0
4925,0
4926,0
4927,0
4928,0
4929,0
4930,0
4931,2
4932,0
4933,0
4934,0
4935,0
4936,2
4937,0
4938,2
4939,0
4940,2
4941,1
4942,2
4943,0
4944,0
4945,0
4946,2
4947,2
4948,0
4949,0
4950,0
4951,0
4952,0
4953,0
4954,0
4955,0
4956,2
4957,0
4958,0
4959,0
4960,0
4961,0
4962,1
4963,0
4964,0
4965,0
4966,0
4967,0
4968,0
4969,0
4970,0
4971,1
4972,0
4973,1
4974,1
4975,0
4976,0
4977,1
4978,2
4979,0
4980,0
4981,0
4982,2
4983,0
4984,0
4985,0
4986,0
4987,1
4988,1
4989,0
4990,0
4991,0
4992,0
4993,2
4994,0
4995,0
4996,2
4997,0
4998,1
4999,2
5000,0
5001,1
5002,0
5003,0
5004,0
5005,0
5006,2
5007,0
5008,2
5009,0
5010,0
5011,0
5012,0
5013,1
5014,0
5015,0
5016,2
5017,0
5018,0
5019,0
5020,0
5021,0
5022,0
5023,0
5024,0
5025,0
5026,0
5027,0
5028,0
5029,0
5030,0
5031,0
5032,0
5033,1
5034,0
5035,0
5036,0
5037,1
5038,0
5039,2
5040,0
5041,1
5042,0
5043,0
5044,0
5045,0
5046,1
5047,0
5048,0
5049,0
5050,1
5051,0
5052,0
5053,0
5054,0
5055,0
5056,0
5057,0
5058,0
5059,0
5060,1
5061,0
5062,0
5063,0
5064,0
5065,1
5066,0
5067,0
5068,0
5069,0
5070,0
5071,0
5072,0
5073,0
5074,0
5075,0
5076,0
5077,0
5078,0
5079,0
5080,0
5081,0
5082,0
5083,0
5084,0
5085,0
5086,0
5087,0
5088,0
5089,0
5090,1
5091,0
5092,2
5093,0
5094,2
5095,0
5096,0
5097,0
5098,0
5099,0
5100,2
5101,0
5102,0
5103,0
5104,0
5105,0
5106,0
5107,0
5108,0
5109,1
5110,0
5111,0
5112,0
5113,0
5114,0
5115,1
5116,0
5117,1
5118,1
5119,0
5120,0
5121,0
5122,0
5123,0
5124,1
5125,0
5126,1
5127,0
5128,0
5129,0
5130,0
5131,0
5132,1
5133,1
5134,2
5135,0
5136,0
5137,0
5138,0
5139,0
5140,0
5141,0
5142,1
5143,0
5144,1
5145,2
5146,0
5147,0
5148,0
5149,0
5150,0
5151,2
5152,2
5153,0
5154,0
5155,0
5156,0
5157,1
5158,0
5159,1
5160,0
5161,0
5162,1
5163,0
5164,0
5165,2
5166,0
5167,2
5168,0
5169,0
5170,0
5171,0
5172,0
5173,0
5174,0
5175,0
5176,2
5177,0
5178,0
5179,0
5180,0
5181,0
5182,2
5183,0
5184,0
5185,1
5186,0
5187,0
5188,0
5189,0
5190,0
5191,0
5192,0
5193,0
5194,0
5195,0
5196,2
5197,0
5198,0
5199,0
5200,2
5201,2
5202,2
5203,0
5204,2
5205,0
5206,0
5207,0
5208,0
5209,0
5210,0
5211,0
5212,0
5213,0
5214,0
5215,2
5216,0
5217,0
5218,2
5219,0
5220,0
5221,2
5222,0
5223,2
5224,0
5225,0
5226,1
5227,0
5228,2
5229,0
5230,1
5231,1
5232,2
5233,0
5234,0
5235,0
5236,0
5237,0
5238,1
5239,0
5240,0
5241,2
5242,0
5243,0
5244,0
5245,0
5246,1
5247,0
5248,0
5249,0
5250,1
5251,1
5252,2
5253,0
5254,0
5255,0
5256,1
5257,0
5258,0
5259,0
5260,2
5261,0
5262,0
5263,2
5264,1
5265,0
5266,0
5267,0
5268,0
5269,0
5270,0
5271,0
5272,0
5273,0
5274,0
5275,0
5276,2
5277,0
5278,0
5279,0
5280,2
5281,0
5282,0
5283,0
5284,0
5285,0
5286,0
5287,2
5288,0
5289,0
5290,0
5291,0
5292,0
5293,0
5294,0
5295,1
5296,0
5297,1
5298,2
5299,2
5300,0
5301,0
5302,0
5303,0
5304,0
5305,0
5306,0
5307,1
5308,0
5309,1
5310,0
5311,0
5312,0
5313,0
5314,0
5315,0
5316,0
5317,2
5318,0
5319,0
5320,0
5321,0
5322,0
5323,0
5324,0
5325,0
5326,0
5327,2
5328,0
5329,0
5330,0
5331,0
5332,0
5333,0
5334,0
5335,0
5336,0
5337,0
5338,0
5339,0
5340,0
5341,0
5342,0
5343,0
5344,0
5345,0
5346,0
5347,1
5348,0
5349,0
5350,1
5351,0
5352,0
5353,1
5354,2
5355,0
5356,1
5357,0
5358,1
5359,0
5360,0
5361,2
5362,0
5363,0
5364,0
5365,0
5366,0
5367,1
5368,2
5369,1
5370,0
5371,0
5372,2
5373,1
5374,1
5375,0
5376,0
5377,2
5378,0
5379,2
5380,2
5381,1
5382,0
5383,0
5384,0
5385,0
5386,0
5387,0
5388,0
5389,0
5390,0
5391,2
5392,1
5393,0
5394,0
5395,0
5396,0
5397,0
5398,0
5399,2
5400,0
5401,2
5402,0
5403,0
5404,1
5405,0
5406,0
5407,0
5408,0
5409,2
5410,0
5411,0
5412,0
5413,0
5414,0
5415,0
5416,0
5417,0
5418,2
5419,0
5420,0
5421,0
5422,0
5423,0
5424,0
5425,0
5426,0
5427,0
5428,0
5429,0
5430,1
5431,2
5432,0
5433,0
5434,2
5435,0
5436,0
5437,0
5438,0
5439,0
5440,0
5441,0
5442,0
5443,0
5444,0
5445,0
5446,0
5447,0
5448,0
5449,2
5450,0
5451,0
5452,0
5453,0
5454,0
5455,0
5456,0
5457,0
5458,2
5459,0
5460,0
5461,0
5462,0
5463,0
5464,0
5465,0
5466,0
5467,2
5468,0
5469,0
5470,0
5471,0
5472,0
5473,0
5474,1
5475,0
5476,2
5477,0
5478,0
5479,2
5480,0
5481,0
5482,2
5483,0
5484,0
5485,0
5486,0
5487,2
5488,2
5489,2
5490,0
5491,0
5492,0
5493,0
5494,0
5495,0
5496,0
5497,0
5498,0
5499,0
5500,0
5501,0
5502,0
5503,0
5504,0
5505,0
5506,0
5507,0
5508,0
5509,1
5510,0
5511,0
5512,0
5513,0
5514,1
5515,0
5516,1
5517,2
5518,1
5519,0
5520,1
5521,0
5522,0
5523,0
5524,0
5525,0
5526,0
5527,0
5528,0
5529,0
5530,0
5531,0
5532,0
5533,0
5534,0
5535,0
5536,2
5537,0
5538,2
5539,0
5540,1
5541,0
5542,0
5543,2
5544,0
5545,0
5546,0
5547,0
5548,0
5549,0
5550,2
5551,0
5552,1
5553,0
5554,0
5555,0
5556,0
5557,0
5558,2
5559,0
5560,0
5561,0
5562,1
5563,0
5564,0
5565,0
5566,0
5567,0
5568,0
5569,0
5570,0
5571,0
5572,0
5573,0
5574,0
5575,0
5576,1
5577,0
5578,0
5579,0
5580,0
5581,0
5582,2
5583,0
5584,0
5585,0
5586,1
5587,2
5588,0
5589,0
5590,0
5591,0
5592,0
5593,0
5594,0
5595,0
5596,0
5597,0
5598,0
5599,0
5600,2
5601,0
5602,0
5603,0
5604,0
5605,0
5606,0
5607,0
5608,1
5609,0
5610,2
5611,1
5612,0
5613,0
5614,0
5615,0
5616,0
5617,1
5618,0
5619,0
5620,0
5621,2
5622,2
5623,2
5624,0
5625,2
5626,0
5627,0
5628,0
5629,0
5630,0
5631,0
5632,1
5633,0
5634,1
5635,1
5636,1
5637,0
5638,0
5639,1
5640,0
5641,0
5642,0
5643,0
5644,0
5645,0
5646,0
5647,2
5648,0
5649,0
5650,0
5651,1
5652,0
5653,0
5654,0
5655,0
5656,2
5657,1
5658,0
5659,0
5660,0
5661,0
5662,2
5663,0
5664,2
5665,2
5666,0
5667,0
5668,2
5669,2
5670,0
5671,2
5672,0
5673,0
5674,1
5675,0
5676,0
5677,2
5678,1
5679,2
5680,0
5681,0
5682,0
5683,0
5684,0
5685,0
5686,0
5687,0
5688,0
5689,0
5690,0
5691,0
5692,0
5693,0
5694,0
5695,0
5696,0
5697,1
5698,0
5699,0
5700,0
5701,0
5702,2
5703,0
5704,0
5705,2
5706,0
5707,1
5708,0
5709,2
5710,0
5711,0
5712,1
5713,1
5714,1
5715,0
5716,0
5717,0
5718,0
5719,0
5720,0
5721,2
5722,0
5723,1
5724,1
5725,0
5726,0
5727,0
5728,0
5729,1
5730,0
5731,0
5732,0
5733,0
5734,0
5735,0
5736,2
5737,2
5738,0
5739,0
5740,0
5741,0
5742,1
5743,0
5744,0
5745,0
5746,2
5747,0
5748,0
5749,0
5750,0
5751,0
5752,0
5753,0
5754,0
5755,0
5756,0
5757,0
5758,2
5759,0
5760,0
5761,0
5762,0
5763,2
5764,2
5765,0
5766,0
5767,0
5768,2
5769,0
5770,0
5771,0
5772,0
5773,2
5774,0
5775,0
5776,0
5777,0
5778,0
5779,0
5780,0
5781,0
5782,0
5783,0
5784,0
5785,0
5786,2
5787,0
5788,2
5789,0
5790,0
5791,0
5792,0
5793,0
5794,0
5795,0
5796,0
5797,0
5798,0
5799,0
5800,2
5801,0
5802,0
5803,0
5804,0
5805,0
5806,0
5807,0
5808,2
5809,1
5810,2
5811,1
5812,0
5813,0
5814,1
5815,1
5816,0
5817,0
5818,0
5819,0
5820,0
5821,0
5822,0
5823,0
5824,0
5825,0
5826,0
5827,0
5828,0
5829,0
5830,0
5831,0
5832,0
5833,0
5834,0
5835,0
5836,0
5837,1
5838,0
5839,0
5840,0
5841,0
5842,0
5843,0
5844,0
5845,1
5846,1
5847,0
5848,0
5849,0
5850,1
5851,1
5852,0
5853,0
5854,0
5855,0
5856,0
5857,0
5858,0
5859,0
5860,0
5861,0
5862,0
5863,2
5864,0
5865,0
5866,0
5867,0
5868,2
5869,0
5870,0
5871,2
5872,1
5873,0
5874,1
5875,0
5876,0
5877,0
5878,0
5879,0
5880,0
5881,0
5882,0
5883,0
5884,2
5885,1
5886,1
5887,0
5888,0
5889,0
5890,0
5891,0
5892,0
5893,1
5894,0
5895,0
5896,0
5897,2
5898,0
5899,1
5900,0
5901,2
5902,0
5903,0
5904,0
5905,0
5906,0
5907,0
5908,0
5909,2
5910,1
5911,0
5912,0
5913,0
5914,0
5915,0
5916,0
5917,0
5918,0
5919,0
5920,2
5921,1
5922,0
5923,2
5924,0
5925,0
5926,0
5927,0
5928,2
5929,0
5930,2
5931,0
5932,0
5933,0
5934,0
5935,0
5936,0
5937,1
5938,0
5939,1
5940,1
5941,2
5942,0
5943,1
5944,0
5945,2
5946,0
5947,0
5948,0
5949,0
5950,0
5951,0
5952,0
5953,0
5954,0
5955,0
5956,0
5957,2
5958,0
5959,0
5960,0
5961,1
5962,1
5963,0
5964,0
5965,0
5966,2
5967,0
5968,0
5969,0
5970,0
5971,0
5972,0
5973,0
5974,0
5975,2
5976,0
5977,0
5978,0
5979,0
5980,0
5981,0
5982,0
5983,2
5984,0
5985,0
5986,2
5987,0
5988,0
5989,0
5990,0
5991,0
5992,0
5993,0
5994,1
5995,0
5996,0
5997,2
5998,1
5999,0
6000,0
6001,1
6002,0
6003,0
6004,0
6005,0
6006,0
6007,1
6008,0
6009,0
6010,0
6011,0
6012,0
6013,1
6014,0
6015,0
6016,0
6017,0
6018,2
6019,2
6020,0
6021,2
6022,0
6023,1
6024,2
6025,0
6026,0
6027,0
6028,0
6029,1
6030,1
6031,2
6032,0
6033,0
6034,0
6035,0
6036,0
6037,0
6038,0
6039,0
6040,0
6041,0
6042,0
6043,0
6044,0
6045,0
6046,1
6047,0
6048,0
6049,0
6050,0
6051,0
6052,0
6053,0
6054,0
6055,0
6056,0
6057,0
6058,0
6059,0
6060,0
6061,0
6062,0
6063,0
6064,0
6065,0
6066,2
6067,2
6068,0
6069,0
6070,0
6071,1
6072,2
6073,0
6074,0
6075,0
6076,2
6077,2
6078,0
6079,0
6080,0
6081,0
6082,0
6083,1
6084,0
6085,2
6086,2
6087,0
6088,0
6089,2
6090,0
6091,0
6092,2
6093,0
6094,0
6095,0
6096,1
6097,0
6098,0
6099,0
6100,0
6101,0
6102,0
6103,2
6104,0
6105,0
6106,0
6107,0
6108,0
6109,0
6110,2
6111,0
6112,0
6113,0
6114,2
6115,0
6116,0
6117,0
6118,0
6119,2
6120,0
6121,0
6122,0
6123,0
6124,0
6125,0
6126,2
6127,2
6128,0
6129,0
6130,1
6131,0
6132,0
6133,0
6134,0
6135,2
6136,0
6137,0
6138,0
6139,0
6140,0
6141,0
6142,0
6143,1
6144,0
6145,0
6146,0
6147,0
6148,1
6149,0
6150,0
6151,0
6152,1
6153,0
6154,2
6155,1
6156,0
6157,0
6158,0
6159,0
6160,2
6161,2
6162,0
6163,0
6164,0
6165,0
6166,2
6167,0
6168,0
6169,0
6170,0
6171,0
6172,2
6173,1
6174,2
6175,0
6176,0
6177,0
6178,0
6179,0
6180,2
6181,0
6182,1
6183,0
6184,0
6185,0
6186,2
6187,0
6188,0
6189,2
6190,0
6191,0
6192,0
6193,0
6194,0
6195,0
6196,2
6197,0
6198,0
6199,0
6200,0
6201,0
6202,0
6203,0
6204,0
6205,0
6206,0
6207,0
6208,1
6209,0
6210,0
6211,0
6212,1
6213,0
6214,2
6215,0
6216,0
6217,0
6218,1
6219,0
6220,0
6221,0
6222,0
6223,0
6224,0
6225,0
6226,0
6227,1
6228,0
6229,0
6230,0
6231,2
6232,0
6233,0
6234,0
6235,0
6236,0
6237,2
6238,0
6239,1
6240,2
6241,0
6242,0
6243,0
6244,0
6245,0
6246,0
6247,1
6248,0
6249,0
6250,0
6251,0
6252,0
6253,0
6254,0
6255,0
6256,0
6257,1
6258,0
6259,1
6260,0
6261,0
6262,0
6263,0
6264,0
6265,0
6266,0
6267,2
6268,0
6269,0
6270,2
6271,0
6272,1
6273,0
6274,1
6275,0
6276,0
6277,0
6278,0
6279,2
6280,0
6281,0
6282,0
6283,1
6284,0
6285,0
6286,0
6287,0
6288,0
6289,2
6290,0
6291,0
6292,2
6293,2
6294,0
6295,0
6296,0
6297,0
6298,2
6299,0
6300,0
6301,0
6302,0
6303,2
6304,0
6305,0
6306,0
6307,0
6308,0
6309,0
6310,0
6311,0
6312,0
6313,2
6314,0
6315,0
6316,0
6317,0
6318,2
6319,2
6320,0
6321,1
6322,0
6323,0
6324,0
6325,2
6326,0
6327,0
6328,0
6329,0
6330,0
6331,0
6332,0
6333,1
6334,0
6335,0
6336,0
6337,0
6338,0
6339,0
6340,0
6341,0
6342,0
6343,1
6344,2
6345,0
6346,0
6347,0
6348,1
6349,0
6350,0
6351,2
6352,0
6353,0
6354,2
6355,1
6356,2
6357,0
6358,0
6359,0
6360,2
6361,0
6362,0
6363,2
6364,0
6365,1
6366,2
6367,2
6368,0
6369,1
6370,1
6371,0
6372,0
6373,0
6374,0
6375,0
6376,2
6377,0
6378,2
6379,0
6380,0
6381,0
6382,0
6383,0
6384,0
6385,1
6386,0
6387,0
6388,2
6389,0
6390,2
6391,2
6392,0
6393,0
6394,0
6395,0
6396,0
6397,0
6398,0
6399,2
6400,0
6401,0
6402,0
6403,0
6404,0
6405,0
6406,1
6407,0
6408,0
6409,2
6410,1
6411,0
6412,0
6413,0
6414,0
6415,0
6416,0
6417,0
6418,0
6419,0
6420,2
6421,0
6422,0
6423,0
6424,2
6425,1
6426,0
6427,0
6428,0
6429,2
6430,0
6431,0
6432,0
6433,0
6434,2
6435,0
6436,0
6437,2
6438,0
6439,1
6440,0
6441,0
6442,0
6443,0
6444,0
6445,0
6446,0
6447,2
6448,0
6449,0
6450,0
6451,0
6452,1
6453,0
6454,0
6455,0
6456,0
6457,0
6458,0
6459,0
6460,0
6461,1
6462,1
6463,0
6464,0
6465,1
6466,2
6467,0
6468,0
6469,1
6470,0
6471,0
6472,0
6473,0
6474,0
6475,0
6476,2
6477,2
6478,2
6479,0
6480,0
6481,0
6482,0
6483,0
6484,0
6485,0
6486,0
6487,0
6488,0
6489,0
6490,0
6491,2
6492,0
6493,0
6494,0
6495,0
6496,0
6497,1
6498,1
6499,1
6500,2
6501,0
6502,0
6503,0
6504,0
6505,0
6506,0
6507,0
6508,0
6509,0
6510,0
6511,2
6512,0
6513,0
6514,2
6515,0
6516,0
6517,0
6518,0
6519,2
6520,2
6521,2
6522,2
6523,0
6524,1
6525,0
6526,2
6527,1
6528,0
6529,1
6530,0
6531,1
6532,2
6533,0
6534,0
6535,0
6536,1
6537,0
6538,0
6539,0
6540,2
6541,0
6542,1
6543,0
6544,2
6545,0
6546,1
6547,0
6548,0
6549,0
6550,2
6551,1
6552,0
6553,0
6554,0
6555,2
6556,0
6557,0
6558,0
6559,0
6560,0
6561,0
6562,0
6563,0
6564,0
6565,0
6566,1
6567,0
6568,2
6569,0
6570,0
6571,0
6572,1
6573,0
6574,0
6575,0
6576,2
6577,0
6578,0
6579,0
6580,2
6581,0
6582,0
6583,0
6584,0
6585,0
6586,0
6587,0
6588,1
6589,0
6590,0
6591,0
6592,0
6593,0
6594,0
6595,0
6596,0
6597,0
6598,2
6599,2
6600,0
6601,0
6602,0
6603,1
6604,0
6605,0
6606,0
6607,0
6608,0
6609,0
6610,1
6611,0
6612,0
6613,0
6614,0
6615,0
6616,0
6617,0
6618,0
6619,0
6620,0
6621,0
6622,2
6623,0
6624,0
6625,0
6626,0
6627,0
6628,0
6629,1
6630,0
6631,0
6632,0
6633,2
6634,0
6635,0
6636,1
6637,0
6638,0
6639,0
6640,0
6641,0
6642,0
6643,0
6644,0
6645,0
6646,0
6647,0
6648,0
6649,0
6650,1
6651,0
6652,0
6653,1
6654,0
6655,0
6656,2
6657,0
6658,0
6659,0
6660,2
6661,0
6662,0
6663,1
6664,0
6665,0
6666,0
6667,0
6668,0
6669,0
6670,0
6671,0
6672,0
6673,0
6674,0
6675,0
6676,0
6677,0
6678,0
6679,1
6680,0
6681,0
6682,0
6683,0
6684,1
6685,0
6686,0
6687,0
6688,1
6689,0
6690,1
6691,0
6692,0
6693,1
6694,0
6695,0
6696,0
6697,0
6698,0
6699,0
6700,0
6701,0
6702,2
6703,0
6704,0
6705,0
6706,0
6707,0
6708,0
6709,0
6710,0
6711,0
6712,0
6713,0
6714,0
6715,0
6716,0
6717,0
6718,2
6719,2
6720,1
6721,2
6722,0
6723,0
6724,1
6725,0
6726,0
6727,1
6728,0
6729,0
6730,1
6731,2
6732,0
6733,0
6734,2
6735,0
6736,1
6737,0
6738,0
6739,2
6740,0
6741,0
6742,1
6743,2
6744,0
6745,0
6746,1
6747,0
6748,2
6749,1
6750,1
6751,0
6752,1
6753,0
6754,0
6755,0
6756,0
6757,0
6758,0
6759,0
6760,0
6761,0
6762,0
6763,1
6764,2
6765,2
6766,0
6767,2
6768,0
6769,0
6770,0
6771,0
6772,1
6773,0
6774,0
6775,0
6776,2
6777,0
6778,0
6779,0
6780,0
6781,0
6782,0
6783,0
6784,0
6785,0
6786,0
6787,0
6788,0
6789,0
6790,0
6791,0
6792,0
6793,0
6794,0
6795,0
6796,1
6797,1
6798,0
6799,0
6800,0
6801,0
6802,2
6803,0
6804,0
6805,2
6806,0
6807,0
6808,2
6809,0
6810,0
6811,0
6812,2
6813,0
6814,0
6815,0
6816,0
6817,2
6818,2
6819,0
6820,2
6821,0
6822,1
6823,0
6824,2
6825,0
6826,0
6827,0
6828,2
6829,0
6830,0
6831,1
6832,0
6833,0
6834,0
6835,2
6836,0
6837,0
6838,0
6839,2
6840,0
6841,0
6842,2
6843,0
6844,0
6845,1
6846,0
6847,2
6848,1
6849,0
6850,0
6851,0
6852,0
6853,0
6854,0
6855,0
6856,0
6857,0
6858,1
6859,0
6860,0
6861,2
6862,2
6863,2
6864,1
6865,0
6866,0
6867,0
6868,0
6869,0
6870,2
6871,2
6872,2
6873,0
6874,2
6875,0
6876,2
6877,0
6878,0
6879,2
6880,0
6881,0
6882,0
6883,2
6884,2
6885,0
6886,0
6887,0
6888,0
6889,0
6890,2
6891,0
6892,0
6893,0
6894,0
6895,0
6896,1
6897,1
6898,0
6899,0
6900,0
6901,0
6902,2
6903,0
6904,0
6905,1
6906,0
6907,0
6908,0
6909,0
6910,0
6911,2
6912,0
6913,0
6914,0
6915,0
6916,0
6917,0
6918,2
6919,2
6920,0
6921,2
6922,0
6923,0
6924,0
6925,0
6926,0
6927,0
6928,0
6929,0
6930,0
6931,1
6932,2
6933,0
6934,0
6935,0
6936,0
6937,0
6938,0
6939,2
6940,0
6941,0
6942,0
6943,0
6944,2
6945,0
6946,0
6947,0
6948,0
6949,2
6950,0
6951,0
6952,2
6953,0
6954,1
6955,1
6956,0
6957,1
6958,0
6959,0
6960,0
6961,0
6962,2
6963,0
6964,0
6965,0
6966,0
6967,2
6968,0
6969,0
6970,0
6971,2
6972,2
6973,0
6974,1
6975,0
6976,0
6977,0
6978,1
6979,1
6980,0
6981,0
6982,2
6983,0
6984,2
6985,0
6986,0
6987,0
6988,1
6989,0
6990,0
6991,2
6992,2
6993,0
6994,2
6995,1
6996,0
6997,1
6998,0
6999,2
7000,0
7001,0
7002,0
7003,2
7004,0
7005,0
7006,0
7007,0
7008,0
7009,2
7010,0
7011,0
7012,0
7013,0
7014,0
7015,0
7016,0
7017,0
7018,2
7019,2
7020,0
7021,0
7022,2
7023,0
7024,2
7025,0
7026,1
7027,1
7028,0
7029,0
7030,1
7031,1
7032,2
7033,0
7034,0
7035,0
7036,0
7037,0
7038,0
7039,0
7040,0
7041,0
7042,0
7043,1
7044,1
7045,0
7046,1
7047,0
7048,0
7049,0
7050,0
7051,0
7052,0
7053,0
7054,0
7055,0
7056,2
7057,0
7058,0
7059,0
7060,0
7061,0
7062,0
7063,0
7064,0
7065,2
7066,1
7067,0
7068,1
7069,0
7070,0
7071,0
7072,0
7073,0
7074,0
7075,0
7076,0
7077,0
7078,2
7079,0
7080,0
7081,0
7082,0
7083,0
7084,0
7085,2
7086,2
7087,0
7088,0
7089,0
7090,2
7091,0
7092,0
7093,2
7094,0
7095,0
7096,0
7097,0
7098,0
7099,2
7100,2
7101,0
7102,0
7103,0
7104,0
7105,0
7106,0
7107,1
7108,0
7109,0
7110,0
7111,0
7112,0
7113,2
7114,0
7115,1
7116,1
7117,1
7118,1
7119,0
7120,0
7121,0
7122,0
7123,0
7124,0
7125,0
7126,1
7127,0
7128,0
7129,1
7130,2
7131,0
7132,0
7133,0
7134,2
7135,0
7136,2
7137,0
7138,0
7139,0
7140,1
7141,0
7142,0
7143,0
7144,2
7145,0
7146,0
7147,0
7148,0
7149,0
7150,1
7151,0
7152,1
7153,2
7154,0
7155,0
7156,0
7157,0
7158,0
7159,0
7160,0
7161,0
7162,0
7163,0
7164,2
7165,0
7166,0
7167,2
7168,0
7169,0
7170,0
7171,2
7172,2
7173,1
7174,1
7175,2
7176,0
7177,2
7178,0
7179,2
7180,0
7181,2
7182,0
7183,0
7184,1
7185,0
7186,0
7187,0
7188,0
7189,0
7190,0
7191,0
7192,0
7193,0
7194,0
7195,0
7196,0
7197,2
7198,0
7199,0
7200,0
7201,0
7202,0
7203,0
7204,0
7205,2
7206,0
7207,0
7208,0
7209,0
7210,0
7211,0
7212,2
7213,0
7214,1
7215,0
7216,2
7217,0
7218,0
7219,0
7220,1
7221,0
7222,0
7223,0
7224,0
7225,0
7226,0
7227,2
7228,0
7229,0
7230,1
7231,0
7232,0
7233,0
7234,0
7235,1
7236,0
7237,0
7238,0
7239,0
7240,1
7241,0
7242,0
7243,0
7244,1
7245,0
7246,0
7247,2
7248,0
7249,1
7250,0
7251,2
7252,1
7253,0
7254,0
7255,2
7256,0
7257,0
7258,0
7259,0
7260,1
7261,0
7262,0
7263,2
7264,2
7265,0
7266,0
7267,0
7268,0
7269,0
7270,2
7271,0
7272,0
7273,0
7274,0
7275,0
7276,1
7277,0
7278,0
7279,0
7280,0
7281,0
7282,0
7283,0
7284,2
7285,0
7286,2
7287,0
7288,2
7289,0
7290,0
7291,0
7292,0
7293,0
7294,0
7295,0
7296,0
7297,0
7298,0
7299,2
7300,0
7301,0
7302,0
7303,0
7304,0
7305,0
7306,0
7307,2
7308,0
7309,0
7310,0
7311,0
7312,2
7313,0
7314,0
7315,0
7316,0
7317,2
7318,0
7319,0
7320,2
7321,0
7322,0
7323,0
7324,0
7325,0
7326,0
7327,0
7328,0
7329,1
7330,0
7331,0
7332,0
7333,0
7334,0
7335,0
7336,0
7337,2
7338,0
7339,0
7340,0
7341,0
7342,1
7343,0
7344,0
7345,2
7346,0
7347,0
7348,0
7349,0
7350,0
7351,1
7352,0
7353,2
7354,0
7355,0
7356,0
7357,2
7358,2
7359,0
7360,0
7361,1
7362,2
7363,0
7364,0
7365,2
7366,1
7367,2
7368,0
7369,2
7370,1
7371,0
7372,0
7373,2
7374,0
7375,0
7376,0
7377,1
7378,1
7379,0
7380,0
7381,0
7382,0
7383,0
7384,0
7385,0
7386,0
7387,0
7388,1
7389,2
7390,0
7391,2
7392,0
7393,0
7394,0
7395,0
7396,0
7397,0
7398,0
7399,2
7400,0
7401,0
7402,0
7403,0
7404,0
7405,0
7406,2
7407,0
7408,2
7409,0
7410,0
7411,0
7412,0
7413,0
7414,0
7415,0
7416,0
7417,0
7418,0
7419,0
7420,0
7421,1
7422,0
7423,0
7424,0
7425,2
7426,0
7427,0
7428,1
7429,0
7430,0
7431,1
7432,2
7433,1
7434,0
7435,0
7436,0
7437,0
7438,0
7439,0
7440,0
7441,0
7442,0
7443,0
7444,1
7445,0
7446,0
7447,0
7448,1
7449,0
7450,0
7451,0
7452,0
7453,0
7454,0
7455,0
7456,0
7457,2
7458,2
7459,0
7460,2
7461,2
7462,0
7463,1
7464,2
7465,1
7466,0
7467,0
7468,2
7469,0
7470,0
7471,0
7472,0
7473,0
7474,0
7475,2
7476,0
7477,0
7478,0
7479,0
7480,2
7481,0
7482,0
7483,1
7484,0
7485,0
7486,0
7487,0
7488,0
7489,2
7490,0
7491,0
7492,0
7493,0
7494,2
7495,2
7496,0
7497,0
7498,0
7499,0
7500,0
7501,0
7502,0
7503,0
7504,0
7505,1
7506,0
7507,0
7508,0
7509,0
7510,0
7511,2
7512,0
7513,0
7514,0
7515,2
7516,0
7517,0
7518,0
7519,0
7520,0
7521,0
7522,1
7523,2
7524,0
7525,0
7526,2
7527,2
7528,0
7529,0
7530,2
7531,0
7532,0
7533,0
7534,0
7535,0
7536,0
7537,0
7538,0
7539,1
7540,1
7541,2
7542,1
7543,0
7544,1
7545,0
7546,2
7547,0
7548,0
7549,1
7550,1
7551,1
7552,0
7553,0
7554,0
7555,0
7556,0
7557,0
7558,0
7559,1
7560,0
7561,1
7562,0
7563,1
7564,2
7565,0
7566,2
7567,0
7568,1
7569,2
7570,1
7571,0
7572,0
7573,1
7574,0
7575,1
7576,0
7577,1
7578,1
7579,1
7580,0
7581,1
7582,1
7583,0
7584,1
7585,0
7586,0
7587,1
7588,0
7589,1
7590,1
7591,1
7592,0
7593,0
7594,0
7595,0
7596,0
7597,2
7598,0
7599,0
7600,1
7601,0
7602,0
7603,0
7604,0
7605,0
7606,2
7607,0
7608,0
7609,2
7610,1
7611,0
7612,0
7613,0
7614,0
7615,1
7616,0
7617,0
7618,0
7619,2
7620,0
7621,0
7622,2
7623,0
7624,0
7625,0
7626,0
7627,0
7628,1
7629,1
7630,0
7631,0
7632,1
7633,0
7634,0
7635,0
7636,0
7637,0
7638,0
7639,0
7640,0
7641,0
7642,0
7643,0
7644,2
7645,0
7646,0
7647,0
7648,0
7649,0
7650,0
7651,0
7652,2
7653,0
7654,0
7655,1
7656,0
7657,2
7658,0
7659,0
7660,0
7661,0
7662,0
7663,2
7664,0
7665,2
7666,0
7667,2
7668,2
7669,0
7670,1
7671,2
7672,0
7673,0
7674,0
7675,0
7676,0
7677,0
7678,2
7679,0
7680,2
7681,1
7682,0
7683,1
7684,0
7685,0
7686,0
7687,1
7688,1
7689,0
7690,0
7691,0
7692,1
7693,0
7694,0
7695,2
7696,0
7697,0
7698,0
7699,1
7700,0
7701,2
7702,1
7703,0
7704,2
7705,0
7706,2
7707,1
7708,0
7709,0
7710,1
7711,0
7712,0
7713,0
7714,0
7715,1
7716,0
7717,1
7718,0
7719,1
7720,0
7721,0
7722,1
7723,0
7724,1
7725,0
7726,0
7727,0
7728,0
7729,0
7730,1
7731,0
7732,0
7733,0
7734,1
7735,0
7736,1
7737,0
7738,0
7739,0
7740,0
7741,0
7742,1
7743,1
7744,0
7745,0
7746,1
7747,0
7748,0
7749,0
7750,0
7751,0
7752,0
7753,0
7754,0
7755,1
7756,0
7757,2
7758,1
7759,1
7760,0
7761,0
7762,0
7763,2
7764,0
7765,2
7766,0
7767,0
7768,0
7769,0
7770,0
7771,0
7772,0
7773,0
7774,0
7775,0
7776,0
7777,1
7778,1
7779,0
7780,1
7781,1
7782,2
7783,0
7784,0
7785,1
7786,0
7787,0
7788,0
7789,0
7790,1
7791,0
7792,0
7793,0
7794,0
7795,1
7796,0
7797,2
7798,0
7799,1
7800,2
7801,0
7802,0
7803,1
7804,0
7805,0
7806,0
7807,0
7808,0
7809,0
7810,0
7811,0
7812,1
7813,1
7814,0
7815,0
7816,0
7817,0
7818,1
7819,0
7820,0
7821,1
7822,2
7823,0
7824,0
7825,1
7826,0
7827,2
7828,1
7829,1
7830,0
7831,0
7832,0
7833,0
7834,1
7835,0
7836,0
7837,1
7838,1
7839,0
7840,0
7841,2
7842,0
7843,0
7844,2
7845,2
7846,1
7847,1
7848,0
7849,2
7850,1
7851,2
7852,1
7853,0
7854,2
7855,0
7856,0
7857,1
7858,0
7859,0
7860,0
7861,1
7862,0
7863,2
7864,0
7865,0
7866,1
7867,0
7868,0
7869,2
7870,0
7871,0
7872,2
7873,0
7874,0
7875,1
7876,2
7877,0
7878,0
7879,0
7880,2
7881,0
7882,0
7883,2
7884,0
7885,0
7886,1
7887,0
7888,1
7889,2
7890,2
7891,0
7892,0
7893,0
7894,0
7895,0
7896,0
7897,0
7898,1
7899,0
7900,1
7901,1
7902,2
7903,1
7904,0
7905,0
7906,0
7907,2
7908,0
7909,2
7910,2
7911,0
7912,0
7913,1
7914,0
7915,2
7916,1
7917,0
7918,0
7919,0
7920,2
7921,0
7922,0
7923,0
7924,2
7925,0
7926,0
7927,0
7928,0
7929,0
7930,0
7931,0
7932,1
7933,0
7934,0
7935,1
7936,1
7937,0
7938,0
7939,0
7940,0
7941,0
7942,0
7943,0
7944,0
7945,1
7946,0
7947,0
7948,0
7949,1
7950,2
7951,2
7952,1
7953,0
7954,2
7955,0
7956,0
7957,2
7958,0
7959,0
7960,0
7961,0
7962,0
7963,0
7964,2
7965,0
7966,0
7967,2
7968,2
7969,0
7970,2
7971,0
7972,0
7973,0
7974,0
7975,2
7976,1
7977,0
7978,0
7979,0
7980,0
7981,0
7982,0
7983,0
7984,0
7985,0
7986,0
7987,0
7988,0
7989,1
7990,1
7991,1
7992,2
7993,2
7994,0
7995,0
7996,0
7997,2
7998,0
7999,0
8000,1
8001,0
8002,0
8003,1
8004,2
8005,0
8006,1
8007,0
8008,0
8009,0
8010,2
8011,0
8012,2
8013,0
8014,0
8015,0
8016,0
8017,0
8018,1
8019,0
8020,0
8021,2
8022,1
8023,1
8024,0
8025,0
8026,2
8027,0
8028,0
8029,0
8030,2
8031,0
8032,2
8033,1
8034,0
8035,0
8036,0
8037,0
8038,2
8039,2
8040,0
8041,0
8042,0
8043,1
8044,1
8045,0
8046,2
8047,0
8048,0
8049,0
8050,0
8051,1
8052,1
8053,0
8054,0
8055,0
8056,0
8057,0
8058,2
8059,2
8060,2
8061,0
8062,0
8063,1
8064,0
8065,2
8066,2
8067,0
8068,0
8069,0
8070,1
8071,0
8072,2
8073,1
8074,0
8075,2
8076,0
8077,0
8078,0
8079,0
8080,2
8081,1
8082,0
8083,0
8084,0
8085,0
8086,0
8087,0
8088,0
8089,0
8090,2
8091,0
8092,0
8093,0
8094,0
8095,0
8096,0
8097,0
8098,0
8099,1
8100,0
8101,1
8102,2
8103,0
8104,2
8105,0
8106,0
8107,0
8108,2
8109,0
8110,0
8111,0
8112,0
8113,0
8114,1
8115,0
8116,0
8117,0
8118,0
8119,0
8120,2
8121,0
8122,0
8123,0
8124,1
8125,1
8126,1
8127,2
8128,0
8129,0
8130,2
8131,0
8132,0
8133,0
8134,2
8135,0
8136,1
8137,0
8138,1
8139,0
8140,0
8141,1
8142,0
8143,2
8144,2
8145,0
8146,0
8147,2
8148,0
8149,0
8150,0
8151,2
8152,0
8153,0
8154,2
8155,0
8156,0
8157,0
8158,0
8159,2
8160,0
8161,0
8162,0
8163,0
8164,0
8165,1
8166,1
8167,0
8168,0
8169,1
8170,0
8171,0
8172,0
8173,0
8174,0
8175,0
8176,0
8177,0
8178,0
8179,1
8180,0
8181,0
8182,1
8183,0
8184,0
8185,0
8186,2
8187,0
8188,0
8189,2
8190,2
8191,1
8192,2
8193,2
8194,0
8195,0
8196,0
8197,0
8198,0
8199,1
8200,2
8201,0
8202,2
8203,2
8204,0
8205,0
8206,0
8207,1
8208,2
8209,0
8210,2
8211,2
8212,0
8213,0
8214,2
8215,1
8216,2
8217,0
8218,0
8219,1
8220,0
8221,0
8222,0
8223,0
8224,0
8225,0
8226,0
8227,2
8228,2
8229,0
8230,1
8231,0
8232,0
8233,0
8234,0
8235,1
8236,0
8237,2
8238,1
8239,1
8240,1
8241,1
8242,0
8243,1
8244,0
8245,0
8246,1
8247,2
8248,0
8249,2
8250,0
8251,0
8252,0
8253,2
8254,1
8255,0
8256,1
8257,0
8258,0
8259,0
8260,0
8261,0
8262,0
8263,0
8264,1
8265,1
8266,0
8267,0
8268,0
8269,2
8270,2
8271,0
8272,0
8273,0
8274,0
8275,2
8276,0
8277,0
8278,0
8279,1
8280,0
8281,0
8282,2
8283,0
8284,2
8285,1
8286,2
8287,0
8288,0
8289,0
8290,1
8291,2
8292,0
8293,1
8294,0
8295,0
8296,0
8297,0
8298,0
8299,1
8300,0
8301,0
8302,0
8303,1
8304,0
8305,0
8306,2
8307,2
8308,1
8309,0
8310,0
8311,2
8312,1
8313,2
8314,2
8315,0
8316,1
8317,0
8318,1
8319,0
8320,0
8321,2
8322,0
8323,0
8324,0
8325,0
8326,1
8327,0
8328,2
8329,0
8330,0
8331,0
8332,0
8333,2
8334,2
8335,2
8336,2
8337,0
8338,2
8339,0
8340,0
8341,0
8342,0
8343,2
8344,0
8345,0
8346,1
8347,0
8348,0
8349,0
8350,0
8351,0
8352,2
8353,0
8354,0
8355,1
8356,0
8357,2
8358,0
8359,0
8360,0
8361,0
8362,2
8363,0
8364,0
8365,2
8366,0
8367,0
8368,0
8369,0
8370,2
8371,2
8372,0
8373,0
8374,0
8375,0
8376,0
8377,0
8378,0
8379,0
8380,0
8381,0
8382,0
8383,0
8384,0
8385,2
8386,0
8387,1
8388,0
8389,0
8390,0
8391,1
8392,0
8393,1
8394,1
8395,1
8396,0
8397,0
8398,1
8399,1
8400,0
8401,0
8402,1
8403,1
8404,0
8405,2
8406,0
8407,0
8408,0
8409,0
8410,0
8411,1
8412,2
8413,0
8414,2
8415,0
8416,0
8417,0
8418,0
8419,0
8420,1
8421,1
8422,0
8423,1
8424,0
8425,0
8426,0
8427,2
8428,0
8429,0
8430,0
8431,0
8432,2
8433,0
8434,0
8435,0
8436,1
8437,2
8438,1
8439,0
8440,2
8441,0
8442,0
8443,1
8444,0
8445,2
8446,1
8447,2
8448,2
8449,0
8450,2
8451,1
8452,2
8453,0
8454,0
8455,0
8456,0
8457,0
8458,2
8459,2
8460,1
8461,0
8462,0
8463,0
8464,0
8465,0
8466,2
8467,1
8468,2
8469,0
8470,0
8471,0
8472,0
8473,0
8474,0
8475,0
8476,1
8477,2
8478,0
8479,0
8480,0
8481,2
8482,0
8483,1
8484,0
8485,0
8486,0
8487,0
8488,0
8489,1
8490,1
8491,0
8492,1
8493,1
8494,1
8495,0
8496,0
8497,0
8498,0
8499,1
8500,0
8501,1
8502,0
8503,0
8504,2
8505,2
8506,1
8507,0
8508,0
8509,0
8510,1
8511,0
8512,2
8513,1
8514,2
8515,2
8516,1
8517,0
8518,0
8519,0
8520,2
8521,1
8522,0
8523,0
8524,0
8525,0
8526,0
8527,0
8528,2
8529,0
8530,1
8531,2
8532,0
8533,2
8534,2
8535,2
8536,0
8537,0
8538,1
8539,0
8540,2
8541,0
8542,0
8543,0
8544,1
8545,0
8546,0
8547,2
8548,0
8549,0
8550,0
8551,2
8552,1
8553,0
8554,1
8555,0
8556,2
8557,1
8558,2
8559,1
8560,0
8561,1
8562,0
8563,0
8564,0
8565,0
8566,0
8567,0
8568,0
8569,2
8570,0
8571,0
8572,2
8573,1
8574,0
8575,2
8576,0
8577,1
8578,0
8579,0
8580,1
8581,2
8582,0
8583,2
8584,1
8585,0
8586,1
8587,0
8588,0
8589,0
8590,0
8591,0
8592,1
8593,2
8594,0
8595,1
8596,0
8597,0
8598,0
8599,0
8600,0
8601,0
8602,0
8603,0
8604,2
8605,0
8606,0
8607,1
8608,0
8609,0
8610,0
8611,1
8612,2
8613,0
8614,2
8615,0
8616,1
8617,0
8618,1
8619,0
8620,2
8621,1
8622,0
8623,2
8624,1
8625,1
8626,0
8627,0
8628,1
8629,0
8630,0
8631,0
8632,1
8633,0
8634,1
8635,0
8636,2
8637,0
8638,0
8639,2
8640,0
8641,0
8642,2
8643,1
8644,0
8645,0
8646,1
8647,0
8648,2
8649,0
8650,1
8651,0
8652,2
8653,0
8654,1
8655,0
8656,2
8657,0
8658,1
8659,0
8660,2
8661,0
8662,0
8663,2
8664,2
8665,1
8666,0
8667,0
8668,0
8669,2
8670,0
8671,0
8672,1
8673,0
8674,0
8675,1
8676,1
8677,1
8678,0
8679,0
8680,2
8681,0
8682,2
8683,1
8684,1
8685,0
8686,0
8687,2
8688,2
8689,0
8690,0
8691,2
8692,0
8693,0
8694,0
8695,2
8696,2
8697,1
8698,1
8699,0
8700,1
8701,0
8702,0
8703,1
8704,2
8705,2
8706,1
8707,0
8708,2
8709,2
8710,0
8711,2
8712,0
8713,1
8714,0
8715,0
8716,1
8717,0
8718,0
8719,0
8720,0
8721,2
8722,2
8723,0
8724,0
8725,0
8726,0
8727,1
8728,0
8729,0
8730,0
8731,1
8732,2
8733,0
8734,0
8735,2
8736,0
8737,0
8738,0
8739,0
8740,0
8741,0
8742,1
8743,0
8744,0
8745,0
8746,0
8747,0
8748,1
8749,2
8750,0
8751,0
8752,0
8753,1
8754,0
8755,0
8756,0
8757,0
8758,0
8759,0
8760,1
8761,1
8762,0
8763,0
8764,2
8765,2
8766,0
8767,0
8768,0
8769,0
8770,1
8771,1
8772,0
8773,2
8774,0
8775,0
8776,0
8777,0
8778,0
8779,0
8780,0
8781,0
8782,0
8783,1
8784,0
8785,0
8786,0
8787,0
8788,0
8789,0
8790,0
8791,0
8792,0
8793,2
8794,0
8795,1
8796,0
8797,0
8798,2
8799,0
8800,2
8801,0
8802,0
8803,1
8804,0
8805,1
8806,0
8807,0
8808,0
8809,1
8810,0
8811,0
8812,0
8813,0
8814,2
8815,0
8816,2
8817,2
8818,0
8819,0
8820,0
8821,0
8822,0
8823,2
8824,1
8825,1
8826,0
8827,2
8828,0
8829,2
8830,2
8831,2
8832,0
8833,1
8834,1
8835,2
8836,0
8837,0
8838,0
8839,0
8840,0
8841,2
8842,2
8843,0
8844,0
8845,0
8846,0
8847,1
8848,1
8849,0
8850,0
8851,0
8852,0
8853,0
8854,0
8855,1
8856,0
8857,2
8858,1
8859,2
8860,2
8861,2
8862,0
8863,2
8864,0
8865,0
8866,2
8867,0
8868,0
8869,0
8870,2
8871,0
8872,0
8873,0
8874,0
8875,0
8876,0
8877,2
8878,0
8879,0
8880,2
8881,0
8882,0
8883,1
8884,0
8885,0
8886,0
8887,0
8888,1
8889,0
8890,0
8891,1
8892,0
8893,0
8894,0
8895,0
8896,0
8897,0
8898,2
8899,0
8900,0
8901,2
8902,2
8903,1
8904,0
8905,0
8906,2
8907,2
8908,1
8909,0
8910,2
8911,1
8912,0
8913,0
8914,0
8915,2
8916,0
8917,0
8918,0
8919,0
8920,0
8921,0
8922,0
8923,2
8924,1
8925,2
8926,1
8927,1
8928,0
8929,2
8930,0
8931,2
8932,1
8933,0
8934,0
8935,0
8936,0
8937,1
8938,0
8939,0
8940,0
8941,2
8942,0
8943,0
8944,0
8945,0
8946,0
8947,0
8948,0
8949,0
8950,0
8951,0
8952,0
8953,1
8954,0
8955,2
8956,0
8957,2
8958,0
8959,0
8960,2
8961,0
8962,0
8963,0
8964,1
8965,0
8966,0
8967,0
8968,0
8969,2
8970,2
8971,0
8972,0
8973,0
8974,0
8975,0
8976,0
8977,0
8978,0
8979,0
8980,0
8981,0
8982,0
8983,1
8984,0
8985,0
8986,1
8987,0
8988,2
8989,0
8990,0
8991,1
8992,0
8993,0
8994,0
8995,0
8996,1
8997,2
8998,0
8999,0
9000,2
9001,0
9002,0
9003,0
9004,0
9005,0
9006,2
9007,1
9008,0
9009,0
9010,0
9011,2
9012,0
9013,0
9014,0
9015,2
9016,1
9017,2
9018,0
9019,0
9020,2
9021,0
9022,0
9023,2
9024,2
9025,0
9026,0
9027,0
9028,2
9029,0
9030,1
9031,0
9032,0
9033,0
9034,0
9035,2
9036,0
9037,1
9038,0
9039,0
9040,0
9041,2
9042,0
9043,1
9044,0
9045,0
9046,0
9047,2
9048,0
9049,1
9050,0
9051,2
9052,0
9053,2
9054,0
9055,0
9056,0
9057,1
9058,0
9059,0
9060,1
9061,0
9062,0
9063,2
9064,0
9065,0
9066,2
9067,1
9068,0
9069,2
9070,0
9071,2
9072,0
9073,0
9074,2
9075,0
9076,0
9077,2
9078,1
9079,1
9080,0
9081,2
9082,0
9083,0
9084,1
9085,2
9086,0
9087,1
9088,0
9089,0
9090,2
9091,0
9092,2
9093,0
9094,2
9095,1
9096,0
9097,2
9098,0
9099,0
9100,0
9101,0
9102,0
9103,0
9104,0
9105,2
9106,1
9107,1
9108,1
9109,0
9110,1
9111,1
9112,0
9113,0
9114,0
9115,0
9116,2
9117,0
9118,1
9119,2
9120,1
9121,2
9122,2
9123,0
9124,1
9125,0
9126,0
9127,0
9128,2
9129,1
9130,0
9131,0
9132,2
9133,0
9134,2
9135,0
9136,1
9137,1
9138,0
9139,0
9140,0
9141,0
9142,2
9143,0
9144,1
9145,0
9146,0
9147,0
9148,0
9149,0
9150,2
9151,2
9152,0
9153,0
9154,0
9155,1
9156,2
9157,1
9158,0
9159,2
9160,0
9161,1
9162,0
9163,2
9164,0
9165,1
9166,0
9167,0
9168,0
9169,0
9170,0
9171,1
9172,0
9173,0
9174,0
9175,0
9176,0
9177,0
9178,0
9179,0
9180,0
9181,0
9182,0
9183,2
9184,0
9185,0
9186,0
9187,0
9188,0
9189,0
9190,2
9191,0
9192,0
9193,2
9194,0
9195,2
9196,2
9197,1
9198,0
9199,0
9200,0
9201,0
9202,2
9203,1
9204,1
9205,0
9206,1
9207,1
9208,0
9209,0
9210,0
9211,0
9212,0
9213,0
9214,0
9215,0
9216,0
9217,0
9218,0
9219,0
9220,0
9221,2
9222,0
9223,0
9224,1
9225,2
9226,0
9227,0
9228,0
9229,0
9230,2
9231,0
9232,0
9233,0
9234,0
9235,0
9236,1
9237,1
9238,0
9239,0
9240,0
9241,2
9242,1
9243,0
9244,2
9245,0
9246,0
9247,0
9248,2
9249,2
9250,1
9251,0
9252,2
9253,0
9254,1
9255,0
9256,0
9257,0
9258,0
9259,0
9260,0
9261,1
9262,2
9263,0
9264,0
9265,2
9266,0
9267,0
9268,0
9269,0
9270,0
9271,0
9272,0
9273,0
9274,1
9275,0
9276,0
9277,0
9278,0
9279,0
9280,0
9281,0
9282,1
9283,0
9284,2
9285,0
9286,2
9287,1
9288,0
9289,1
9290,0
9291,0
9292,0
9293,0
9294,0
9295,0
9296,1
9297,2
9298,0
9299,2
9300,1
9301,2
9302,0
9303,0
9304,0
9305,2
9306,0
9307,0
9308,0
9309,0
9310,1
9311,0
9312,1
9313,0
9314,0
9315,0
9316,0
9317,0
9318,0
9319,2
9320,0
9321,0
9322,0
9323,1
9324,0
9325,0
9326,0
9327,0
9328,0
9329,0
9330,1
9331,0
9332,2
9333,2
9334,2
9335,1
9336,2
9337,0
9338,0
9339,2
9340,1
9341,1
9342,2
9343,2
9344,0
9345,0
9346,0
9347,0
9348,2
9349,2
9350,2
9351,2
9352,2
9353,2
9354,2
9355,2
9356,0
9357,0
9358,0
9359,1
9360,2
9361,2
9362,0
9363,0
9364,0
9365,2
9366,0
9367,2
9368,2
9369,1
9370,2
9371,0
9372,0
9373,0
9374,0
9375,1
9376,0
9377,0
9378,2
9379,0
9380,0
9381,0
9382,2
9383,0
9384,0
9385,1
9386,1
9387,2
9388,0
9389,0
9390,0
9391,0
9392,1
9393,0
9394,0
9395,0
9396,1
9397,0
9398,2
9399,0
9400,0
9401,2
9402,0
9403,2
9404,0
9405,0
9406,0
9407,1
9408,2
9409,0
9410,2
9411,0
9412,2
9413,2
9414,0
9415,2
9416,1
9417,1
9418,1
9419,2
9420,0
9421,2
9422,0
9423,1
9424,0
9425,0
9426,0
9427,0
9428,0
9429,0
9430,0
9431,1
9432,2
9433,2
9434,0
9435,0
9436,1
9437,0
9438,0
9439,2
9440,0
9441,2
9442,0
9443,0
9444,0
9445,1
9446,0
9447,0
9448,0
9449,0
9450,0
9451,2
9452,2
9453,2
9454,0
9455,1
9456,0
9457,0
9458,0
9459,0
9460,2
9461,0
9462,0
9463,1
9464,0
9465,0
9466,0
9467,0
9468,0
9469,1
9470,0
9471,2
9472,2
9473,0
9474,0
9475,0
9476,0
9477,0
9478,0
9479,1
9480,0
9481,1
9482,0
9483,0
9484,0
9485,2
9486,0
9487,0
9488,2
9489,0
9490,2
9491,2
9492,2
9493,1
9494,2
9495,0
9496,2
9497,0
9498,0
9499,1
9500,1
9501,0
9502,0
9503,1
9504,0
9505,0
9506,0
9507,0
9508,2
9509,0
9510,0
9511,0
9512,0
9513,0
9514,0
9515,0
9516,2
9517,2
9518,0
9519,1
9520,2
9521,2
9522,0
9523,2
9524,0
9525,0
9526,1
9527,2
9528,0
9529,1
9530,0
9531,0
9532,2
9533,0
9534,1
9535,0
9536,0
9537,1
9538,0
9539,0
9540,1
9541,0
9542,1
9543,2
9544,0
9545,0
9546,0
9547,1
9548,1
9549,0
9550,2
9551,0
9552,0
9553,2
9554,0
9555,1
9556,0
9557,0
9558,0
9559,1
9560,0
9561,0
9562,0
9563,0
9564,0
9565,1
9566,2
9567,0
9568,1
9569,0
9570,1
9571,2
9572,0
9573,0
9574,0
9575,0
9576,2
9577,0
9578,0
9579,0
9580,0
9581,0
9582,2
9583,1
9584,2
9585,0
9586,2
9587,0
9588,0
9589,1
9590,1
9591,0
9592,0
9593,0
9594,2
9595,1
9596,2
9597,0
9598,1
9599,1
9600,0
9601,0
9602,0
9603,0
9604,1
9605,2
9606,2
9607,0
9608,0
9609,0
9610,2
9611,0
9612,0
9613,2
9614,0
9615,1
9616,0
9617,0
9618,0
9619,0
9620,0
9621,1
9622,1
9623,0
9624,1
9625,0
9626,0
9627,2
9628,1
9629,1
9630,0
9631,0
9632,2
9633,2
9634,2
9635,0
9636,2
9637,0
9638,1
9639,1
9640,0
9641,0
9642,1
9643,0
9644,0
9645,0
9646,0
9647,0
9648,2
9649,0
9650,0
9651,2
9652,2
9653,0
9654,0
9655,2
9656,2
9657,0
9658,2
9659,0
9660,1
9661,2
9662,0
9663,1
9664,1
9665,0
9666,2
9667,0
9668,1
9669,0
9670,0
9671,0
9672,0
9673,0
9674,2
9675,0
9676,1
9677,0
9678,2
9679,0
9680,1
9681,0
9682,0
9683,2
9684,0
9685,1
9686,0
9687,0
9688,0
9689,2
9690,0
9691,1
9692,2
9693,2
9694,1
9695,0
9696,0
9697,1
9698,0
9699,0
9700,1
9701,2
9702,0
9703,2
9704,0
9705,1
9706,0
9707,0
9708,1
9709,0
9710,0
9711,0
9712,2
9713,0
9714,0
9715,2
9716,0
9717,1
9718,0
9719,0
9720,0
9721,1
9722,2
9723,0
9724,0
9725,0
9726,0
9727,2
9728,0
9729,2
9730,1
9731,2
9732,0
9733,1
9734,0
9735,0
9736,2
9737,0
9738,1
9739,0
9740,1
9741,0
9742,0
9743,0
9744,2
9745,0
9746,0
9747,2
9748,0
9749,0
9750,0
9751,0
9752,2
9753,2
9754,0
9755,0
9756,0
9757,1
9758,2
9759,0
9760,1
9761,0
9762,0
9763,1
9764,2
9765,2
9766,0
9767,0
9768,0
9769,1
9770,0
9771,0
9772,0
9773,0
9774,0
9775,2
9776,0
9777,0
9778,0
9779,2
9780,2
9781,2
9782,0
9783,1
9784,0
9785,0
9786,0
9787,0
9788,0
9789,0
9790,1
9791,2
9792,1
9793,0
9794,0
9795,0
9796,0
9797,0
9798,2
9799,0
9800,1
9801,0
9802,2
9803,2
9804,0
9805,2
9806,0
9807,0
9808,1
9809,0
9810,0
9811,1
9812,0
9813,0
9814,0
9815,2
9816,0
9817,2
9818,0
9819,0
9820,1
9821,0
9822,1
9823,0
9824,2
9825,1
9826,0
9827,2
9828,1
9829,0
9830,2
9831,0
9832,0
9833,1
9834,1
9835,0
9836,2
9837,1
9838,2
9839,0
9840,0
9841,2
9842,0
9843,1
9844,0
9845,1
9846,0
9847,1
9848,1
9849,0
9850,0
9851,1
9852,2
9853,0
9854,0
9855,2
9856,0
9857,0
9858,2
9859,0
9860,1
9861,1
9862,2
9863,1
9864,0
9865,0
9866,0
9867,1
9868,2
9869,2
9870,0
9871,0
9872,0
9873,1
9874,2
9875,1
9876,2
9877,0
9878,0
9879,0
9880,1
9881,0
9882,0
9883,2
9884,0
9885,1
9886,2
9887,0
9888,1
9889,0
9890,0
9891,0
9892,2
9893,2
9894,0
9895,0
9896,1
9897,0
9898,0
9899,0
9900,2
9901,2
9902,0
9903,0
9904,0
9905,0
9906,0
9907,0
9908,0
9909,2
9910,0
9911,0
9912,0
9913,0
9914,1
9915,0
9916,1
9917,1
9918,0
9919,0
9920,0
9921,0
9922,0
9923,0
9924,1
9925,0
9926,0
9927,0
9928,0
9929,1
9930,0
9931,1
9932,0
9933,0
9934,1
9935,0
9936,1
9937,0
9938,0
9939,0
9940,0
9941,1
9942,1
9943,2
9944,0
9945,0
9946,2
9947,0
9948,0
9949,1
9950,0
9951,0
9952,0
9953,0
9954,0
9955,0
9956,0
9957,1
9958,0
9959,2
9960,0
9961,0
9962,1
9963,2
9964,2
9965,0
9966,0
9967,2
9968,2
9969,0
9970,0
9971,1
9972,0
9973,0
9974,2
9975,0
9976,0
9977,0
9978,0
9979,0
9980,1
9981,0
9982,0
9983,0
9984,2
9985,1
9986,0
9987,0
9988,1
9989,0
9990,0
9991,2
9992,2
9993,0
9994,0
9995,0
9996,1
9997,1
9998,2
9999,0
10000,0
10001,0
10002,0
10003,0
10004,0
10005,0
10006,1
10007,0
10008,0
10009,1
10010,0
10011,0
10012,0
10013,0
10014,0
10015,0
10016,0
10017,0
10018,0
10019,0
10020,0
10021,0
10022,0
10023,0
10024,0
10025,0
10026,0
10027,0
10028,0
10029,0
10030,1
10031,1
10032,0
10033,0
10034,0
10035,0
10036,0
10037,0
10038,0
10039,0
10040,0
10041,1
10042,0
10043,0
10044,2
10045,1
10046,0
10047,0
10048,2
10049,2
10050,2
10051,2
10052,2
10053,0
10054,0
10055,2
10056,0
10057,2
10058,0
10059,2
10060,0
10061,0
10062,0
10063,1
10064,0
10065,0
10066,1
10067,0
10068,2
10069,1
10070,0
10071,1
10072,0
10073,0
10074,0
10075,0
10076,0
10077,0
10078,0
10079,2
10080,0
10081,0
10082,0
10083,0
10084,0
10085,0
10086,0
10087,0
10088,0
10089,1
10090,0
10091,0
10092,1
10093,2
10094,0
10095,0
10096,0
10097,0
10098,0
10099,0
10100,1
10101,0
10102,0
10103,0
10104,0
10105,2
10106,2
10107,0
10108,0
10109,0
10110,0
10111,2
10112,0
10113,2
10114,0
10115,0
10116,0
10117,1
10118,0
10119,0
10120,0
10121,0
10122,0
10123,0
10124,0
10125,0
10126,0
10127,0
10128,0
10129,0
10130,0
10131,0
10132,1
10133,2
10134,1
10135,0
10136,1
10137,0
10138,2
10139,0
10140,1
10141,0
10142,0
10143,1
10144,0
10145,0
10146,0
10147,0
10148,0
10149,0
10150,0
10151,0
10152,0
10153,0
10154,0
10155,0
10156,0
10157,1
10158,0
10159,0
10160,1
10161,0
10162,0
10163,1
10164,0
10165,0
10166,0
10167,1
10168,1
10169,2
10170,1
10171,0
10172,2
10173,0
10174,1
10175,1
10176,2
10177,0
10178,0
10179,2
10180,0
10181,0
10182,0
10183,0
10184,0
10185,0
10186,1
10187,0
10188,0
10189,0
10190,0
10191,2
10192,0
10193,0
10194,0
10195,0
10196,0
10197,0
10198,1
10199,2
10200,0
10201,0
10202,1
10203,0
10204,0
10205,0
10206,0
10207,1
10208,0
10209,1
10210,0
10211,0
10212,0
10213,0
10214,0
10215,0
10216,0
10217,0
10218,0
10219,0
10220,0
10221,0
10222,0
10223,0
10224,0
10225,0
10226,0
10227,0
10228,0
10229,0
10230,0
10231,1
10232,0
10233,0
10234,0
10235,0
10236,1
10237,0
10238,0
10239,0
10240,0
10241,0
10242,1
10243,0
10244,0
10245,2
10246,0
10247,0
10248,2
10249,0
10250,0
10251,1
10252,0
10253,2
10254,0
10255,0
10256,0
10257,0
10258,0
10259,0
10260,0
10261,0
10262,0
10263,2
10264,0
10265,0
10266,0
10267,0
10268,0
10269,0
10270,0
10271,0
10272,1
10273,0
10274,0
10275,0
10276,0
10277,1
10278,0
10279,0
10280,0
10281,0
10282,0
10283,1
10284,0
10285,0
10286,0
10287,2
10288,2
10289,0
10290,0
10291,0
10292,2
10293,0
10294,0
10295,0
10296,0
10297,0
10298,2
10299,0
10300,0
10301,2
10302,0
10303,0
10304,1
10305,0
10306,1
10307,0
10308,2
10309,0
10310,0
10311,0
10312,0
10313,0
10314,1
10315,0
10316,1
10317,0
10318,0
10319,2
10320,0
10321,0
10322,0
10323,1
10324,0
10325,0
10326,0
10327,0
10328,2
10329,0
10330,2
10331,0
10332,2
10333,0
10334,1
10335,0
10336,0
10337,0
10338,0
10339,0
10340,0
10341,0
10342,0
10343,0
10344,0
10345,0
10346,0
10347,2
10348,0
10349,0
10350,0
10351,0
10352,1
10353,1
10354,0
10355,0
10356,0
10357,0
10358,0
10359,0
10360,0
10361,0
10362,0
10363,0
10364,0
10365,0
10366,0
10367,0
10368,0
10369,0
10370,0
10371,0
10372,0
10373,0
10374,0
10375,0
10376,0
10377,0
10378,2
10379,2
10380,0
10381,0
10382,2
10383,0
10384,0
10385,0
10386,0
10387,0
10388,0
10389,0
10390,0
10391,1
10392,2
10393,0
10394,0
10395,0
10396,0
10397,2
10398,2
10399,1
10400,0
10401,0
10402,0
10403,0
10404,0
10405,0
10406,2
10407,0
10408,0
10409,1
10410,0
10411,0
10412,0
10413,0
10414,2
10415,0
10416,1
10417,0
10418,0
10419,0
10420,0
10421,1
10422,0
10423,0
10424,0
10425,0
10426,0
10427,1
10428,0
10429,0
10430,0
10431,0
10432,1
10433,0
10434,2
10435,0
10436,0
10437,2
10438,0
10439,2
10440,0
10441,0
10442,0
10443,2
10444,1
10445,0
10446,0
10447,0
10448,1
10449,0
10450,1
10451,0
10452,0
10453,2
10454,2
10455,1
10456,2
10457,0
10458,1
10459,1
10460,0
10461,2
10462,0
10463,0
10464,1
10465,0
10466,0
10467,2
10468,0
10469,1
10470,0
10471,1
10472,0
10473,0
10474,2
10475,0
10476,0
10477,0
10478,0
10479,2
10480,0
10481,1
10482,2
10483,0
10484,1
10485,0
10486,0
10487,1
10488,1
10489,0
10490,1
10491,0
10492,0
10493,0
10494,0
10495,0
10496,0
10497,0
10498,0
10499,2
10500,0
10501,0
10502,0
10503,0
10504,0
10505,1
10506,0
10507,0
10508,1
10509,0
10510,0
10511,0
10512,0
10513,0
10514,0
10515,0
10516,0
10517,1
10518,0
10519,2
10520,0
10521,2
10522,1
10523,1
10524,0
10525,0
10526,2
10527,0
10528,1
10529,0
10530,0
10531,0
10532,2
10533,0
10534,0
10535,0
10536,0
10537,1
10538,1
10539,0
10540,0
10541,0
10542,0
10543,0
10544,0
10545,0
10546,0
10547,0
10548,0
10549,0
10550,1
10551,0
10552,0
10553,0
10554,0
10555,0
10556,0
10557,0
10558,0
10559,0
10560,0
10561,0
10562,0
10563,0
10564,0
10565,0
10566,0
10567,0
10568,0
10569,1
10570,0
10571,0
10572,0
10573,0
10574,0
10575,0
10576,0
10577,0
10578,0
10579,0
10580,0
10581,0
10582,0
10583,0
10584,2
10585,0
10586,0
10587,0
10588,0
10589,0
10590,0
10591,0
10592,0
10593,2
10594,0
10595,0
10596,2
10597,1
10598,0
10599,1
10600,1
10601,0
10602,1
10603,1
10604,0
10605,0
10606,0
10607,0
10608,0
10609,0
10610,0
10611,1
10612,0
10613,0
10614,0
10615,0
10616,0
10617,0
10618,0
10619,0
10620,0
10621,1
10622,0
10623,0
10624,1
10625,0
10626,0
10627,0
10628,0
10629,0
10630,0
10631,2
10632,0
10633,0
10634,0
10635,0
10636,2
10637,0
10638,0
10639,2
10640,1
10641,0
10642,0
10643,0
10644,1
10645,0
10646,2
10647,0
10648,2
10649,0
10650,1
10651,0
10652,1
10653,2
10654,0
10655,0
10656,0
10657,0
10658,0
10659,0
10660,1
10661,0
10662,0
10663,0
10664,0
10665,2
10666,0
10667,1
10668,2
10669,0
10670,0
10671,0
10672,0
10673,0
10674,0
10675,1
10676,2
10677,0
10678,0
10679,0
10680,2
10681,1
10682,0
10683,0
10684,0
10685,1
10686,0
10687,0
10688,0
10689,2
10690,1
10691,0
10692,0
10693,0
10694,0
10695,1
10696,0
10697,0
10698,0
10699,2
10700,0
10701,1
10702,0
10703,2
10704,0
10705,0
10706,0
10707,0
10708,0
10709,0
10710,0
10711,0
10712,0
10713,0
10714,0
10715,0
10716,0
10717,0
10718,0
10719,0
10720,0
10721,2
10722,0
10723,1
10724,0
10725,0
10726,0
10727,0
10728,0
10729,0
10730,2
10731,0
10732,2
10733,0
10734,0
10735,0
10736,0
10737,0
10738,0
10739,2
10740,0
10741,1
10742,1
10743,0
10744,0
10745,0
10746,0
10747,0
10748,0
10749,0
10750,0
10751,0
10752,1
10753,0
10754,0
10755,0
10756,0
10757,0
10758,0
10759,0
10760,0
10761,0
10762,0
10763,0
10764,1
10765,1
10766,0
10767,0
10768,0
10769,0
10770,0
10771,0
10772,0
10773,2
10774,0
10775,0
10776,2
10777,2
10778,0
10779,0
10780,0
10781,0
10782,0
10783,0
10784,0
10785,0
10786,1
10787,0
10788,2
10789,0
10790,0
10791,0
10792,2
10793,2
10794,0
10795,0
10796,0
10797,0
10798,1
10799,0
10800,0
10801,0
10802,0
10803,2
10804,1
10805,0
10806,0
10807,0
10808,0
10809,1
10810,0
10811,0
10812,2
10813,0
10814,0
10815,1
10816,0
10817,0
10818,1
10819,2
10820,1
10821,1
10822,0
10823,0
10824,0
10825,0
10826,0
10827,0
10828,0
10829,2
10830,0
10831,2
10832,0
10833,0
10834,2
10835,0
10836,0
10837,0
10838,0
10839,0
10840,2
10841,0
10842,0
10843,0
10844,0
10845,0
10846,0
10847,0
10848,0
10849,0
10850,2
10851,0
10852,2
10853,0
10854,0
10855,1
10856,1
10857,2
10858,0
10859,0
10860,0
10861,2
10862,2
10863,0
10864,0
10865,0
10866,0
10867,1
10868,2
10869,0
10870,0
10871,1
10872,0
10873,0
10874,0
10875,0
10876,0
10877,0
10878,0
10879,0
10880,0
10881,0
10882,1
10883,1
10884,0
10885,0
10886,2
10887,1
10888,1
10889,0
10890,0
10891,0
10892,0
10893,1
10894,0
10895,0
10896,0
10897,0
10898,0
10899,1
10900,0
10901,2
10902,1
10903,2
10904,0
10905,0
10906,0
10907,0
10908,0
10909,0
10910,0
10911,0
10912,0
10913,0
10914,0
10915,2
10916,1
10917,0
10918,2
10919,0
10920,0
10921,1
10922,0
10923,0
10924,0
10925,0
10926,0
10927,0
10928,0
10929,0
10930,0
10931,2
10932,0
10933,1
10934,0
10935,1
10936,0
10937,0
10938,0
10939,0
10940,0
10941,2
10942,0
10943,1
10944,0
10945,0
10946,0
10947,0
10948,0
10949,0
10950,0
10951,1
10952,2
10953,0
10954,2
10955,0
10956,2
10957,0
10958,1
10959,1
10960,2
10961,0
10962,2
10963,0
10964,0
10965,2
10966,0
10967,0
10968,0
10969,0
10970,0
10971,0
10972,1
10973,1
10974,0
10975,1
10976,2
10977,0
10978,0
10979,1
10980,0
10981,0
10982,0
10983,0
10984,0
10985,2
10986,0
10987,1
10988,0
10989,0
10990,0
10991,0
10992,0
10993,1
10994,0
10995,0
10996,0
10997,0
10998,1
10999,0
11000,0
11001,0
11002,1
11003,1
11004,0
11005,0
11006,0
11007,1
11008,2
11009,0
11010,1
11011,0
11012,0
11013,2
11014,0
11015,0
11016,1
11017,0
11018,0
11019,1
11020,0
11021,0
11022,2
11023,1
11024,0
11025,0
11026,0
11027,0
11028,2
11029,1
11030,2
11031,2
11032,0
11033,0
11034,0
11035,2
11036,0
11037,2
11038,2
11039,0
11040,2
11041,0
11042,0
11043,2
11044,1
11045,0
11046,0
11047,0
11048,2
11049,2
11050,0
11051,0
11052,0
11053,0
11054,0
11055,1
11056,0
11057,0
11058,0
11059,0
11060,0
11061,0
11062,0
11063,0
11064,1
11065,0
11066,1
11067,0
11068,0
11069,0
11070,1
11071,0
11072,0
11073,0
11074,0
11075,1
11076,0
11077,0
11078,0
11079,0
11080,0
11081,0
11082,1
11083,0
11084,2
11085,0
11086,0
11087,0
11088,2
11089,2
11090,0
11091,2
11092,0
11093,1
11094,0
11095,0
11096,0
11097,0
11098,2
11099,2
11100,0
11101,0
11102,0
11103,0
11104,0
11105,2
11106,0
11107,1
11108,0
11109,0
11110,0
11111,0
11112,0
11113,0
11114,2
11115,0
11116,0
11117,2
11118,0
11119,2
11120,0
11121,0
11122,0
11123,0
11124,0
11125,0
11126,0
11127,1
11128,0
11129,0
11130,2
11131,2
11132,2
11133,2
11134,0
11135,2
11136,0
11137,0
11138,2
11139,2
11140,2
11141,0
11142,0
11143,0
11144,0
11145,0
11146,2
11147,0
11148,0
11149,0
11150,2
11151,0
11152,1
11153,1
11154,0
11155,1
11156,0
11157,2
11158,0
11159,2
11160,1
11161,2
11162,0
11163,0
11164,0
11165,0
11166,0
11167,2
11168,1
11169,0
11170,0
11171,0
11172,2
11173,0
11174,0
11175,0
11176,0
11177,0
11178,2
11179,0
11180,0
11181,2
11182,0
11183,0
11184,0
11185,0
11186,1
11187,0
11188,2
11189,0
11190,0
11191,0
11192,0
11193,0
11194,0
11195,2
11196,0
11197,0
11198,0
11199,0
11200,2
11201,0
11202,0
11203,0
11204,0
11205,0
11206,0
11207,0
11208,0
11209,0
11210,0
11211,0
11212,0
11213,1
11214,2
11215,0
11216,2
11217,0
11218,2
11219,0
11220,0
11221,0
11222,1
11223,1
11224,0
11225,1
11226,0
11227,0
11228,2
11229,0
11230,0
11231,0
11232,0
11233,2
11234,0
11235,1
11236,2
11237,0
11238,0
11239,0
11240,1
11241,0
11242,0
11243,2
11244,0
11245,2
11246,0
11247,2
11248,0
11249,2
11250,2
11251,0
11252,0
11253,0
11254,0
11255,0
11256,0
11257,0
11258,0
11259,0
11260,0
11261,2
11262,2
11263,0
11264,0
11265,2
11266,0
11267,0
11268,0
11269,0
11270,0
11271,1
11272,0
11273,2
11274,0
11275,2
11276,0
11277,0
11278,2
11279,0
11280,2
11281,0
11282,0
11283,0
11284,0
11285,2
11286,2
11287,0
11288,0
11289,0
11290,0
11291,0
11292,0
11293,0
11294,1
11295,0
11296,2
11297,0
11298,0
11299,0
11300,0
11301,0
11302,2
11303,0
11304,0
11305,1
11306,0
11307,1
11308,0
11309,0
11310,0
11311,0
11312,2
11313,0
11314,0
11315,0
11316,1
11317,0
11318,0
11319,0
11320,0
11321,0
11322,1
11323,0
11324,2
11325,1
11326,0
11327,0
11328,2
11329,0
11330,2
11331,0
11332,0
11333,1
11334,1
11335,1
11336,0
11337,2
11338,0
11339,0
11340,2
11341,0
11342,0
11343,0
11344,0
11345,0
11346,0
11347,0
11348,0
11349,0
11350,0
11351,0
11352,1
11353,0
11354,0
11355,0
11356,2
11357,0
11358,1
11359,0
11360,0
11361,0
11362,0
11363,0
11364,0
11365,1
11366,1
11367,0
11368,2
11369,1
11370,0
11371,0
11372,0
11373,1
11374,0
11375,2
11376,0
11377,0
11378,1
11379,0
11380,0
11381,0
11382,2
11383,2
11384,0
11385,0
11386,0
11387,0
11388,1
11389,0
11390,0
11391,0
11392,1
11393,0
11394,1
11395,0
11396,0
11397,0
11398,0
11399,0
11400,0
11401,0
11402,1
11403,2
11404,0
11405,1
11406,0
11407,0
11408,2
11409,2
11410,2
11411,0
11412,0
11413,0
11414,0
11415,0
11416,1
11417,0
11418,2
11419,1
11420,0
11421,0
11422,0
11423,0
11424,0
11425,0
11426,0
11427,0
11428,0
11429,0
11430,2
11431,1
11432,0
11433,0
11434,0
11435,0
11436,0
11437,0
11438,2
11439,0
11440,0
11441,0
11442,1
11443,1
11444,0
11445,0
11446,0
11447,0
11448,0
11449,1
11450,0
11451,0
11452,0
11453,2
11454,2
11455,0
11456,2
11457,0
11458,0
11459,0
11460,0
11461,0
11462,2
11463,0
11464,0
11465,0
11466,0
11467,0
11468,0
11469,1
11470,0
11471,2
11472,1
11473,1
11474,0
11475,0
11476,0
11477,0
11478,0
11479,0
11480,0
11481,0
11482,0
11483,0
11484,0
11485,0
11486,0
11487,0
11488,0
11489,0
11490,1
11491,0
11492,1
11493,2
11494,2
11495,0
11496,0
11497,0
11498,0
11499,0
11500,0
11501,0
11502,0
11503,0
11504,0
11505,2
11506,0
11507,0
11508,1
11509,0
11510,0
11511,0
11512,0
11513,2
11514,2
11515,0
11516,0
11517,2
11518,2
11519,0
11520,0
11521,1
11522,0
11523,0
11524,0
11525,2
11526,0
11527,0
11528,1
11529,0
11530,2
11531,2
11532,2
11533,2
11534,0
11535,0
11536,2
11537,2
11538,0
11539,0
11540,1
11541,2
11542,0
11543,0
11544,0
11545,0
11546,0
11547,0
11548,2
11549,0
11550,0
11551,0
11552,1
11553,2
11554,0
11555,0
11556,0
11557,2
11558,0
11559,1
11560,2
11561,0
11562,0
11563,0
11564,0
11565,1
11566,0
11567,0
11568,0
11569,0
11570,0
11571,2
11572,0
11573,0
11574,0
11575,0
11576,0
11577,0
11578,1
11579,0
11580,2
11581,0
11582,0
11583,0
11584,2
11585,0
11586,2
11587,1
11588,1
11589,0
11590,0
11591,0
11592,0
11593,0
11594,0
11595,0
11596,1
11597,0
11598,0
11599,0
11600,2
11601,0
11602,0
11603,1
11604,2
11605,0
11606,0
11607,0
11608,2
11609,0
11610,0
11611,0
11612,2
11613,2
11614,2
11615,1
11616,0
11617,0
11618,2
11619,0
11620,1
11621,0
11622,1
11623,0
11624,0
11625,1
11626,1
11627,0
11628,0
11629,2
11630,0
11631,2
11632,2
11633,1
11634,1
11635,1
11636,0
11637,2
11638,0
11639,1
11640,0
11641,0
11642,0
11643,0
11644,0
11645,0
11646,0
11647,0
11648,1
11649,0
11650,1
11651,0
11652,0
11653,0
11654,0
11655,0
11656,2
11657,0
11658,0
11659,1
11660,0
11661,0
11662,0
11663,0
11664,0
11665,0
11666,0
11667,1
11668,0
11669,0
11670,0
11671,1
11672,0
11673,0
11674,0
11675,0
11676,0
11677,0
11678,0
11679,0
11680,0
11681,0
11682,0
11683,1
11684,0
11685,1
11686,0
11687,0
11688,0
11689,2
11690,0
11691,0
11692,0
11693,0
11694,0
11695,0
11696,0
11697,0
11698,0
11699,2
11700,0
11701,0
11702,0
11703,0
11704,0
11705,0
11706,2
11707,0
11708,0
11709,0
11710,0
11711,0
11712,1
11713,0
11714,2
11715,2
11716,0
11717,0
11718,0
11719,0
11720,0
11721,1
11722,0
11723,0
11724,0
11725,1
11726,2
11727,0
11728,0
11729,0
11730,2
11731,0
11732,2
11733,1
11734,1
11735,0
11736,0
11737,2
11738,1
11739,0
11740,1
11741,1
11742,0
11743,0
11744,2
11745,1
11746,0
11747,1
11748,1
11749,1
11750,2
11751,0
11752,2
11753,1
11754,2
11755,0
11756,1
11757,0
11758,1
11759,2
11760,2
11761,2
11762,0
11763,1
11764,0
11765,1
11766,0
11767,0
11768,0
11769,0
11770,0
11771,0
11772,0
11773,2
11774,0
11775,0
11776,2
11777,1
11778,1
11779,0
11780,0
11781,0
11782,0
11783,0
11784,0
11785,0
11786,0
11787,0
11788,0
11789,0
11790,0
11791,0
11792,1
11793,0
11794,0
11795,0
11796,0
11797,0
11798,0
11799,0
11800,2
11801,0
11802,2
11803,0
11804,0
11805,2
11806,0
11807,0
11808,0
11809,0
11810,0
11811,0
11812,0
11813,0
11814,1
11815,0
11816,0
11817,0
11818,0
11819,2
11820,0
11821,0
11822,2
11823,0
11824,0
11825,0
11826,0
11827,0
11828,1
11829,0
11830,0
11831,0
11832,0
11833,2
11834,0
11835,0
11836,2
11837,0
11838,0
11839,0
11840,0
11841,1
11842,2
11843,0
11844,0
11845,0
11846,0
11847,2
11848,0
11849,0
11850,0
11851,1
11852,0
11853,2
11854,0
11855,0
11856,2
11857,0
11858,0
11859,0
11860,0
11861,0
11862,0
11863,0
11864,0
11865,0
11866,0
11867,0
11868,2
11869,0
11870,0
11871,0
11872,2
11873,0
11874,2
11875,0
11876,0
11877,0
11878,0
11879,0
11880,0
11881,1
11882,0
11883,2
11884,0
11885,0
11886,0
11887,0
11888,0
11889,0
11890,0
11891,2
11892,0
11893,1
11894,0
11895,0
11896,0
11897,0
11898,0
11899,0
11900,0
11901,0
11902,0
11903,0
11904,2
11905,0
11906,0
11907,0
11908,1
11909,1
11910,0
11911,0
11912,2
11913,0
11914,0
11915,0
11916,2
11917,0
11918,0
11919,0
11920,0
11921,2
11922,2
11923,0
11924,0
11925,0
11926,0
11927,2
11928,2
11929,0
11930,0
11931,1
11932,0
11933,0
11934,0
11935,2
11936,0
11937,0
11938,0
11939,0
11940,2
11941,0
11942,2
11943,0
11944,0
11945,0
11946,0
11947,1
11948,0
11949,0
11950,0
11951,0
11952,0
11953,0
11954,1
11955,0
11956,0
11957,0
11958,0
11959,0
11960,0
11961,1
11962,0
11963,0
11964,0
11965,0
11966,0
11967,0
11968,0
11969,0
11970,0
11971,2
11972,0
11973,1
11974,0
11975,0
11976,2
11977,0
11978,2
11979,0
11980,0
11981,2
11982,0
11983,2
11984,0
11985,0
11986,0
11987,0
11988,0
11989,1
11990,0
11991,0
11992,2
11993,1
11994,0
11995,0
11996,2
11997,0
11998,2
11999,0
12000,2
12001,0
12002,0
12003,0
12004,0
12005,0
12006,0
12007,0
12008,0
12009,2
12010,1
12011,1
12012,2
12013,0
12014,0
12015,2
12016,0
12017,2
12018,0
12019,1
12020,0
12021,0
12022,0
12023,0
12024,2
12025,0
12026,1
12027,0
12028,0
12029,2
12030,0
12031,0
12032,2
12033,0
12034,0
12035,0
12036,0
12037,0
12038,0
12039,2
12040,0
12041,0
12042,0
12043,2
12044,0
12045,0
12046,0
12047,1
12048,2
12049,0
12050,1
12051,0
12052,0
12053,0
12054,0
12055,0
12056,0
12057,1
12058,0
12059,0
12060,0
12061,0
12062,0
12063,0
12064,0
12065,0
12066,0
12067,1
12068,2
12069,2
12070,1
12071,0
12072,0
12073,0
12074,0
12075,0
12076,0
12077,0
12078,0
12079,1
12080,0
12081,0
12082,0
12083,0
12084,0
12085,0
12086,0
12087,0
12088,0
12089,0
12090,0
12091,1
12092,0
12093,0
12094,1
12095,0
12096,0
12097,2
12098,2
12099,0
12100,0
12101,2
12102,2
12103,0
12104,0
12105,0
12106,1
12107,0
12108,0
12109,0
12110,0
12111,0
12112,1
12113,0
12114,0
12115,0
12116,0
12117,0
12118,0
12119,0
12120,0
12121,1
12122,2
12123,0
12124,0
12125,0
12126,0
12127,0
12128,0
12129,0
12130,0
12131,0
12132,1
12133,0
12134,2
12135,0
12136,2
12137,0
12138,0
12139,0
12140,0
12141,0
12142,0
12143,0
12144,2
12145,0
12146,1
12147,0
12148,2
12149,0
12150,1
12151,0
12152,0
12153,0
12154,0
12155,2
12156,0
12157,0
12158,0
12159,2
12160,0
12161,2
12162,1
12163,0
12164,2
12165,0
12166,1
12167,0
12168,0
12169,0
12170,0
12171,0
12172,0
12173,2
12174,0
12175,2
12176,0
12177,0
12178,0
12179,0
12180,1
12181,2
12182,0
12183,1
12184,1
12185,2
12186,0
12187,0
12188,0
12189,0
12190,0
12191,0
12192,0
12193,0
12194,0
12195,0
12196,2
12197,0
12198,0
12199,0
12200,0
12201,0
12202,2
12203,0
12204,0
12205,0
12206,0
12207,2
12208,0
12209,0
12210,0
12211,0
12212,2
12213,0
12214,0
12215,2
12216,0
12217,1
12218,1
12219,0
12220,0
12221,2
12222,0
12223,0
12224,0
12225,0
12226,0
12227,0
12228,1
12229,0
12230,0
12231,0
12232,0
12233,0
12234,0
12235,0
12236,1
12237,0
12238,1
12239,2
12240,0
12241,0
12242,0
12243,0
12244,0
12245,0
12246,0
12247,0
12248,1
12249,0
12250,2
12251,0
12252,0
12253,2
12254,0
12255,1
12256,0
12257,0
12258,1
12259,0
12260,0
12261,0
12262,0
12263,0
12264,1
12265,0
12266,0
12267,0
12268,0
12269,2
12270,0
12271,0
12272,2
12273,2
12274,0
12275,0
12276,0
12277,0
12278,0
12279,0
12280,1
12281,0
12282,0
12283,0
12284,2
12285,0
12286,0
12287,1
12288,0
12289,0
12290,0
12291,0
12292,1
12293,2
12294,0
12295,0
12296,0
12297,1
12298,1
12299,0
12300,2
12301,0
12302,1
12303,0
12304,0
12305,0
12306,0
12307,0
12308,0
12309,0
12310,2
12311,0
12312,0
12313,0
12314,0
12315,2
12316,0
12317,1
12318,1
12319,1
12320,0
12321,2
12322,2
12323,0
12324,0
12325,0
12326,0
12327,2
12328,2
12329,2
12330,0
12331,0
12332,0
12333,0
12334,0
12335,0
12336,0
12337,2
12338,0
12339,2
12340,0
12341,1
12342,2
12343,0
12344,0
12345,2
12346,0
12347,1
12348,1
12349,0
12350,0
12351,2
12352,0
12353,2
12354,0
12355,0
12356,1
12357,2
12358,0
12359,0
12360,0
12361,0
12362,0
12363,0
12364,0
12365,0
12366,2
12367,2
12368,2
12369,0
12370,2
12371,1
12372,2
12373,0
12374,2
12375,1
12376,0
12377,0
12378,2
12379,0
12380,2
12381,1
12382,0
12383,0
12384,0
12385,0
12386,0
12387,2
12388,2
12389,0
12390,2
12391,0
12392,0
12393,1
12394,2
12395,2
12396,0
12397,1
12398,2
12399,0
12400,0
12401,1
12402,0
12403,0
12404,0
12405,0
12406,0
12407,2
12408,0
12409,0
12410,0
12411,0
12412,0
12413,0
12414,0
12415,2
12416,0
12417,1
12418,0
12419,2
12420,0
12421,0
12422,0
12423,0
12424,0
12425,0
12426,0
12427,0
12428,0
12429,0
12430,2
12431,0
12432,0
12433,1
12434,2
12435,1
12436,0
12437,2
12438,2
12439,0
12440,0
12441,0
12442,0
12443,0
12444,0
12445,2
12446,0
12447,0
12448,0
12449,0
12450,0
12451,0
12452,0
12453,1
12454,0
12455,0
12456,0
12457,0
12458,0
12459,1
12460,2
12461,0
12462,0
12463,1
12464,0
12465,2
12466,1
12467,0
12468,0
12469,0
12470,0
12471,0
12472,0
12473,1
12474,0
12475,0
12476,0
12477,0
12478,1
12479,2
12480,1
12481,0
12482,0
12483,0
12484,0
12485,0
12486,0
12487,0
12488,0
12489,0
12490,2
12491,0
12492,0
12493,0
12494,0
12495,0
12496,0
12497,0
12498,1
12499,1
12500,0
12501,0
12502,0
12503,0
12504,2
12505,0
12506,0
12507,0
12508,0
12509,1
12510,0
12511,0
12512,0
12513,0
12514,0
12515,0
12516,2
12517,2
12518,2
12519,2
12520,0
12521,0
12522,0
12523,0
12524,0
12525,0
12526,0
12527,0
12528,1
12529,2
12530,0
12531,0
12532,0
12533,2
12534,0
12535,0
12536,0
12537,1
12538,0
12539,1
12540,1
12541,0
12542,0
12543,0
12544,0
12545,2
12546,1
12547,2
12548,0
12549,0
12550,0
12551,2
12552,0
12553,0
12554,2
12555,2
12556,2
12557,0
12558,2
12559,2
12560,0
12561,0
12562,0
12563,2
12564,2
12565,0
12566,2
12567,0
12568,0
12569,0
12570,1
12571,0
12572,0
12573,0
12574,1
12575,1
12576,1
12577,0
12578,0
12579,0
12580,0
12581,1
12582,0
12583,0
12584,2
12585,0
12586,0
12587,0
12588,0
12589,0
12590,0
12591,0
12592,2
12593,0
12594,0
12595,0
12596,0
12597,0
12598,0
12599,1
12600,1
12601,0
12602,0
12603,0
12604,2
12605,2
12606,2
12607,0
12608,0
12609,0
12610,0
12611,0
12612,2
12613,0
12614,1
12615,0
12616,2
12617,0
12618,0
12619,0
12620,0
12621,2
12622,0
12623,0
12624,0
12625,0
12626,0
12627,1
12628,2
12629,0
12630,0
12631,0
12632,0
12633,0
12634,1
12635,0
12636,0
12637,0
12638,0
12639,2
12640,2
12641,2
12642,1
12643,0
12644,0
12645,2
12646,0
12647,0
12648,0
12649,2
12650,0
12651,0
12652,0
12653,1
12654,0
12655,0
12656,0
12657,1
12658,0
12659,0
12660,0
12661,0
12662,0
12663,2
12664,2
12665,0
12666,0
12667,1
12668,2
12669,0
12670,0
12671,0
12672,1
12673,2
12674,0
12675,1
12676,0
12677,1
12678,0
12679,0
12680,0
12681,0
12682,0
12683,0
12684,0
12685,0
12686,0
12687,2
12688,0
12689,1
12690,0
12691,0
12692,0
12693,0
12694,0
12695,1
12696,0
12697,1
12698,2
12699,1
12700,0
12701,2
12702,1
12703,0
12704,0
12705,2
12706,0
12707,2
12708,0
12709,0
12710,1
12711,0
12712,0
12713,1
12714,1
12715,1
12716,0
12717,0
12718,0
12719,0
12720,1
12721,0
12722,0
12723,2
12724,0
12725,2
12726,0
12727,0
12728,1
12729,0
12730,0
12731,0
12732,1
12733,1
12734,0
12735,0
12736,1
12737,0
12738,2
12739,0
12740,0
12741,0
12742,0
12743,0
12744,0
12745,2
12746,0
12747,1
12748,0
12749,1
12750,0
12751,1
12752,0
12753,0
12754,0
12755,1
12756,0
12757,2
12758,2
12759,0
12760,0
12761,0
12762,0
12763,0
12764,0
12765,0
12766,0
12767,0
12768,0
12769,1
12770,0
12771,0
12772,1
12773,0
12774,0
12775,0
12776,0
12777,0
12778,2
12779,0
12780,0
12781,0
12782,0
12783,0
12784,0
12785,0
12786,1
12787,0
12788,2
12789,0
12790,1
12791,0
12792,0
12793,0
12794,0
12795,0
12796,0
12797,0
12798,2
12799,1
12800,0
12801,0
12802,0
12803,0
12804,0
12805,0
12806,0
12807,0
12808,0
12809,0
12810,0
12811,0
12812,0
12813,0
12814,0
12815,0
12816,0
12817,0
12818,1
12819,1
12820,2
12821,0
12822,0
12823,1
12824,0
12825,0
12826,0
12827,0
12828,0
12829,1
12830,1
12831,0
12832,0
12833,0
12834,2
12835,0
12836,2
12837,0
12838,0
12839,2
12840,0
12841,2
12842,0
12843,0
12844,0
12845,2
12846,0
12847,0
12848,0
12849,0
12850,0
12851,0
12852,2
12853,0
12854,1
12855,0
12856,0
12857,1
12858,0
12859,0
12860,0
12861,2
12862,2
12863,0
12864,1
12865,0
12866,2
12867,0
12868,0
12869,0
12870,0
12871,0
12872,1
12873,1
12874,1
12875,0
12876,2
12877,1
12878,1
12879,0
12880,2
12881,0
12882,0
12883,0
12884,0
12885,0
12886,0
12887,0
12888,1
12889,0
12890,0
12891,0
12892,2
12893,2
12894,0
12895,1
12896,0
12897,2
12898,2
12899,0
12900,0
12901,0
12902,0
12903,0
12904,0
12905,2
12906,0
12907,2
12908,0
12909,0
12910,0
12911,2
12912,0
12913,0
12914,1
12915,0
12916,1
12917,2
12918,0
12919,0
12920,0
12921,2
12922,0
12923,0
12924,1
12925,0
12926,0
12927,0
12928,1
12929,0
12930,0
12931,1
12932,0
12933,0
12934,0
12935,0
12936,0
12937,0
12938,0
12939,1
12940,0
12941,2
12942,0
12943,2
12944,0
12945,0
12946,1
12947,0
12948,0
12949,0
12950,0
12951,0
12952,0
12953,0
12954,1
12955,2
12956,0
12957,2
12958,0
12959,1
12960,0
12961,0
12962,0
12963,0
12964,0
12965,1
12966,0
12967,0
12968,0
12969,0
12970,0
12971,0
12972,0
12973,0
12974,2
12975,0
12976,0
12977,2
12978,2
12979,0
12980,2
12981,0
12982,0
12983,0
12984,1
12985,2
12986,0
12987,1
12988,0
12989,1
12990,2
12991,1
12992,2
12993,2
12994,0
12995,0
12996,1
12997,0
12998,0
12999,0
13000,0
13001,0
13002,0
13003,2
13004,0
13005,0
13006,0
13007,0
13008,2
13009,0
13010,0
13011,0
13012,0
13013,2
13014,1
13015,0
13016,0
13017,0
13018,2
13019,0
13020,1
13021,0
13022,0
13023,0
13024,0
13025,0
13026,0
13027,0
13028,2
13029,0
13030,1
13031,2
13032,2
13033,0
13034,0
13035,0
13036,2
13037,0
13038,0
13039,2
13040,2
13041,0
13042,0
13043,0
13044,0
13045,0
13046,0
13047,1
13048,0
13049,0
13050,0
13051,0
13052,1
13053,2
13054,0
13055,0
13056,0
13057,0
13058,0
13059,0
13060,0
13061,0
13062,0
13063,2
13064,2
13065,1
13066,1
13067,1
13068,2
13069,0
13070,0
13071,2
13072,0
13073,2
13074,0
13075,0
13076,0
13077,0
13078,0
13079,0
13080,2
13081,0
13082,0
13083,0
13084,2
13085,0
13086,0
13087,0
13088,0
13089,0
13090,0
13091,2
13092,0
13093,2
13094,0
13095,0
13096,0
13097,0
13098,0
13099,1
13100,2
13101,2
13102,0
13103,0
13104,0
13105,0
13106,0
13107,0
13108,0
13109,0
13110,1
13111,1
13112,0
13113,0
13114,0
13115,0
13116,0
13117,2
13118,0
13119,0
13120,0
13121,0
13122,0
13123,0
13124,0
13125,0
13126,0
13127,0
13128,0
13129,0
13130,0
13131,0
13132,2
13133,0
13134,0
13135,2
13136,2
13137,1
13138,0
13139,2
13140,0
13141,0
13142,0
13143,0
13144,0
13145,0
13146,0
13147,2
13148,0
13149,1
13150,0
13151,0
13152,2
13153,2
13154,0
13155,0
13156,0
13157,0
13158,0
13159,2
13160,0
13161,2
13162,0
13163,0
13164,1
13165,0
13166,0
13167,0
13168,1
13169,0
13170,0
13171,0
13172,0
13173,0
13174,0
13175,0
13176,0
13177,0
13178,1
13179,0
13180,0
13181,1
13182,2
13183,0
13184,2
13185,0
13186,0
13187,0
13188,2
13189,0
13190,0
13191,2
13192,0
13193,0
13194,1
13195,0
13196,0
13197,0
13198,0
13199,0
13200,1
13201,0
13202,1
13203,0
13204,0
13205,0
13206,0
13207,0
13208,1
13209,0
13210,0
13211,0
13212,1
13213,0
13214,0
13215,0
13216,2
13217,0
13218,0
13219,1
13220,0
13221,1
13222,0
13223,0
13224,0
13225,2
13226,2
13227,0
13228,0
13229,0
13230,0
13231,0
13232,0
13233,2
13234,0
13235,0
13236,0
13237,0
13238,0
13239,1
13240,0
13241,0
13242,0
13243,0
13244,1
13245,0
13246,1
13247,2
13248,0
13249,0
13250,2
13251,1
13252,0
13253,0
13254,0
13255,0
13256,0
13257,1
13258,0
13259,0
13260,0
13261,1
13262,0
13263,0
13264,0
13265,0
13266,0
13267,0
13268,2
13269,0
13270,0
13271,0
13272,1
13273,0
13274,0
13275,0
13276,1
13277,2
13278,1
13279,1
13280,0
13281,2
13282,0
13283,0
13284,0
13285,0
13286,0
13287,0
13288,0
13289,0
13290,1
13291,0
13292,0
13293,0
13294,0
13295,0
13296,2
13297,0
13298,0
13299,0
13300,0
13301,0
13302,0
13303,0
13304,2
13305,0
13306,0
13307,2
13308,0
13309,0
13310,0
13311,0
13312,1
13313,0
13314,0
13315,0
13316,2
13317,0
13318,0
13319,1
13320,0
13321,0
13322,0
13323,0
13324,0
13325,0
13326,1
13327,0
13328,0
13329,0
13330,0
13331,1
13332,0
13333,0
13334,0
13335,0
13336,0
13337,0
13338,2
13339,2
13340,0
13341,2
13342,0
13343,1
13344,0
13345,0
13346,2
13347,0
13348,0
13349,0
13350,0
13351,2
13352,0
13353,0
13354,0
13355,1
13356,0
13357,0
13358,0
13359,0
13360,0
13361,0
13362,1
13363,2
13364,2
13365,2
13366,0
13367,0
13368,0
13369,0
13370,2
13371,0
13372,2
13373,1
13374,1
13375,0
13376,0
13377,2
13378,2
13379,0
13380,2
13381,0
13382,0
13383,0
13384,0
13385,0
13386,0
13387,2
13388,2
13389,1
13390,2
13391,0
13392,0
13393,0
13394,0
13395,2
13396,0
13397,0
13398,0
13399,0
13400,0
13401,0
13402,0
13403,0
13404,0
13405,1
13406,0
13407,0
13408,0
13409,0
13410,2
13411,0
13412,0
13413,1
13414,0
13415,0
13416,2
13417,0
13418,0
13419,0
13420,1
13421,0
13422,0
13423,2
13424,0
13425,0
13426,0
13427,0
13428,0
13429,0
13430,0
13431,0
13432,0
13433,0
13434,0
13435,2
13436,1
13437,2
13438,2
13439,1
13440,0
13441,0
13442,2
13443,0
13444,0
13445,0
13446,2
13447,0
13448,0
13449,2
13450,0
13451,1
13452,2
13453,2
13454,1
13455,0
13456,0
13457,1
13458,0
13459,1
13460,1
13461,0
13462,0
13463,0
13464,1
13465,2
13466,0
13467,2
13468,2
13469,0
13470,1
13471,0
13472,1
13473,0
13474,0
13475,0
13476,0
13477,1
13478,0
13479,2
13480,0
13481,2
13482,1
13483,0
13484,0
13485,0
13486,0
13487,2
13488,2
13489,0
13490,0
13491,2
13492,0
13493,2
13494,0
13495,0
13496,0
13497,0
13498,0
13499,0
13500,0
13501,0
13502,0
13503,0
13504,0
13505,1
13506,0
13507,0
13508,1
13509,0
13510,0
13511,2
13512,0
13513,0
13514,0
13515,0
13516,0
13517,1
13518,0
13519,0
13520,0
13521,1
13522,2
13523,2
13524,0
13525,0
13526,2
13527,0
13528,0
13529,2
13530,0
13531,1
13532,0
13533,0
13534,0
13535,1
13536,0
13537,0
13538,0
13539,0
13540,0
13541,0
13542,0
13543,2
13544,2
13545,2
13546,1
13547,1
13548,2
13549,1
13550,0
13551,0
13552,0
13553,2
13554,0
13555,2
13556,0
13557,0
13558,0
13559,0
13560,0
13561,0
13562,0
13563,0
13564,2
13565,0
13566,0
13567,0
13568,2
13569,0
13570,0
13571,0
13572,2
13573,0
13574,0
13575,0
13576,0
13577,0
13578,2
13579,0
13580,1
13581,0
13582,0
13583,0
13584,0
13585,0
13586,2
13587,0
13588,0
13589,0
13590,1
13591,0
13592,2
13593,0
13594,1
13595,0
13596,0
13597,0
13598,0
13599,0
13600,0
13601,0
13602,0
13603,2
13604,1
13605,0
13606,2
13607,0
13608,0
13609,2
13610,0
13611,0
13612,2
13613,0
13614,2
13615,0
13616,1
13617,0
13618,0
13619,2
13620,0
13621,1
13622,0
13623,0
13624,0
13625,2
13626,0
13627,1
13628,2
13629,1
13630,0
13631,0
13632,0
13633,0
13634,0
13635,0
13636,0
13637,0
13638,0
13639,0
13640,0
13641,0
13642,2
13643,0
13644,0
13645,0
13646,0
13647,0
13648,0
13649,0
13650,2
13651,0
13652,2
13653,1
13654,2
13655,0
13656,0
13657,0
13658,0
13659,0
13660,0
13661,0
13662,2
13663,2
13664,0
13665,2
13666,0
13667,0
13668,0
13669,0
13670,0
13671,2
13672,0
13673,0
13674,2
13675,2
13676,0
13677,0
13678,1
13679,1
13680,2
13681,0
13682,0
13683,0
13684,0
13685,0
13686,0
13687,2
13688,0
13689,0
13690,0
13691,0
13692,0
13693,0
13694,1
13695,0
13696,0
13697,2
13698,0
13699,0
13700,2
13701,0
13702,2
13703,0
13704,2
13705,0
13706,0
13707,0
13708,0
13709,0
13710,0
13711,0
13712,0
13713,0
13714,0
13715,0
13716,0
13717,2
13718,0
13719,2
13720,0
13721,0
13722,1
13723,0
13724,0
13725,0
13726,0
13727,0
13728,0
13729,2
13730,1
13731,0
13732,0
13733,0
13734,2
13735,0
13736,2
13737,0
13738,2
13739,0
13740,0
13741,0
13742,0
13743,2
13744,0
13745,0
13746,0
13747,0
13748,0
13749,2
13750,0
13751,0
13752,1
13753,2
13754,0
13755,0
13756,1
13757,0
13758,1
13759,0
13760,0
13761,2
13762,0
13763,0
13764,0
13765,2
13766,0
13767,2
13768,0
13769,0
13770,0
13771,0
13772,2
13773,1
13774,0
13775,0
13776,0
13777,2
13778,0
13779,0
13780,2
13781,0
13782,1
13783,2
13784,2
13785,2
13786,0
13787,0
13788,1
13789,2
13790,2
13791,0
13792,0
13793,1
13794,0
13795,2
13796,2
13797,0
13798,0
13799,2
13800,0
13801,2
13802,0
13803,1
13804,0
13805,0
13806,0
13807,1
13808,0
13809,0
13810,0
13811,0
13812,1
13813,0
13814,1
13815,0
13816,1
13817,0
13818,2
13819,2
13820,0
13821,0
13822,2
13823,2
13824,0
13825,0
13826,0
13827,1
13828,1
13829,0
13830,0
13831,0
13832,2
13833,1
13834,0
13835,0
13836,0
13837,0
13838,0
13839,0
13840,2
13841,0
13842,2
13843,0
13844,0
13845,0
13846,1
13847,0
13848,0
13849,0
13850,1
13851,0
13852,1
13853,0
13854,0
13855,0
13856,0
13857,1
13858,2
13859,0
13860,0
13861,0
13862,1
13863,2
13864,0
13865,1
13866,0
13867,0
13868,2
13869,0
13870,0
13871,0
13872,1
13873,0
13874,0
13875,1
13876,2
13877,0
13878,2
13879,0
13880,0
13881,2
13882,0
13883,1
13884,1
13885,0
13886,0
13887,2
13888,0
13889,0
13890,0
13891,0
13892,2
13893,2
13894,2
13895,0
13896,2
13897,2
13898,0
13899,0
13900,0
13901,0
13902,0
13903,0
13904,0
13905,0
13906,0
13907,0
13908,2
13909,0
13910,2
13911,0
13912,0
13913,0
13914,1
13915,0
13916,0
13917,2
13918,0
13919,0
13920,0
13921,0
13922,1
13923,0
13924,0
13925,1
13926,0
13927,1
13928,1
13929,2
13930,0
13931,0
13932,0
13933,1
13934,0
13935,0
13936,0
13937,0
13938,0
13939,0
13940,2
13941,0
13942,0
13943,0
13944,0
13945,0
13946,1
13947,0
13948,0
13949,0
13950,0
13951,0
13952,1
13953,0
13954,2
13955,0
13956,0
13957,1
13958,2
13959,0
13960,0
13961,0
13962,0
13963,1
13964,0
13965,1
13966,0
13967,0
13968,0
13969,0
13970,2
13971,0
13972,1
13973,1
13974,0
13975,1
13976,2
13977,0
13978,0
13979,0
13980,0
13981,1
13982,0
13983,2
13984,0
13985,0
13986,0
13987,0
13988,1
13989,2
13990,0
13991,0
13992,0
13993,0
13994,0
13995,0
13996,1
13997,1
13998,0
13999,2
14000,0
14001,0
14002,2
14003,2
14004,1
14005,2
14006,0
14007,0
14008,0
14009,1
14010,0
14011,0
14012,0
14013,0
14014,0
14015,0
14016,1
14017,0
14018,1
14019,0
14020,0
14021,0
14022,1
14023,1
14024,0
14025,0
14026,0
14027,0
14028,0
14029,0
14030,0
14031,1
14032,1
14033,0
14034,1
14035,1
14036,0
14037,0
14038,1
14039,0
14040,1
14041,0
14042,2
14043,0
14044,0
14045,0
14046,1
14047,2
14048,0
14049,1
14050,2
14051,0
14052,2
14053,0
14054,0
14055,2
14056,2
14057,0
14058,2
14059,0
14060,2
14061,0
14062,2
14063,0
14064,0
14065,0
14066,0
14067,2
14068,2
14069,0
14070,1
14071,0
14072,0
14073,1
14074,0
14075,0
14076,0
14077,0
14078,0
14079,1
14080,0
14081,1
14082,1
14083,0
14084,0
14085,0
14086,0
14087,0
14088,1
14089,1
14090,0
14091,2
14092,0
14093,0
14094,1
14095,0
14096,0
14097,2
14098,1
14099,0
14100,2
14101,0
14102,0
14103,0
14104,2
14105,1
14106,1
14107,0
14108,0
14109,0
14110,2
14111,0
14112,0
14113,0
14114,0
14115,1
14116,2
14117,1
14118,0
14119,2
14120,0
14121,2
14122,0
14123,0
14124,2
14125,0
14126,0
14127,2
14128,0
14129,2
14130,0
14131,0
14132,0
14133,0
14134,0
14135,0
14136,0
14137,0
14138,0
14139,0
14140,0
14141,0
14142,2
14143,0
14144,1
14145,0
14146,2
14147,2
14148,0
14149,0
14150,2
14151,0
14152,1
14153,0
14154,0
14155,0
14156,0
14157,2
14158,1
14159,0
14160,0
14161,2
14162,0
14163,2
14164,1
14165,0
14166,0
14167,2
14168,1
14169,0
14170,2
14171,0
14172,1
14173,0
14174,1
14175,0
14176,1
14177,0
14178,0
14179,1
14180,0
14181,0
14182,0
14183,0
14184,0
14185,2
14186,0
14187,0
14188,2
14189,0
14190,2
14191,2
14192,1
14193,1
14194,2
14195,0
14196,1
14197,0
14198,0
14199,0
14200,0
14201,0
14202,0
14203,0
14204,0
14205,2
14206,0
14207,0
14208,2
14209,2
14210,2
14211,1
14212,0
14213,0
14214,0
14215,0
14216,0
14217,0
14218,2
14219,0
14220,2
14221,1
14222,0
14223,0
14224,1
14225,2
14226,0
14227,2
14228,1
14229,0
14230,0
14231,0
14232,2
14233,0
14234,1
14235,0
14236,0
14237,0
14238,2
14239,0
14240,0
14241,0
14242,0
14243,0
14244,0
14245,0
14246,2
14247,0
14248,0
14249,0
14250,0
14251,1
14252,0
14253,0
14254,2
14255,1
14256,2
14257,1
14258,2
14259,0
14260,0
14261,0
14262,1
14263,0
14264,0
14265,1
14266,0
14267,2
14268,1
14269,0
14270,0
14271,0
14272,1
14273,0
14274,0
14275,0
14276,2
14277,0
14278,2
14279,0
14280,0
14281,0
14282,0
14283,1
14284,0
14285,0
14286,0
14287,0
14288,0
14289,0
14290,0
14291,1
14292,0
14293,0
14294,0
14295,2
14296,0
14297,0
14298,1
14299,2
14300,1
14301,2
14302,0
14303,2
14304,0
14305,0
14306,2
14307,0
14308,0
14309,1
14310,0
14311,0
14312,2
14313,1
14314,0
14315,2
14316,0
14317,0
14318,0
14319,0
14320,0
14321,0
14322,0
14323,1
14324,0
14325,0
14326,0
14327,0
14328,0
14329,0
14330,0
14331,2
14332,0
14333,0
14334,0
14335,0
14336,0
14337,0
14338,0
14339,0
14340,0
14341,0
14342,0
14343,0
14344,0
14345,2
14346,2
14347,0
14348,0
14349,0
14350,0
14351,0
14352,0
14353,2
14354,0
14355,0
14356,0
14357,0
14358,1
14359,1
14360,0
14361,2
14362,0
14363,0
14364,0
14365,2
14366,0
14367,2
14368,0
14369,0
14370,0
14371,2
14372,0
14373,0
14374,1
14375,0
14376,2
14377,1
14378,0
14379,0
14380,0
14381,0
14382,1
14383,0
14384,2
14385,0
14386,0
14387,0
14388,0
14389,1
14390,2
14391,0
14392,0
14393,0
14394,1
14395,2
14396,0
14397,0
14398,1
14399,2
14400,0
14401,0
14402,0
14403,0
14404,0
14405,0
14406,0
14407,0
14408,0
14409,0
14410,0
14411,1
14412,0
14413,0
14414,0
14415,0
14416,0
14417,0
14418,2
14419,0
14420,1
14421,1
14422,0
14423,0
14424,0
14425,0
14426,1
14427,0
14428,2
14429,0
14430,2
14431,0
14432,0
14433,0
14434,0
14435,0
14436,2
14437,2
14438,0
14439,0
14440,0
14441,0
14442,0
14443,2
14444,2
14445,0
14446,0
14447,0
14448,0
14449,0
14450,0
14451,0
14452,0
14453,0
14454,0
14455,0
14456,2
14457,2
14458,0
14459,2
14460,0
14461,0
14462,0
14463,1
14464,0
14465,2
14466,0
14467,0
14468,1
14469,1
14470,0
14471,2
14472,0
14473,2
14474,0
14475,0
14476,0
14477,0
14478,0
14479,0
14480,0
14481,2
14482,0
14483,0
14484,0
14485,1
14486,0
14487,0
14488,0
14489,0
14490,0
14491,0
14492,0
14493,0
14494,0
14495,2
14496,0
14497,2
14498,1
14499,0
14500,1
14501,0
14502,0
14503,1
14504,1
14505,0
14506,0
14507,0
14508,0
14509,0
14510,2
14511,2
14512,0
14513,0
14514,1
14515,0
14516,0
14517,2
14518,0
14519,0
14520,2
14521,0
14522,0
14523,0
14524,1
14525,0
14526,0
14527,0
14528,0
14529,0
14530,1
14531,0
14532,2
14533,0
14534,2
14535,1
14536,2
14537,1
14538,2
14539,0
14540,1
14541,0
14542,0
14543,0
14544,1
14545,0
14546,0
14547,2
14548,2
14549,2
14550,0
14551,0
14552,0
14553,0
14554,0
14555,0
14556,0
14557,2
14558,0
14559,0
14560,0
14561,0
14562,2
14563,0
14564,0
14565,0
14566,0
14567,1
14568,0
14569,0
14570,0
14571,0
14572,0
14573,0
14574,0
14575,0
14576,0
14577,0
14578,0
14579,2
14580,2
14581,2
14582,0
14583,2
14584,2
14585,2
14586,0
14587,0
14588,1
14589,0
14590,0
14591,1
14592,0
14593,0
14594,0
14595,2
14596,0
14597,2
14598,1
14599,1
14600,0
14601,1
14602,2
14603,0
14604,0
14605,0
14606,0
14607,2
14608,1
14609,0
14610,0
14611,2
14612,0
14613,0
14614,1
14615,0
14616,0
14617,0
14618,0
14619,2
14620,0
14621,0
14622,2
14623,1
14624,0
14625,0
14626,0
14627,0
14628,1
14629,0
14630,0
14631,0
14632,0
14633,0
14634,2
14635,0
14636,0
14637,0
14638,0
14639,0
14640,0
14641,0
14642,0
14643,0
14644,0
14645,1
14646,0
14647,1
14648,1
14649,0
14650,2
14651,0
14652,0
14653,0
14654,0
14655,0
14656,0
14657,2
14658,0
14659,0
14660,1
14661,0
14662,0
14663,0
14664,0
14665,1
14666,0
14667,2
14668,0
14669,0
14670,0
14671,0
14672,2
14673,0
14674,1
14675,0
14676,0
14677,0
14678,0
14679,0
14680,1
14681,0
14682,2
14683,1
14684,0
14685,0
14686,0
14687,0
14688,2
14689,0
14690,0
14691,0
14692,0
14693,1
14694,0
14695,0
14696,0
14697,2
14698,0
14699,1
14700,2
14701,0
14702,0
14703,1
14704,1
14705,0
14706,0
14707,2
14708,0
14709,0
14710,0
14711,0
14712,2
14713,0
14714,0
14715,0
14716,1
14717,1
14718,0
14719,0
14720,0
14721,0
14722,0
14723,2
14724,0
14725,0
14726,0
14727,0
14728,0
14729,0
14730,0
14731,0
14732,0
14733,2
14734,1
14735,1
14736,0
14737,0
14738,0
14739,0
14740,0
14741,0
14742,2
14743,2
14744,0
14745,0
14746,1
14747,0
14748,1
14749,0
14750,0
14751,0
14752,0
14753,0
14754,1
14755,2
14756,1
14757,0
14758,0
14759,0
14760,0
14761,0
14762,0
14763,0
14764,2
14765,0
14766,1
14767,0
14768,1
14769,2
14770,0
14771,2
14772,0
14773,0
14774,0
14775,0
14776,0
14777,0
14778,1
14779,2
14780,0
14781,0
14782,0
14783,0
14784,2
14785,0
14786,0
14787,0
14788,2
14789,1
14790,0
14791,0
14792,2
14793,0
14794,0
14795,0
14796,2
14797,0
14798,0
14799,0
14800,0
14801,2
14802,1
14803,0
14804,0
14805,0
14806,0
14807,0
14808,0
14809,0
14810,2
14811,2
14812,0
14813,0
14814,0
14815,0
14816,0
14817,1
14818,0
14819,0
14820,0
14821,1
14822,0
14823,0
14824,0
14825,0
14826,2
14827,2
14828,2
14829,1
14830,0
14831,0
14832,2
14833,0
14834,0
14835,0
14836,0
14837,2
14838,0
14839,1
14840,0
14841,0
14842,0
14843,0
14844,0
14845,0
14846,1
14847,0
14848,2
14849,0
14850,0
14851,0
14852,1
14853,0
14854,0
14855,2
14856,2
14857,0
14858,0
14859,0
14860,2
14861,0
14862,0
14863,0
14864,0
14865,2
14866,0
14867,2
14868,2
14869,2
14870,0
14871,2
14872,1
14873,0
14874,0
14875,0
14876,0
14877,0
14878,0
14879,2
14880,0
14881,0
14882,0
14883,0
14884,0
14885,0
14886,2
14887,0
14888,0
14889,0
14890,0
14891,2
14892,2
14893,0
14894,0
14895,0
14896,0
14897,0
14898,0
14899,0
14900,0
14901,0
14902,2
14903,0
14904,2
14905,0
14906,1
14907,0
14908,0
14909,0
14910,0
14911,0
14912,2
14913,0
14914,0
14915,0
14916,0
14917,0
14918,0
14919,0
14920,0
14921,0
14922,0
14923,0
14924,0
14925,0
14926,0
14927,0
14928,0
14929,0
14930,0
14931,2
14932,1
14933,2
14934,0
14935,0
14936,2
14937,0
14938,0
14939,0
14940,0
14941,0
14942,0
14943,0
14944,0
14945,0
14946,0
14947,2
14948,0
14949,0
14950,0
14951,0
14952,0
14953,2
14954,0
14955,0
14956,2
14957,0
14958,0
14959,0
14960,0
14961,0
14962,1
14963,0
14964,0
14965,0
14966,0
14967,2
14968,0
14969,1
14970,0
14971,1
14972,0
14973,1
14974,1
14975,0
14976,0
14977,1
14978,0
14979,0
14980,0
14981,2
14982,1
14983,2
14984,0
14985,2
14986,1
14987,1
14988,1
14989,0
14990,0
14991,0
14992,0
14993,2
14994,0
14995,0
14996,0
14997,2
14998,1
14999,2
15000,0
15001,1
15002,2
15003,0
15004,0
15005,0
15006,0
15007,0
15008,2
15009,0
15010,0
15011,0
15012,0
15013,1
15014,0
15015,1
15016,1
15017,0
15018,0
15019,0
15020,0
15021,0
15022,0
15023,1
15024,1
15025,0
15026,1
15027,0
15028,0
15029,2
15030,0
15031,0
15032,0
15033,2
15034,0
15035,0
15036,1
15037,2
15038,2
15039,2
15040,0
15041,2
15042,1
15043,2
15044,0
15045,0
15046,1
15047,0
15048,2
15049,0
15050,2
15051,1
15052,0
15053,0
15054,0
15055,0
15056,0
15057,0
15058,0
15059,0
15060,1
15061,1
15062,0
15063,0
15064,1
15065,0
15066,2
15067,0
15068,0
15069,1
15070,0
15071,0
15072,0
15073,0
15074,0
15075,0
15076,0
15077,1
15078,2
15079,2
15080,0
15081,0
15082,0
15083,0
15084,0
15085,1
15086,0
15087,0
15088,1
15089,0
15090,2
15091,2
15092,0
15093,0
15094,0
15095,0
15096,0
15097,0
15098,2
15099,0
15100,0
15101,1
15102,2
15103,2
15104,0
15105,0
15106,0
15107,1
15108,0
15109,2
15110,1
15111,0
15112,0
15113,0
15114,2
15115,1
15116,1
15117,1
15118,1
15119,0
15120,2
15121,0
15122,2
15123,0
15124,2
15125,0
15126,0
15127,0
15128,0
15129,0
15130,0
15131,0
15132,1
15133,2
15134,2
15135,0
15136,2
15137,0
15138,0
15139,0
15140,0
15141,0
15142,0
15143,0
15144,1
15145,2
15146,0
15147,0
15148,2
15149,0
15150,0
15151,0
15152,0
15153,0
15154,2
15155,0
15156,0
15157,0
15158,1
15159,1
15160,0
15161,0
15162,1
15163,0
15164,0
15165,0
15166,0
15167,0
15168,0
15169,0
15170,0
15171,0
15172,0
15173,0
15174,2
15175,1
15176,0
15177,2
15178,0
15179,0
15180,1
15181,0
15182,0
15183,0
15184,0
15185,0
15186,0
15187,0
15188,0
15189,0
15190,2
15191,0
15192,0
15193,0
15194,0
15195,0
15196,2
15197,0
15198,0
15199,0
15200,0
15201,0
15202,0
15203,2
15204,2
15205,1
15206,0
15207,0
15208,1
15209,1
15210,0
15211,0
15212,2
15213,2
15214,0
15215,0
15216,0
15217,0
15218,0
15219,0
15220,0
15221,1
15222,0
15223,0
15224,0
15225,2
15226,2
15227,0
15228,2
15229,2
15230,1
15231,2
15232,2
15233,0
15234,0
15235,2
15236,0
15237,0
15238,2
15239,0
15240,0
15241,0
15242,0
15243,2
15244,0
15245,2
15246,0
15247,0
15248,0
15249,0
15250,1
15251,1
15252,2
15253,2
15254,1
15255,0
15256,0
15257,1
15258,0
15259,0
15260,0
15261,2
15262,0
15263,2
15264,0
15265,0
15266,0
15267,0
15268,0
15269,0
15270,2
15271,2
15272,1
15273,1
15274,2
15275,0
15276,0
15277,0
15278,0
15279,0
15280,0
15281,0
15282,2
15283,0
15284,0
15285,2
15286,0
15287,0
15288,0
15289,0
15290,0
15291,2
15292,0
15293,2
15294,2
15295,1
15296,0
15297,2
15298,0
15299,2
15300,0
15301,0
15302,1
15303,1
15304,0
15305,0
15306,0
15307,0
15308,0
15309,2
15310,2
15311,1
15312,0
15313,2
15314,0
15315,0
15316,0
15317,2
15318,0
15319,0
15320,0
15321,0
15322,0
15323,0
15324,0
15325,0
15326,0
15327,0
15328,0
15329,1
15330,0
15331,1
15332,2
15333,0
15334,2
15335,0
15336,0
15337,0
15338,1
15339,2
15340,0
15341,2
15342,1
15343,2
15344,1
15345,0
15346,0
15347,1
15348,0
15349,2
15350,2
15351,0
15352,0
15353,2
15354,0
15355,0
15356,1
15357,0
15358,0
15359,2
15360,1
15361,1
15362,2
15363,0
15364,0
15365,0
15366,0
15367,1
15368,2
15369,2
15370,0
15371,0
15372,2
15373,0
15374,2
15375,0
15376,0
15377,0
15378,0
15379,0
15380,0
15381,2
15382,0
15383,0
15384,0
15385,2
15386,0
15387,2
15388,0
15389,0
15390,2
15391,0
15392,0
15393,0
15394,2
15395,1
15396,0
15397,1
15398,0
15399,2
15400,1
15401,2
15402,0
15403,0
15404,1
15405,0
15406,2
15407,2
15408,2
15409,2
15410,1
15411,2
15412,0
15413,0
15414,0
15415,0
15416,0
15417,1
15418,0
15419,0
15420,0
15421,0
15422,0
15423,0
15424,0
15425,0
15426,0
15427,0
15428,0
15429,2
15430,2
15431,2
15432,0
15433,2
15434,2
15435,0
15436,2
15437,0
15438,0
15439,0
15440,0
15441,0
15442,0
15443,1
15444,0
15445,2
15446,0
15447,0
15448,0
15449,0
15450,0
15451,0
15452,0
15453,2
15454,0
15455,2
15456,0
15457,2
15458,0
15459,0
15460,2
15461,0
15462,0
15463,0
15464,2
15465,1
15466,1
15467,0
15468,0
15469,0
15470,0
15471,0
15472,0
15473,0
15474,0
15475,0
15476,2
15477,0
15478,0
15479,1
15480,0
15481,2
15482,0
15483,0
15484,1
15485,2
15486,0
15487,2
15488,0
15489,0
15490,0
15491,1
15492,0
15493,0
15494,0
15495,0
15496,0
15497,0
15498,0
15499,0
15500,0
15501,1
15502,0
15503,1
15504,0
15505,1
15506,2
15507,2
15508,0
15509,0
15510,0
15511,2
15512,2
15513,0
15514,0
15515,0
15516,0
15517,1
15518,1
15519,0
15520,1
15521,0
15522,0
15523,0
15524,0
15525,0
15526,2
15527,2
15528,1
15529,0
15530,0
15531,0
15532,0
15533,2
15534,0
15535,0
15536,2
15537,0
15538,1
15539,0
15540,0
15541,0
15542,0
15543,2
15544,0
15545,1
15546,2
15547,2
15548,0
15549,0
15550,2
15551,0
15552,0
15553,1
15554,0
15555,0
15556,0
15557,0
15558,2
15559,0
15560,2
15561,0
15562,1
15563,0
15564,0
15565,0
15566,0
15567,0
15568,0
15569,0
15570,0
15571,0
15572,0
15573,0
15574,0
15575,0
15576,1
15577,0
15578,0
15579,0
15580,1
15581,0
15582,0
15583,2
15584,0
15585,0
15586,1
15587,2
15588,0
15589,0
15590,2
15591,1
15592,2
15593,0
15594,0
15595,0
15596,0
15597,0
15598,0
15599,0
15600,2
15601,1
15602,0
15603,0
15604,0
15605,2
15606,0
15607,1
15608,2
15609,0
15610,2
15611,1
15612,0
15613,1
15614,0
15615,0
15616,0
15617,1
15618,0
15619,0
15620,0
15621,2
15622,0
15623,2
15624,2
15625,2
15626,1
15627,0
15628,0
15629,1
15630,0
15631,0
15632,1
15633,1
15634,1
15635,0
15636,1
15637,0
15638,2
15639,0
15640,0
15641,0
15642,0
15643,0
15644,0
15645,0
15646,2
15647,0
15648,1
15649,2
15650,0
15651,1
15652,2
15653,0
15654,0
15655,2
15656,2
15657,2
15658,0
15659,0
15660,0
15661,0
15662,2
15663,2
15664,0
15665,0
15666,0
15667,0
15668,1
15669,0
15670,0
15671,2
15672,0
15673,0
15674,1
15675,1
15676,0
15677,0
15678,0
15679,0
15680,0
15681,2
15682,0
15683,0
15684,2
15685,0
15686,0
15687,1
15688,0
15689,0
15690,2
15691,0
15692,0
15693,2
15694,0
15695,0
15696,1
15697,1
15698,0
15699,2
15700,0
15701,0
15702,2
15703,0
15704,0
15705,0
15706,0
15707,1
15708,0
15709,1
15710,1
15711,0
15712,2
15713,1
15714,1
15715,2
15716,0
15717,0
15718,0
15719,0
15720,1
15721,0
15722,0
15723,1
15724,2
15725,0
15726,2
15727,0
15728,0
15729,2
15730,2
15731,2
15732,0
15733,2
15734,0
15735,0
15736,2
15737,0
15738,0
15739,0
15740,0
15741,0
15742,0
15743,0
15744,0
15745,0
15746,0
15747,0
15748,0
15749,0
15750,0
15751,0
15752,0
15753,0
15754,0
15755,1
15756,2
15757,0
15758,0
15759,0
15760,0
15761,0
15762,0
15763,0
15764,2
15765,0
15766,0
15767,0
15768,0
15769,0
15770,0
15771,0
15772,0
15773,0
15774,0
15775,2
15776,0
15777,0
15778,0
15779,0
15780,0
15781,1
15782,0
15783,0
15784,2
15785,2
15786,0
15787,0
15788,2
15789,0
15790,2
15791,0
15792,1
15793,0
15794,0
15795,2
15796,0
15797,0
15798,1
15799,0
15800,0
15801,2
15802,0
15803,0
15804,2
15805,0
15806,1
15807,0
15808,0
15809,1
15810,2
15811,1
15812,0
15813,2
15814,2
15815,2
15816,2
15817,1
15818,0
15819,0
15820,1
15821,1
15822,0
15823,2
15824,0
15825,0
15826,0
15827,0
15828,2
15829,0
15830,0
15831,0
15832,0
15833,0
15834,0
15835,0
15836,2
15837,0
15838,0
15839,0
15840,1
15841,0
15842,0
15843,0
15844,0
15845,2
15846,1
15847,0
15848,0
15849,2
15850,1
15851,1
15852,0
15853,2
15854,0
15855,0
15856,0
15857,1
15858,0
15859,0
15860,0
15861,0
15862,0
15863,0
15864,0
15865,1
15866,2
15867,2
15868,0
15869,1
15870,0
15871,0
15872,1
15873,0
15874,1
15875,2
15876,2
15877,0
15878,2
15879,0
15880,0
15881,0
15882,0
15883,2
15884,0
15885,1
15886,1
15887,2
15888,0
15889,0
15890,2
15891,2
15892,2
15893,1
15894,0
15895,0
15896,0
15897,0
15898,2
15899,1
15900,0
15901,2
15902,0
15903,2
15904,1
15905,1
15906,0
15907,2
15908,0
15909,0
15910,2
15911,1
15912,0
15913,0
15914,0
15915,0
15916,0
15917,2
15918,0
15919,0
15920,2
15921,0
15922,0
15923,2
15924,0
15925,0
15926,1
15927,0
15928,0
15929,0
15930,0
15931,1
15932,2
15933,0
15934,0
15935,2
15936,0
15937,1
15938,0
15939,0
15940,0
15941,2
15942,0
15943,0
15944,0
15945,0
15946,0
15947,1
15948,0
15949,0
15950,0
15951,0
15952,0
15953,0
15954,0
15955,0
15956,1
15957,1
15958,0
15959,2
15960,0
15961,0
15962,1
15963,2
15964,0
15965,0
15966,0
15967,2
15968,0
15969,0
15970,0
15971,0
15972,0
15973,0
15974,0
15975,0
15976,0
15977,0
15978,1
15979,0
15980,0
15981,0
15982,2
15983,2
15984,2
15985,2
15986,0
15987,1
15988,2
15989,0
15990,2
15991,0
15992,0
15993,0
15994,1
15995,2
15996,0
15997,0
15998,0
15999,0
16000,0
16001,1
16002,0
16003,0
16004,2
16005,0
16006,0
16007,0
16008,0
16009,2
16010,0
16011,0
16012,2
16013,1
16014,0
16015,0
16016,0
16017,2
16018,0
16019,0
16020,0
16021,0
16022,0
16023,1
16024,0
16025,0
16026,1
16027,0
16028,0
16029,1
16030,1
16031,0
16032,0
16033,0
16034,1
16035,0
16036,2
16037,0
16038,0
16039,0
16040,0
16041,2
16042,0
16043,0
16044,0
16045,0
16046,0
16047,0
16048,2
16049,0
16050,0
16051,0
16052,2
16053,0
16054,2
16055,0
16056,0
16057,0
16058,1
16059,0
16060,1
16061,0
16062,0
16063,0
16064,0
16065,0
16066,0
16067,0
16068,2
16069,2
16070,0
16071,1
16072,0
16073,0
16074,2
16075,0
16076,0
16077,2
16078,0
16079,0
16080,0
16081,0
16082,0
16083,1
16084,0
16085,0
16086,2
16087,0
16088,2
16089,2
16090,0
16091,2
16092,0
16093,0
16094,1
16095,0
16096,0
16097,2
16098,0
16099,1
16100,2
16101,0
16102,0
16103,2
16104,2
16105,2
16106,0
16107,0
16108,0
16109,2
16110,2
16111,0
16112,0
16113,0
16114,0
16115,0
16116,0
16117,0
16118,2
16119,0
16120,0
16121,0
16122,0
16123,0
16124,1
16125,0
16126,2
16127,0
16128,2
16129,0
16130,0
16131,0
16132,0
16133,2
16134,0
16135,0
16136,2
16137,0
16138,0
16139,1
16140,2
16141,0
16142,0
16143,0
16144,0
16145,0
16146,2
16147,0
16148,0
16149,0
16150,0
16151,0
16152,0
16153,0
16154,2
16155,1
16156,1
16157,0
16158,0
16159,0
16160,2
16161,0
16162,1
16163,0
16164,0
16165,2
16166,0
16167,0
16168,0
16169,0
16170,0
16171,0
16172,0
16173,2
16174,0
16175,0
16176,0
16177,0
16178,0
16179,1
16180,0
16181,0
16182,2
16183,0
16184,0
16185,0
16186,0
16187,0
16188,0
16189,0
16190,0
16191,0
16192,2
16193,0
16194,0
16195,2
16196,0
16197,2
16198,0
16199,0
16200,0
16201,2
16202,2
16203,0
16204,2
16205,0
16206,1
16207,0
16208,0
16209,0
16210,2
16211,2
16212,0
16213,1
16214,2
16215,1
16216,0
16217,0
16218,1
16219,0
16220,0
16221,0
16222,0
16223,0
16224,1
16225,0
16226,0
16227,1
16228,0
16229,2
16230,0
16231,0
16232,0
16233,0
16234,1
16235,0
16236,0
16237,0
16238,0
16239,1
16240,2
16241,2
16242,0
16243,2
16244,0
16245,0
16246,0
16247,1
16248,0
16249,2
16250,2
16251,0
16252,0
16253,2
16254,0
16255,2
16256,0
16257,1
16258,0
16259,1
16260,1
16261,0
16262,0
16263,0
16264,0
16265,0
16266,0
16267,0
16268,2
16269,0
16270,0
16271,0
16272,1
16273,0
16274,1
16275,0
16276,0
16277,0
16278,0
16279,0
16280,1
16281,0
16282,0
16283,1
16284,0
16285,0
16286,0
16287,0
16288,0
16289,2
16290,2
16291,1
16292,2
16293,0
16294,0
16295,2
16296,0
16297,0
16298,0
16299,0
16300,0
16301,0
16302,0
16303,1
16304,0
16305,0
16306,0
16307,0
16308,2
16309,2
16310,0
16311,1
16312,0
16313,0
16314,0
16315,0
16316,0
16317,1
16318,2
16319,2
16320,0
16321,1
16322,2
16323,2
16324,0
16325,0
16326,1
16327,1
16328,0
16329,0
16330,0
16331,0
16332,0
16333,2
16334,0
16335,0
16336,0
16337,2
16338,0
16339,0
16340,0
16341,1
16342,0
16343,1
16344,0
16345,2
16346,0
16347,0
16348,0
16349,2
16350,2
16351,2
16352,2
16353,0
16354,2
16355,2
16356,2
16357,2
16358,0
16359,1
16360,2
16361,2
16362,0
16363,0
16364,0
16365,0
16366,0
16367,1
16368,0
16369,1
16370,2
16371,0
16372,0
16373,0
16374,2
16375,2
16376,0
16377,0
16378,1
16379,0
16380,0
16381,2
16382,0
16383,2
16384,0
16385,2
16386,2
16387,0
16388,0
16389,0
16390,0
16391,2
16392,1
16393,0
16394,0
16395,0
16396,0
16397,2
16398,0
16399,0
16400,0
16401,0
16402,0
16403,0
16404,0
16405,0
16406,1
16407,0
16408,2
16409,2
16410,0
16411,0
16412,0
16413,0
16414,0
16415,0
16416,0
16417,2
16418,1
16419,0
16420,0
16421,0
16422,0
16423,0
16424,2
16425,2
16426,0
16427,1
16428,0
16429,0
16430,0
16431,1
16432,0
16433,0
16434,2
16435,0
16436,0
16437,0
16438,1
16439,1
16440,0
16441,0
16442,0
16443,1
16444,0
16445,0
16446,0
16447,0
16448,0
16449,0
16450,0
16451,0
16452,1
16453,0
16454,0
16455,0
16456,0
16457,0
16458,2
16459,0
16460,0
16461,2
16462,0
16463,0
16464,0
16465,2
16466,0
16467,2
16468,0
16469,1
16470,0
16471,1
16472,1
16473,0
16474,0
16475,2
16476,1
16477,0
16478,0
16479,1
16480,2
16481,2
16482,0
16483,0
16484,0
16485,0
16486,1
16487,2
16488,0
16489,0
16490,2
16491,2
16492,0
16493,1
16494,0
16495,0
16496,0
16497,1
16498,2
16499,2
16500,1
16501,0
16502,0
16503,0
16504,0
16505,0
16506,0
16507,2
16508,2
16509,0
16510,0
16511,2
16512,0
16513,0
16514,0
16515,2
16516,0
16517,0
16518,0
16519,1
16520,2
16521,1
16522,0
16523,0
16524,1
16525,0
16526,0
16527,0
16528,0
16529,2
16530,0
16531,1
16532,0
16533,0
16534,0
16535,0
16536,0
16537,0
16538,0
16539,0
16540,1
16541,0
16542,1
16543,0
16544,0
16545,0
16546,0
16547,0
16548,0
16549,0
16550,2
16551,1
16552,0
16553,2
16554,0
16555,0
16556,0
16557,0
16558,2
16559,0
16560,0
16561,2
16562,2
16563,0
16564,0
16565,2
16566,1
16567,2
16568,0
16569,2
16570,0
16571,2
16572,1
16573,0
16574,0
16575,0
16576,2
16577,0
16578,0
16579,0
16580,0
16581,0
16582,2
16583,2
16584,2
16585,2
16586,2
16587,0
16588,1
16589,0
16590,2
16591,0
16592,2
16593,0
16594,0
16595,0
16596,0
16597,1
16598,0
16599,2
16600,0
16601,0
16602,0
16603,1
16604,2
16605,0
16606,0
16607,0
16608,0
16609,0
16610,0
16611,0
16612,0
16613,0
16614,0
16615,0
16616,0
16617,2
16618,0
16619,0
16620,2
16621,0
16622,0
16623,0
16624,2
16625,0
16626,0
16627,0
16628,0
16629,2
16630,0
16631,0
16632,2
16633,0
16634,0
16635,0
16636,1
16637,0
16638,0
16639,0
16640,0
16641,0
16642,2
16643,0
16644,0
16645,0
16646,0
16647,0
16648,0
16649,2
16650,0
16651,1
16652,0
16653,0
16654,0
16655,1
16656,2
16657,0
16658,0
16659,2
16660,2
16661,1
16662,0
16663,2
16664,0
16665,1
16666,0
16667,0
16668,0
16669,0
16670,2
16671,2
16672,0
16673,0
16674,0
16675,0
16676,0
16677,0
16678,2
16679,0
16680,0
16681,2
16682,0
16683,2
16684,0
16685,0
16686,2
16687,0
16688,2
16689,1
16690,2
16691,2
16692,0
16693,1
16694,0
16695,0
16696,0
16697,2
16698,2
16699,0
16700,0
16701,1
16702,0
16703,0
16704,0
16705,1
16706,2
16707,2
16708,0
16709,0
16710,0
16711,0
16712,0
16713,0
16714,0
16715,0
16716,0
16717,0
16718,0
16719,0
16720,0
16721,2
16722,0
16723,0
16724,1
16725,0
16726,2
16727,1
16728,0
16729,1
16730,2
16731,1
16732,0
16733,2
16734,0
16735,2
16736,1
16737,0
16738,1
16739,2
16740,1
16741,0
16742,0
16743,0
16744,0
16745,0
16746,0
16747,0
16748,2
16749,0
16750,1
16751,0
16752,0
16753,2
16754,0
16755,2
16756,2
16757,0
16758,2
16759,0
16760,0
16761,0
16762,1
16763,0
16764,0
16765,0
16766,1
16767,2
16768,0
16769,0
16770,0
16771,0
16772,0
16773,0
16774,0
16775,0
16776,0
16777,1
16778,0
16779,0
16780,0
16781,0
16782,0
16783,0
16784,0
16785,0
16786,0
16787,1
16788,2
16789,0
16790,0
16791,0
16792,2
16793,0
16794,0
16795,2
16796,0
16797,2
16798,0
16799,0
16800,2
16801,0
16802,0
16803,2
16804,0
16805,0
16806,2
16807,0
16808,0
16809,0
16810,0
16811,0
16812,0
16813,2
16814,2
16815,0
16816,0
16817,0
16818,0
16819,2
16820,0
16821,2
16822,2
16823,0
16824,2
16825,0
16826,2
16827,0
16828,2
16829,0
16830,0
16831,2
16832,0
16833,2
16834,2
16835,1
16836,0
16837,2
16838,0
16839,0
16840,0
16841,0
16842,0
16843,0
16844,2
16845,1
16846,2
16847,2
16848,2
16849,0
16850,2
16851,0
16852,1
16853,0
16854,0
16855,0
16856,0
16857,0
16858,1
16859,0
16860,0
16861,2
16862,2
16863,0
16864,1
16865,2
16866,0
16867,0
16868,0
16869,0
16870,0
16871,2
16872,0
16873,1
16874,0
16875,0
16876,0
16877,0
16878,0
16879,2
16880,0
16881,0
16882,2
16883,2
16884,0
16885,0
16886,0
16887,0
16888,0
16889,1
16890,0
16891,0
16892,0
16893,0
16894,0
16895,1
16896,2
16897,1
16898,0
16899,0
16900,0
16901,0
16902,2
16903,2
16904,2
16905,0
16906,0
16907,0
16908,0
16909,0
16910,0
16911,0
16912,0
16913,0
16914,0
16915,1
16916,0
16917,0
16918,0
16919,2
16920,0
16921,2
16922,2
16923,0
16924,0
16925,0
16926,0
16927,0
16928,0
16929,0
16930,2
16931,0
16932,0
16933,0
16934,1
16935,2
16936,0
16937,0
16938,2
16939,2
16940,2
16941,2
16942,0
16943,0
16944,1
16945,0
16946,0
16947,0
16948,0
16949,0
16950,0
16951,0
16952,2
16953,0
16954,0
16955,2
16956,0
16957,0
16958,0
16959,0
16960,2
16961,0
16962,2
16963,1
16964,2
16965,1
16966,2
16967,0
16968,2
16969,0
16970,0
16971,2
16972,2
16973,2
16974,0
16975,0
16976,0
16977,0
16978,0
16979,1
16980,0
16981,2
16982,2
16983,2
16984,0
16985,0
16986,2
16987,0
16988,2
16989,0
16990,0
16991,2
16992,2
16993,0
16994,1
16995,1
16996,2
16997,2
16998,1
16999,2
17000,0
17001,0
17002,0
17003,2
17004,2
17005,0
17006,0
17007,0
17008,0
17009,0
17010,0
17011,0
17012,0
17013,0
17014,0
17015,0
17016,1
17017,0
17018,0
17019,2
17020,1
17021,0
17022,0
17023,0
17024,0
17025,2
17026,2
17027,1
17028,0
17029,0
17030,0
17031,1
17032,0
17033,1
17034,0
17035,0
17036,0
17037,0
17038,0
17039,0
17040,0
17041,2
17042,0
17043,0
17044,1
17045,0
17046,2
17047,0
17048,0
17049,1
17050,0
17051,2
17052,0
17053,0
17054,0
17055,2
17056,2
17057,0
17058,0
17059,0
17060,0
17061,2
17062,0
17063,0
17064,0
17065,0
17066,1
17067,2
17068,1
17069,0
17070,2
17071,0
17072,0
17073,1
17074,0
17075,0
17076,0
17077,0
17078,0
17079,0
17080,2
17081,2
17082,0
17083,0
17084,0
17085,0
17086,0
17087,0
17088,2
17089,2
17090,0
17091,0
17092,2
17093,0
17094,0
17095,0
17096,0
17097,0
17098,2
17099,2
17100,0
17101,0
17102,0
17103,0
17104,2
17105,0
17106,0
17107,0
17108,0
17109,0
17110,0
17111,0
17112,0
17113,2
17114,0
17115,0
17116,1
17117,1
17118,1
17119,2
17120,0
17121,0
17122,0
17123,0
17124,0
17125,0
17126,1
17127,0
17128,0
17129,1
17130,2
17131,0
17132,0
17133,2
17134,0
17135,0
17136,0
17137,2
17138,0
17139,0
17140,2
17141,2
17142,0
17143,2
17144,0
17145,0
17146,0
17147,1
17148,0
17149,2
17150,2
17151,0
17152,2
17153,0
17154,0
17155,0
17156,0
17157,0
17158,0
17159,1
17160,0
17161,2
17162,2
17163,1
17164,0
17165,2
17166,0
17167,0
17168,2
17169,0
17170,2
17171,2
17172,2
17173,2
17174,1
17175,1
17176,2
17177,0
17178,2
17179,0
17180,0
17181,2
17182,1
17183,0
17184,1
17185,2
17186,1
17187,0
17188,0
17189,0
17190,1
17191,0
17192,0
17193,0
17194,0
17195,0
17196,1
17197,0
17198,0
17199,0
17200,0
17201,0
17202,2
17203,0
17204,0
17205,0
17206,0
17207,2
17208,0
17209,0
17210,0
17211,1
17212,2
17213,0
17214,2
17215,0
17216,0
17217,0
17218,0
17219,0
17220,0
17221,0
17222,1
17223,0
17224,2
17225,2
17226,1
17227,0
17228,0
17229,2
17230,1
17231,0
17232,0
17233,0
17234,0
17235,0
17236,0
17237,1
17238,0
17239,0
17240,0
17241,0
17242,2
17243,0
17244,1
17245,1
17246,0
17247,0
17248,0
17249,1
17250,0
17251,2
17252,1
17253,0
17254,0
17255,0
17256,1
17257,0
17258,0
17259,0
17260,0
17261,0
17262,0
17263,2
17264,0
17265,0
17266,2
17267,2
17268,0
17269,0
17270,2
17271,0
17272,0
17273,1
17274,0
17275,0
17276,0
17277,0
17278,0
17279,2
17280,0
17281,0
17282,0
17283,0
17284,0
17285,0
17286,0
17287,1
17288,0
17289,0
17290,0
17291,1
17292,0
17293,0
17294,0
17295,0
17296,0
17297,2
17298,2
17299,0
17300,2
17301,0
17302,0
17303,0
17304,0
17305,2
17306,0
17307,2
17308,2
17309,0
17310,2
17311,1
17312,0
17313,0
17314,0
17315,1
17316,0
17317,0
17318,0
17319,2
17320,2
17321,2
17322,0
17323,1
17324,0
17325,2
17326,1
17327,2
17328,0
17329,0
17330,1
17331,0
17332,0
17333,0
17334,0
17335,2
17336,0
17337,0
17338,0
17339,0
17340,2
17341,1
17342,1
17343,2
17344,2
17345,2
17346,2
17347,1
17348,1
17349,0
17350,0
17351,2
17352,2
17353,2
17354,0
17355,0
17356,0
17357,0
17358,0
17359,2
17360,0
17361,0
17362,0
17363,0
17364,2
17365,0
17366,2
17367,0
17368,1
17369,0
17370,1
17371,0
17372,0
17373,0
17374,0
17375,1
17376,0
17377,0
17378,1
17379,0
17380,2
17381,0
17382,0
17383,0
17384,2
17385,0
17386,0
17387,0
17388,0
17389,2
17390,0
17391,1
17392,0
17393,0
17394,0
17395,0
17396,2
17397,0
17398,0
17399,0
17400,0
17401,2
17402,1
17403,0
17404,0
17405,0
17406,0
17407,0
17408,0
17409,0
17410,0
17411,2
17412,2
17413,0
17414,0
17415,0
17416,0
17417,0
17418,0
17419,0
17420,1
17421,0
17422,2
17423,2
17424,2
17425,2
17426,0
17427,0
17428,0
17429,0
17430,2
17431,2
17432,0
17433,0
17434,0
17435,0
17436,0
17437,2
17438,0
17439,0
17440,1
17441,0
17442,0
17443,0
17444,2
17445,1
17446,2
17447,2
17448,2
17449,2
17450,0
17451,0
17452,0
17453,0
17454,0
17455,0
17456,1
17457,1
17458,2
17459,0
17460,2
17461,0
17462,0
17463,1
17464,0
17465,1
17466,1
17467,0
17468,2
17469,0
17470,1
17471,2
17472,2
17473,0
17474,0
17475,2
17476,1
17477,0
17478,0
17479,0
17480,2
17481,0
17482,1
17483,2
17484,0
17485,0
17486,0
17487,2
17488,0
17489,0
17490,0
17491,0
17492,0
17493,0
17494,2
17495,2
17496,0
17497,2
17498,2
17499,1
17500,1
17501,2
17502,0
17503,0
17504,2
17505,0
17506,2
17507,1
17508,0
17509,1
17510,2
17511,0
17512,1
17513,2
17514,0
17515,1
17516,0
17517,0
17518,0
17519,1
17520,0
17521,2
17522,0
17523,0
17524,2
17525,0
17526,2
17527,0
17528,0
17529,2
17530,0
17531,0
17532,0
17533,0
17534,1
17535,0
17536,0
17537,1
17538,0
17539,1
17540,0
17541,0
17542,0
17543,0
17544,2
17545,0
17546,0
17547,0
17548,1
17549,2
17550,0
17551,0
17552,0
17553,2
17554,0
17555,0
17556,0
17557,2
17558,1
17559,1
17560,0
17561,1
17562,1
17563,1
17564,2
17565,2
17566,2
17567,2
17568,2
17569,0
17570,2
17571,0
17572,2
17573,0
17574,2
17575,1
17576,0
17577,1
17578,2
17579,0
17580,0
17581,0
17582,1
17583,0
17584,0
17585,1
17586,2
17587,0
17588,0
17589,0
17590,0
17591,2
17592,0
17593,0
17594,0
17595,0
17596,2
17597,1
17598,1
17599,2
17600,0
17601,2
17602,0
17603,0
17604,0
17605,2
17606,0
17607,1
17608,0
17609,2
17610,2
17611,0
17612,2
17613,0
17614,0
17615,2
17616,0
17617,0
17618,0
17619,1
17620,2
17621,0
17622,0
17623,1
17624,2
17625,0
17626,0
17627,0
17628,1
17629,2
17630,0
17631,2
17632,2
17633,2
17634,2
17635,0
17636,1
17637,2
17638,0
17639,0
17640,0
17641,0
17642,2
17643,2
17644,2
17645,0
17646,0
17647,2
17648,0
17649,2
17650,2
17651,0
17652,2
17653,1
17654,2
17655,2
17656,2
17657,1
17658,0
17659,2
17660,0
17661,2
17662,0
17663,0
17664,0
17665,0
17666,0
17667,0
17668,0
17669,0
17670,0
17671,2
17672,2
17673,0
17674,1
17675,0
17676,2
17677,0
17678,0
17679,0
17680,0
17681,1
17682,0
17683,2
17684,0
17685,0
17686,0
17687,0
17688,1
17689,2
17690,0
17691,0
17692,0
17693,0
17694,0
17695,0
17696,0
17697,0
17698,1
17699,1
17700,0
17701,0
17702,2
17703,2
17704,2
17705,0
17706,2
17707,2
17708,0
17709,2
17710,1
17711,0
17712,0
17713,0
17714,0
17715,2
17716,0
17717,1
17718,0
17719,0
17720,0
17721,0
17722,0
17723,0
17724,0
17725,0
17726,1
17727,2
17728,0
17729,0
17730,1
17731,0
17732,2
17733,2
17734,0
17735,2
17736,1
17737,0
17738,0
17739,0
17740,0
17741,2
17742,0
17743,0
17744,0
17745,0
17746,2
17747,0
17748,2
17749,2
17750,2
17751,0
17752,1
17753,2
17754,0
17755,2
17756,0
17757,0
17758,1
17759,0
17760,2
17761,2
17762,0
17763,2
17764,2
17765,0
17766,2
17767,0
17768,2
17769,0
17770,0
17771,0
17772,2
17773,0
17774,0
17775,2
17776,0
17777,1
17778,2
17779,0
17780,1
17781,1
17782,0
17783,0
17784,0
17785,2
17786,0
17787,0
17788,0
17789,2
17790,1
17791,0
17792,2
17793,0
17794,0
17795,1
17796,0
17797,1
17798,2
17799,1
17800,2
17801,0
17802,0
17803,1
17804,2
17805,1
17806,0
17807,0
17808,0
17809,0
17810,1
17811,0
17812,2
17813,2
17814,0
17815,0
17816,1
17817,0
17818,2
17819,0
17820,0
17821,2
17822,0
17823,2
17824,0
17825,0
17826,2
17827,2
17828,0
17829,0
17830,0
17831,0
17832,2
17833,1
17834,1
17835,0
17836,0
17837,0
17838,1
17839,1
17840,2
17841,0
17842,2
17843,0
17844,0
17845,2
17846,0
17847,1
17848,1
17849,2
17850,0
17851,0
17852,1
17853,1
17854,2
17855,0
17856,0
17857,1
17858,0
17859,0
17860,0
17861,0
17862,0
17863,0
17864,0
17865,0
17866,0
17867,0
17868,0
17869,2
17870,0
17871,0
17872,0
17873,2
17874,1
17875,1
17876,0
17877,2
17878,2
17879,0
17880,2
17881,0
17882,0
17883,0
17884,2
17885,0
17886,2
17887,0
17888,1
17889,1
17890,0
17891,2
17892,1
17893,0
17894,0
17895,0
17896,0
17897,1
17898,0
17899,2
17900,1
17901,1
17902,0
17903,1
17904,1
17905,0
17906,0
17907,0
17908,0
17909,0
17910,2
17911,0
17912,0
17913,2
17914,0
17915,0
17916,0
17917,1
17918,0
17919,0
17920,2
17921,0
17922,0
17923,0
17924,0
17925,0
17926,0
17927,0
17928,1
17929,0
17930,2
17931,1
17932,1
17933,0
17934,0
17935,1
17936,1
17937,0
17938,0
17939,0
17940,1
17941,0
17942,0
17943,0
17944,1
17945,2
17946,2
17947,0
17948,2
17949,1
17950,2
17951,0
17952,0
17953,0
17954,1
17955,0
17956,1
17957,2
17958,0
17959,2
17960,2
17961,0
17962,0
17963,2
17964,0
17965,0
17966,0
17967,2
17968,2
17969,2
17970,0
17971,0
17972,0
17973,0
17974,0
17975,2
17976,1
17977,0
17978,0
17979,2
17980,2
17981,0
17982,0
17983,0
17984,0
17985,0
17986,0
17987,0
17988,0
17989,1
17990,2
17991,2
17992,0
17993,0
17994,2
17995,2
17996,0
17997,2
17998,1
17999,0
18000,1
18001,0
18002,0
18003,1
18004,0
18005,0
18006,2
18007,2
18008,0
18009,0
18010,0
18011,2
18012,0
18013,2
18014,0
18015,0
18016,2
18017,2
18018,1
18019,0
18020,0
18021,0
18022,0
18023,0
18024,2
18025,0
18026,0
18027,2
18028,2
18029,0
18030,2
18031,1
18032,2
18033,0
18034,0
18035,1
18036,0
18037,0
18038,0
18039,0
18040,0
18041,0
18042,0
18043,1
18044,1
18045,2
18046,0
18047,0
18048,0
18049,1
18050,2
18051,0
18052,2
18053,2
18054,2
18055,0
18056,2
18057,0
18058,2
18059,0
18060,1
18061,0
18062,0
18063,2
18064,0
18065,2
18066,2
18067,0
18068,2
18069,0
18070,1
18071,0
18072,2
18073,2
18074,0
18075,2
18076,1
18077,0
18078,0
18079,2
18080,0
18081,1
18082,2
18083,0
18084,0
18085,2
18086,0
18087,0
18088,1
18089,0
18090,2
18091,0
18092,2
18093,0
18094,2
18095,0
18096,2
18097,2
18098,0
18099,0
18100,0
18101,0
18102,0
18103,0
18104,0
18105,0
18106,0
18107,0
18108,0
18109,2
18110,0
18111,1
18112,2
18113,0
18114,1
18115,2
18116,2
18117,2
18118,1
18119,0
18120,0
18121,0
18122,0
18123,2
18124,1
18125,2
18126,1
18127,0
18128,0
18129,2
18130,0
18131,0
18132,2
18133,0
18134,0
18135,0
18136,0
18137,0
18138,0
18139,0
18140,2
18141,1
18142,2
18143,2
18144,0
18145,2
18146,2
18147,0
18148,2
18149,2
18150,2
18151,2
18152,2
18153,1
18154,2
18155,0
18156,2
18157,0
18158,0
18159,2
18160,0
18161,0
18162,0
18163,0
18164,2
18165,1
18166,1
18167,2
18168,2
18169,1
18170,0
18171,2
18172,2
18173,0
18174,0
18175,0
18176,0
18177,0
18178,0
18179,1
18180,1
18181,0
18182,2
18183,0
18184,2
18185,0
18186,0
18187,0
18188,0
18189,0
18190,0
18191,1
18192,0
18193,0
18194,2
18195,2
18196,2
18197,1
18198,0
18199,0
18200,2
18201,2
18202,0
18203,2
18204,2
18205,2
18206,2
18207,0
18208,0
18209,2
18210,2
18211,2
18212,0
18213,2
18214,2
18215,1
18216,0
18217,0
18218,0
18219,1
18220,2
18221,0
18222,0
18223,2
18224,2
18225,2
18226,2
18227,0
18228,2
18229,0
18230,0
18231,0
18232,1
18233,0
18234,0
18235,2
18236,0
18237,0
18238,1
18239,0
18240,2
18241,0
18242,0
18243,1
18244,0
18245,0
18246,0
18247,2
18248,2
18249,0
18250,0
18251,0
18252,2
18253,0
18254,2
18255,0
18256,1
18257,0
18258,2
18259,0
18260,1
18261,0
18262,0
18263,0
18264,2
18265,0
18266,0
18267,0
18268,0
18269,2
18270,0
18271,2
18272,0
18273,0
18274,2
18275,2
18276,0
18277,0
18278,2
18279,2
18280,0
18281,0
18282,0
18283,0
18284,0
18285,1
18286,2
18287,0
18288,2
18289,0
18290,2
18291,0
18292,2
18293,1
18294,0
18295,0
18296,0
18297,0
18298,0
18299,1
18300,1
18301,0
18302,2
18303,1
18304,0
18305,0
18306,1
18307,2
18308,0
18309,0
18310,0
18311,0
18312,2
18313,0
18314,2
18315,2
18316,2
18317,0
18318,2
18319,0
18320,0
18321,1
18322,2
18323,2
18324,1
18325,1
18326,2
18327,0
18328,0
18329,0
18330,2
18331,1
18332,0
18333,0
18334,1
18335,2
18336,0
18337,1
18338,0
18339,0
18340,0
18341,2
18342,1
18343,0
18344,0
18345,2
18346,1
18347,0
18348,2
18349,0
18350,2
18351,2
18352,0
18353,1
18354,0
18355,1
18356,1
18357,2
18358,2
18359,2
18360,0
18361,0
18362,2
18363,0
18364,0
18365,0
18366,1
18367,0
18368,0
18369,1
18370,0
18371,0
18372,0
18373,0
18374,0
18375,0
18376,0
18377,0
18378,0
18379,1
18380,2
18381,2
18382,0
18383,2
18384,2
18385,2
18386,0
18387,2
18388,0
18389,0
18390,0
18391,2
18392,2
18393,1
18394,1
18395,0
18396,1
18397,1
18398,2
18399,2
18400,2
18401,1
18402,0
18403,2
18404,0
18405,0
18406,0
18407,0
18408,2
18409,0
18410,0
18411,0
18412,1
18413,0
18414,0
18415,0
18416,0
18417,0
18418,0
18419,2
18420,1
18421,2
18422,0
18423,0
18424,0
18425,2
18426,0
18427,0
18428,0
18429,0
18430,0
18431,2
18432,0
18433,2
18434,1
18435,2
18436,2
18437,0
18438,1
18439,1
18440,0
18441,0
18442,0
18443,1
18444,1
18445,2
18446,1
18447,0
18448,2
18449,2
18450,2
18451,1
18452,0
18453,0
18454,2
18455,0
18456,0
18457,0
18458,2
18459,2
18460,1
18461,0
18462,0
18463,2
18464,0
18465,1
18466,2
18467,1
18468,0
18469,0
18470,2
18471,0
18472,1
18473,2
18474,0
18475,2
18476,1
18477,0
18478,1
18479,2
18480,0
18481,0
18482,0
18483,2
18484,2
18485,0
18486,0
18487,0
18488,0
18489,0
18490,1
18491,1
18492,1
18493,1
18494,1
18495,1
18496,2
18497,2
18498,0
18499,0
18500,0
18501,1
18502,0
18503,2
18504,2
18505,2
18506,1
18507,0
18508,2
18509,0
18510,2
18511,0
18512,2
18513,1
18514,2
18515,0
18516,1
18517,1
18518,0
18519,0
18520,0
18521,1
18522,2
18523,0
18524,2
18525,0
18526,0
18527,2
18528,0
18529,1
18530,1
18531,2
18532,0
18533,2
18534,0
18535,0
18536,2
18537,0
18538,1
18539,0
18540,2
18541,1
18542,2
18543,0
18544,2
18545,0
18546,0
18547,0
18548,0
18549,2
18550,2
18551,0
18552,1
18553,0
18554,0
18555,0
18556,0
18557,0
18558,2
18559,0
18560,0
18561,2
18562,0
18563,0
18564,2
18565,0
18566,0
18567,0
18568,2
18569,2
18570,2
18571,0
18572,0
18573,1
18574,0
18575,2
18576,1
18577,1
18578,0
18579,0
18580,2
18581,2
18582,0
18583,0
18584,2
18585,2
18586,2
18587,0
18588,0
18589,0
18590,2
18591,0
18592,2
18593,2
18594,0
18595,2
18596,0
18597,2
18598,0
18599,2
18600,2
18601,1
18602,2
18603,0
18604,0
18605,0
18606,2
18607,1
18608,0
18609,2
18610,2
18611,0
18612,0
18613,1
18614,2
18615,2
18616,2
18617,0
18618,2
18619,1
18620,0
18621,1
18622,0
18623,0
18624,1
18625,2
18626,2
18627,2
18628,2
18629,0
18630,0
18631,2
18632,2
18633,0
18634,1
18635,0
18636,0
18637,0
18638,1
18639,2
18640,1
18641,0
18642,2
18643,1
18644,0
18645,2
18646,2
18647,0
18648,0
18649,2
18650,1
18651,0
18652,2
18653,2
18654,0
18655,0
18656,0
18657,2
18658,1
18659,0
18660,0
18661,2
18662,2
18663,2
18664,2
18665,1
18666,0
18667,0
18668,0
18669,0
18670,2
18671,0
18672,0
18673,0
18674,0
18675,1
18676,0
18677,1
18678,2
18679,0
18680,1
18681,0
18682,0
18683,2
18684,0
18685,2
18686,0
18687,1
18688,0
18689,0
18690,2
18691,1
18692,0
18693,2
18694,2
18695,2
18696,0
18697,1
18698,2
18699,2
18700,2
18701,0
18702,0
18703,1
18704,1
18705,1
18706,0
18707,0
18708,0
18709,0
18710,2
18711,1
18712,2
18713,2
18714,2
18715,0
18716,1
18717,2
18718,0
18719,0
18720,2
18721,1
18722,2
18723,0
18724,1
18725,2
18726,2
18727,1
18728,0
18729,0
18730,0
18731,0
18732,2
18733,0
18734,0
18735,0
18736,2
18737,2
18738,0
18739,2
18740,2
18741,0
18742,1
18743,2
18744,0
18745,2
18746,2
18747,1
18748,1
18749,2
18750,1
18751,0
18752,0
18753,1
18754,1
18755,0
18756,0
18757,2
18758,0
18759,2
18760,2
18761,2
18762,2
18763,2
18764,2
18765,0
18766,0
18767,2
18768,1
18769,0
18770,2
18771,2
18772,0
18773,2
18774,0
18775,0
18776,2
18777,2
18778,2
18779,1
18780,0
18781,0
18782,0
18783,1
18784,2
18785,0
18786,0
18787,0
18788,1
18789,0
18790,2
18791,2
18792,1
18793,0
18794,0
18795,0
18796,0
18797,0
18798,1
18799,2
18800,2
18801,0
18802,2
18803,1
18804,2
18805,2
18806,2
18807,2
18808,0
18809,1
18810,0
18811,2
18812,0
18813,2
18814,2
18815,0
18816,2
18817,0
18818,0
18819,2
18820,0
18821,2
18822,0
18823,0
18824,1
18825,1
18826,2
18827,1
18828,0
18829,2
18830,2
18831,2
18832,0
18833,1
18834,1
18835,0
18836,1
18837,0
18838,2
18839,0
18840,0
18841,0
18842,0
18843,0
18844,2
18845,1
18846,0
18847,2
18848,0
18849,0
18850,0
18851,1
18852,0
18853,2
18854,0
18855,0
18856,0
18857,0
18858,2
18859,0
18860,0
18861,2
18862,0
18863,0
18864,0
18865,0
18866,2
18867,1
18868,0
18869,0
18870,0
18871,1
18872,0
18873,2
18874,1
18875,2
18876,2
18877,0
18878,2
18879,0
18880,2
18881,0
18882,2
18883,1
18884,2
18885,1
18886,1
18887,2
18888,2
18889,0
18890,0
18891,2
18892,2
18893,0
18894,0
18895,0
18896,0
18897,2
18898,2
18899,0
18900,0
18901,0
18902,2
18903,2
18904,0
18905,1
18906,0
18907,2
18908,1
18909,2
18910,0
18911,0
18912,0
18913,0
18914,2
18915,0
18916,0
18917,2
18918,0
18919,2
18920,0
18921,2
18922,2
18923,1
18924,0
18925,0
18926,1
18927,1
18928,0
18929,2
18930,2
18931,0
18932,2
18933,0
18934,2
18935,1
18936,0
18937,0
18938,0
18939,2
18940,0
18941,2
18942,0
18943,0
18944,0
18945,1
18946,1
18947,1
18948,0
18949,2
18950,1
18951,0
18952,0
18953,2
18954,2
18955,0
18956,0
18957,0
18958,0
18959,2
18960,2
18961,0
18962,0
18963,2
18964,1
18965,2
18966,0
18967,0
18968,2
18969,2
18970,2
18971,0
18972,0
18973,1
18974,2
18975,2
18976,2
18977,0
18978,0
18979,2
18980,2
18981,0
18982,0
18983,1
18984,0
18985,2
18986,1
18987,1
18988,2
18989,0
18990,2
18991,0
18992,0
18993,0
18994,0
18995,1
18996,2
18997,1
18998,2
18999,0
19000,0
19001,2
19002,0
19003,2
19004,2
19005,2
19006,0
19007,1
19008,1
19009,1
19010,0
19011,0
19012,0
19013,0
19014,2
19015,0
19016,2
19017,2
19018,1
19019,2
19020,1
19021,1
19022,2
19023,0
19024,2
19025,0
19026,0
19027,0
19028,2
19029,2
19030,0
19031,0
19032,0
19033,0
19034,0
19035,1
19036,0
19037,1
19038,2
19039,0
19040,2
19041,1
19042,0
19043,2
19044,2
19045,2
19046,2
19047,2
19048,1
19049,2
19050,1
19051,0
19052,0
19053,2
19054,2
19055,0
19056,0
19057,2
19058,0
19059,0
19060,0
19061,2
19062,2
19063,0
19064,1
19065,1
19066,0
19067,0
19068,0
19069,2
19070,0
19071,2
19072,2
19073,0
19074,2
19075,2
19076,2
19077,2
19078,2
19079,1
19080,0
19081,0
19082,0
19083,0
19084,0
19085,0
19086,2
19087,2
19088,2
19089,1
19090,2
19091,2
19092,0
19093,0
19094,0
19095,0
19096,2
19097,2
19098,0
19099,0
19100,0
19101,0
19102,0
19103,0
19104,0
19105,1
19106,2
19107,2
19108,0
19109,0
19110,1
19111,2
19112,2
19113,0
19114,2
19115,0
19116,0
19117,1
19118,0
19119,0
19120,0
19121,0
19122,2
19123,2
19124,1
19125,0
19126,0
19127,2
19128,2
19129,1
19130,2
19131,2
19132,0
19133,2
19134,2
19135,0
19136,2
19137,1
19138,2
19139,0
19140,2
19141,1
19142,2
19143,0
19144,1
19145,0
19146,0
19147,2
19148,2
19149,0
19150,0
19151,2
19152,1
19153,0
19154,2
19155,1
19156,0
19157,1
19158,0
19159,0
19160,0
19161,1
19162,0
19163,0
19164,2
19165,1
19166,0
19167,1
19168,2
19169,2
19170,0
19171,1
19172,0
19173,0
19174,2
19175,2
19176,2
19177,2
19178,0
19179,1
19180,0
19181,0
19182,0
19183,2
19184,2
19185,2
19186,2
19187,0
19188,2
19189,0
19190,2
19191,2
19192,1
19193,2
19194,1
19195,0
19196,1
19197,1
19198,2
19199,0
19200,0
19201,0
19202,2
19203,2
19204,1
19205,2
19206,0
19207,2
19208,2
19209,2
19210,1
19211,0
19212,2
19213,2
19214,1
19215,2
19216,2
19217,2
19218,0
19219,2
19220,0
19221,2
19222,2
19223,2
19224,1
19225,0
19226,0
19227,0
19228,2
19229,2
19230,1
19231,2
19232,2
19233,1
19234,1
19235,1
19236,2
19237,0
19238,2
19239,0
19240,0
19241,0
19242,2
19243,2
19244,0
19245,0
19246,0
19247,0
19248,2
19249,2
19250,1
19251,0
19252,0
19253,2
19254,0
19255,0
19256,0
19257,0
19258,2
19259,0
19260,2
19261,1
19262,0
19263,1
19264,0
19265,0
19266,2
19267,0
19268,2
19269,0
19270,0
19271,2
19272,0
19273,1
19274,1
19275,0
19276,2
19277,0
19278,0
19279,0
19280,0
19281,2
19282,2
19283,2
19284,2
19285,0
19286,2
19287,0
19288,2
19289,1
19290,0
19291,0
19292,1
19293,0
19294,2
19295,0
19296,2
19297,2
19298,2
19299,0
19300,2
19301,2
19302,0
19303,2
19304,0
19305,1
19306,0
19307,0
19308,0
19309,0
19310,0
19311,0
19312,2
19313,2
19314,1
19315,0
19316,2
19317,2
19318,2
19319,2
19320,0
19321,2
19322,0
19323,2
19324,0
19325,0
19326,0
19327,2
19328,0
19329,2
19330,1
19331,2
19332,2
19333,0
19334,2
19335,2
19336,2
19337,0
19338,2
19339,2
19340,2
19341,2
19342,0
19343,2
19344,2
19345,1
19346,1
19347,2
19348,0
19349,2
19350,0
19351,1
19352,0
19353,2
19354,0
19355,2
19356,0
19357,2
19358,2
19359,2
19360,0
19361,0
19362,2
19363,0
19364,2
19365,1
19366,2
19367,0
19368,1
19369,0
19370,0
19371,0
19372,0
19373,1
19374,1
19375,2
19376,2
19377,0
19378,0
19379,0
19380,1
19381,0
19382,0
19383,2
19384,0
19385,1
19386,0
19387,2
19388,2
19389,2
19390,2
19391,2
19392,1
19393,2
19394,2
19395,2
19396,1
19397,2
19398,0
19399,1
19400,0
19401,1
19402,1
19403,2
19404,2
19405,0
19406,0
19407,1
19408,0
19409,0
19410,0
19411,1
19412,1
19413,0
19414,0
19415,2
19416,1
19417,0
19418,1
19419,2
19420,2
19421,2
19422,2
19423,2
19424,0
19425,2
19426,1
19427,1
19428,0
19429,0
19430,0
19431,1
19432,2
19433,0
19434,2
19435,0
19436,0
19437,0
19438,2
19439,0
19440,2
19441,0
19442,2
19443,0
19444,0
19445,2
19446,2
19447,1
19448,2
19449,0
19450,0
19451,2
19452,2
19453,2
19454,2
19455,2
19456,1
19457,2
19458,2
19459,0
19460,2
19461,2
19462,2
19463,2
19464,0
19465,0
19466,0
19467,2
19468,2
19469,2
19470,2
19471,1
19472,0
19473,0
19474,2
19475,0
19476,0
19477,0
19478,2
19479,2
19480,2
19481,2
19482,0
19483,2
19484,2
19485,0
19486,2
19487,0
19488,0
19489,2
19490,2
19491,0
19492,2
19493,1
19494,2
19495,0
19496,2
19497,2
19498,0
19499,2
19500,0
19501,0
19502,2
19503,1
19504,0
19505,0
19506,0
19507,2
19508,2
19509,1
19510,2
19511,0
19512,0
19513,0
19514,1
19515,0
19516,0
19517,2
19518,0
19519,2
19520,2
19521,2
19522,2
19523,0
19524,0
19525,2
19526,2
19527,2
19528,2
19529,1
19530,2
19531,1
19532,2
19533,0
19534,2
19535,2
19536,2
19537,2
19538,2
19539,0
19540,2
19541,0
19542,2
19543,2
19544,2
19545,1
19546,0
19547,2
19548,2
19549,0
19550,2
19551,1
19552,0
19553,0
19554,0
19555,2
19556,2
19557,2
19558,0
19559,1
19560,0
19561,1
19562,2
19563,1
19564,0
19565,0
19566,2
19567,0
19568,2
19569,2
19570,1
19571,2
19572,0
19573,0
19574,0
19575,2
19576,0
19577,0
19578,0
19579,2
19580,2
19581,2
19582,2
19583,2
19584,0
19585,0
19586,0
19587,0
19588,2
19589,2
19590,1
19591,1
19592,0
19593,2
19594,2
19595,1
19596,0
19597,2
19598,1
19599,2
19600,2
19601,0
19602,2
19603,0
19604,2
19605,2
19606,0
19607,1
19608,0
19609,2
19610,0
19611,1
19612,2
19613,0
19614,0
19615,1
19616,2
19617,2
19618,0
19619,0
19620,2
19621,0
19622,2
19623,0
19624,1
19625,0
19626,2
19627,2
19628,1
19629,2
19630,2
19631,1
19632,2
19633,2
19634,0
19635,0
19636,0
19637,0
19638,2
19639,1
19640,0
19641,2
19642,2
19643,2
19644,1
19645,2
19646,0
19647,0
19648,2
19649,2
19650,0
19651,2
19652,0
19653,0
19654,2
19655,0
19656,0
19657,1
19658,2
19659,2
19660,1
19661,1
19662,1
19663,2
19664,0
19665,2
19666,2
19667,2
19668,2
19669,2
19670,1
19671,2
19672,2
19673,2
19674,2
19675,0
19676,0
19677,2
19678,2
19679,1
19680,1
19681,2
19682,0
19683,2
19684,2
19685,0
19686,0
19687,2
19688,2
19689,2
19690,1
19691,1
19692,2
19693,2
19694,1
19695,0
19696,1
19697,2
19698,0
19699,2
19700,2
19701,0
19702,2
19703,2
19704,1
19705,0
19706,2
19707,0
19708,0
19709,2
19710,2
19711,2
19712,2
19713,1
19714,2
19715,0
19716,1
19717,1
19718,0
19719,2
19720,0
19721,2
19722,1
19723,2
19724,1
19725,2
19726,1
19727,2
19728,2
19729,2
19730,2
19731,1
19732,0
19733,2
19734,0
19735,1
19736,2
19737,2
19738,0
19739,2
19740,2
19741,2
19742,2
19743,0
19744,2
19745,2
19746,1
19747,0
19748,2
19749,1
19750,2
19751,2
19752,2
19753,2
19754,0
19755,2
19756,1
19757,2
19758,2
19759,0
19760,2
19761,2
19762,2
19763,2
19764,2
19765,2
19766,0
19767,0
19768,2
19769,1
19770,0
19771,0
19772,2
19773,2
19774,2
19775,1
19776,2
19777,0
19778,1
19779,2
19780,2
19781,2
19782,1
19783,0
19784,2
19785,2
19786,2
19787,2
19788,1
19789,1
19790,2
19791,2
19792,1
19793,0
19794,0
19795,1
19796,2
19797,2
19798,2
19799,0
19800,2
19801,2
19802,0
19803,2
19804,0
19805,2
19806,0
19807,2
19808,1
19809,0
19810,2
19811,1
19812,1
19813,2
19814,2
19815,2
19816,2
19817,1
19818,0
19819,2
19820,2
19821,2
19822,1
19823,0
19824,2
19825,2
19826,2
19827,2
19828,0
19829,1
19830,1
19831,1
19832,2
19833,2
19834,0
19835,0
19836,2
19837,2
19838,2
19839,1
19840,1
19841,2
19842,2
19843,2
19844,2
19845,2
19846,2
19847,2
19848,2
19849,0
19850,0
19851,0
19852,2
19853,1
19854,2
19855,2
19856,2
19857,0
19858,2
19859,0
19860,2
19861,0
19862,2
19863,2
19864,2
19865,2
19866,1
19867,2
19868,2
19869,2
19870,1
19871,2
19872,2
19873,1
19874,1
19875,2
19876,2
19877,0
19878,2
19879,2
19880,1
19881,2
19882,0
19883,2
19884,2
19885,1
19886,1
19887,2
19888,2
19889,2
19890,2
19891,0
19892,2
19893,2
19894,0
19895,2
19896,2
19897,2
19898,1
19899,0
19900,2
19901,2
19902,2
19903,2
19904,2
19905,2
19906,2
19907,2
19908,2
19909,2
19910,2
19911,0
19912,2
19913,2
19914,2
19915,2
19916,2
19917,2
19918,2
19919,1
19920,2
19921,2
19922,2
19923,0
19924,1
19925,1
19926,2
19927,1
19928,2
19929,2
19930,2
19931,2
19932,2
19933,2
19934,2
19935,2
19936,1
19937,2
19938,2
19939,2
19940,0
19941,0
19942,2
19943,2
19944,1
19945,1
19946,2
19947,2
19948,2
19949,1
19950,0
19951,2
19952,2
19953,2
19954,2
19955,2
19956,2
19957,0
19958,2
19959,2
19960,2
19961,1
19962,2
19963,2
19964,2
19965,2
19966,0
19967,2
19968,0
19969,2
19970,2
19971,1
19972,2
19973,0
19974,2
19975,2
19976,2
19977,0
19978,2
19979,2
19980,2
19981,2
19982,2
19983,2
19984,2
19985,0
19986,2
19987,2
19988,1
19989,2
19990,2
19991,2
19992,2
19993,2
19994,2
19995,2
19996,1
19997,2
19998,2
19999,1
