split,variant,n_bins,degree,alpha,trend_weight,front_weight,macro_f1,per_class_f1,counts
small_prefix,raw,4,0,0.5,0.0,1.0,0.7739507962692933,"{'0': 0.8149273893954745, '1': 0.9211009174311927, '2': 0.5858240819812126}","{'0': 3077, '1': 1749, '2': 941}"
small_prefix,quota,4,0,0.5,0.0,1.0,0.7583321605234534,"{'0': 0.7985940246045694, '1': 0.9046679815910585, '2': 0.5717344753747323}","{'0': 2845, '1': 1521, '2': 1401}"
small_prefix,raw,4,0,0.5,0.25,0.75,0.7739507962692933,"{'0': 0.8149273893954745, '1': 0.9211009174311927, '2': 0.5858240819812126}","{'0': 3077, '1': 1749, '2': 941}"
small_prefix,quota,4,0,0.5,0.25,0.75,0.7713497264348224,"{'0': 0.81195079086116, '1': 0.9046679815910585, '2': 0.5974304068522484}","{'0': 2845, '1': 1521, '2': 1401}"
small_prefix,raw,4,0,0.5,0.5,0.5,0.7739507962692933,"{'0': 0.8149273893954745, '1': 0.9211009174311927, '2': 0.5858240819812126}","{'0': 3077, '1': 1749, '2': 941}"
small_prefix,quota,4,0,0.5,0.5,0.5,0.7676816627410927,"{'0': 0.8080843585237258, '1': 0.9046679815910585, '2': 0.5902926481084939}","{'0': 2845, '1': 1521, '2': 1401}"
small_prefix,raw,4,0,0.5,0.75,0.25,0.7739507962692933,"{'0': 0.8149273893954745, '1': 0.9211009174311927, '2': 0.5858240819812126}","{'0': 3077, '1': 1749, '2': 941}"
small_prefix,quota,4,0,0.5,0.75,0.25,0.7673265728333485,"{'0': 0.8077328646748682, '1': 0.9046679815910585, '2': 0.5895788722341185}","{'0': 2845, '1': 1521, '2': 1401}"
small_prefix,raw,4,0,0.5,1.0,0.0,0.7739507962692933,"{'0': 0.8149273893954745, '1': 0.9211009174311927, '2': 0.5858240819812126}","{'0': 3077, '1': 1749, '2': 941}"
small_prefix,quota,4,0,0.5,1.0,0.0,0.7673265728333485,"{'0': 0.8077328646748682, '1': 0.9046679815910585, '2': 0.5895788722341185}","{'0': 2845, '1': 1521, '2': 1401}"
small_prefix,raw,4,0,3.0,0.0,1.0,0.7739507962692933,"{'0': 0.8149273893954745, '1': 0.9211009174311927, '2': 0.5858240819812126}","{'0': 3077, '1': 1749, '2': 941}"
small_prefix,quota,4,0,3.0,0.0,1.0,0.7627104040326717,"{'0': 0.8031634446397188, '1': 0.9046679815910585, '2': 0.5802997858672377}","{'0': 2845, '1': 1521, '2': 1401}"
small_prefix,raw,4,0,3.0,0.25,0.75,0.7739507962692933,"{'0': 0.8149273893954745, '1': 0.9211009174311927, '2': 0.5858240819812126}","{'0': 3077, '1': 1749, '2': 941}"
small_prefix,quota,4,0,3.0,0.25,0.75,0.7657890485860851,"{'0': 0.8059753954305799, '1': 0.9046679815910585, '2': 0.5867237687366167}","{'0': 2845, '1': 1521, '2': 1401}"
small_prefix,raw,4,0,3.0,0.5,0.5,0.7739507962692933,"{'0': 0.8149273893954745, '1': 0.9211009174311927, '2': 0.5858240819812126}","{'0': 3077, '1': 1749, '2': 941}"
small_prefix,quota,4,0,3.0,0.5,0.5,0.7650788687705964,"{'0': 0.8052724077328647, '1': 0.9046679815910585, '2': 0.5852962169878658}","{'0': 2845, '1': 1521, '2': 1401}"
small_prefix,raw,4,0,3.0,0.75,0.25,0.7739507962692933,"{'0': 0.8149273893954745, '1': 0.9211009174311927, '2': 0.5858240819812126}","{'0': 3077, '1': 1749, '2': 941}"
small_prefix,quota,4,0,3.0,0.75,0.25,0.7650788687705964,"{'0': 0.8052724077328647, '1': 0.9046679815910585, '2': 0.5852962169878658}","{'0': 2845, '1': 1521, '2': 1401}"
small_prefix,raw,4,0,3.0,1.0,0.0,0.7739507962692933,"{'0': 0.8149273893954745, '1': 0.9211009174311927, '2': 0.5858240819812126}","{'0': 3077, '1': 1749, '2': 941}"
small_prefix,quota,4,0,3.0,1.0,0.0,0.7668543183093183,"{'0': 0.8070298769771529, '1': 0.9046679815910585, '2': 0.588865096359743}","{'0': 2845, '1': 1521, '2': 1401}"
small_prefix,raw,4,0,15.0,0.0,1.0,0.7739507962692933,"{'0': 0.8149273893954745, '1': 0.9211009174311927, '2': 0.5858240819812126}","{'0': 3077, '1': 1749, '2': 941}"
small_prefix,quota,4,0,15.0,0.0,1.0,0.7620002242171829,"{'0': 0.8024604569420035, '1': 0.9046679815910585, '2': 0.5788722341184868}","{'0': 2845, '1': 1521, '2': 1401}"
small_prefix,raw,4,0,15.0,0.25,0.75,0.7739507962692933,"{'0': 0.8149273893954745, '1': 0.9211009174311927, '2': 0.5858240819812126}","{'0': 3077, '1': 1749, '2': 941}"
small_prefix,quota,4,0,15.0,0.25,0.75,0.7564359503095589,"{'0': 0.7971880492091389, '1': 0.9046679815910585, '2': 0.5674518201284796}","{'0': 2845, '1': 1521, '2': 1401}"
small_prefix,raw,4,0,15.0,0.5,0.5,0.7739507962692933,"{'0': 0.8149273893954745, '1': 0.9211009174311927, '2': 0.5858240819812126}","{'0': 3077, '1': 1749, '2': 941}"
small_prefix,quota,4,0,15.0,0.5,0.5,0.7564359503095589,"{'0': 0.7971880492091389, '1': 0.9046679815910585, '2': 0.5674518201284796}","{'0': 2845, '1': 1521, '2': 1401}"
small_prefix,raw,4,0,15.0,0.75,0.25,0.7739507962692933,"{'0': 0.8149273893954745, '1': 0.9211009174311927, '2': 0.5858240819812126}","{'0': 3077, '1': 1749, '2': 941}"
small_prefix,quota,4,0,15.0,0.75,0.25,0.7564359503095589,"{'0': 0.7971880492091389, '1': 0.9046679815910585, '2': 0.5674518201284796}","{'0': 2845, '1': 1521, '2': 1401}"
small_prefix,raw,4,0,15.0,1.0,0.0,0.7739507962692933,"{'0': 0.8149273893954745, '1': 0.9211009174311927, '2': 0.5858240819812126}","{'0': 3077, '1': 1749, '2': 941}"
small_prefix,quota,4,0,15.0,1.0,0.0,0.763182658556702,"{'0': 0.803866432337434, '1': 0.9046679815910585, '2': 0.5810135617416131}","{'0': 2845, '1': 1521, '2': 1401}"
small_prefix,raw,4,1,0.5,0.0,1.0,0.7739507962692933,"{'0': 0.8149273893954745, '1': 0.9211009174311927, '2': 0.5858240819812126}","{'0': 3077, '1': 1749, '2': 941}"
small_prefix,quota,4,1,0.5,0.0,1.0,0.7583321605234534,"{'0': 0.7985940246045694, '1': 0.9046679815910585, '2': 0.5717344753747323}","{'0': 2845, '1': 1521, '2': 1401}"
small_prefix,raw,4,1,0.5,0.25,0.75,0.7787193704857928,"{'0': 0.8121337469837987, '1': 0.9180627474870545, '2': 0.6059616169865251}","{'0': 2957, '1': 1762, '2': 1048}"
small_prefix,quota,4,1,0.5,0.25,0.75,0.755525387654913,"{'0': 0.7964850615114235, '1': 0.903353057199211, '2': 0.5667380442541042}","{'0': 2845, '1': 1521, '2': 1401}"
small_prefix,raw,4,1,0.5,0.5,0.5,0.7778158236639507,"{'0': 0.810904071773637, '1': 0.9180627474870545, '2': 0.604480651731161}","{'0': 2951, '1': 1762, '2': 1054}"
small_prefix,quota,4,1,0.5,0.5,0.5,0.7614411554113945,"{'0': 0.8028119507908612, '1': 0.903353057199211, '2': 0.5781584582441114}","{'0': 2845, '1': 1521, '2': 1401}"
small_prefix,raw,4,1,0.5,0.75,0.25,0.7746590789992863,"{'0': 0.8110425240054869, '1': 0.9169960474308301, '2': 0.5959386655615416}","{'0': 2987, '1': 1768, '2': 1012}"
small_prefix,quota,4,1,0.5,0.75,0.25,0.7535647304442977,"{'0': 0.7954305799648507, '1': 0.9013806706114399, '2': 0.5638829407566024}","{'0': 2845, '1': 1521, '2': 1401}"
small_prefix,raw,4,1,0.5,1.0,0.0,0.7508521363437333,"{'0': 0.7942925089179548, '1': 0.9148226735374356, '2': 0.5434412265758092}","{'0': 3042, '1': 1778, '2': 947}"
small_prefix,quota,4,1,0.5,1.0,0.0,0.738948338541495,"{'0': 0.7873462214411248, '1': 0.8856015779092702, '2': 0.5438972162740899}","{'0': 2845, '1': 1521, '2': 1401}"
small_prefix,raw,4,1,3.0,0.0,1.0,0.7739507962692933,"{'0': 0.8149273893954745, '1': 0.9211009174311927, '2': 0.5858240819812126}","{'0': 3077, '1': 1749, '2': 941}"
small_prefix,quota,4,1,3.0,0.0,1.0,0.7627104040326717,"{'0': 0.8031634446397188, '1': 0.9046679815910585, '2': 0.5802997858672377}","{'0': 2845, '1': 1521, '2': 1401}"
small_prefix,raw,4,1,3.0,0.25,0.75,0.7787193704857928,"{'0': 0.8121337469837987, '1': 0.9180627474870545, '2': 0.6059616169865251}","{'0': 2957, '1': 1762, '2': 1048}"
small_prefix,quota,4,1,3.0,0.25,0.75,0.7556425522711988,"{'0': 0.7968365553602812, '1': 0.903353057199211, '2': 0.5667380442541042}","{'0': 2845, '1': 1521, '2': 1401}"
small_prefix,raw,4,1,3.0,0.5,0.5,0.7778158236639507,"{'0': 0.810904071773637, '1': 0.9180627474870545, '2': 0.604480651731161}","{'0': 2951, '1': 1762, '2': 1054}"
small_prefix,quota,4,1,3.0,0.5,0.5,0.760020795780417,"{'0': 0.8014059753954306, '1': 0.903353057199211, '2': 0.5753033547466095}","{'0': 2845, '1': 1521, '2': 1401}"
small_prefix,raw,4,1,3.0,0.75,0.25,0.7746590789992863,"{'0': 0.8110425240054869, '1': 0.9169960474308301, '2': 0.5959386655615416}","{'0': 2987, '1': 1768, '2': 1012}"
small_prefix,quota,4,1,3.0,0.75,0.25,0.7535647304442977,"{'0': 0.7954305799648507, '1': 0.9013806706114399, '2': 0.5638829407566024}","{'0': 2845, '1': 1521, '2': 1401}"
small_prefix,raw,4,1,3.0,1.0,0.0,0.7508521363437333,"{'0': 0.7942925089179548, '1': 0.9148226735374356, '2': 0.5434412265758092}","{'0': 3042, '1': 1778, '2': 947}"
small_prefix,quota,4,1,3.0,1.0,0.0,0.738948338541495,"{'0': 0.7873462214411248, '1': 0.8856015779092702, '2': 0.5438972162740899}","{'0': 2845, '1': 1521, '2': 1401}"
small_prefix,raw,4,1,15.0,0.0,1.0,0.7739507962692933,"{'0': 0.8149273893954745, '1': 0.9211009174311927, '2': 0.5858240819812126}","{'0': 3077, '1': 1749, '2': 941}"
small_prefix,quota,4,1,15.0,0.0,1.0,0.7620002242171829,"{'0': 0.8024604569420035, '1': 0.9046679815910585, '2': 0.5788722341184868}","{'0': 2845, '1': 1521, '2': 1401}"
small_prefix,raw,4,1,15.0,0.25,0.75,0.7787193704857928,"{'0': 0.8121337469837987, '1': 0.9180627474870545, '2': 0.6059616169865251}","{'0': 2957, '1': 1762, '2': 1048}"
small_prefix,quota,4,1,15.0,0.25,0.75,0.755525387654913,"{'0': 0.7964850615114235, '1': 0.903353057199211, '2': 0.5667380442541042}","{'0': 2845, '1': 1521, '2': 1401}"
small_prefix,raw,4,1,15.0,0.5,0.5,0.7778158236639507,"{'0': 0.810904071773637, '1': 0.9180627474870545, '2': 0.604480651731161}","{'0': 2951, '1': 1762, '2': 1054}"
small_prefix,quota,4,1,15.0,0.5,0.5,0.7599036311641312,"{'0': 0.8010544815465729, '1': 0.903353057199211, '2': 0.5753033547466095}","{'0': 2845, '1': 1521, '2': 1401}"
small_prefix,raw,4,1,15.0,0.75,0.25,0.7746590789992863,"{'0': 0.8110425240054869, '1': 0.9169960474308301, '2': 0.5959386655615416}","{'0': 2987, '1': 1768, '2': 1012}"
small_prefix,quota,4,1,15.0,0.75,0.25,0.7535647304442977,"{'0': 0.7954305799648507, '1': 0.9013806706114399, '2': 0.5638829407566024}","{'0': 2845, '1': 1521, '2': 1401}"
small_prefix,raw,4,1,15.0,1.0,0.0,0.7508521363437333,"{'0': 0.7942925089179548, '1': 0.9148226735374356, '2': 0.5434412265758092}","{'0': 3042, '1': 1778, '2': 947}"
small_prefix,quota,4,1,15.0,1.0,0.0,0.738948338541495,"{'0': 0.7873462214411248, '1': 0.8856015779092702, '2': 0.5438972162740899}","{'0': 2845, '1': 1521, '2': 1401}"
small_prefix,raw,4,2,0.5,0.0,1.0,0.7739507962692933,"{'0': 0.8149273893954745, '1': 0.9211009174311927, '2': 0.5858240819812126}","{'0': 3077, '1': 1749, '2': 941}"
small_prefix,quota,4,2,0.5,0.0,1.0,0.7583321605234534,"{'0': 0.7985940246045694, '1': 0.9046679815910585, '2': 0.5717344753747323}","{'0': 2845, '1': 1521, '2': 1401}"
small_prefix,raw,4,2,0.5,0.25,0.75,0.7507823991536422,"{'0': 0.7945254177035194, '1': 0.880187025131502, '2': 0.5776347546259051}","{'0': 2781, '1': 1901, '2': 1085}"
small_prefix,quota,4,2,0.5,0.25,0.75,0.735057564311394,"{'0': 0.8, '1': 0.8612754766600921, '2': 0.5438972162740899}","{'0': 2845, '1': 1521, '2': 1401}"
small_prefix,raw,4,2,0.5,0.5,0.5,0.7120759414017059,"{'0': 0.7806440135207259, '1': 0.836815358554489, '2': 0.518768452129903}","{'0': 2776, '1': 2021, '2': 970}"
small_prefix,quota,4,2,0.5,0.5,0.5,0.7183589635910864,"{'0': 0.7876977152899824, '1': 0.8441814595660749, '2': 0.523197715917202}","{'0': 2845, '1': 1521, '2': 1401}"
small_prefix,raw,4,2,0.5,0.75,0.25,0.6048788768513031,"{'0': 0.7130275229357799, '1': 0.7345646437994723, '2': 0.36704446381865735}","{'0': 2605, '1': 2269, '2': 893}"
small_prefix,quota,4,2,0.5,0.75,0.25,0.6726918815582574,"{'0': 0.735676625659051, '1': 0.7863247863247863, '2': 0.49607423269093504}","{'0': 2845, '1': 1521, '2': 1401}"
small_prefix,raw,4,2,0.5,1.0,0.0,0.32674910444388877,"{'0': 0.5658018130665833, '1': 0.10848585690515807, '2': 0.3059596433599249}","{'0': 3553, '1': 1484, '2': 730}"
small_prefix,quota,4,2,0.5,1.0,0.0,0.278086947872517,"{'0': 0.4344463971880492, '1': 0.1071663379355687, '2': 0.2926481084939329}","{'0': 2845, '1': 1521, '2': 1401}"
small_prefix,raw,4,2,3.0,0.0,1.0,0.7739507962692933,"{'0': 0.8149273893954745, '1': 0.9211009174311927, '2': 0.5858240819812126}","{'0': 3077, '1': 1749, '2': 941}"
small_prefix,quota,4,2,3.0,0.0,1.0,0.7627104040326717,"{'0': 0.8031634446397188, '1': 0.9046679815910585, '2': 0.5802997858672377}","{'0': 2845, '1': 1521, '2': 1401}"
small_prefix,raw,4,2,3.0,0.25,0.75,0.7507823991536422,"{'0': 0.7945254177035194, '1': 0.880187025131502, '2': 0.5776347546259051}","{'0': 2781, '1': 1901, '2': 1085}"
small_prefix,quota,4,2,3.0,0.25,0.75,0.735057564311394,"{'0': 0.8, '1': 0.8612754766600921, '2': 0.5438972162740899}","{'0': 2845, '1': 1521, '2': 1401}"
small_prefix,raw,4,2,3.0,0.5,0.5,0.7120759414017059,"{'0': 0.7806440135207259, '1': 0.836815358554489, '2': 0.518768452129903}","{'0': 2776, '1': 2021, '2': 970}"
small_prefix,quota,4,2,3.0,0.5,0.5,0.7183589635910864,"{'0': 0.7876977152899824, '1': 0.8441814595660749, '2': 0.523197715917202}","{'0': 2845, '1': 1521, '2': 1401}"
small_prefix,raw,4,2,3.0,0.75,0.25,0.6048788768513031,"{'0': 0.7130275229357799, '1': 0.7345646437994723, '2': 0.36704446381865735}","{'0': 2605, '1': 2269, '2': 893}"
small_prefix,quota,4,2,3.0,0.75,0.25,0.67127152192728,"{'0': 0.7342706502636204, '1': 0.7863247863247863, '2': 0.49321912919343325}","{'0': 2845, '1': 1521, '2': 1401}"
small_prefix,raw,4,2,3.0,1.0,0.0,0.32674910444388877,"{'0': 0.5658018130665833, '1': 0.10848585690515807, '2': 0.3059596433599249}","{'0': 3553, '1': 1484, '2': 730}"
small_prefix,quota,4,2,3.0,1.0,0.0,0.278086947872517,"{'0': 0.4344463971880492, '1': 0.1071663379355687, '2': 0.2926481084939329}","{'0': 2845, '1': 1521, '2': 1401}"
small_prefix,raw,4,2,15.0,0.0,1.0,0.7739507962692933,"{'0': 0.8149273893954745, '1': 0.9211009174311927, '2': 0.5858240819812126}","{'0': 3077, '1': 1749, '2': 941}"
small_prefix,quota,4,2,15.0,0.0,1.0,0.7620002242171829,"{'0': 0.8024604569420035, '1': 0.9046679815910585, '2': 0.5788722341184868}","{'0': 2845, '1': 1521, '2': 1401}"
small_prefix,raw,4,2,15.0,0.25,0.75,0.7507823991536422,"{'0': 0.7945254177035194, '1': 0.880187025131502, '2': 0.5776347546259051}","{'0': 2781, '1': 1901, '2': 1085}"
small_prefix,quota,4,2,15.0,0.25,0.75,0.735057564311394,"{'0': 0.8, '1': 0.8612754766600921, '2': 0.5438972162740899}","{'0': 2845, '1': 1521, '2': 1401}"
small_prefix,raw,4,2,15.0,0.5,0.5,0.7120759414017059,"{'0': 0.7806440135207259, '1': 0.836815358554489, '2': 0.518768452129903}","{'0': 2776, '1': 2021, '2': 970}"
small_prefix,quota,4,2,15.0,0.5,0.5,0.7183589635910864,"{'0': 0.7876977152899824, '1': 0.8441814595660749, '2': 0.523197715917202}","{'0': 2845, '1': 1521, '2': 1401}"
small_prefix,raw,4,2,15.0,0.75,0.25,0.6048788768513031,"{'0': 0.7130275229357799, '1': 0.7345646437994723, '2': 0.36704446381865735}","{'0': 2605, '1': 2269, '2': 893}"
small_prefix,quota,4,2,15.0,0.75,0.25,0.6737571512814905,"{'0': 0.7367311072056238, '1': 0.7863247863247863, '2': 0.4982155603140614}","{'0': 2845, '1': 1521, '2': 1401}"
small_prefix,raw,4,2,15.0,1.0,0.0,0.32674910444388877,"{'0': 0.5658018130665833, '1': 0.10848585690515807, '2': 0.3059596433599249}","{'0': 3553, '1': 1484, '2': 730}"
small_prefix,quota,4,2,15.0,1.0,0.0,0.278086947872517,"{'0': 0.4344463971880492, '1': 0.1071663379355687, '2': 0.2926481084939329}","{'0': 2845, '1': 1521, '2': 1401}"
small_prefix,raw,8,0,0.5,0.0,1.0,0.7608673490930138,"{'0': 0.8043112158976087, '1': 0.9177489177489178, '2': 0.5605419136325148}","{'0': 3093, '1': 1713, '2': 961}"
small_prefix,quota,8,0,0.5,0.0,1.0,0.7214056152452093,"{'0': 0.7578207381370826, '1': 0.9053254437869822, '2': 0.5010706638115632}","{'0': 2845, '1': 1521, '2': 1401}"
small_prefix,raw,8,0,0.5,0.25,0.75,0.7608673490930138,"{'0': 0.8043112158976087, '1': 0.9177489177489178, '2': 0.5605419136325148}","{'0': 3093, '1': 1713, '2': 961}"
small_prefix,quota,8,0,0.5,0.25,0.75,0.7502706781532419,"{'0': 0.7894551845342707, '1': 0.9053254437869822, '2': 0.5560314061384726}","{'0': 2845, '1': 1521, '2': 1401}"
small_prefix,raw,8,0,0.5,0.5,0.5,0.7608673490930138,"{'0': 0.8043112158976087, '1': 0.9177489177489178, '2': 0.5605419136325148}","{'0': 3093, '1': 1713, '2': 961}"
small_prefix,quota,8,0,0.5,0.5,0.5,0.7571345510166706,"{'0': 0.7964850615114235, '1': 0.9053254437869822, '2': 0.569593147751606}","{'0': 2845, '1': 1521, '2': 1401}"
small_prefix,raw,8,0,0.5,0.75,0.25,0.7608673490930138,"{'0': 0.8043112158976087, '1': 0.9177489177489178, '2': 0.5605419136325148}","{'0': 3093, '1': 1713, '2': 961}"
small_prefix,quota,8,0,0.5,0.75,0.25,0.7564243712011818,"{'0': 0.7957820738137082, '1': 0.9053254437869822, '2': 0.5681655960028551}","{'0': 2845, '1': 1521, '2': 1401}"
small_prefix,raw,8,0,0.5,1.0,0.0,0.7608673490930138,"{'0': 0.8043112158976087, '1': 0.9177489177489178, '2': 0.5605419136325148}","{'0': 3093, '1': 1713, '2': 961}"
small_prefix,quota,8,0,0.5,1.0,0.0,0.7539387418469713,"{'0': 0.7933216168717048, '1': 0.9053254437869822, '2': 0.563169164882227}","{'0': 2845, '1': 1521, '2': 1401}"
small_prefix,raw,8,0,3.0,0.0,1.0,0.7608673490930138,"{'0': 0.8043112158976087, '1': 0.9177489177489178, '2': 0.5605419136325148}","{'0': 3093, '1': 1713, '2': 961}"
small_prefix,quota,8,0,3.0,0.0,1.0,0.7599788663375122,"{'0': 0.7985940246045694, '1': 0.9053254437869822, '2': 0.576017130620985}","{'0': 2845, '1': 1521, '2': 1401}"
small_prefix,raw,8,0,3.0,0.25,0.75,0.7608673490930138,"{'0': 0.8043112158976087, '1': 0.9177489177489178, '2': 0.5605419136325148}","{'0': 3093, '1': 1713, '2': 961}"
small_prefix,quota,8,0,3.0,0.25,0.75,0.7511088107616765,"{'0': 0.7884007029876977, '1': 0.9053254437869822, '2': 0.5596002855103498}","{'0': 2845, '1': 1521, '2': 1401}"
small_prefix,raw,8,0,3.0,0.5,0.5,0.7608673490930138,"{'0': 0.8043112158976087, '1': 0.9177489177489178, '2': 0.5605419136325148}","{'0': 3093, '1': 1713, '2': 961}"
small_prefix,quota,8,0,3.0,0.5,0.5,0.7507537208539322,"{'0': 0.78804920913884, '1': 0.9053254437869822, '2': 0.5588865096359743}","{'0': 2845, '1': 1521, '2': 1401}"
small_prefix,raw,8,0,3.0,0.75,0.25,0.7608673490930138,"{'0': 0.8043112158976087, '1': 0.9177489177489178, '2': 0.5605419136325148}","{'0': 3093, '1': 1713, '2': 961}"
small_prefix,quota,8,0,3.0,0.75,0.25,0.7558421441786392,"{'0': 0.7933216168717048, '1': 0.9053254437869822, '2': 0.5688793718772306}","{'0': 2845, '1': 1521, '2': 1401}"
small_prefix,raw,8,0,3.0,1.0,0.0,0.7608673490930138,"{'0': 0.8043112158976087, '1': 0.9177489177489178, '2': 0.5605419136325148}","{'0': 3093, '1': 1713, '2': 961}"
small_prefix,quota,8,0,3.0,1.0,0.0,0.7558421441786392,"{'0': 0.7933216168717048, '1': 0.9053254437869822, '2': 0.5688793718772306}","{'0': 2845, '1': 1521, '2': 1401}"
small_prefix,raw,8,0,15.0,0.0,1.0,0.7608673490930138,"{'0': 0.8043112158976087, '1': 0.9177489177489178, '2': 0.5605419136325148}","{'0': 3093, '1': 1713, '2': 961}"
small_prefix,quota,8,0,15.0,0.0,1.0,0.7564243712011818,"{'0': 0.7957820738137082, '1': 0.9053254437869822, '2': 0.5681655960028551}","{'0': 2845, '1': 1521, '2': 1401}"
small_prefix,raw,8,0,15.0,0.25,0.75,0.7608673490930138,"{'0': 0.8043112158976087, '1': 0.9177489177489178, '2': 0.5605419136325148}","{'0': 3093, '1': 1713, '2': 961}"
small_prefix,quota,8,0,15.0,0.25,0.75,0.7238912445994199,"{'0': 0.7602811950790861, '1': 0.9053254437869822, '2': 0.5060670949321913}","{'0': 2845, '1': 1521, '2': 1401}"
small_prefix,raw,8,0,15.0,0.5,0.5,0.7608673490930138,"{'0': 0.8043112158976087, '1': 0.9177489177489178, '2': 0.5605419136325148}","{'0': 3093, '1': 1713, '2': 961}"
small_prefix,quota,8,0,15.0,0.5,0.5,0.724956514322653,"{'0': 0.761335676625659, '1': 0.9053254437869822, '2': 0.5082084225553176}","{'0': 2845, '1': 1521, '2': 1401}"
small_prefix,raw,8,0,15.0,0.75,0.25,0.7608673490930138,"{'0': 0.8043112158976087, '1': 0.9177489177489178, '2': 0.5605419136325148}","{'0': 3093, '1': 1713, '2': 961}"
small_prefix,quota,8,0,15.0,0.75,0.25,0.7253116042303973,"{'0': 0.7616871704745167, '1': 0.9053254437869822, '2': 0.5089221984296931}","{'0': 2845, '1': 1521, '2': 1401}"
small_prefix,raw,8,0,15.0,1.0,0.0,0.7608673490930138,"{'0': 0.8043112158976087, '1': 0.9177489177489178, '2': 0.5605419136325148}","{'0': 3093, '1': 1713, '2': 961}"
small_prefix,quota,8,0,15.0,1.0,0.0,0.724956514322653,"{'0': 0.761335676625659, '1': 0.9053254437869822, '2': 0.5082084225553176}","{'0': 2845, '1': 1521, '2': 1401}"
small_prefix,raw,8,1,0.5,0.0,1.0,0.7608673490930138,"{'0': 0.8043112158976087, '1': 0.9177489177489178, '2': 0.5605419136325148}","{'0': 3093, '1': 1713, '2': 961}"
small_prefix,quota,8,1,0.5,0.0,1.0,0.7214056152452093,"{'0': 0.7578207381370826, '1': 0.9053254437869822, '2': 0.5010706638115632}","{'0': 2845, '1': 1521, '2': 1401}"
small_prefix,raw,8,1,0.5,0.25,0.75,0.7711933928623971,"{'0': 0.7997896213183731, '1': 0.9163879598662207, '2': 0.5974025974025974}","{'0': 2859, '1': 1768, '2': 1140}"
small_prefix,quota,8,1,0.5,0.25,0.75,0.7594922275779351,"{'0': 0.8007029876977153, '1': 0.9053254437869822, '2': 0.5724482512491078}","{'0': 2845, '1': 1521, '2': 1401}"
small_prefix,raw,8,1,0.5,0.5,0.5,0.7714571251838205,"{'0': 0.8055890978092116, '1': 0.9169455430483724, '2': 0.5918367346938775}","{'0': 2952, '1': 1766, '2': 1049}"
small_prefix,quota,8,1,0.5,0.5,0.5,0.7566433749977111,"{'0': 0.7982425307557117, '1': 0.9013806706114399, '2': 0.5703069236259815}","{'0': 2845, '1': 1521, '2': 1401}"
small_prefix,raw,8,1,0.5,0.75,0.25,0.7705569900776741,"{'0': 0.8041486603284356, '1': 0.9169455430483724, '2': 0.5905767668562144}","{'0': 2940, '1': 1766, '2': 1061}"
small_prefix,quota,8,1,0.5,0.75,0.25,0.7539198203520421,"{'0': 0.7957820738137082, '1': 0.9013806706114399, '2': 0.5645967166309779}","{'0': 2845, '1': 1521, '2': 1401}"
small_prefix,raw,8,1,0.5,1.0,0.0,0.7467480143402204,"{'0': 0.7931034482758621, '1': 0.9146674764652293, '2': 0.5324731182795699}","{'0': 3071, '1': 1772, '2': 924}"
small_prefix,quota,8,1,0.5,1.0,0.0,0.7474553211600959,"{'0': 0.795079086115993, '1': 0.886259040105194, '2': 0.5610278372591007}","{'0': 2845, '1': 1521, '2': 1401}"
small_prefix,raw,8,1,3.0,0.0,1.0,0.7608673490930138,"{'0': 0.8043112158976087, '1': 0.9177489177489178, '2': 0.5605419136325148}","{'0': 3093, '1': 1713, '2': 961}"
small_prefix,quota,8,1,3.0,0.0,1.0,0.7599788663375122,"{'0': 0.7985940246045694, '1': 0.9053254437869822, '2': 0.576017130620985}","{'0': 2845, '1': 1521, '2': 1401}"
small_prefix,raw,8,1,3.0,0.25,0.75,0.7711933928623971,"{'0': 0.7997896213183731, '1': 0.9163879598662207, '2': 0.5974025974025974}","{'0': 2859, '1': 1768, '2': 1140}"
small_prefix,quota,8,1,3.0,0.25,0.75,0.7594922275779351,"{'0': 0.8007029876977153, '1': 0.9053254437869822, '2': 0.5724482512491078}","{'0': 2845, '1': 1521, '2': 1401}"
small_prefix,raw,8,1,3.0,0.5,0.5,0.7714571251838205,"{'0': 0.8055890978092116, '1': 0.9169455430483724, '2': 0.5918367346938775}","{'0': 2952, '1': 1766, '2': 1049}"
small_prefix,quota,8,1,3.0,0.5,0.5,0.7566433749977111,"{'0': 0.7982425307557117, '1': 0.9013806706114399, '2': 0.5703069236259815}","{'0': 2845, '1': 1521, '2': 1401}"
small_prefix,raw,8,1,3.0,0.75,0.25,0.7705569900776741,"{'0': 0.8041486603284356, '1': 0.9169455430483724, '2': 0.5905767668562144}","{'0': 2940, '1': 1766, '2': 1061}"
small_prefix,quota,8,1,3.0,0.75,0.25,0.7539198203520421,"{'0': 0.7957820738137082, '1': 0.9013806706114399, '2': 0.5645967166309779}","{'0': 2845, '1': 1521, '2': 1401}"
small_prefix,raw,8,1,3.0,1.0,0.0,0.7467480143402204,"{'0': 0.7931034482758621, '1': 0.9146674764652293, '2': 0.5324731182795699}","{'0': 3071, '1': 1772, '2': 924}"
small_prefix,quota,8,1,3.0,1.0,0.0,0.7474553211600959,"{'0': 0.795079086115993, '1': 0.886259040105194, '2': 0.5610278372591007}","{'0': 2845, '1': 1521, '2': 1401}"
small_prefix,raw,8,1,15.0,0.0,1.0,0.7608673490930138,"{'0': 0.8043112158976087, '1': 0.9177489177489178, '2': 0.5605419136325148}","{'0': 3093, '1': 1713, '2': 961}"
small_prefix,quota,8,1,15.0,0.0,1.0,0.7564243712011818,"{'0': 0.7957820738137082, '1': 0.9053254437869822, '2': 0.5681655960028551}","{'0': 2845, '1': 1521, '2': 1401}"
small_prefix,raw,8,1,15.0,0.25,0.75,0.771799076001002,"{'0': 0.7997198879551821, '1': 0.9163879598662207, '2': 0.5992893801816028}","{'0': 2867, '1': 1768, '2': 1132}"
small_prefix,quota,8,1,15.0,0.25,0.75,0.7594922275779351,"{'0': 0.8007029876977153, '1': 0.9053254437869822, '2': 0.5724482512491078}","{'0': 2845, '1': 1521, '2': 1401}"
small_prefix,raw,8,1,15.0,0.5,0.5,0.7714571251838205,"{'0': 0.8055890978092116, '1': 0.9169455430483724, '2': 0.5918367346938775}","{'0': 2952, '1': 1766, '2': 1049}"
small_prefix,quota,8,1,15.0,0.5,0.5,0.7566433749977111,"{'0': 0.7982425307557117, '1': 0.9013806706114399, '2': 0.5703069236259815}","{'0': 2845, '1': 1521, '2': 1401}"
small_prefix,raw,8,1,15.0,0.75,0.25,0.772081109453466,"{'0': 0.8077716643741403, '1': 0.9169455430483724, '2': 0.5915261209378856}","{'0': 2971, '1': 1766, '2': 1030}"
small_prefix,quota,8,1,15.0,0.75,0.25,0.7539198203520421,"{'0': 0.7957820738137082, '1': 0.9013806706114399, '2': 0.5645967166309779}","{'0': 2845, '1': 1521, '2': 1401}"
small_prefix,raw,8,1,15.0,1.0,0.0,0.7467480143402204,"{'0': 0.7931034482758621, '1': 0.9146674764652293, '2': 0.5324731182795699}","{'0': 3071, '1': 1772, '2': 924}"
small_prefix,quota,8,1,15.0,1.0,0.0,0.7474553211600959,"{'0': 0.795079086115993, '1': 0.886259040105194, '2': 0.5610278372591007}","{'0': 2845, '1': 1521, '2': 1401}"
small_prefix,raw,8,2,0.5,0.0,1.0,0.7608673490930138,"{'0': 0.8043112158976087, '1': 0.9177489177489178, '2': 0.5605419136325148}","{'0': 3093, '1': 1713, '2': 961}"
small_prefix,quota,8,2,0.5,0.0,1.0,0.7214056152452093,"{'0': 0.7578207381370826, '1': 0.9053254437869822, '2': 0.5010706638115632}","{'0': 2845, '1': 1521, '2': 1401}"
small_prefix,raw,8,2,0.5,0.25,0.75,0.7041391560745996,"{'0': 0.7573392790784095, '1': 0.8379825302902226, '2': 0.5170956588551671}","{'0': 2537, '1': 2028, '2': 1202}"
small_prefix,quota,8,2,0.5,0.25,0.75,0.716511666606951,"{'0': 0.7669595782073814, '1': 0.8500986193293886, '2': 0.5324768022840828}","{'0': 2845, '1': 1521, '2': 1401}"
small_prefix,raw,8,2,0.5,0.5,0.5,0.6491168690425767,"{'0': 0.7291280148423006, '1': 0.7656207366984993, '2': 0.4526018555869302}","{'0': 2545, '1': 2144, '2': 1078}"
small_prefix,quota,8,2,0.5,0.5,0.5,0.6996062422736063,"{'0': 0.7437609841827768, '1': 0.8547008547008547, '2': 0.5003568879371877}","{'0': 2845, '1': 1521, '2': 1401}"
small_prefix,raw,8,2,0.5,0.75,0.25,0.5638638000690007,"{'0': 0.7010799926780158, '1': 0.6510351708655525, '2': 0.3394762366634336}","{'0': 2618, '1': 2488, '2': 661}"
small_prefix,quota,8,2,0.5,0.75,0.25,0.6521423426796548,"{'0': 0.7149384885764499, '1': 0.7889546351084813, '2': 0.45253390435403285}","{'0': 2845, '1': 1521, '2': 1401}"
small_prefix,raw,8,2,0.5,1.0,0.0,0.29576846633287857,"{'0': 0.5608367943393324, '1': 0.09954751131221719, '2': 0.22692109334708613}","{'0': 3656, '1': 1573, '2': 538}"
small_prefix,quota,8,2,0.5,1.0,0.0,0.29068880254768165,"{'0': 0.5388400702987698, '1': 0.1012491781722551, '2': 0.23197715917202}","{'0': 2845, '1': 1521, '2': 1401}"
small_prefix,raw,8,2,3.0,0.0,1.0,0.7608673490930138,"{'0': 0.8043112158976087, '1': 0.9177489177489178, '2': 0.5605419136325148}","{'0': 3093, '1': 1713, '2': 961}"
small_prefix,quota,8,2,3.0,0.0,1.0,0.7599788663375122,"{'0': 0.7985940246045694, '1': 0.9053254437869822, '2': 0.576017130620985}","{'0': 2845, '1': 1521, '2': 1401}"
small_prefix,raw,8,2,3.0,0.25,0.75,0.7041391560745996,"{'0': 0.7573392790784095, '1': 0.8379825302902226, '2': 0.5170956588551671}","{'0': 2537, '1': 2028, '2': 1202}"
small_prefix,quota,8,2,3.0,0.25,0.75,0.716511666606951,"{'0': 0.7669595782073814, '1': 0.8500986193293886, '2': 0.5324768022840828}","{'0': 2845, '1': 1521, '2': 1401}"
small_prefix,raw,8,2,3.0,0.5,0.5,0.6491168690425767,"{'0': 0.7291280148423006, '1': 0.7656207366984993, '2': 0.4526018555869302}","{'0': 2545, '1': 2144, '2': 1078}"
small_prefix,quota,8,2,3.0,0.5,0.5,0.6996062422736063,"{'0': 0.7437609841827768, '1': 0.8547008547008547, '2': 0.5003568879371877}","{'0': 2845, '1': 1521, '2': 1401}"
small_prefix,raw,8,2,3.0,0.75,0.25,0.5638638000690007,"{'0': 0.7010799926780158, '1': 0.6510351708655525, '2': 0.3394762366634336}","{'0': 2618, '1': 2488, '2': 661}"
small_prefix,quota,8,2,3.0,0.75,0.25,0.6480348793860348,"{'0': 0.7124780316344465, '1': 0.7790927021696252, '2': 0.45253390435403285}","{'0': 2845, '1': 1521, '2': 1401}"
small_prefix,raw,8,2,3.0,1.0,0.0,0.29576846633287857,"{'0': 0.5608367943393324, '1': 0.09954751131221719, '2': 0.22692109334708613}","{'0': 3656, '1': 1573, '2': 538}"
small_prefix,quota,8,2,3.0,1.0,0.0,0.27466392785569865,"{'0': 0.46221441124780316, '1': 0.1012491781722551, '2': 0.2605281941470378}","{'0': 2845, '1': 1521, '2': 1401}"
small_prefix,raw,8,2,15.0,0.0,1.0,0.7608673490930138,"{'0': 0.8043112158976087, '1': 0.9177489177489178, '2': 0.5605419136325148}","{'0': 3093, '1': 1713, '2': 961}"
small_prefix,quota,8,2,15.0,0.0,1.0,0.7564243712011818,"{'0': 0.7957820738137082, '1': 0.9053254437869822, '2': 0.5681655960028551}","{'0': 2845, '1': 1521, '2': 1401}"
small_prefix,raw,8,2,15.0,0.25,0.75,0.7041391560745996,"{'0': 0.7573392790784095, '1': 0.8379825302902226, '2': 0.5170956588551671}","{'0': 2537, '1': 2028, '2': 1202}"
small_prefix,quota,8,2,15.0,0.25,0.75,0.7185966805516255,"{'0': 0.7669595782073814, '1': 0.8520710059171598, '2': 0.5367594575303355}","{'0': 2845, '1': 1521, '2': 1401}"
small_prefix,raw,8,2,15.0,0.5,0.5,0.6491168690425767,"{'0': 0.7291280148423006, '1': 0.7656207366984993, '2': 0.4526018555869302}","{'0': 2545, '1': 2144, '2': 1078}"
small_prefix,quota,8,2,15.0,0.5,0.5,0.6996062422736063,"{'0': 0.7437609841827768, '1': 0.8547008547008547, '2': 0.5003568879371877}","{'0': 2845, '1': 1521, '2': 1401}"
small_prefix,raw,8,2,15.0,0.75,0.25,0.5638638000690007,"{'0': 0.7010799926780158, '1': 0.6510351708655525, '2': 0.3394762366634336}","{'0': 2618, '1': 2488, '2': 661}"
small_prefix,quota,8,2,15.0,0.75,0.25,0.6480348793860348,"{'0': 0.7124780316344465, '1': 0.7790927021696252, '2': 0.45253390435403285}","{'0': 2845, '1': 1521, '2': 1401}"
small_prefix,raw,8,2,15.0,1.0,0.0,0.29576846633287857,"{'0': 0.5608367943393324, '1': 0.09954751131221719, '2': 0.22692109334708613}","{'0': 3656, '1': 1573, '2': 538}"
small_prefix,quota,8,2,15.0,1.0,0.0,0.27466392785569865,"{'0': 0.46221441124780316, '1': 0.1012491781722551, '2': 0.2605281941470378}","{'0': 2845, '1': 1521, '2': 1401}"
small_prefix,raw,12,0,0.5,0.0,1.0,0.7148383454298722,"{'0': 0.7420035149384886, '1': 0.9122480620155039, '2': 0.49026345933562426}","{'0': 2845, '1': 1704, '2': 1218}"
small_prefix,quota,12,0,0.5,0.0,1.0,0.7054453406228637,"{'0': 0.7420035149384886, '1': 0.9046679815910585, '2': 0.4696645253390435}","{'0': 2845, '1': 1521, '2': 1401}"
small_prefix,raw,12,0,0.5,0.25,0.75,0.7148383454298722,"{'0': 0.7420035149384886, '1': 0.9122480620155039, '2': 0.49026345933562426}","{'0': 2845, '1': 1704, '2': 1218}"
small_prefix,quota,12,0,0.5,0.25,0.75,0.7054453406228637,"{'0': 0.7420035149384886, '1': 0.9046679815910585, '2': 0.4696645253390435}","{'0': 2845, '1': 1521, '2': 1401}"
small_prefix,raw,12,0,0.5,0.5,0.5,0.7148383454298722,"{'0': 0.7420035149384886, '1': 0.9122480620155039, '2': 0.49026345933562426}","{'0': 2845, '1': 1704, '2': 1218}"
small_prefix,quota,12,0,0.5,0.5,0.5,0.7054453406228637,"{'0': 0.7420035149384886, '1': 0.9046679815910585, '2': 0.4696645253390435}","{'0': 2845, '1': 1521, '2': 1401}"
small_prefix,raw,12,0,0.5,0.75,0.25,0.7148383454298722,"{'0': 0.7420035149384886, '1': 0.9122480620155039, '2': 0.49026345933562426}","{'0': 2845, '1': 1704, '2': 1218}"
small_prefix,quota,12,0,0.5,0.75,0.25,0.7054453406228637,"{'0': 0.7420035149384886, '1': 0.9046679815910585, '2': 0.4696645253390435}","{'0': 2845, '1': 1521, '2': 1401}"
small_prefix,raw,12,0,0.5,1.0,0.0,0.7148383454298722,"{'0': 0.7420035149384886, '1': 0.9122480620155039, '2': 0.49026345933562426}","{'0': 2845, '1': 1704, '2': 1218}"
small_prefix,quota,12,0,0.5,1.0,0.0,0.7054453406228637,"{'0': 0.7420035149384886, '1': 0.9046679815910585, '2': 0.4696645253390435}","{'0': 2845, '1': 1521, '2': 1401}"
small_prefix,raw,12,0,3.0,0.0,1.0,0.7148383454298722,"{'0': 0.7420035149384886, '1': 0.9122480620155039, '2': 0.49026345933562426}","{'0': 2845, '1': 1704, '2': 1218}"
small_prefix,quota,12,0,3.0,0.0,1.0,0.7054453406228637,"{'0': 0.7420035149384886, '1': 0.9046679815910585, '2': 0.4696645253390435}","{'0': 2845, '1': 1521, '2': 1401}"
small_prefix,raw,12,0,3.0,0.25,0.75,0.7148383454298722,"{'0': 0.7420035149384886, '1': 0.9122480620155039, '2': 0.49026345933562426}","{'0': 2845, '1': 1704, '2': 1218}"
small_prefix,quota,12,0,3.0,0.25,0.75,0.7054453406228637,"{'0': 0.7420035149384886, '1': 0.9046679815910585, '2': 0.4696645253390435}","{'0': 2845, '1': 1521, '2': 1401}"
small_prefix,raw,12,0,3.0,0.5,0.5,0.7148383454298722,"{'0': 0.7420035149384886, '1': 0.9122480620155039, '2': 0.49026345933562426}","{'0': 2845, '1': 1704, '2': 1218}"
small_prefix,quota,12,0,3.0,0.5,0.5,0.7054453406228637,"{'0': 0.7420035149384886, '1': 0.9046679815910585, '2': 0.4696645253390435}","{'0': 2845, '1': 1521, '2': 1401}"
small_prefix,raw,12,0,3.0,0.75,0.25,0.7148383454298722,"{'0': 0.7420035149384886, '1': 0.9122480620155039, '2': 0.49026345933562426}","{'0': 2845, '1': 1704, '2': 1218}"
small_prefix,quota,12,0,3.0,0.75,0.25,0.7054453406228637,"{'0': 0.7420035149384886, '1': 0.9046679815910585, '2': 0.4696645253390435}","{'0': 2845, '1': 1521, '2': 1401}"
small_prefix,raw,12,0,3.0,1.0,0.0,0.7148383454298722,"{'0': 0.7420035149384886, '1': 0.9122480620155039, '2': 0.49026345933562426}","{'0': 2845, '1': 1704, '2': 1218}"
small_prefix,quota,12,0,3.0,1.0,0.0,0.7054453406228637,"{'0': 0.7420035149384886, '1': 0.9046679815910585, '2': 0.4696645253390435}","{'0': 2845, '1': 1521, '2': 1401}"
small_prefix,raw,12,0,15.0,0.0,1.0,0.7148383454298722,"{'0': 0.7420035149384886, '1': 0.9122480620155039, '2': 0.49026345933562426}","{'0': 2845, '1': 1704, '2': 1218}"
small_prefix,quota,12,0,15.0,0.0,1.0,0.7054453406228637,"{'0': 0.7420035149384886, '1': 0.9046679815910585, '2': 0.4696645253390435}","{'0': 2845, '1': 1521, '2': 1401}"
small_prefix,raw,12,0,15.0,0.25,0.75,0.7148383454298722,"{'0': 0.7420035149384886, '1': 0.9122480620155039, '2': 0.49026345933562426}","{'0': 2845, '1': 1704, '2': 1218}"
small_prefix,quota,12,0,15.0,0.25,0.75,0.7054453406228637,"{'0': 0.7420035149384886, '1': 0.9046679815910585, '2': 0.4696645253390435}","{'0': 2845, '1': 1521, '2': 1401}"
small_prefix,raw,12,0,15.0,0.5,0.5,0.7148383454298722,"{'0': 0.7420035149384886, '1': 0.9122480620155039, '2': 0.49026345933562426}","{'0': 2845, '1': 1704, '2': 1218}"
small_prefix,quota,12,0,15.0,0.5,0.5,0.7054453406228637,"{'0': 0.7420035149384886, '1': 0.9046679815910585, '2': 0.4696645253390435}","{'0': 2845, '1': 1521, '2': 1401}"
small_prefix,raw,12,0,15.0,0.75,0.25,0.7148383454298722,"{'0': 0.7420035149384886, '1': 0.9122480620155039, '2': 0.49026345933562426}","{'0': 2845, '1': 1704, '2': 1218}"
small_prefix,quota,12,0,15.0,0.75,0.25,0.7054453406228637,"{'0': 0.7420035149384886, '1': 0.9046679815910585, '2': 0.4696645253390435}","{'0': 2845, '1': 1521, '2': 1401}"
small_prefix,raw,12,0,15.0,1.0,0.0,0.7148383454298722,"{'0': 0.7420035149384886, '1': 0.9122480620155039, '2': 0.49026345933562426}","{'0': 2845, '1': 1704, '2': 1218}"
small_prefix,quota,12,0,15.0,1.0,0.0,0.7054453406228637,"{'0': 0.7420035149384886, '1': 0.9046679815910585, '2': 0.4696645253390435}","{'0': 2845, '1': 1521, '2': 1401}"
small_prefix,raw,12,1,0.5,0.0,1.0,0.7148383454298722,"{'0': 0.7420035149384886, '1': 0.9122480620155039, '2': 0.49026345933562426}","{'0': 2845, '1': 1704, '2': 1218}"
small_prefix,quota,12,1,0.5,0.0,1.0,0.7054453406228637,"{'0': 0.7420035149384886, '1': 0.9046679815910585, '2': 0.4696645253390435}","{'0': 2845, '1': 1521, '2': 1401}"
small_prefix,raw,12,1,0.5,0.25,0.75,0.7734960847719355,"{'0': 0.8063172509545297, '1': 0.9164882226980728, '2': 0.5976827806632041}","{'0': 2917, '1': 1748, '2': 1102}"
small_prefix,quota,12,1,0.5,0.25,0.75,0.7635532241692676,"{'0': 0.8, '1': 0.9132149901380671, '2': 0.5774446823697359}","{'0': 2845, '1': 1521, '2': 1401}"
small_prefix,raw,12,1,0.5,0.5,0.5,0.7728917098455019,"{'0': 0.8093118794933242, '1': 0.9181734600061293, '2': 0.5911897900370523}","{'0': 2997, '1': 1742, '2': 1028}"
small_prefix,quota,12,1,0.5,0.5,0.5,0.7602321170650134,"{'0': 0.7968365553602812, '1': 0.9092702169625246, '2': 0.5745895788722342}","{'0': 2845, '1': 1521, '2': 1401}"
small_prefix,raw,12,1,0.5,0.75,0.25,0.7669572420004807,"{'0': 0.8075548749361919, '1': 0.9169455430483724, '2': 0.5763713080168776}","{'0': 3032, '1': 1766, '2': 969}"
small_prefix,quota,12,1,0.5,0.75,0.25,0.7598391841674103,"{'0': 0.8014059753954306, '1': 0.9013806706114399, '2': 0.5767309064953604}","{'0': 2845, '1': 1521, '2': 1401}"
small_prefix,raw,12,1,0.5,1.0,0.0,0.7542473156647883,"{'0': 0.7961891799931949, '1': 0.9149453219927096, '2': 0.5516074450084603}","{'0': 3033, '1': 1771, '2': 963}"
small_prefix,quota,12,1,0.5,1.0,0.0,0.7403535230052086,"{'0': 0.78804920913884, '1': 0.886259040105194, '2': 0.5467523197715917}","{'0': 2845, '1': 1521, '2': 1401}"
small_prefix,raw,12,1,3.0,0.0,1.0,0.7148383454298722,"{'0': 0.7420035149384886, '1': 0.9122480620155039, '2': 0.49026345933562426}","{'0': 2845, '1': 1704, '2': 1218}"
small_prefix,quota,12,1,3.0,0.0,1.0,0.7054453406228637,"{'0': 0.7420035149384886, '1': 0.9046679815910585, '2': 0.4696645253390435}","{'0': 2845, '1': 1521, '2': 1401}"
small_prefix,raw,12,1,3.0,0.25,0.75,0.7734960847719355,"{'0': 0.8063172509545297, '1': 0.9164882226980728, '2': 0.5976827806632041}","{'0': 2917, '1': 1748, '2': 1102}"
small_prefix,quota,12,1,3.0,0.25,0.75,0.7635532241692676,"{'0': 0.8, '1': 0.9132149901380671, '2': 0.5774446823697359}","{'0': 2845, '1': 1521, '2': 1401}"
small_prefix,raw,12,1,3.0,0.5,0.5,0.7728917098455019,"{'0': 0.8093118794933242, '1': 0.9181734600061293, '2': 0.5911897900370523}","{'0': 2997, '1': 1742, '2': 1028}"
small_prefix,quota,12,1,3.0,0.5,0.5,0.7602321170650134,"{'0': 0.7968365553602812, '1': 0.9092702169625246, '2': 0.5745895788722342}","{'0': 2845, '1': 1521, '2': 1401}"
small_prefix,raw,12,1,3.0,0.75,0.25,0.7669572420004807,"{'0': 0.8075548749361919, '1': 0.9169455430483724, '2': 0.5763713080168776}","{'0': 3032, '1': 1766, '2': 969}"
small_prefix,quota,12,1,3.0,0.75,0.25,0.7598391841674103,"{'0': 0.8014059753954306, '1': 0.9013806706114399, '2': 0.5767309064953604}","{'0': 2845, '1': 1521, '2': 1401}"
small_prefix,raw,12,1,3.0,1.0,0.0,0.7542473156647883,"{'0': 0.7961891799931949, '1': 0.9149453219927096, '2': 0.5516074450084603}","{'0': 3033, '1': 1771, '2': 963}"
small_prefix,quota,12,1,3.0,1.0,0.0,0.7403535230052086,"{'0': 0.78804920913884, '1': 0.886259040105194, '2': 0.5467523197715917}","{'0': 2845, '1': 1521, '2': 1401}"
small_prefix,raw,12,1,15.0,0.0,1.0,0.7148383454298722,"{'0': 0.7420035149384886, '1': 0.9122480620155039, '2': 0.49026345933562426}","{'0': 2845, '1': 1704, '2': 1218}"
small_prefix,quota,12,1,15.0,0.0,1.0,0.7054453406228637,"{'0': 0.7420035149384886, '1': 0.9046679815910585, '2': 0.4696645253390435}","{'0': 2845, '1': 1521, '2': 1401}"
small_prefix,raw,12,1,15.0,0.25,0.75,0.7734960847719355,"{'0': 0.8063172509545297, '1': 0.9164882226980728, '2': 0.5976827806632041}","{'0': 2917, '1': 1748, '2': 1102}"
small_prefix,quota,12,1,15.0,0.25,0.75,0.7612257476737522,"{'0': 0.7996485061511424, '1': 0.9072978303747534, '2': 0.5767309064953604}","{'0': 2845, '1': 1521, '2': 1401}"
small_prefix,raw,12,1,15.0,0.5,0.5,0.7728917098455019,"{'0': 0.8093118794933242, '1': 0.9181734600061293, '2': 0.5911897900370523}","{'0': 2997, '1': 1742, '2': 1028}"
small_prefix,quota,12,1,15.0,0.5,0.5,0.7598770271572689,"{'0': 0.7964850615114235, '1': 0.9092702169625246, '2': 0.5738758029978587}","{'0': 2845, '1': 1521, '2': 1401}"
small_prefix,raw,12,1,15.0,0.75,0.25,0.7669572420004807,"{'0': 0.8075548749361919, '1': 0.9169455430483724, '2': 0.5763713080168776}","{'0': 3032, '1': 1766, '2': 969}"
small_prefix,quota,12,1,15.0,0.75,0.25,0.7598391841674103,"{'0': 0.8014059753954306, '1': 0.9013806706114399, '2': 0.5767309064953604}","{'0': 2845, '1': 1521, '2': 1401}"
small_prefix,raw,12,1,15.0,1.0,0.0,0.7542473156647883,"{'0': 0.7961891799931949, '1': 0.9149453219927096, '2': 0.5516074450084603}","{'0': 3033, '1': 1771, '2': 963}"
small_prefix,quota,12,1,15.0,1.0,0.0,0.7403535230052086,"{'0': 0.78804920913884, '1': 0.886259040105194, '2': 0.5467523197715917}","{'0': 2845, '1': 1521, '2': 1401}"
small_prefix,raw,12,2,0.5,0.0,1.0,0.7148383454298722,"{'0': 0.7420035149384886, '1': 0.9122480620155039, '2': 0.49026345933562426}","{'0': 2845, '1': 1704, '2': 1218}"
small_prefix,quota,12,2,0.5,0.0,1.0,0.7054453406228637,"{'0': 0.7420035149384886, '1': 0.9046679815910585, '2': 0.4696645253390435}","{'0': 2845, '1': 1521, '2': 1401}"
small_prefix,raw,12,2,0.5,0.25,0.75,0.6820224849904134,"{'0': 0.7277915160738063, '1': 0.8243847874720358, '2': 0.493891151425398}","{'0': 2412, '1': 2055, '2': 1300}"
small_prefix,quota,12,2,0.5,0.25,0.75,0.7043653887657143,"{'0': 0.7497363796133568, '1': 0.8494411571334648, '2': 0.5139186295503212}","{'0': 2845, '1': 1521, '2': 1401}"
small_prefix,raw,12,2,0.5,0.5,0.5,0.6468645555381819,"{'0': 0.714046511627907, '1': 0.7667590027700831, '2': 0.4597881522165555}","{'0': 2530, '1': 2089, '2': 1148}"
small_prefix,quota,12,2,0.5,0.5,0.5,0.6842485292890704,"{'0': 0.7300527240773287, '1': 0.8408941485864563, '2': 0.4817987152034261}","{'0': 2845, '1': 1521, '2': 1401}"
small_prefix,raw,12,2,0.5,0.75,0.25,0.5019908529908008,"{'0': 0.6563573883161512, '1': 0.5329561527581329, '2': 0.3166590178981184}","{'0': 2975, '1': 2014, '2': 778}"
small_prefix,quota,12,2,0.5,0.75,0.25,0.5483636941132731,"{'0': 0.6333919156414762, '1': 0.6134122287968442, '2': 0.39828693790149894}","{'0': 2845, '1': 1521, '2': 1401}"
small_prefix,raw,12,2,0.5,1.0,0.0,0.29744819665871125,"{'0': 0.5622263914946842, '1': 0.10162736632348057, '2': 0.22849083215796898}","{'0': 3551, '1': 1490, '2': 726}"
small_prefix,quota,12,2,0.5,1.0,0.0,0.289411570876914,"{'0': 0.5363796133567662, '1': 0.10059171597633136, '2': 0.23126338329764454}","{'0': 2845, '1': 1521, '2': 1401}"
small_prefix,raw,12,2,3.0,0.0,1.0,0.7148383454298722,"{'0': 0.7420035149384886, '1': 0.9122480620155039, '2': 0.49026345933562426}","{'0': 2845, '1': 1704, '2': 1218}"
small_prefix,quota,12,2,3.0,0.0,1.0,0.7054453406228637,"{'0': 0.7420035149384886, '1': 0.9046679815910585, '2': 0.4696645253390435}","{'0': 2845, '1': 1521, '2': 1401}"
small_prefix,raw,12,2,3.0,0.25,0.75,0.6820224849904134,"{'0': 0.7277915160738063, '1': 0.8243847874720358, '2': 0.493891151425398}","{'0': 2412, '1': 2055, '2': 1300}"
small_prefix,quota,12,2,3.0,0.25,0.75,0.7043653887657143,"{'0': 0.7497363796133568, '1': 0.8494411571334648, '2': 0.5139186295503212}","{'0': 2845, '1': 1521, '2': 1401}"
small_prefix,raw,12,2,3.0,0.5,0.5,0.6468645555381819,"{'0': 0.714046511627907, '1': 0.7667590027700831, '2': 0.4597881522165555}","{'0': 2530, '1': 2089, '2': 1148}"
small_prefix,quota,12,2,3.0,0.5,0.5,0.6842485292890704,"{'0': 0.7300527240773287, '1': 0.8408941485864563, '2': 0.4817987152034261}","{'0': 2845, '1': 1521, '2': 1401}"
small_prefix,raw,12,2,3.0,0.75,0.25,0.5019908529908008,"{'0': 0.6563573883161512, '1': 0.5329561527581329, '2': 0.3166590178981184}","{'0': 2975, '1': 2014, '2': 778}"
small_prefix,quota,12,2,3.0,0.75,0.25,0.5483636941132731,"{'0': 0.6333919156414762, '1': 0.6134122287968442, '2': 0.39828693790149894}","{'0': 2845, '1': 1521, '2': 1401}"
small_prefix,raw,12,2,3.0,1.0,0.0,0.29744819665871125,"{'0': 0.5622263914946842, '1': 0.10162736632348057, '2': 0.22849083215796898}","{'0': 3551, '1': 1490, '2': 726}"
small_prefix,quota,12,2,3.0,1.0,0.0,0.2652196283068108,"{'0': 0.45166959578207383, '1': 0.10059171597633136, '2': 0.24339757316202712}","{'0': 2845, '1': 1521, '2': 1401}"
small_prefix,raw,12,2,15.0,0.0,1.0,0.7148383454298722,"{'0': 0.7420035149384886, '1': 0.9122480620155039, '2': 0.49026345933562426}","{'0': 2845, '1': 1704, '2': 1218}"
small_prefix,quota,12,2,15.0,0.0,1.0,0.7054453406228637,"{'0': 0.7420035149384886, '1': 0.9046679815910585, '2': 0.4696645253390435}","{'0': 2845, '1': 1521, '2': 1401}"
small_prefix,raw,12,2,15.0,0.25,0.75,0.6820224849904134,"{'0': 0.7277915160738063, '1': 0.8243847874720358, '2': 0.493891151425398}","{'0': 2412, '1': 2055, '2': 1300}"
small_prefix,quota,12,2,15.0,0.25,0.75,0.7043653887657143,"{'0': 0.7497363796133568, '1': 0.8494411571334648, '2': 0.5139186295503212}","{'0': 2845, '1': 1521, '2': 1401}"
small_prefix,raw,12,2,15.0,0.5,0.5,0.643315661503093,"{'0': 0.714046511627907, '1': 0.7640077284018769, '2': 0.4518927444794953}","{'0': 2530, '1': 2102, '2': 1135}"
small_prefix,quota,12,2,15.0,0.5,0.5,0.6842485292890704,"{'0': 0.7300527240773287, '1': 0.8408941485864563, '2': 0.4817987152034261}","{'0': 2845, '1': 1521, '2': 1401}"
small_prefix,raw,12,2,15.0,0.75,0.25,0.49795499526449855,"{'0': 0.6563573883161512, '1': 0.529957805907173, '2': 0.30754979157017137}","{'0': 2975, '1': 2034, '2': 758}"
small_prefix,quota,12,2,15.0,0.75,0.25,0.5483636941132731,"{'0': 0.6333919156414762, '1': 0.6134122287968442, '2': 0.39828693790149894}","{'0': 2845, '1': 1521, '2': 1401}"
small_prefix,raw,12,2,15.0,1.0,0.0,0.29744819665871125,"{'0': 0.5622263914946842, '1': 0.10162736632348057, '2': 0.22849083215796898}","{'0': 3551, '1': 1490, '2': 726}"
small_prefix,quota,12,2,15.0,1.0,0.0,0.2652196283068108,"{'0': 0.45166959578207383, '1': 0.10059171597633136, '2': 0.24339757316202712}","{'0': 2845, '1': 1521, '2': 1401}"
ratio_prefix,raw,4,0,0.5,0.0,1.0,0.7311553578074279,"{'0': 0.8417746368276403, '1': 0.8604255319148936, '2': 0.49126590467974984}","{'0': 9027, '1': 2612, '2': 1944}"
ratio_prefix,quota,4,0,0.5,0.0,1.0,0.7089379947307918,"{'0': 0.8393546921154283, '1': 0.8117816091954023, '2': 0.47567768288154477}","{'0': 8802, '1': 2088, '2': 2693}"
ratio_prefix,raw,4,0,0.5,0.25,0.75,0.7311553578074279,"{'0': 0.8417746368276403, '1': 0.8604255319148936, '2': 0.49126590467974984}","{'0': 9027, '1': 2612, '2': 1944}"
ratio_prefix,quota,4,0,0.5,0.25,0.75,0.7130549319998002,"{'0': 0.842422176778005, '1': 0.8117816091954023, '2': 0.4849610100259933}","{'0': 8802, '1': 2088, '2': 2693}"
ratio_prefix,raw,4,0,0.5,0.5,0.5,0.7311553578074279,"{'0': 0.8417746368276403, '1': 0.8604255319148936, '2': 0.49126590467974984}","{'0': 9027, '1': 2612, '2': 1944}"
ratio_prefix,quota,4,0,0.5,0.5,0.5,0.713863171381194,"{'0': 0.8429902294932969, '1': 0.8117816091954023, '2': 0.486817675454883}","{'0': 8802, '1': 2088, '2': 2693}"
ratio_prefix,raw,4,0,0.5,0.75,0.25,0.7311553578074279,"{'0': 0.8417746368276403, '1': 0.8604255319148936, '2': 0.49126590467974984}","{'0': 9027, '1': 2612, '2': 1944}"
ratio_prefix,quota,4,0,0.5,0.75,0.25,0.713863171381194,"{'0': 0.8429902294932969, '1': 0.8117816091954023, '2': 0.486817675454883}","{'0': 8802, '1': 2088, '2': 2693}"
ratio_prefix,raw,4,0,0.5,1.0,0.0,0.7311553578074279,"{'0': 0.8417746368276403, '1': 0.8604255319148936, '2': 0.49126590467974984}","{'0': 9027, '1': 2612, '2': 1944}"
ratio_prefix,quota,4,0,0.5,1.0,0.0,0.713863171381194,"{'0': 0.8429902294932969, '1': 0.8117816091954023, '2': 0.486817675454883}","{'0': 8802, '1': 2088, '2': 2693}"
ratio_prefix,raw,4,0,3.0,0.0,1.0,0.7311553578074279,"{'0': 0.8417746368276403, '1': 0.8604255319148936, '2': 0.49126590467974984}","{'0': 9027, '1': 2612, '2': 1944}"
ratio_prefix,quota,4,0,3.0,0.0,1.0,0.7071598680917252,"{'0': 0.8381049761417859, '1': 0.8117816091954023, '2': 0.4715930189379874}","{'0': 8802, '1': 2088, '2': 2693}"
ratio_prefix,raw,4,0,3.0,0.25,0.75,0.7311553578074279,"{'0': 0.8417746368276403, '1': 0.8604255319148936, '2': 0.49126590467974984}","{'0': 9027, '1': 2612, '2': 1944}"
ratio_prefix,quota,4,0,3.0,0.25,0.75,0.7106680840366381,"{'0': 0.8408316291751875, '1': 0.8117816091954023, '2': 0.4793910137393242}","{'0': 8802, '1': 2088, '2': 2693}"
ratio_prefix,raw,4,0,3.0,0.5,0.5,0.7311553578074279,"{'0': 0.8417746368276403, '1': 0.8604255319148936, '2': 0.49126590467974984}","{'0': 9027, '1': 2612, '2': 1944}"
ratio_prefix,quota,4,0,3.0,0.5,0.5,0.7106680840366381,"{'0': 0.8408316291751875, '1': 0.8117816091954023, '2': 0.4793910137393242}","{'0': 8802, '1': 2088, '2': 2693}"
ratio_prefix,raw,4,0,3.0,0.75,0.25,0.7311553578074279,"{'0': 0.8417746368276403, '1': 0.8604255319148936, '2': 0.49126590467974984}","{'0': 9027, '1': 2612, '2': 1944}"
ratio_prefix,quota,4,0,3.0,0.75,0.25,0.7108297319129168,"{'0': 0.8409452397182459, '1': 0.8117816091954023, '2': 0.4797623468251021}","{'0': 8802, '1': 2088, '2': 2693}"
ratio_prefix,raw,4,0,3.0,1.0,0.0,0.7311553578074279,"{'0': 0.8417746368276403, '1': 0.8604255319148936, '2': 0.49126590467974984}","{'0': 9027, '1': 2612, '2': 1944}"
ratio_prefix,quota,4,0,3.0,1.0,0.0,0.7108297319129168,"{'0': 0.8409452397182459, '1': 0.8117816091954023, '2': 0.4797623468251021}","{'0': 8802, '1': 2088, '2': 2693}"
ratio_prefix,raw,4,0,15.0,0.0,1.0,0.7311275586413828,"{'0': 0.8418101272920989, '1': 0.8603066439522998, '2': 0.49126590467974984}","{'0': 9031, '1': 2608, '2': 1944}"
ratio_prefix,quota,4,0,15.0,0.0,1.0,0.707888356160566,"{'0': 0.8382185866848444, '1': 0.8127394636015326, '2': 0.4727070181953212}","{'0': 8802, '1': 2088, '2': 2693}"
ratio_prefix,raw,4,0,15.0,0.25,0.75,0.7311275586413828,"{'0': 0.8418101272920989, '1': 0.8603066439522998, '2': 0.49126590467974984}","{'0': 9031, '1': 2608, '2': 1944}"
ratio_prefix,quota,4,0,15.0,0.25,0.75,0.7081636145799032,"{'0': 0.838673028857078, '1': 0.8127394636015326, '2': 0.47307835128109915}","{'0': 8802, '1': 2088, '2': 2693}"
ratio_prefix,raw,4,0,15.0,0.5,0.5,0.7311275586413828,"{'0': 0.8418101272920989, '1': 0.8603066439522998, '2': 0.49126590467974984}","{'0': 9031, '1': 2608, '2': 1944}"
ratio_prefix,quota,4,0,15.0,0.5,0.5,0.7081636145799032,"{'0': 0.838673028857078, '1': 0.8127394636015326, '2': 0.47307835128109915}","{'0': 8802, '1': 2088, '2': 2693}"
ratio_prefix,raw,4,0,15.0,0.75,0.25,0.7311275586413828,"{'0': 0.8418101272920989, '1': 0.8603066439522998, '2': 0.49126590467974984}","{'0': 9031, '1': 2608, '2': 1944}"
ratio_prefix,quota,4,0,15.0,0.75,0.25,0.7081636145799032,"{'0': 0.838673028857078, '1': 0.8127394636015326, '2': 0.47307835128109915}","{'0': 8802, '1': 2088, '2': 2693}"
ratio_prefix,raw,4,0,15.0,1.0,0.0,0.7311275586413828,"{'0': 0.8418101272920989, '1': 0.8603066439522998, '2': 0.49126590467974984}","{'0': 9031, '1': 2608, '2': 1944}"
ratio_prefix,quota,4,0,15.0,1.0,0.0,0.7081636145799032,"{'0': 0.838673028857078, '1': 0.8127394636015326, '2': 0.47307835128109915}","{'0': 8802, '1': 2088, '2': 2693}"
ratio_prefix,raw,4,1,0.5,0.0,1.0,0.7311553578074279,"{'0': 0.8417746368276403, '1': 0.8604255319148936, '2': 0.49126590467974984}","{'0': 9027, '1': 2612, '2': 1944}"
ratio_prefix,quota,4,1,0.5,0.0,1.0,0.7089379947307918,"{'0': 0.8393546921154283, '1': 0.8117816091954023, '2': 0.47567768288154477}","{'0': 8802, '1': 2088, '2': 2693}"
ratio_prefix,raw,4,1,0.5,0.25,0.75,0.7270810634446664,"{'0': 0.839068200954252, '1': 0.8600552134211085, '2': 0.48211977595863853}","{'0': 9013, '1': 2621, '2': 1949}"
ratio_prefix,quota,4,1,0.5,0.25,0.75,0.7109053324990401,"{'0': 0.8420813451488298, '1': 0.8093869731800766, '2': 0.48124767916821387}","{'0': 8802, '1': 2088, '2': 2693}"
ratio_prefix,raw,4,1,0.5,0.5,0.5,0.7305307941526333,"{'0': 0.8404963338973491, '1': 0.8660789252728799, '2': 0.4850171232876712}","{'0': 8928, '1': 2676, '2': 1979}"
ratio_prefix,quota,4,1,0.5,0.5,0.5,0.7062896930686832,"{'0': 0.8420813451488298, '1': 0.8089080459770115, '2': 0.46787968808020797}","{'0': 8802, '1': 2088, '2': 2693}"
ratio_prefix,raw,4,1,0.5,0.75,0.25,0.7090778734340947,"{'0': 0.8147721380422884, '1': 0.8660789252728799, '2': 0.44638255698711593}","{'0': 8555, '1': 2676, '2': 2352}"
ratio_prefix,quota,4,1,0.5,0.75,0.25,0.6864164261286817,"{'0': 0.8181095205635083, '1': 0.8089080459770115, '2': 0.43223171184552545}","{'0': 8802, '1': 2088, '2': 2693}"
ratio_prefix,raw,4,1,0.5,1.0,0.0,0.6751499552280085,"{'0': 0.7868041237113402, '1': 0.8164883075703527, '2': 0.4221574344023324}","{'0': 8173, '1': 2958, '2': 2452}"
ratio_prefix,quota,4,1,0.5,1.0,0.0,0.6721059729571829,"{'0': 0.8062940240854352, '1': 0.7993295019157088, '2': 0.41069439287040477}","{'0': 8802, '1': 2088, '2': 2693}"
ratio_prefix,raw,4,1,3.0,0.0,1.0,0.7311553578074279,"{'0': 0.8417746368276403, '1': 0.8604255319148936, '2': 0.49126590467974984}","{'0': 9027, '1': 2612, '2': 1944}"
ratio_prefix,quota,4,1,3.0,0.0,1.0,0.7071598680917252,"{'0': 0.8381049761417859, '1': 0.8117816091954023, '2': 0.4715930189379874}","{'0': 8802, '1': 2088, '2': 2693}"
ratio_prefix,raw,4,1,3.0,0.25,0.75,0.7270810634446664,"{'0': 0.839068200954252, '1': 0.8600552134211085, '2': 0.48211977595863853}","{'0': 9013, '1': 2621, '2': 1949}"
ratio_prefix,quota,4,1,3.0,0.25,0.75,0.7109053324990401,"{'0': 0.8420813451488298, '1': 0.8093869731800766, '2': 0.48124767916821387}","{'0': 8802, '1': 2088, '2': 2693}"
ratio_prefix,raw,4,1,3.0,0.5,0.5,0.7305307941526333,"{'0': 0.8404963338973491, '1': 0.8660789252728799, '2': 0.4850171232876712}","{'0': 8928, '1': 2676, '2': 1979}"
ratio_prefix,quota,4,1,3.0,0.5,0.5,0.7062896930686832,"{'0': 0.8420813451488298, '1': 0.8089080459770115, '2': 0.46787968808020797}","{'0': 8802, '1': 2088, '2': 2693}"
ratio_prefix,raw,4,1,3.0,0.75,0.25,0.7090778734340947,"{'0': 0.8147721380422884, '1': 0.8660789252728799, '2': 0.44638255698711593}","{'0': 8555, '1': 2676, '2': 2352}"
ratio_prefix,quota,4,1,3.0,0.75,0.25,0.6864164261286817,"{'0': 0.8181095205635083, '1': 0.8089080459770115, '2': 0.43223171184552545}","{'0': 8802, '1': 2088, '2': 2693}"
ratio_prefix,raw,4,1,3.0,1.0,0.0,0.6751499552280085,"{'0': 0.7868041237113402, '1': 0.8164883075703527, '2': 0.4221574344023324}","{'0': 8173, '1': 2958, '2': 2452}"
ratio_prefix,quota,4,1,3.0,1.0,0.0,0.6721059729571829,"{'0': 0.8062940240854352, '1': 0.7993295019157088, '2': 0.41069439287040477}","{'0': 8802, '1': 2088, '2': 2693}"
ratio_prefix,raw,4,1,15.0,0.0,1.0,0.7311275586413828,"{'0': 0.8418101272920989, '1': 0.8603066439522998, '2': 0.49126590467974984}","{'0': 9031, '1': 2608, '2': 1944}"
ratio_prefix,quota,4,1,15.0,0.0,1.0,0.707888356160566,"{'0': 0.8382185866848444, '1': 0.8127394636015326, '2': 0.4727070181953212}","{'0': 8802, '1': 2088, '2': 2693}"
ratio_prefix,raw,4,1,15.0,0.25,0.75,0.7270810634446664,"{'0': 0.839068200954252, '1': 0.8600552134211085, '2': 0.48211977595863853}","{'0': 9013, '1': 2621, '2': 1949}"
ratio_prefix,quota,4,1,15.0,0.25,0.75,0.7109053324990401,"{'0': 0.8420813451488298, '1': 0.8093869731800766, '2': 0.48124767916821387}","{'0': 8802, '1': 2088, '2': 2693}"
ratio_prefix,raw,4,1,15.0,0.5,0.5,0.7305307941526333,"{'0': 0.8404963338973491, '1': 0.8660789252728799, '2': 0.4850171232876712}","{'0': 8928, '1': 2676, '2': 1979}"
ratio_prefix,quota,4,1,15.0,0.5,0.5,0.7062896930686832,"{'0': 0.8420813451488298, '1': 0.8089080459770115, '2': 0.46787968808020797}","{'0': 8802, '1': 2088, '2': 2693}"
ratio_prefix,raw,4,1,15.0,0.75,0.25,0.7090778734340947,"{'0': 0.8147721380422884, '1': 0.8660789252728799, '2': 0.44638255698711593}","{'0': 8555, '1': 2676, '2': 2352}"
ratio_prefix,quota,4,1,15.0,0.75,0.25,0.6864164261286817,"{'0': 0.8181095205635083, '1': 0.8089080459770115, '2': 0.43223171184552545}","{'0': 8802, '1': 2088, '2': 2693}"
ratio_prefix,raw,4,1,15.0,1.0,0.0,0.6750322610327165,"{'0': 0.7867577756833176, '1': 0.8164883075703527, '2': 0.421850699844479}","{'0': 8174, '1': 2958, '2': 2451}"
ratio_prefix,quota,4,1,15.0,1.0,0.0,0.6719821952619235,"{'0': 0.8062940240854352, '1': 0.7993295019157088, '2': 0.4103230597846268}","{'0': 8802, '1': 2088, '2': 2693}"
ratio_prefix,raw,4,2,0.5,0.0,1.0,0.7311553578074279,"{'0': 0.8417746368276403, '1': 0.8604255319148936, '2': 0.49126590467974984}","{'0': 9027, '1': 2612, '2': 1944}"
ratio_prefix,quota,4,2,0.5,0.0,1.0,0.7089379947307918,"{'0': 0.8393546921154283, '1': 0.8117816091954023, '2': 0.47567768288154477}","{'0': 8802, '1': 2088, '2': 2693}"
ratio_prefix,raw,4,2,0.5,0.25,0.75,0.7046197095873586,"{'0': 0.829499400650722, '1': 0.8132712927372041, '2': 0.4710884353741497}","{'0': 8717, '1': 2855, '2': 2011}"
ratio_prefix,quota,4,2,0.5,0.25,0.75,0.6736779150884972,"{'0': 0.8303794592138151, '1': 0.7461685823754789, '2': 0.44448570367619755}","{'0': 8802, '1': 2088, '2': 2693}"
ratio_prefix,raw,4,2,0.5,0.5,0.5,0.674103874652202,"{'0': 0.8191671420422133, '1': 0.780990099009901, '2': 0.4221543829044919}","{'0': 8728, '1': 2962, '2': 1893}"
ratio_prefix,quota,4,2,0.5,0.5,0.5,0.6665860223884639,"{'0': 0.8228811633719609, '1': 0.7509578544061303, '2': 0.4259190493873004}","{'0': 8802, '1': 2088, '2': 2693}"
ratio_prefix,raw,4,2,0.5,0.75,0.25,0.6109847487283989,"{'0': 0.80149375656436, '1': 0.708273381294964, '2': 0.3231871083258729}","{'0': 8336, '1': 3472, '2': 1775}"
ratio_prefix,quota,4,2,0.5,0.75,0.25,0.646077640115788,"{'0': 0.8074301295160191, '1': 0.7078544061302682, '2': 0.4229483847010769}","{'0': 8802, '1': 2088, '2': 2693}"
ratio_prefix,raw,4,2,0.5,1.0,0.0,0.31410214040170975,"{'0': 0.6759448110377925, '1': 0.07511139401654997, '2': 0.1912502161507868}","{'0': 7868, '1': 2625, '2': 3090}"
ratio_prefix,quota,4,2,0.5,1.0,0.0,0.3134115338436197,"{'0': 0.7054078618495796, '1': 0.07998084291187739, '2': 0.15484589676940216}","{'0': 8802, '1': 2088, '2': 2693}"
ratio_prefix,raw,4,2,3.0,0.0,1.0,0.7311553578074279,"{'0': 0.8417746368276403, '1': 0.8604255319148936, '2': 0.49126590467974984}","{'0': 9027, '1': 2612, '2': 1944}"
ratio_prefix,quota,4,2,3.0,0.0,1.0,0.7071598680917252,"{'0': 0.8381049761417859, '1': 0.8117816091954023, '2': 0.4715930189379874}","{'0': 8802, '1': 2088, '2': 2693}"
ratio_prefix,raw,4,2,3.0,0.25,0.75,0.7046197095873586,"{'0': 0.829499400650722, '1': 0.8132712927372041, '2': 0.4710884353741497}","{'0': 8717, '1': 2855, '2': 2011}"
ratio_prefix,quota,4,2,3.0,0.25,0.75,0.6736779150884972,"{'0': 0.8303794592138151, '1': 0.7461685823754789, '2': 0.44448570367619755}","{'0': 8802, '1': 2088, '2': 2693}"
ratio_prefix,raw,4,2,3.0,0.5,0.5,0.674103874652202,"{'0': 0.8191671420422133, '1': 0.780990099009901, '2': 0.4221543829044919}","{'0': 8728, '1': 2962, '2': 1893}"
ratio_prefix,quota,4,2,3.0,0.5,0.5,0.6665860223884639,"{'0': 0.8228811633719609, '1': 0.7509578544061303, '2': 0.4259190493873004}","{'0': 8802, '1': 2088, '2': 2693}"
ratio_prefix,raw,4,2,3.0,0.75,0.25,0.6109847487283989,"{'0': 0.80149375656436, '1': 0.708273381294964, '2': 0.3231871083258729}","{'0': 8336, '1': 3472, '2': 1775}"
ratio_prefix,quota,4,2,3.0,0.75,0.25,0.646077640115788,"{'0': 0.8074301295160191, '1': 0.7078544061302682, '2': 0.4229483847010769}","{'0': 8802, '1': 2088, '2': 2693}"
ratio_prefix,raw,4,2,3.0,1.0,0.0,0.31410214040170975,"{'0': 0.6759448110377925, '1': 0.07511139401654997, '2': 0.1912502161507868}","{'0': 7868, '1': 2625, '2': 3090}"
ratio_prefix,quota,4,2,3.0,1.0,0.0,0.308651270952554,"{'0': 0.6984776187230175, '1': 0.07040229885057471, '2': 0.15707389528406981}","{'0': 8802, '1': 2088, '2': 2693}"
ratio_prefix,raw,4,2,15.0,0.0,1.0,0.7311275586413828,"{'0': 0.8418101272920989, '1': 0.8603066439522998, '2': 0.49126590467974984}","{'0': 9031, '1': 2608, '2': 1944}"
ratio_prefix,quota,4,2,15.0,0.0,1.0,0.707888356160566,"{'0': 0.8382185866848444, '1': 0.8127394636015326, '2': 0.4727070181953212}","{'0': 8802, '1': 2088, '2': 2693}"
ratio_prefix,raw,4,2,15.0,0.25,0.75,0.7046197095873586,"{'0': 0.829499400650722, '1': 0.8132712927372041, '2': 0.4710884353741497}","{'0': 8717, '1': 2855, '2': 2011}"
ratio_prefix,quota,4,2,15.0,0.25,0.75,0.6736779150884972,"{'0': 0.8303794592138151, '1': 0.7461685823754789, '2': 0.44448570367619755}","{'0': 8802, '1': 2088, '2': 2693}"
ratio_prefix,raw,4,2,15.0,0.5,0.5,0.674103874652202,"{'0': 0.8191671420422133, '1': 0.780990099009901, '2': 0.4221543829044919}","{'0': 8728, '1': 2962, '2': 1893}"
ratio_prefix,quota,4,2,15.0,0.5,0.5,0.6665860223884639,"{'0': 0.8228811633719609, '1': 0.7509578544061303, '2': 0.4259190493873004}","{'0': 8802, '1': 2088, '2': 2693}"
ratio_prefix,raw,4,2,15.0,0.75,0.25,0.6109847487283989,"{'0': 0.80149375656436, '1': 0.708273381294964, '2': 0.3231871083258729}","{'0': 8336, '1': 3472, '2': 1775}"
ratio_prefix,quota,4,2,15.0,0.75,0.25,0.646077640115788,"{'0': 0.8074301295160191, '1': 0.7078544061302682, '2': 0.4229483847010769}","{'0': 8802, '1': 2088, '2': 2693}"
ratio_prefix,raw,4,2,15.0,1.0,0.0,0.31410214040170975,"{'0': 0.6759448110377925, '1': 0.07511139401654997, '2': 0.1912502161507868}","{'0': 7868, '1': 2625, '2': 3090}"
ratio_prefix,quota,4,2,15.0,1.0,0.0,0.30791550798978967,"{'0': 0.6941604180867984, '1': 0.06657088122605365, '2': 0.16301522465651688}","{'0': 8802, '1': 2088, '2': 2693}"
ratio_prefix,raw,8,0,0.5,0.0,1.0,0.7157116451508494,"{'0': 0.8381798002219756, '1': 0.8609046506689318, '2': 0.44805048456164076}","{'0': 9218, '1': 2621, '2': 1744}"
ratio_prefix,quota,8,0,0.5,0.0,1.0,0.6825151909798558,"{'0': 0.8273119745512384, '1': 0.7902298850574713, '2': 0.4300037133308578}","{'0': 8802, '1': 2088, '2': 2693}"
ratio_prefix,raw,8,0,0.5,0.25,0.75,0.7157116451508494,"{'0': 0.8381798002219756, '1': 0.8609046506689318, '2': 0.44805048456164076}","{'0': 9218, '1': 2621, '2': 1744}"
ratio_prefix,quota,8,0,0.5,0.25,0.75,0.6825151909798558,"{'0': 0.8273119745512384, '1': 0.7902298850574713, '2': 0.4300037133308578}","{'0': 8802, '1': 2088, '2': 2693}"
ratio_prefix,raw,8,0,0.5,0.5,0.5,0.7157116451508494,"{'0': 0.8381798002219756, '1': 0.8609046506689318, '2': 0.44805048456164076}","{'0': 9218, '1': 2621, '2': 1744}"
ratio_prefix,quota,8,0,0.5,0.5,0.5,0.6825151909798558,"{'0': 0.8273119745512384, '1': 0.7902298850574713, '2': 0.4300037133308578}","{'0': 8802, '1': 2088, '2': 2693}"
ratio_prefix,raw,8,0,0.5,0.75,0.25,0.7157116451508494,"{'0': 0.8381798002219756, '1': 0.8609046506689318, '2': 0.44805048456164076}","{'0': 9218, '1': 2621, '2': 1744}"
ratio_prefix,quota,8,0,0.5,0.75,0.25,0.6825151909798558,"{'0': 0.8273119745512384, '1': 0.7902298850574713, '2': 0.4300037133308578}","{'0': 8802, '1': 2088, '2': 2693}"
ratio_prefix,raw,8,0,0.5,1.0,0.0,0.7157116451508494,"{'0': 0.8381798002219756, '1': 0.8609046506689318, '2': 0.44805048456164076}","{'0': 9218, '1': 2621, '2': 1744}"
ratio_prefix,quota,8,0,0.5,1.0,0.0,0.6825151909798558,"{'0': 0.8273119745512384, '1': 0.7902298850574713, '2': 0.4300037133308578}","{'0': 8802, '1': 2088, '2': 2693}"
ratio_prefix,raw,8,0,3.0,0.0,1.0,0.7157116451508494,"{'0': 0.8381798002219756, '1': 0.8609046506689318, '2': 0.44805048456164076}","{'0': 9218, '1': 2621, '2': 1744}"
ratio_prefix,quota,8,0,3.0,0.0,1.0,0.6825151909798558,"{'0': 0.8273119745512384, '1': 0.7902298850574713, '2': 0.4300037133308578}","{'0': 8802, '1': 2088, '2': 2693}"
ratio_prefix,raw,8,0,3.0,0.25,0.75,0.7157116451508494,"{'0': 0.8381798002219756, '1': 0.8609046506689318, '2': 0.44805048456164076}","{'0': 9218, '1': 2621, '2': 1744}"
ratio_prefix,quota,8,0,3.0,0.25,0.75,0.6825151909798558,"{'0': 0.8273119745512384, '1': 0.7902298850574713, '2': 0.4300037133308578}","{'0': 8802, '1': 2088, '2': 2693}"
ratio_prefix,raw,8,0,3.0,0.5,0.5,0.7157116451508494,"{'0': 0.8381798002219756, '1': 0.8609046506689318, '2': 0.44805048456164076}","{'0': 9218, '1': 2621, '2': 1744}"
ratio_prefix,quota,8,0,3.0,0.5,0.5,0.6825151909798558,"{'0': 0.8273119745512384, '1': 0.7902298850574713, '2': 0.4300037133308578}","{'0': 8802, '1': 2088, '2': 2693}"
ratio_prefix,raw,8,0,3.0,0.75,0.25,0.7157116451508494,"{'0': 0.8381798002219756, '1': 0.8609046506689318, '2': 0.44805048456164076}","{'0': 9218, '1': 2621, '2': 1744}"
ratio_prefix,quota,8,0,3.0,0.75,0.25,0.6825151909798558,"{'0': 0.8273119745512384, '1': 0.7902298850574713, '2': 0.4300037133308578}","{'0': 8802, '1': 2088, '2': 2693}"
ratio_prefix,raw,8,0,3.0,1.0,0.0,0.7157116451508494,"{'0': 0.8381798002219756, '1': 0.8609046506689318, '2': 0.44805048456164076}","{'0': 9218, '1': 2621, '2': 1744}"
ratio_prefix,quota,8,0,3.0,1.0,0.0,0.6825151909798558,"{'0': 0.8273119745512384, '1': 0.7902298850574713, '2': 0.4300037133308578}","{'0': 8802, '1': 2088, '2': 2693}"
ratio_prefix,raw,8,0,15.0,0.0,1.0,0.7157116451508494,"{'0': 0.8381798002219756, '1': 0.8609046506689318, '2': 0.44805048456164076}","{'0': 9218, '1': 2621, '2': 1744}"
ratio_prefix,quota,8,0,15.0,0.0,1.0,0.6825151909798558,"{'0': 0.8273119745512384, '1': 0.7902298850574713, '2': 0.4300037133308578}","{'0': 8802, '1': 2088, '2': 2693}"
ratio_prefix,raw,8,0,15.0,0.25,0.75,0.7157116451508494,"{'0': 0.8381798002219756, '1': 0.8609046506689318, '2': 0.44805048456164076}","{'0': 9218, '1': 2621, '2': 1744}"
ratio_prefix,quota,8,0,15.0,0.25,0.75,0.6825151909798558,"{'0': 0.8273119745512384, '1': 0.7902298850574713, '2': 0.4300037133308578}","{'0': 8802, '1': 2088, '2': 2693}"
ratio_prefix,raw,8,0,15.0,0.5,0.5,0.7157116451508494,"{'0': 0.8381798002219756, '1': 0.8609046506689318, '2': 0.44805048456164076}","{'0': 9218, '1': 2621, '2': 1744}"
ratio_prefix,quota,8,0,15.0,0.5,0.5,0.6825151909798558,"{'0': 0.8273119745512384, '1': 0.7902298850574713, '2': 0.4300037133308578}","{'0': 8802, '1': 2088, '2': 2693}"
ratio_prefix,raw,8,0,15.0,0.75,0.25,0.7157116451508494,"{'0': 0.8381798002219756, '1': 0.8609046506689318, '2': 0.44805048456164076}","{'0': 9218, '1': 2621, '2': 1744}"
ratio_prefix,quota,8,0,15.0,0.75,0.25,0.6825151909798558,"{'0': 0.8273119745512384, '1': 0.7902298850574713, '2': 0.4300037133308578}","{'0': 8802, '1': 2088, '2': 2693}"
ratio_prefix,raw,8,0,15.0,1.0,0.0,0.7157116451508494,"{'0': 0.8381798002219756, '1': 0.8609046506689318, '2': 0.44805048456164076}","{'0': 9218, '1': 2621, '2': 1744}"
ratio_prefix,quota,8,0,15.0,1.0,0.0,0.6825151909798558,"{'0': 0.8273119745512384, '1': 0.7902298850574713, '2': 0.4300037133308578}","{'0': 8802, '1': 2088, '2': 2693}"
ratio_prefix,raw,8,1,0.5,0.0,1.0,0.7157116451508494,"{'0': 0.8381798002219756, '1': 0.8609046506689318, '2': 0.44805048456164076}","{'0': 9218, '1': 2621, '2': 1744}"
ratio_prefix,quota,8,1,0.5,0.0,1.0,0.6825151909798558,"{'0': 0.8273119745512384, '1': 0.7902298850574713, '2': 0.4300037133308578}","{'0': 8802, '1': 2088, '2': 2693}"
ratio_prefix,raw,8,1,0.5,0.25,0.75,0.7347264314265606,"{'0': 0.8445345041089722, '1': 0.8667783829074152, '2': 0.49286640726329445}","{'0': 8964, '1': 2686, '2': 1933}"
ratio_prefix,quota,8,1,0.5,0.25,0.75,0.6954870824597726,"{'0': 0.8378777550556692, '1': 0.7974137931034483, '2': 0.4511696992202005}","{'0': 8802, '1': 2088, '2': 2693}"
ratio_prefix,raw,8,1,0.5,0.5,0.5,0.7303117749229496,"{'0': 0.843963681201659, '1': 0.8659534298300818, '2': 0.48101821373710774}","{'0': 9040, '1': 2679, '2': 1864}"
ratio_prefix,quota,8,1,0.5,0.5,0.5,0.6904442843157979,"{'0': 0.8336741649625086, '1': 0.7983716475095786, '2': 0.43928704047530637}","{'0': 8802, '1': 2088, '2': 2693}"
ratio_prefix,raw,8,1,0.5,0.75,0.25,0.7240534667947159,"{'0': 0.8331726133076182, '1': 0.867044738500315, '2': 0.4719430485762144}","{'0': 8827, '1': 2673, '2': 2083}"
ratio_prefix,quota,8,1,0.5,0.75,0.25,0.6912785008025844,"{'0': 0.8327652806180413, '1': 0.803639846743295, '2': 0.43743037504641663}","{'0': 8802, '1': 2088, '2': 2693}"
ratio_prefix,raw,8,1,0.5,1.0,0.0,0.6887565713523695,"{'0': 0.8036025566531086, '1': 0.8213716108452951, '2': 0.44129554655870445}","{'0': 8408, '1': 2928, '2': 2247}"
ratio_prefix,quota,8,1,0.5,1.0,0.0,0.6534945980126666,"{'0': 0.814587593728698, '1': 0.7337164750957854, '2': 0.41217972521351653}","{'0': 8802, '1': 2088, '2': 2693}"
ratio_prefix,raw,8,1,3.0,0.0,1.0,0.7157116451508494,"{'0': 0.8381798002219756, '1': 0.8609046506689318, '2': 0.44805048456164076}","{'0': 9218, '1': 2621, '2': 1744}"
ratio_prefix,quota,8,1,3.0,0.0,1.0,0.6825151909798558,"{'0': 0.8273119745512384, '1': 0.7902298850574713, '2': 0.4300037133308578}","{'0': 8802, '1': 2088, '2': 2693}"
ratio_prefix,raw,8,1,3.0,0.25,0.75,0.7347264314265606,"{'0': 0.8445345041089722, '1': 0.8667783829074152, '2': 0.49286640726329445}","{'0': 8964, '1': 2686, '2': 1933}"
ratio_prefix,quota,8,1,3.0,0.25,0.75,0.6954870824597726,"{'0': 0.8378777550556692, '1': 0.7974137931034483, '2': 0.4511696992202005}","{'0': 8802, '1': 2088, '2': 2693}"
ratio_prefix,raw,8,1,3.0,0.5,0.5,0.7303117749229496,"{'0': 0.843963681201659, '1': 0.8659534298300818, '2': 0.48101821373710774}","{'0': 9040, '1': 2679, '2': 1864}"
ratio_prefix,quota,8,1,3.0,0.5,0.5,0.6904442843157979,"{'0': 0.8336741649625086, '1': 0.7983716475095786, '2': 0.43928704047530637}","{'0': 8802, '1': 2088, '2': 2693}"
ratio_prefix,raw,8,1,3.0,0.75,0.25,0.7240534667947159,"{'0': 0.8331726133076182, '1': 0.867044738500315, '2': 0.4719430485762144}","{'0': 8827, '1': 2673, '2': 2083}"
ratio_prefix,quota,8,1,3.0,0.75,0.25,0.6895003741635177,"{'0': 0.831515564644399, '1': 0.803639846743295, '2': 0.43334571110285924}","{'0': 8802, '1': 2088, '2': 2693}"
ratio_prefix,raw,8,1,3.0,1.0,0.0,0.6887565713523695,"{'0': 0.8036025566531086, '1': 0.8213716108452951, '2': 0.44129554655870445}","{'0': 8408, '1': 2928, '2': 2247}"
ratio_prefix,quota,8,1,3.0,1.0,0.0,0.6534945980126666,"{'0': 0.814587593728698, '1': 0.7337164750957854, '2': 0.41217972521351653}","{'0': 8802, '1': 2088, '2': 2693}"
ratio_prefix,raw,8,1,15.0,0.0,1.0,0.7157116451508494,"{'0': 0.8381798002219756, '1': 0.8609046506689318, '2': 0.44805048456164076}","{'0': 9218, '1': 2621, '2': 1744}"
ratio_prefix,quota,8,1,15.0,0.0,1.0,0.6825151909798558,"{'0': 0.8273119745512384, '1': 0.7902298850574713, '2': 0.4300037133308578}","{'0': 8802, '1': 2088, '2': 2693}"
ratio_prefix,raw,8,1,15.0,0.25,0.75,0.7347836314501951,"{'0': 0.8445995384701975, '1': 0.8667783829074152, '2': 0.492972972972973}","{'0': 8965, '1': 2686, '2': 1932}"
ratio_prefix,quota,8,1,15.0,0.25,0.75,0.6960539226523347,"{'0': 0.8378777550556692, '1': 0.7983716475095786, '2': 0.4519123653917564}","{'0': 8802, '1': 2088, '2': 2693}"
ratio_prefix,raw,8,1,15.0,0.5,0.5,0.7303117749229496,"{'0': 0.843963681201659, '1': 0.8659534298300818, '2': 0.48101821373710774}","{'0': 9040, '1': 2679, '2': 1864}"
ratio_prefix,quota,8,1,15.0,0.5,0.5,0.6912424963209064,"{'0': 0.8336741649625086, '1': 0.8007662835249042, '2': 0.43928704047530637}","{'0': 8802, '1': 2088, '2': 2693}"
ratio_prefix,raw,8,1,15.0,0.75,0.25,0.7240534667947159,"{'0': 0.8331726133076182, '1': 0.867044738500315, '2': 0.4719430485762144}","{'0': 8827, '1': 2673, '2': 2083}"
ratio_prefix,quota,8,1,15.0,0.75,0.25,0.6895003741635177,"{'0': 0.831515564644399, '1': 0.803639846743295, '2': 0.43334571110285924}","{'0': 8802, '1': 2088, '2': 2693}"
ratio_prefix,raw,8,1,15.0,1.0,0.0,0.6887565713523695,"{'0': 0.8036025566531086, '1': 0.8213716108452951, '2': 0.44129554655870445}","{'0': 8408, '1': 2928, '2': 2247}"
ratio_prefix,quota,8,1,15.0,1.0,0.0,0.6534945980126666,"{'0': 0.814587593728698, '1': 0.7337164750957854, '2': 0.41217972521351653}","{'0': 8802, '1': 2088, '2': 2693}"
ratio_prefix,raw,8,2,0.5,0.0,1.0,0.7157116451508494,"{'0': 0.8381798002219756, '1': 0.8609046506689318, '2': 0.44805048456164076}","{'0': 9218, '1': 2621, '2': 1744}"
ratio_prefix,quota,8,2,0.5,0.0,1.0,0.6825151909798558,"{'0': 0.8273119745512384, '1': 0.7902298850574713, '2': 0.4300037133308578}","{'0': 8802, '1': 2088, '2': 2693}"
ratio_prefix,raw,8,2,0.5,0.25,0.75,0.67154312975662,"{'0': 0.8119761863476099, '1': 0.7681835861532478, '2': 0.43446961676900275}","{'0': 8499, '1': 3054, '2': 2030}"
ratio_prefix,quota,8,2,0.5,0.25,0.75,0.6602950944183569,"{'0': 0.8177686889343331, '1': 0.7442528735632183, '2': 0.4188637207575195}","{'0': 8802, '1': 2088, '2': 2693}"
ratio_prefix,raw,8,2,0.5,0.5,0.5,0.6526063190967101,"{'0': 0.8065958311560123, '1': 0.7440633245382586, '2': 0.4071598015958594}","{'0': 8421, '1': 3218, '2': 1944}"
ratio_prefix,quota,8,2,0.5,0.5,0.5,0.6554900581374802,"{'0': 0.8150420359009316, '1': 0.7385057471264368, '2': 0.4129223913850724}","{'0': 8802, '1': 2088, '2': 2693}"
ratio_prefix,raw,8,2,0.5,0.75,0.25,0.5890929651149766,"{'0': 0.7939221272554606, '1': 0.6689303904923599, '2': 0.3044263775971093}","{'0': 8046, '1': 3802, '2': 1735}"
ratio_prefix,quota,8,2,0.5,0.75,0.25,0.643359146819682,"{'0': 0.8061804135423767, '1': 0.7217432950191571, '2': 0.4021537318975121}","{'0': 8802, '1': 2088, '2': 2693}"
ratio_prefix,raw,8,2,0.5,1.0,0.0,0.3595845261888431,"{'0': 0.6533757338551859, '1': 0.2380640941792021, '2': 0.18731375053214133}","{'0': 7550, '1': 4028, '2': 2005}"
ratio_prefix,quota,8,2,0.5,1.0,0.0,0.39513091359397573,"{'0': 0.6945012497159736, '1': 0.26772030651340994, '2': 0.22317118455254364}","{'0': 8802, '1': 2088, '2': 2693}"
ratio_prefix,raw,8,2,3.0,0.0,1.0,0.7157116451508494,"{'0': 0.8381798002219756, '1': 0.8609046506689318, '2': 0.44805048456164076}","{'0': 9218, '1': 2621, '2': 1744}"
ratio_prefix,quota,8,2,3.0,0.0,1.0,0.6825151909798558,"{'0': 0.8273119745512384, '1': 0.7902298850574713, '2': 0.4300037133308578}","{'0': 8802, '1': 2088, '2': 2693}"
ratio_prefix,raw,8,2,3.0,0.25,0.75,0.67154312975662,"{'0': 0.8119761863476099, '1': 0.7681835861532478, '2': 0.43446961676900275}","{'0': 8499, '1': 3054, '2': 2030}"
ratio_prefix,quota,8,2,3.0,0.25,0.75,0.6626468706282839,"{'0': 0.8177686889343331, '1': 0.7442528735632183, '2': 0.4259190493873004}","{'0': 8802, '1': 2088, '2': 2693}"
ratio_prefix,raw,8,2,3.0,0.5,0.5,0.6526063190967101,"{'0': 0.8065958311560123, '1': 0.7440633245382586, '2': 0.4071598015958594}","{'0': 8421, '1': 3218, '2': 1944}"
ratio_prefix,quota,8,2,3.0,0.5,0.5,0.6569753904805921,"{'0': 0.8150420359009316, '1': 0.7385057471264368, '2': 0.4173783884144077}","{'0': 8802, '1': 2088, '2': 2693}"
ratio_prefix,raw,8,2,3.0,0.75,0.25,0.5890929651149766,"{'0': 0.7939221272554606, '1': 0.6689303904923599, '2': 0.3044263775971093}","{'0': 8046, '1': 3802, '2': 1735}"
ratio_prefix,quota,8,2,3.0,0.75,0.25,0.643359146819682,"{'0': 0.8061804135423767, '1': 0.7217432950191571, '2': 0.4021537318975121}","{'0': 8802, '1': 2088, '2': 2693}"
ratio_prefix,raw,8,2,3.0,1.0,0.0,0.3595845261888431,"{'0': 0.6533757338551859, '1': 0.2380640941792021, '2': 0.18731375053214133}","{'0': 7550, '1': 4028, '2': 2005}"
ratio_prefix,quota,8,2,3.0,1.0,0.0,0.38309472440151665,"{'0': 0.6783685526016814, '1': 0.2581417624521073, '2': 0.21277385815076122}","{'0': 8802, '1': 2088, '2': 2693}"
ratio_prefix,raw,8,2,15.0,0.0,1.0,0.7157116451508494,"{'0': 0.8381798002219756, '1': 0.8609046506689318, '2': 0.44805048456164076}","{'0': 9218, '1': 2621, '2': 1744}"
ratio_prefix,quota,8,2,15.0,0.0,1.0,0.6825151909798558,"{'0': 0.8273119745512384, '1': 0.7902298850574713, '2': 0.4300037133308578}","{'0': 8802, '1': 2088, '2': 2693}"
ratio_prefix,raw,8,2,15.0,0.25,0.75,0.6707855154166634,"{'0': 0.8116946900098226, '1': 0.7681835861532478, '2': 0.43247827008691964}","{'0': 8505, '1': 3054, '2': 2024}"
ratio_prefix,quota,8,2,15.0,0.25,0.75,0.6655242590758509,"{'0': 0.8167461940468076, '1': 0.7442528735632183, '2': 0.4355737096175269}","{'0': 8802, '1': 2088, '2': 2693}"
ratio_prefix,raw,8,2,15.0,0.5,0.5,0.6526063190967101,"{'0': 0.8065958311560123, '1': 0.7440633245382586, '2': 0.4071598015958594}","{'0': 8421, '1': 3218, '2': 1944}"
ratio_prefix,quota,8,2,15.0,0.5,0.5,0.6601936105573342,"{'0': 0.8150420359009316, '1': 0.7385057471264368, '2': 0.42703304864463426}","{'0': 8802, '1': 2088, '2': 2693}"
ratio_prefix,raw,8,2,15.0,0.75,0.25,0.5890929651149766,"{'0': 0.7939221272554606, '1': 0.6689303904923599, '2': 0.3044263775971093}","{'0': 8046, '1': 3802, '2': 1735}"
ratio_prefix,quota,8,2,15.0,0.75,0.25,0.643359146819682,"{'0': 0.8061804135423767, '1': 0.7217432950191571, '2': 0.4021537318975121}","{'0': 8802, '1': 2088, '2': 2693}"
ratio_prefix,raw,8,2,15.0,1.0,0.0,0.3595845261888431,"{'0': 0.6533757338551859, '1': 0.2380640941792021, '2': 0.18731375053214133}","{'0': 7550, '1': 4028, '2': 2005}"
ratio_prefix,quota,8,2,15.0,1.0,0.0,0.38309472440151665,"{'0': 0.6783685526016814, '1': 0.2581417624521073, '2': 0.21277385815076122}","{'0': 8802, '1': 2088, '2': 2693}"
ratio_prefix,raw,12,0,0.5,0.0,1.0,0.7016810176223475,"{'0': 0.8348838474511724, '1': 0.8552631578947368, '2': 0.4148960475211332}","{'0': 9579, '1': 2320, '2': 1684}"
ratio_prefix,quota,12,0,0.5,0.0,1.0,0.6696378816069065,"{'0': 0.8043626448534424, '1': 0.796455938697318, '2': 0.40809506126995915}","{'0': 8802, '1': 2088, '2': 2693}"
ratio_prefix,raw,12,0,0.5,0.25,0.75,0.7016810176223475,"{'0': 0.8348838474511724, '1': 0.8552631578947368, '2': 0.4148960475211332}","{'0': 9579, '1': 2320, '2': 1684}"
ratio_prefix,quota,12,0,0.5,0.25,0.75,0.6696378816069065,"{'0': 0.8043626448534424, '1': 0.796455938697318, '2': 0.40809506126995915}","{'0': 8802, '1': 2088, '2': 2693}"
ratio_prefix,raw,12,0,0.5,0.5,0.5,0.7016810176223475,"{'0': 0.8348838474511724, '1': 0.8552631578947368, '2': 0.4148960475211332}","{'0': 9579, '1': 2320, '2': 1684}"
ratio_prefix,quota,12,0,0.5,0.5,0.5,0.6696378816069065,"{'0': 0.8043626448534424, '1': 0.796455938697318, '2': 0.40809506126995915}","{'0': 8802, '1': 2088, '2': 2693}"
ratio_prefix,raw,12,0,0.5,0.75,0.25,0.7016810176223475,"{'0': 0.8348838474511724, '1': 0.8552631578947368, '2': 0.4148960475211332}","{'0': 9579, '1': 2320, '2': 1684}"
ratio_prefix,quota,12,0,0.5,0.75,0.25,0.6696378816069065,"{'0': 0.8043626448534424, '1': 0.796455938697318, '2': 0.40809506126995915}","{'0': 8802, '1': 2088, '2': 2693}"
ratio_prefix,raw,12,0,0.5,1.0,0.0,0.7016810176223475,"{'0': 0.8348838474511724, '1': 0.8552631578947368, '2': 0.4148960475211332}","{'0': 9579, '1': 2320, '2': 1684}"
ratio_prefix,quota,12,0,0.5,1.0,0.0,0.6696378816069065,"{'0': 0.8043626448534424, '1': 0.796455938697318, '2': 0.40809506126995915}","{'0': 8802, '1': 2088, '2': 2693}"
ratio_prefix,raw,12,0,3.0,0.0,1.0,0.7016810176223475,"{'0': 0.8348838474511724, '1': 0.8552631578947368, '2': 0.4148960475211332}","{'0': 9579, '1': 2320, '2': 1684}"
ratio_prefix,quota,12,0,3.0,0.0,1.0,0.6696378816069065,"{'0': 0.8043626448534424, '1': 0.796455938697318, '2': 0.40809506126995915}","{'0': 8802, '1': 2088, '2': 2693}"
ratio_prefix,raw,12,0,3.0,0.25,0.75,0.7016810176223475,"{'0': 0.8348838474511724, '1': 0.8552631578947368, '2': 0.4148960475211332}","{'0': 9579, '1': 2320, '2': 1684}"
ratio_prefix,quota,12,0,3.0,0.25,0.75,0.6696378816069065,"{'0': 0.8043626448534424, '1': 0.796455938697318, '2': 0.40809506126995915}","{'0': 8802, '1': 2088, '2': 2693}"
ratio_prefix,raw,12,0,3.0,0.5,0.5,0.7016810176223475,"{'0': 0.8348838474511724, '1': 0.8552631578947368, '2': 0.4148960475211332}","{'0': 9579, '1': 2320, '2': 1684}"
ratio_prefix,quota,12,0,3.0,0.5,0.5,0.6696378816069065,"{'0': 0.8043626448534424, '1': 0.796455938697318, '2': 0.40809506126995915}","{'0': 8802, '1': 2088, '2': 2693}"
ratio_prefix,raw,12,0,3.0,0.75,0.25,0.7016810176223475,"{'0': 0.8348838474511724, '1': 0.8552631578947368, '2': 0.4148960475211332}","{'0': 9579, '1': 2320, '2': 1684}"
ratio_prefix,quota,12,0,3.0,0.75,0.25,0.6696378816069065,"{'0': 0.8043626448534424, '1': 0.796455938697318, '2': 0.40809506126995915}","{'0': 8802, '1': 2088, '2': 2693}"
ratio_prefix,raw,12,0,3.0,1.0,0.0,0.7016810176223475,"{'0': 0.8348838474511724, '1': 0.8552631578947368, '2': 0.4148960475211332}","{'0': 9579, '1': 2320, '2': 1684}"
ratio_prefix,quota,12,0,3.0,1.0,0.0,0.6696378816069065,"{'0': 0.8043626448534424, '1': 0.796455938697318, '2': 0.40809506126995915}","{'0': 8802, '1': 2088, '2': 2693}"
ratio_prefix,raw,12,0,15.0,0.0,1.0,0.7012551294641559,"{'0': 0.8351994782041526, '1': 0.8552631578947368, '2': 0.413302752293578}","{'0': 9596, '1': 2320, '2': 1667}"
ratio_prefix,quota,12,0,15.0,0.0,1.0,0.6696378816069065,"{'0': 0.8043626448534424, '1': 0.796455938697318, '2': 0.40809506126995915}","{'0': 8802, '1': 2088, '2': 2693}"
ratio_prefix,raw,12,0,15.0,0.25,0.75,0.7012551294641559,"{'0': 0.8351994782041526, '1': 0.8552631578947368, '2': 0.413302752293578}","{'0': 9596, '1': 2320, '2': 1667}"
ratio_prefix,quota,12,0,15.0,0.25,0.75,0.6696378816069065,"{'0': 0.8043626448534424, '1': 0.796455938697318, '2': 0.40809506126995915}","{'0': 8802, '1': 2088, '2': 2693}"
ratio_prefix,raw,12,0,15.0,0.5,0.5,0.7012551294641559,"{'0': 0.8351994782041526, '1': 0.8552631578947368, '2': 0.413302752293578}","{'0': 9596, '1': 2320, '2': 1667}"
ratio_prefix,quota,12,0,15.0,0.5,0.5,0.6696378816069065,"{'0': 0.8043626448534424, '1': 0.796455938697318, '2': 0.40809506126995915}","{'0': 8802, '1': 2088, '2': 2693}"
ratio_prefix,raw,12,0,15.0,0.75,0.25,0.7012551294641559,"{'0': 0.8351994782041526, '1': 0.8552631578947368, '2': 0.413302752293578}","{'0': 9596, '1': 2320, '2': 1667}"
ratio_prefix,quota,12,0,15.0,0.75,0.25,0.6696378816069065,"{'0': 0.8043626448534424, '1': 0.796455938697318, '2': 0.40809506126995915}","{'0': 8802, '1': 2088, '2': 2693}"
ratio_prefix,raw,12,0,15.0,1.0,0.0,0.7012551294641559,"{'0': 0.8351994782041526, '1': 0.8552631578947368, '2': 0.413302752293578}","{'0': 9596, '1': 2320, '2': 1667}"
ratio_prefix,quota,12,0,15.0,1.0,0.0,0.6696378816069065,"{'0': 0.8043626448534424, '1': 0.796455938697318, '2': 0.40809506126995915}","{'0': 8802, '1': 2088, '2': 2693}"
ratio_prefix,raw,12,1,0.5,0.0,1.0,0.7016810176223475,"{'0': 0.8348838474511724, '1': 0.8552631578947368, '2': 0.4148960475211332}","{'0': 9579, '1': 2320, '2': 1684}"
ratio_prefix,quota,12,1,0.5,0.0,1.0,0.6696378816069065,"{'0': 0.8043626448534424, '1': 0.796455938697318, '2': 0.40809506126995915}","{'0': 8802, '1': 2088, '2': 2693}"
ratio_prefix,raw,12,1,0.5,0.25,0.75,0.7184300755593398,"{'0': 0.8323776652006903, '1': 0.8614062853267014, '2': 0.4615062761506276}","{'0': 9161, '1': 2335, '2': 2087}"
ratio_prefix,quota,12,1,0.5,0.25,0.75,0.6983062199915838,"{'0': 0.8232219950011361, '1': 0.8093869731800766, '2': 0.4623096917935388}","{'0': 8802, '1': 2088, '2': 2693}"
ratio_prefix,raw,12,1,0.5,0.5,0.5,0.7231141729683787,"{'0': 0.8368323295998199, '1': 0.8674138295622753, '2': 0.4650963597430407}","{'0': 8965, '1': 2641, '2': 1977}"
ratio_prefix,quota,12,1,0.5,0.5,0.5,0.6896861334458477,"{'0': 0.8291297432401726, '1': 0.8117816091954023, '2': 0.42814704790196806}","{'0': 8802, '1': 2088, '2': 2693}"
ratio_prefix,raw,12,1,0.5,0.75,0.25,0.7187172994090342,"{'0': 0.8273738237810094, '1': 0.8656591099916037, '2': 0.4631189644544894}","{'0': 8733, '1': 2676, '2': 2174}"
ratio_prefix,quota,12,1,0.5,0.75,0.25,0.6926798370337641,"{'0': 0.8300386275846399, '1': 0.8146551724137931, '2': 0.43334571110285924}","{'0': 8802, '1': 2088, '2': 2693}"
ratio_prefix,raw,12,1,0.5,1.0,0.0,0.6916559414655575,"{'0': 0.8044692737430168, '1': 0.8215353938185443, '2': 0.44896315683511173}","{'0': 8382, '1': 2927, '2': 2274}"
ratio_prefix,quota,12,1,0.5,1.0,0.0,0.6622493265882485,"{'0': 0.8172006362190412, '1': 0.7480842911877394, '2': 0.4214630523579651}","{'0': 8802, '1': 2088, '2': 2693}"
ratio_prefix,raw,12,1,3.0,0.0,1.0,0.7016810176223475,"{'0': 0.8348838474511724, '1': 0.8552631578947368, '2': 0.4148960475211332}","{'0': 9579, '1': 2320, '2': 1684}"
ratio_prefix,quota,12,1,3.0,0.0,1.0,0.6696378816069065,"{'0': 0.8043626448534424, '1': 0.796455938697318, '2': 0.40809506126995915}","{'0': 8802, '1': 2088, '2': 2693}"
ratio_prefix,raw,12,1,3.0,0.25,0.75,0.7184300755593398,"{'0': 0.8323776652006903, '1': 0.8614062853267014, '2': 0.4615062761506276}","{'0': 9161, '1': 2335, '2': 2087}"
ratio_prefix,quota,12,1,3.0,0.25,0.75,0.6983062199915838,"{'0': 0.8232219950011361, '1': 0.8093869731800766, '2': 0.4623096917935388}","{'0': 8802, '1': 2088, '2': 2693}"
ratio_prefix,raw,12,1,3.0,0.5,0.5,0.7229735637635906,"{'0': 0.8368690563277249, '1': 0.8674138295622753, '2': 0.46463780540077154}","{'0': 8969, '1': 2641, '2': 1973}"
ratio_prefix,quota,12,1,3.0,0.5,0.5,0.6896861334458477,"{'0': 0.8291297432401726, '1': 0.8117816091954023, '2': 0.42814704790196806}","{'0': 8802, '1': 2088, '2': 2693}"
ratio_prefix,raw,12,1,3.0,0.75,0.25,0.7187172994090342,"{'0': 0.8273738237810094, '1': 0.8656591099916037, '2': 0.4631189644544894}","{'0': 8733, '1': 2676, '2': 2174}"
ratio_prefix,quota,12,1,3.0,0.75,0.25,0.6926798370337641,"{'0': 0.8300386275846399, '1': 0.8146551724137931, '2': 0.43334571110285924}","{'0': 8802, '1': 2088, '2': 2693}"
ratio_prefix,raw,12,1,3.0,1.0,0.0,0.6916559414655575,"{'0': 0.8044692737430168, '1': 0.8215353938185443, '2': 0.44896315683511173}","{'0': 8382, '1': 2927, '2': 2274}"
ratio_prefix,quota,12,1,3.0,1.0,0.0,0.6622493265882485,"{'0': 0.8172006362190412, '1': 0.7480842911877394, '2': 0.4214630523579651}","{'0': 8802, '1': 2088, '2': 2693}"
ratio_prefix,raw,12,1,15.0,0.0,1.0,0.7012551294641559,"{'0': 0.8351994782041526, '1': 0.8552631578947368, '2': 0.413302752293578}","{'0': 9596, '1': 2320, '2': 1667}"
ratio_prefix,quota,12,1,15.0,0.0,1.0,0.6696378816069065,"{'0': 0.8043626448534424, '1': 0.796455938697318, '2': 0.40809506126995915}","{'0': 8802, '1': 2088, '2': 2693}"
ratio_prefix,raw,12,1,15.0,0.25,0.75,0.7184300755593398,"{'0': 0.8323776652006903, '1': 0.8614062853267014, '2': 0.4615062761506276}","{'0': 9161, '1': 2335, '2': 2087}"
ratio_prefix,quota,12,1,15.0,0.25,0.75,0.70000674056927,"{'0': 0.8232219950011361, '1': 0.8122605363984674, '2': 0.46453769030820646}","{'0': 8802, '1': 2088, '2': 2693}"
ratio_prefix,raw,12,1,15.0,0.5,0.5,0.7229735637635906,"{'0': 0.8368690563277249, '1': 0.8674138295622753, '2': 0.46463780540077154}","{'0': 8969, '1': 2641, '2': 1973}"
ratio_prefix,quota,12,1,15.0,0.5,0.5,0.6896861334458477,"{'0': 0.8291297432401726, '1': 0.8117816091954023, '2': 0.42814704790196806}","{'0': 8802, '1': 2088, '2': 2693}"
ratio_prefix,raw,12,1,15.0,0.75,0.25,0.7187172994090342,"{'0': 0.8273738237810094, '1': 0.8656591099916037, '2': 0.4631189644544894}","{'0': 8733, '1': 2676, '2': 2174}"
ratio_prefix,quota,12,1,15.0,0.75,0.25,0.6926798370337641,"{'0': 0.8300386275846399, '1': 0.8146551724137931, '2': 0.43334571110285924}","{'0': 8802, '1': 2088, '2': 2693}"
ratio_prefix,raw,12,1,15.0,1.0,0.0,0.6920100507664634,"{'0': 0.8050921350927164, '1': 0.8231768231768232, '2': 0.44776119402985076}","{'0': 8401, '1': 2917, '2': 2265}"
ratio_prefix,quota,12,1,15.0,1.0,0.0,0.6602498555129208,"{'0': 0.8165189729606908, '1': 0.7442528735632183, '2': 0.41997772001485334}","{'0': 8802, '1': 2088, '2': 2693}"
ratio_prefix,raw,12,2,0.5,0.0,1.0,0.7016810176223475,"{'0': 0.8348838474511724, '1': 0.8552631578947368, '2': 0.4148960475211332}","{'0': 9579, '1': 2320, '2': 1684}"
ratio_prefix,quota,12,2,0.5,0.0,1.0,0.6696378816069065,"{'0': 0.8043626448534424, '1': 0.796455938697318, '2': 0.40809506126995915}","{'0': 8802, '1': 2088, '2': 2693}"
ratio_prefix,raw,12,2,0.5,0.25,0.75,0.6553945677152867,"{'0': 0.8085277093243166, '1': 0.7419680743584562, '2': 0.41568791946308725}","{'0': 8647, '1': 2861, '2': 2075}"
ratio_prefix,quota,12,2,0.5,0.25,0.75,0.6430313269583704,"{'0': 0.8115201090661214, '1': 0.7183908045977011, '2': 0.39918306721128854}","{'0': 8802, '1': 2088, '2': 2693}"
ratio_prefix,raw,12,2,0.5,0.5,0.5,0.6442464057527638,"{'0': 0.8072710591203625, '1': 0.7309766327142001, '2': 0.39449152542372884}","{'0': 8637, '1': 2919, '2': 2027}"
ratio_prefix,quota,12,2,0.5,0.5,0.5,0.6414593879789848,"{'0': 0.8101567825494206, '1': 0.7150383141762452, '2': 0.39918306721128854}","{'0': 8802, '1': 2088, '2': 2693}"
ratio_prefix,raw,12,2,0.5,0.75,0.25,0.578688822796354,"{'0': 0.7878574777308954, '1': 0.6435852372583479, '2': 0.3046237533998187}","{'0': 8262, '1': 3602, '2': 1719}"
ratio_prefix,quota,12,2,0.5,0.75,0.25,0.6348863922112424,"{'0': 0.8058395819132016, '1': 0.7092911877394636, '2': 0.389528406981062}","{'0': 8802, '1': 2088, '2': 2693}"
ratio_prefix,raw,12,2,0.5,1.0,0.0,0.37151956023498345,"{'0': 0.6808560815989623, '1': 0.24491203863401173, '2': 0.1887905604719764}","{'0': 8159, '1': 3710, '2': 1714}"
ratio_prefix,quota,12,2,0.5,1.0,0.0,0.39547393666220204,"{'0': 0.702908429902295, '1': 0.2662835249042146, '2': 0.21722985518009655}","{'0': 8802, '1': 2088, '2': 2693}"
ratio_prefix,raw,12,2,3.0,0.0,1.0,0.7016810176223475,"{'0': 0.8348838474511724, '1': 0.8552631578947368, '2': 0.4148960475211332}","{'0': 9579, '1': 2320, '2': 1684}"
ratio_prefix,quota,12,2,3.0,0.0,1.0,0.6696378816069065,"{'0': 0.8043626448534424, '1': 0.796455938697318, '2': 0.40809506126995915}","{'0': 8802, '1': 2088, '2': 2693}"
ratio_prefix,raw,12,2,3.0,0.25,0.75,0.6558387697450927,"{'0': 0.8092320027489834, '1': 0.7419680743584562, '2': 0.4163162321278385}","{'0': 8659, '1': 2861, '2': 2063}"
ratio_prefix,quota,12,2,3.0,0.25,0.75,0.6456481944354335,"{'0': 0.8123153828675301, '1': 0.7183908045977011, '2': 0.40623839584106947}","{'0': 8802, '1': 2088, '2': 2693}"
ratio_prefix,raw,12,2,3.0,0.5,0.5,0.6442464057527638,"{'0': 0.8072710591203625, '1': 0.7309766327142001, '2': 0.39449152542372884}","{'0': 8637, '1': 2919, '2': 2027}"
ratio_prefix,quota,12,2,3.0,0.5,0.5,0.6414593879789848,"{'0': 0.8101567825494206, '1': 0.7150383141762452, '2': 0.39918306721128854}","{'0': 8802, '1': 2088, '2': 2693}"
ratio_prefix,raw,12,2,3.0,0.75,0.25,0.578688822796354,"{'0': 0.7878574777308954, '1': 0.6435852372583479, '2': 0.3046237533998187}","{'0': 8262, '1': 3602, '2': 1719}"
ratio_prefix,quota,12,2,3.0,0.75,0.25,0.6348863922112424,"{'0': 0.8058395819132016, '1': 0.7092911877394636, '2': 0.389528406981062}","{'0': 8802, '1': 2088, '2': 2693}"
ratio_prefix,raw,12,2,3.0,1.0,0.0,0.37151956023498345,"{'0': 0.6808560815989623, '1': 0.24491203863401173, '2': 0.1887905604719764}","{'0': 8159, '1': 3710, '2': 1714}"
ratio_prefix,quota,12,2,3.0,1.0,0.0,0.38882058404790976,"{'0': 0.6875710065894115, '1': 0.2638888888888889, '2': 0.2150018566654289}","{'0': 8802, '1': 2088, '2': 2693}"
ratio_prefix,raw,12,2,15.0,0.0,1.0,0.7012551294641559,"{'0': 0.8351994782041526, '1': 0.8552631578947368, '2': 0.413302752293578}","{'0': 9596, '1': 2320, '2': 1667}"
ratio_prefix,quota,12,2,15.0,0.0,1.0,0.6696378816069065,"{'0': 0.8043626448534424, '1': 0.796455938697318, '2': 0.40809506126995915}","{'0': 8802, '1': 2088, '2': 2693}"
ratio_prefix,raw,12,2,15.0,0.25,0.75,0.655879786820772,"{'0': 0.809689767468434, '1': 0.7434703381251265, '2': 0.4144792548687553}","{'0': 8701, '1': 2851, '2': 2031}"
ratio_prefix,quota,12,2,15.0,0.25,0.75,0.6518095159454963,"{'0': 0.8109520563508293, '1': 0.7207854406130269, '2': 0.42369105087263276}","{'0': 8802, '1': 2088, '2': 2693}"
ratio_prefix,raw,12,2,15.0,0.5,0.5,0.6442771265782511,"{'0': 0.8083352415846119, '1': 0.7309766327142001, '2': 0.39351950543594116}","{'0': 8666, '1': 2919, '2': 1998}"
ratio_prefix,quota,12,2,15.0,0.5,0.5,0.6448122520252212,"{'0': 0.8112928879800045, '1': 0.7183908045977011, '2': 0.40475306349795764}","{'0': 8802, '1': 2088, '2': 2693}"
ratio_prefix,raw,12,2,15.0,0.75,0.25,0.578688822796354,"{'0': 0.7878574777308954, '1': 0.6435852372583479, '2': 0.3046237533998187}","{'0': 8262, '1': 3602, '2': 1719}"
ratio_prefix,quota,12,2,15.0,0.75,0.25,0.6348863922112424,"{'0': 0.8058395819132016, '1': 0.7092911877394636, '2': 0.389528406981062}","{'0': 8802, '1': 2088, '2': 2693}"
ratio_prefix,raw,12,2,15.0,1.0,0.0,0.37151956023498345,"{'0': 0.6808560815989623, '1': 0.24491203863401173, '2': 0.1887905604719764}","{'0': 8159, '1': 3710, '2': 1714}"
ratio_prefix,quota,12,2,15.0,1.0,0.0,0.38594235670239324,"{'0': 0.6880254487616451, '1': 0.2581417624521073, '2': 0.2116598588934274}","{'0': 8802, '1': 2088, '2': 2693}"
actual_prefix,raw,4,0,0.5,0.0,1.0,0.727446846846436,"{'0': 0.8389584542665229, '1': 0.8623497479643273, '2': 0.4810323383084577}","{'0': 12264, '1': 2658, '2': 2932}"
actual_prefix,quota,4,0,0.5,0.0,1.0,0.7123061277286348,"{'0': 0.8271469546144761, '1': 0.8372, '2': 0.4725714285714286}","{'0': 11854, '1': 2500, '2': 3500}"
actual_prefix,raw,4,0,0.5,0.25,0.75,0.727446846846436,"{'0': 0.8389584542665229, '1': 0.8623497479643273, '2': 0.4810323383084577}","{'0': 12264, '1': 2658, '2': 2932}"
actual_prefix,quota,4,0,0.5,0.25,0.75,0.7123061277286348,"{'0': 0.8271469546144761, '1': 0.8372, '2': 0.4725714285714286}","{'0': 11854, '1': 2500, '2': 3500}"
actual_prefix,raw,4,0,0.5,0.5,0.5,0.727446846846436,"{'0': 0.8389584542665229, '1': 0.8623497479643273, '2': 0.4810323383084577}","{'0': 12264, '1': 2658, '2': 2932}"
actual_prefix,quota,4,0,0.5,0.5,0.5,0.7123061277286348,"{'0': 0.8271469546144761, '1': 0.8372, '2': 0.4725714285714286}","{'0': 11854, '1': 2500, '2': 3500}"
actual_prefix,raw,4,0,0.5,0.75,0.25,0.727446846846436,"{'0': 0.8389584542665229, '1': 0.8623497479643273, '2': 0.4810323383084577}","{'0': 12264, '1': 2658, '2': 2932}"
actual_prefix,quota,4,0,0.5,0.75,0.25,0.7123061277286348,"{'0': 0.8271469546144761, '1': 0.8372, '2': 0.4725714285714286}","{'0': 11854, '1': 2500, '2': 3500}"
actual_prefix,raw,4,0,0.5,1.0,0.0,0.727446846846436,"{'0': 0.8389584542665229, '1': 0.8623497479643273, '2': 0.4810323383084577}","{'0': 12264, '1': 2658, '2': 2932}"
actual_prefix,quota,4,0,0.5,1.0,0.0,0.7123061277286348,"{'0': 0.8271469546144761, '1': 0.8372, '2': 0.4725714285714286}","{'0': 11854, '1': 2500, '2': 3500}"
actual_prefix,raw,4,0,3.0,0.0,1.0,0.727446846846436,"{'0': 0.8389584542665229, '1': 0.8623497479643273, '2': 0.4810323383084577}","{'0': 12264, '1': 2658, '2': 2932}"
actual_prefix,quota,4,0,3.0,0.0,1.0,0.7123061277286348,"{'0': 0.8271469546144761, '1': 0.8372, '2': 0.4725714285714286}","{'0': 11854, '1': 2500, '2': 3500}"
actual_prefix,raw,4,0,3.0,0.25,0.75,0.727446846846436,"{'0': 0.8389584542665229, '1': 0.8623497479643273, '2': 0.4810323383084577}","{'0': 12264, '1': 2658, '2': 2932}"
actual_prefix,quota,4,0,3.0,0.25,0.75,0.7123061277286348,"{'0': 0.8271469546144761, '1': 0.8372, '2': 0.4725714285714286}","{'0': 11854, '1': 2500, '2': 3500}"
actual_prefix,raw,4,0,3.0,0.5,0.5,0.727446846846436,"{'0': 0.8389584542665229, '1': 0.8623497479643273, '2': 0.4810323383084577}","{'0': 12264, '1': 2658, '2': 2932}"
actual_prefix,quota,4,0,3.0,0.5,0.5,0.7123061277286348,"{'0': 0.8271469546144761, '1': 0.8372, '2': 0.4725714285714286}","{'0': 11854, '1': 2500, '2': 3500}"
actual_prefix,raw,4,0,3.0,0.75,0.25,0.727446846846436,"{'0': 0.8389584542665229, '1': 0.8623497479643273, '2': 0.4810323383084577}","{'0': 12264, '1': 2658, '2': 2932}"
actual_prefix,quota,4,0,3.0,0.75,0.25,0.7123061277286348,"{'0': 0.8271469546144761, '1': 0.8372, '2': 0.4725714285714286}","{'0': 11854, '1': 2500, '2': 3500}"
actual_prefix,raw,4,0,3.0,1.0,0.0,0.727446846846436,"{'0': 0.8389584542665229, '1': 0.8623497479643273, '2': 0.4810323383084577}","{'0': 12264, '1': 2658, '2': 2932}"
actual_prefix,quota,4,0,3.0,1.0,0.0,0.7123061277286348,"{'0': 0.8271469546144761, '1': 0.8372, '2': 0.4725714285714286}","{'0': 11854, '1': 2500, '2': 3500}"
actual_prefix,raw,4,0,15.0,0.0,1.0,0.727446846846436,"{'0': 0.8389584542665229, '1': 0.8623497479643273, '2': 0.4810323383084577}","{'0': 12264, '1': 2658, '2': 2932}"
actual_prefix,quota,4,0,15.0,0.0,1.0,0.7123061277286348,"{'0': 0.8271469546144761, '1': 0.8372, '2': 0.4725714285714286}","{'0': 11854, '1': 2500, '2': 3500}"
actual_prefix,raw,4,0,15.0,0.25,0.75,0.727446846846436,"{'0': 0.8389584542665229, '1': 0.8623497479643273, '2': 0.4810323383084577}","{'0': 12264, '1': 2658, '2': 2932}"
actual_prefix,quota,4,0,15.0,0.25,0.75,0.7123061277286348,"{'0': 0.8271469546144761, '1': 0.8372, '2': 0.4725714285714286}","{'0': 11854, '1': 2500, '2': 3500}"
actual_prefix,raw,4,0,15.0,0.5,0.5,0.727446846846436,"{'0': 0.8389584542665229, '1': 0.8623497479643273, '2': 0.4810323383084577}","{'0': 12264, '1': 2658, '2': 2932}"
actual_prefix,quota,4,0,15.0,0.5,0.5,0.7123061277286348,"{'0': 0.8271469546144761, '1': 0.8372, '2': 0.4725714285714286}","{'0': 11854, '1': 2500, '2': 3500}"
actual_prefix,raw,4,0,15.0,0.75,0.25,0.727446846846436,"{'0': 0.8389584542665229, '1': 0.8623497479643273, '2': 0.4810323383084577}","{'0': 12264, '1': 2658, '2': 2932}"
actual_prefix,quota,4,0,15.0,0.75,0.25,0.7123061277286348,"{'0': 0.8271469546144761, '1': 0.8372, '2': 0.4725714285714286}","{'0': 11854, '1': 2500, '2': 3500}"
actual_prefix,raw,4,0,15.0,1.0,0.0,0.727446846846436,"{'0': 0.8389584542665229, '1': 0.8623497479643273, '2': 0.4810323383084577}","{'0': 12264, '1': 2658, '2': 2932}"
actual_prefix,quota,4,0,15.0,1.0,0.0,0.7123061277286348,"{'0': 0.8271469546144761, '1': 0.8372, '2': 0.4725714285714286}","{'0': 11854, '1': 2500, '2': 3500}"
actual_prefix,raw,4,1,0.5,0.0,1.0,0.727446846846436,"{'0': 0.8389584542665229, '1': 0.8623497479643273, '2': 0.4810323383084577}","{'0': 12264, '1': 2658, '2': 2932}"
actual_prefix,quota,4,1,0.5,0.0,1.0,0.7123061277286348,"{'0': 0.8271469546144761, '1': 0.8372, '2': 0.4725714285714286}","{'0': 11854, '1': 2500, '2': 3500}"
actual_prefix,raw,4,1,0.5,0.25,0.75,0.729770435986615,"{'0': 0.8379110573917392, '1': 0.8623959744532611, '2': 0.4890042761148442}","{'0': 12139, '1': 2667, '2': 3048}"
actual_prefix,quota,4,1,0.5,0.25,0.75,0.714231785131802,"{'0': 0.8285810696811203, '1': 0.8384, '2': 0.4757142857142857}","{'0': 11854, '1': 2500, '2': 3500}"
actual_prefix,raw,4,1,0.5,0.5,0.5,0.7019662593223761,"{'0': 0.8277175262852885, '1': 0.8720165382446908, '2': 0.4061647134371488}","{'0': 12304, '1': 2821, '2': 2729}"
actual_prefix,quota,4,1,0.5,0.5,0.5,0.6976412671631839,"{'0': 0.8268095157752657, '1': 0.8264, '2': 0.4397142857142857}","{'0': 11854, '1': 2500, '2': 3500}"
actual_prefix,raw,4,1,0.5,0.75,0.25,0.6951340205529748,"{'0': 0.820450952658291, '1': 0.8725839744792644, '2': 0.39236713452136884}","{'0': 12184, '1': 2829, '2': 2841}"
actual_prefix,quota,4,1,0.5,0.75,0.25,0.6774105554082608,"{'0': 0.8129745233676396, '1': 0.8264, '2': 0.39285714285714285}","{'0': 11854, '1': 2500, '2': 3500}"
actual_prefix,raw,4,1,0.5,1.0,0.0,0.6468623380429048,"{'0': 0.7761399286604496, '1': 0.8226749335695306, '2': 0.34177215189873417}","{'0': 11415, '1': 3145, '2': 3294}"
actual_prefix,quota,4,1,0.5,1.0,0.0,0.6410643206633083,"{'0': 0.7851358191327822, '1': 0.8012, '2': 0.33685714285714285}","{'0': 11854, '1': 2500, '2': 3500}"
actual_prefix,raw,4,1,3.0,0.0,1.0,0.727446846846436,"{'0': 0.8389584542665229, '1': 0.8623497479643273, '2': 0.4810323383084577}","{'0': 12264, '1': 2658, '2': 2932}"
actual_prefix,quota,4,1,3.0,0.0,1.0,0.7123061277286348,"{'0': 0.8271469546144761, '1': 0.8372, '2': 0.4725714285714286}","{'0': 11854, '1': 2500, '2': 3500}"
actual_prefix,raw,4,1,3.0,0.25,0.75,0.729770435986615,"{'0': 0.8379110573917392, '1': 0.8623959744532611, '2': 0.4890042761148442}","{'0': 12139, '1': 2667, '2': 3048}"
actual_prefix,quota,4,1,3.0,0.25,0.75,0.714231785131802,"{'0': 0.8285810696811203, '1': 0.8384, '2': 0.4757142857142857}","{'0': 11854, '1': 2500, '2': 3500}"
actual_prefix,raw,4,1,3.0,0.5,0.5,0.7019662593223761,"{'0': 0.8277175262852885, '1': 0.8720165382446908, '2': 0.4061647134371488}","{'0': 12304, '1': 2821, '2': 2729}"
actual_prefix,quota,4,1,3.0,0.5,0.5,0.6976412671631839,"{'0': 0.8268095157752657, '1': 0.8264, '2': 0.4397142857142857}","{'0': 11854, '1': 2500, '2': 3500}"
actual_prefix,raw,4,1,3.0,0.75,0.25,0.6951340205529748,"{'0': 0.820450952658291, '1': 0.8725839744792644, '2': 0.39236713452136884}","{'0': 12184, '1': 2829, '2': 2841}"
actual_prefix,quota,4,1,3.0,0.75,0.25,0.6774105554082608,"{'0': 0.8129745233676396, '1': 0.8264, '2': 0.39285714285714285}","{'0': 11854, '1': 2500, '2': 3500}"
actual_prefix,raw,4,1,3.0,1.0,0.0,0.6468623380429048,"{'0': 0.7761399286604496, '1': 0.8226749335695306, '2': 0.34177215189873417}","{'0': 11415, '1': 3145, '2': 3294}"
actual_prefix,quota,4,1,3.0,1.0,0.0,0.6410643206633083,"{'0': 0.7851358191327822, '1': 0.8012, '2': 0.33685714285714285}","{'0': 11854, '1': 2500, '2': 3500}"
actual_prefix,raw,4,1,15.0,0.0,1.0,0.727446846846436,"{'0': 0.8389584542665229, '1': 0.8623497479643273, '2': 0.4810323383084577}","{'0': 12264, '1': 2658, '2': 2932}"
actual_prefix,quota,4,1,15.0,0.0,1.0,0.7123061277286348,"{'0': 0.8271469546144761, '1': 0.8372, '2': 0.4725714285714286}","{'0': 11854, '1': 2500, '2': 3500}"
actual_prefix,raw,4,1,15.0,0.25,0.75,0.729770435986615,"{'0': 0.8379110573917392, '1': 0.8623959744532611, '2': 0.4890042761148442}","{'0': 12139, '1': 2667, '2': 3048}"
actual_prefix,quota,4,1,15.0,0.25,0.75,0.7132449211437569,"{'0': 0.8279061920026995, '1': 0.8384, '2': 0.4734285714285714}","{'0': 11854, '1': 2500, '2': 3500}"
actual_prefix,raw,4,1,15.0,0.5,0.5,0.7019662593223761,"{'0': 0.8277175262852885, '1': 0.8720165382446908, '2': 0.4061647134371488}","{'0': 12304, '1': 2821, '2': 2729}"
actual_prefix,quota,4,1,15.0,0.5,0.5,0.6988748471482401,"{'0': 0.8276531128732917, '1': 0.8264, '2': 0.44257142857142856}","{'0': 11854, '1': 2500, '2': 3500}"
actual_prefix,raw,4,1,15.0,0.75,0.25,0.6951340205529748,"{'0': 0.820450952658291, '1': 0.8725839744792644, '2': 0.39236713452136884}","{'0': 12184, '1': 2829, '2': 2841}"
actual_prefix,quota,4,1,15.0,0.75,0.25,0.6774105554082608,"{'0': 0.8129745233676396, '1': 0.8264, '2': 0.39285714285714285}","{'0': 11854, '1': 2500, '2': 3500}"
actual_prefix,raw,4,1,15.0,1.0,0.0,0.6468623380429048,"{'0': 0.7761399286604496, '1': 0.8226749335695306, '2': 0.34177215189873417}","{'0': 11415, '1': 3145, '2': 3294}"
actual_prefix,quota,4,1,15.0,1.0,0.0,0.6410643206633083,"{'0': 0.7851358191327822, '1': 0.8012, '2': 0.33685714285714285}","{'0': 11854, '1': 2500, '2': 3500}"
actual_prefix,raw,4,2,0.5,0.0,1.0,0.727446846846436,"{'0': 0.8389584542665229, '1': 0.8623497479643273, '2': 0.4810323383084577}","{'0': 12264, '1': 2658, '2': 2932}"
actual_prefix,quota,4,2,0.5,0.0,1.0,0.7123061277286348,"{'0': 0.8271469546144761, '1': 0.8372, '2': 0.4725714285714286}","{'0': 11854, '1': 2500, '2': 3500}"
actual_prefix,raw,4,2,0.5,0.25,0.75,0.704363826370456,"{'0': 0.8295800880460549, '1': 0.7997833543961004, '2': 0.48372803666921316}","{'0': 11770, '1': 3039, '2': 3045}"
actual_prefix,quota,4,2,0.5,0.25,0.75,0.6856876569693172,"{'0': 0.8323772566222373, '1': 0.7584, '2': 0.4662857142857143}","{'0': 11854, '1': 2500, '2': 3500}"
actual_prefix,raw,4,2,0.5,0.5,0.5,0.6575110211189122,"{'0': 0.8182820317137285, '1': 0.7467840216655383, '2': 0.4074670099774702}","{'0': 11732, '1': 3408, '2': 2714}"
actual_prefix,quota,4,2,0.5,0.5,0.5,0.6594696714791873,"{'0': 0.8197233001518475, '1': 0.7344, '2': 0.42428571428571427}","{'0': 11854, '1': 2500, '2': 3500}"
actual_prefix,raw,4,2,0.5,0.75,0.25,0.5994624338968101,"{'0': 0.7912332177469548, '1': 0.6585949177877429, '2': 0.3485591661557327}","{'0': 10640, '1': 4190, '2': 3024}"
actual_prefix,quota,4,2,0.5,0.75,0.25,0.5890072195843076,"{'0': 0.7869073730386368, '1': 0.6064, '2': 0.3737142857142857}","{'0': 11854, '1': 2500, '2': 3500}"
actual_prefix,raw,4,2,0.5,1.0,0.0,0.38977098527743714,"{'0': 0.6939070866901442, '1': 0.23462917011304107, '2': 0.2407766990291262}","{'0': 8875, '1': 4754, '2': 4225}"
actual_prefix,quota,4,2,0.5,1.0,0.0,0.3517700113283038,"{'0': 0.7475957482706259, '1': 0.082, '2': 0.2257142857142857}","{'0': 11854, '1': 2500, '2': 3500}"
actual_prefix,raw,4,2,3.0,0.0,1.0,0.727446846846436,"{'0': 0.8389584542665229, '1': 0.8623497479643273, '2': 0.4810323383084577}","{'0': 12264, '1': 2658, '2': 2932}"
actual_prefix,quota,4,2,3.0,0.0,1.0,0.7123061277286348,"{'0': 0.8271469546144761, '1': 0.8372, '2': 0.4725714285714286}","{'0': 11854, '1': 2500, '2': 3500}"
actual_prefix,raw,4,2,3.0,0.25,0.75,0.704363826370456,"{'0': 0.8295800880460549, '1': 0.7997833543961004, '2': 0.48372803666921316}","{'0': 11770, '1': 3039, '2': 3045}"
actual_prefix,quota,4,2,3.0,0.25,0.75,0.6856876569693172,"{'0': 0.8323772566222373, '1': 0.7584, '2': 0.4662857142857143}","{'0': 11854, '1': 2500, '2': 3500}"
actual_prefix,raw,4,2,3.0,0.5,0.5,0.6575110211189122,"{'0': 0.8182820317137285, '1': 0.7467840216655383, '2': 0.4074670099774702}","{'0': 11732, '1': 3408, '2': 2714}"
actual_prefix,quota,4,2,3.0,0.5,0.5,0.6594696714791873,"{'0': 0.8197233001518475, '1': 0.7344, '2': 0.42428571428571427}","{'0': 11854, '1': 2500, '2': 3500}"
actual_prefix,raw,4,2,3.0,0.75,0.25,0.5994624338968101,"{'0': 0.7912332177469548, '1': 0.6585949177877429, '2': 0.3485591661557327}","{'0': 10640, '1': 4190, '2': 3024}"
actual_prefix,quota,4,2,3.0,0.75,0.25,0.5890072195843076,"{'0': 0.7869073730386368, '1': 0.6064, '2': 0.3737142857142857}","{'0': 11854, '1': 2500, '2': 3500}"
actual_prefix,raw,4,2,3.0,1.0,0.0,0.38977098527743714,"{'0': 0.6939070866901442, '1': 0.23462917011304107, '2': 0.2407766990291262}","{'0': 8875, '1': 4754, '2': 4225}"
actual_prefix,quota,4,2,3.0,1.0,0.0,0.3178547309728683,"{'0': 0.7246499072043192, '1': 0.0032, '2': 0.2257142857142857}","{'0': 11854, '1': 2500, '2': 3500}"
actual_prefix,raw,4,2,15.0,0.0,1.0,0.727446846846436,"{'0': 0.8389584542665229, '1': 0.8623497479643273, '2': 0.4810323383084577}","{'0': 12264, '1': 2658, '2': 2932}"
actual_prefix,quota,4,2,15.0,0.0,1.0,0.7123061277286348,"{'0': 0.8271469546144761, '1': 0.8372, '2': 0.4725714285714286}","{'0': 11854, '1': 2500, '2': 3500}"
actual_prefix,raw,4,2,15.0,0.25,0.75,0.704363826370456,"{'0': 0.8295800880460549, '1': 0.7997833543961004, '2': 0.48372803666921316}","{'0': 11770, '1': 3039, '2': 3045}"
actual_prefix,quota,4,2,15.0,0.25,0.75,0.6856876569693172,"{'0': 0.8323772566222373, '1': 0.7584, '2': 0.4662857142857143}","{'0': 11854, '1': 2500, '2': 3500}"
actual_prefix,raw,4,2,15.0,0.5,0.5,0.6575110211189122,"{'0': 0.8182820317137285, '1': 0.7467840216655383, '2': 0.4074670099774702}","{'0': 11732, '1': 3408, '2': 2714}"
actual_prefix,quota,4,2,15.0,0.5,0.5,0.6594696714791873,"{'0': 0.8197233001518475, '1': 0.7344, '2': 0.42428571428571427}","{'0': 11854, '1': 2500, '2': 3500}"
actual_prefix,raw,4,2,15.0,0.75,0.25,0.5994624338968101,"{'0': 0.7912332177469548, '1': 0.6585949177877429, '2': 0.3485591661557327}","{'0': 10640, '1': 4190, '2': 3024}"
actual_prefix,quota,4,2,15.0,0.75,0.25,0.5890072195843076,"{'0': 0.7869073730386368, '1': 0.6064, '2': 0.3737142857142857}","{'0': 11854, '1': 2500, '2': 3500}"
actual_prefix,raw,4,2,15.0,1.0,0.0,0.38977098527743714,"{'0': 0.6939070866901442, '1': 0.23462917011304107, '2': 0.2407766990291262}","{'0': 8875, '1': 4754, '2': 4225}"
actual_prefix,quota,4,2,15.0,1.0,0.0,0.31492393967879034,"{'0': 0.7170575333220853, '1': 0.002, '2': 0.2257142857142857}","{'0': 11854, '1': 2500, '2': 3500}"
actual_prefix,raw,8,0,0.5,0.0,1.0,0.7280306280948432,"{'0': 0.8424534226501988, '1': 0.8663909368818558, '2': 0.4752475247524752}","{'0': 12031, '1': 3061, '2': 2762}"
actual_prefix,quota,8,0,0.5,0.0,1.0,0.7048370443571388,"{'0': 0.8400539902142736, '1': 0.8196, '2': 0.45485714285714285}","{'0': 11854, '1': 2500, '2': 3500}"
actual_prefix,raw,8,0,0.5,0.25,0.75,0.7280306280948432,"{'0': 0.8424534226501988, '1': 0.8663909368818558, '2': 0.4752475247524752}","{'0': 12031, '1': 3061, '2': 2762}"
actual_prefix,quota,8,0,0.5,0.25,0.75,0.7048370443571388,"{'0': 0.8400539902142736, '1': 0.8196, '2': 0.45485714285714285}","{'0': 11854, '1': 2500, '2': 3500}"
actual_prefix,raw,8,0,0.5,0.5,0.5,0.7280306280948432,"{'0': 0.8424534226501988, '1': 0.8663909368818558, '2': 0.4752475247524752}","{'0': 12031, '1': 3061, '2': 2762}"
actual_prefix,quota,8,0,0.5,0.5,0.5,0.7048370443571388,"{'0': 0.8400539902142736, '1': 0.8196, '2': 0.45485714285714285}","{'0': 11854, '1': 2500, '2': 3500}"
actual_prefix,raw,8,0,0.5,0.75,0.25,0.7280306280948432,"{'0': 0.8424534226501988, '1': 0.8663909368818558, '2': 0.4752475247524752}","{'0': 12031, '1': 3061, '2': 2762}"
actual_prefix,quota,8,0,0.5,0.75,0.25,0.7048370443571388,"{'0': 0.8400539902142736, '1': 0.8196, '2': 0.45485714285714285}","{'0': 11854, '1': 2500, '2': 3500}"
actual_prefix,raw,8,0,0.5,1.0,0.0,0.7280306280948432,"{'0': 0.8424534226501988, '1': 0.8663909368818558, '2': 0.4752475247524752}","{'0': 12031, '1': 3061, '2': 2762}"
actual_prefix,quota,8,0,0.5,1.0,0.0,0.7048370443571388,"{'0': 0.8400539902142736, '1': 0.8196, '2': 0.45485714285714285}","{'0': 11854, '1': 2500, '2': 3500}"
actual_prefix,raw,8,0,3.0,0.0,1.0,0.7280306280948432,"{'0': 0.8424534226501988, '1': 0.8663909368818558, '2': 0.4752475247524752}","{'0': 12031, '1': 3061, '2': 2762}"
actual_prefix,quota,8,0,3.0,0.0,1.0,0.7048370443571388,"{'0': 0.8400539902142736, '1': 0.8196, '2': 0.45485714285714285}","{'0': 11854, '1': 2500, '2': 3500}"
actual_prefix,raw,8,0,3.0,0.25,0.75,0.7280306280948432,"{'0': 0.8424534226501988, '1': 0.8663909368818558, '2': 0.4752475247524752}","{'0': 12031, '1': 3061, '2': 2762}"
actual_prefix,quota,8,0,3.0,0.25,0.75,0.7048370443571388,"{'0': 0.8400539902142736, '1': 0.8196, '2': 0.45485714285714285}","{'0': 11854, '1': 2500, '2': 3500}"
actual_prefix,raw,8,0,3.0,0.5,0.5,0.7280306280948432,"{'0': 0.8424534226501988, '1': 0.8663909368818558, '2': 0.4752475247524752}","{'0': 12031, '1': 3061, '2': 2762}"
actual_prefix,quota,8,0,3.0,0.5,0.5,0.7048370443571388,"{'0': 0.8400539902142736, '1': 0.8196, '2': 0.45485714285714285}","{'0': 11854, '1': 2500, '2': 3500}"
actual_prefix,raw,8,0,3.0,0.75,0.25,0.7280306280948432,"{'0': 0.8424534226501988, '1': 0.8663909368818558, '2': 0.4752475247524752}","{'0': 12031, '1': 3061, '2': 2762}"
actual_prefix,quota,8,0,3.0,0.75,0.25,0.7048370443571388,"{'0': 0.8400539902142736, '1': 0.8196, '2': 0.45485714285714285}","{'0': 11854, '1': 2500, '2': 3500}"
actual_prefix,raw,8,0,3.0,1.0,0.0,0.7280306280948432,"{'0': 0.8424534226501988, '1': 0.8663909368818558, '2': 0.4752475247524752}","{'0': 12031, '1': 3061, '2': 2762}"
actual_prefix,quota,8,0,3.0,1.0,0.0,0.7048370443571388,"{'0': 0.8400539902142736, '1': 0.8196, '2': 0.45485714285714285}","{'0': 11854, '1': 2500, '2': 3500}"
actual_prefix,raw,8,0,15.0,0.0,1.0,0.7280306280948432,"{'0': 0.8424534226501988, '1': 0.8663909368818558, '2': 0.4752475247524752}","{'0': 12031, '1': 3061, '2': 2762}"
actual_prefix,quota,8,0,15.0,0.0,1.0,0.7048370443571388,"{'0': 0.8400539902142736, '1': 0.8196, '2': 0.45485714285714285}","{'0': 11854, '1': 2500, '2': 3500}"
actual_prefix,raw,8,0,15.0,0.25,0.75,0.7280306280948432,"{'0': 0.8424534226501988, '1': 0.8663909368818558, '2': 0.4752475247524752}","{'0': 12031, '1': 3061, '2': 2762}"
actual_prefix,quota,8,0,15.0,0.25,0.75,0.7048370443571388,"{'0': 0.8400539902142736, '1': 0.8196, '2': 0.45485714285714285}","{'0': 11854, '1': 2500, '2': 3500}"
actual_prefix,raw,8,0,15.0,0.5,0.5,0.7280306280948432,"{'0': 0.8424534226501988, '1': 0.8663909368818558, '2': 0.4752475247524752}","{'0': 12031, '1': 3061, '2': 2762}"
actual_prefix,quota,8,0,15.0,0.5,0.5,0.7048370443571388,"{'0': 0.8400539902142736, '1': 0.8196, '2': 0.45485714285714285}","{'0': 11854, '1': 2500, '2': 3500}"
actual_prefix,raw,8,0,15.0,0.75,0.25,0.7280306280948432,"{'0': 0.8424534226501988, '1': 0.8663909368818558, '2': 0.4752475247524752}","{'0': 12031, '1': 3061, '2': 2762}"
actual_prefix,quota,8,0,15.0,0.75,0.25,0.7048370443571388,"{'0': 0.8400539902142736, '1': 0.8196, '2': 0.45485714285714285}","{'0': 11854, '1': 2500, '2': 3500}"
actual_prefix,raw,8,0,15.0,1.0,0.0,0.7280306280948432,"{'0': 0.8424534226501988, '1': 0.8663909368818558, '2': 0.4752475247524752}","{'0': 12031, '1': 3061, '2': 2762}"
actual_prefix,quota,8,0,15.0,1.0,0.0,0.7048370443571388,"{'0': 0.8400539902142736, '1': 0.8196, '2': 0.45485714285714285}","{'0': 11854, '1': 2500, '2': 3500}"
actual_prefix,raw,8,1,0.5,0.0,1.0,0.7280306280948432,"{'0': 0.8424534226501988, '1': 0.8663909368818558, '2': 0.4752475247524752}","{'0': 12031, '1': 3061, '2': 2762}"
actual_prefix,quota,8,1,0.5,0.0,1.0,0.7048370443571388,"{'0': 0.8400539902142736, '1': 0.8196, '2': 0.45485714285714285}","{'0': 11854, '1': 2500, '2': 3500}"
actual_prefix,raw,8,1,0.5,0.25,0.75,0.7263034806175778,"{'0': 0.8300128259940145, '1': 0.8668341708542714, '2': 0.4820634450044471}","{'0': 11536, '1': 3072, '2': 3246}"
actual_prefix,quota,8,1,0.5,0.25,0.75,0.7069720166791198,"{'0': 0.832630335751645, '1': 0.82, '2': 0.4682857142857143}","{'0': 11854, '1': 2500, '2': 3500}"
actual_prefix,raw,8,1,0.5,0.5,0.5,0.7194507230901497,"{'0': 0.836771263074551, '1': 0.8678684259431333, '2': 0.4537124802527646}","{'0': 12143, '1': 2881, '2': 2830}"
actual_prefix,quota,8,1,0.5,0.5,0.5,0.7068695959571613,"{'0': 0.8357516450143412, '1': 0.82, '2': 0.46485714285714286}","{'0': 11854, '1': 2500, '2': 3500}"
actual_prefix,raw,8,1,0.5,0.75,0.25,0.6929380998541177,"{'0': 0.8209501622431151, '1': 0.8684357023566525, '2': 0.38942843496258556}","{'0': 12184, '1': 2889, '2': 2781}"
actual_prefix,quota,8,1,0.5,0.75,0.25,0.6851731623643215,"{'0': 0.8235194870929644, '1': 0.812, '2': 0.42}","{'0': 11854, '1': 2500, '2': 3500}"
actual_prefix,raw,8,1,0.5,1.0,0.0,0.6607357669643931,"{'0': 0.7979261507334345, '1': 0.8242811501597445, '2': 0.36}","{'0': 11870, '1': 3134, '2': 2850}"
actual_prefix,quota,8,1,0.5,1.0,0.0,0.6077131352085291,"{'0': 0.797367977054159, '1': 0.6932, '2': 0.3325714285714286}","{'0': 11854, '1': 2500, '2': 3500}"
actual_prefix,raw,8,1,3.0,0.0,1.0,0.7280306280948432,"{'0': 0.8424534226501988, '1': 0.8663909368818558, '2': 0.4752475247524752}","{'0': 12031, '1': 3061, '2': 2762}"
actual_prefix,quota,8,1,3.0,0.0,1.0,0.7048370443571388,"{'0': 0.8400539902142736, '1': 0.8196, '2': 0.45485714285714285}","{'0': 11854, '1': 2500, '2': 3500}"
actual_prefix,raw,8,1,3.0,0.25,0.75,0.7263034806175778,"{'0': 0.8300128259940145, '1': 0.8668341708542714, '2': 0.4820634450044471}","{'0': 11536, '1': 3072, '2': 3246}"
actual_prefix,quota,8,1,3.0,0.25,0.75,0.7069720166791198,"{'0': 0.832630335751645, '1': 0.82, '2': 0.4682857142857143}","{'0': 11854, '1': 2500, '2': 3500}"
actual_prefix,raw,8,1,3.0,0.5,0.5,0.7194507230901497,"{'0': 0.836771263074551, '1': 0.8678684259431333, '2': 0.4537124802527646}","{'0': 12143, '1': 2881, '2': 2830}"
actual_prefix,quota,8,1,3.0,0.5,0.5,0.7068695959571613,"{'0': 0.8357516450143412, '1': 0.82, '2': 0.46485714285714286}","{'0': 11854, '1': 2500, '2': 3500}"
actual_prefix,raw,8,1,3.0,0.75,0.25,0.6929380998541177,"{'0': 0.8209501622431151, '1': 0.8684357023566525, '2': 0.38942843496258556}","{'0': 12184, '1': 2889, '2': 2781}"
actual_prefix,quota,8,1,3.0,0.75,0.25,0.6841862983762764,"{'0': 0.8228446094145436, '1': 0.812, '2': 0.4177142857142857}","{'0': 11854, '1': 2500, '2': 3500}"
actual_prefix,raw,8,1,3.0,1.0,0.0,0.6607357669643931,"{'0': 0.7979261507334345, '1': 0.8242811501597445, '2': 0.36}","{'0': 11870, '1': 3134, '2': 2850}"
actual_prefix,quota,8,1,3.0,1.0,0.0,0.6077131352085291,"{'0': 0.797367977054159, '1': 0.6932, '2': 0.3325714285714286}","{'0': 11854, '1': 2500, '2': 3500}"
actual_prefix,raw,8,1,15.0,0.0,1.0,0.7280306280948432,"{'0': 0.8424534226501988, '1': 0.8663909368818558, '2': 0.4752475247524752}","{'0': 12031, '1': 3061, '2': 2762}"
actual_prefix,quota,8,1,15.0,0.0,1.0,0.7048370443571388,"{'0': 0.8400539902142736, '1': 0.8196, '2': 0.45485714285714285}","{'0': 11854, '1': 2500, '2': 3500}"
actual_prefix,raw,8,1,15.0,0.25,0.75,0.7257874613560182,"{'0': 0.8317859554355166, '1': 0.8645675265553869, '2': 0.48100890207715136}","{'0': 11842, '1': 2772, '2': 3240}"
actual_prefix,quota,8,1,15.0,0.25,0.75,0.7056595370660497,"{'0': 0.8322928969124346, '1': 0.8184, '2': 0.4662857142857143}","{'0': 11854, '1': 2500, '2': 3500}"
actual_prefix,raw,8,1,15.0,0.5,0.5,0.7194507230901497,"{'0': 0.836771263074551, '1': 0.8678684259431333, '2': 0.4537124802527646}","{'0': 12143, '1': 2881, '2': 2830}"
actual_prefix,quota,8,1,15.0,0.5,0.5,0.706336262623828,"{'0': 0.8357516450143412, '1': 0.8184, '2': 0.46485714285714286}","{'0': 11854, '1': 2500, '2': 3500}"
actual_prefix,raw,8,1,15.0,0.75,0.25,0.6929380998541177,"{'0': 0.8209501622431151, '1': 0.8684357023566525, '2': 0.38942843496258556}","{'0': 12184, '1': 2889, '2': 2781}"
actual_prefix,quota,8,1,15.0,0.75,0.25,0.6859133103553553,"{'0': 0.82402564535178, '1': 0.812, '2': 0.4217142857142857}","{'0': 11854, '1': 2500, '2': 3500}"
actual_prefix,raw,8,1,15.0,1.0,0.0,0.6616657607439075,"{'0': 0.7979261507334345, '1': 0.8267758589994659, '2': 0.36029527249882204}","{'0': 11870, '1': 3117, '2': 2867}"
actual_prefix,quota,8,1,15.0,1.0,0.0,0.6103607542561482,"{'0': 0.797367977054159, '1': 0.7, '2': 0.33371428571428574}","{'0': 11854, '1': 2500, '2': 3500}"
actual_prefix,raw,8,2,0.5,0.0,1.0,0.7280306280948432,"{'0': 0.8424534226501988, '1': 0.8663909368818558, '2': 0.4752475247524752}","{'0': 12031, '1': 3061, '2': 2762}"
actual_prefix,quota,8,2,0.5,0.0,1.0,0.7048370443571388,"{'0': 0.8400539902142736, '1': 0.8196, '2': 0.45485714285714285}","{'0': 11854, '1': 2500, '2': 3500}"
actual_prefix,raw,8,2,0.5,0.25,0.75,0.6805224124214543,"{'0': 0.8211469688482916, '1': 0.7412215010817108, '2': 0.47919876733436056}","{'0': 11355, '1': 3509, '2': 2990}"
actual_prefix,quota,8,2,0.5,0.25,0.75,0.6884115918275526,"{'0': 0.837691918339801, '1': 0.7604, '2': 0.46714285714285714}","{'0': 11854, '1': 2500, '2': 3500}"
actual_prefix,raw,8,2,0.5,0.5,0.5,0.6572854529080471,"{'0': 0.8196423158532888, '1': 0.7015277996534888, '2': 0.45068624321736356}","{'0': 11239, '1': 3849, '2': 2766}"
actual_prefix,quota,8,2,0.5,0.5,0.5,0.6739860139635406,"{'0': 0.8300151847477645, '1': 0.7208, '2': 0.47114285714285714}","{'0': 11854, '1': 2500, '2': 3500}"
actual_prefix,raw,8,2,0.5,0.75,0.25,0.5879270674233665,"{'0': 0.8029467554810534, '1': 0.6306049822064057, '2': 0.3302294645826405}","{'0': 10815, '1': 4525, '2': 2514}"
actual_prefix,quota,8,2,0.5,0.75,0.25,0.644379274827866,"{'0': 0.8134806816264553, '1': 0.7268, '2': 0.39285714285714285}","{'0': 11854, '1': 2500, '2': 3500}"
actual_prefix,raw,8,2,0.5,1.0,0.0,0.3776646447104565,"{'0': 0.6561601928246964, '1': 0.2292806619511544, '2': 0.24755307935551873}","{'0': 9720, '1': 4993, '2': 3141}"
actual_prefix,quota,8,2,0.5,1.0,0.0,0.34034888283641446,"{'0': 0.6785895056521005, '1': 0.0816, '2': 0.26085714285714284}","{'0': 11854, '1': 2500, '2': 3500}"
actual_prefix,raw,8,2,3.0,0.0,1.0,0.7280306280948432,"{'0': 0.8424534226501988, '1': 0.8663909368818558, '2': 0.4752475247524752}","{'0': 12031, '1': 3061, '2': 2762}"
actual_prefix,quota,8,2,3.0,0.0,1.0,0.7048370443571388,"{'0': 0.8400539902142736, '1': 0.8196, '2': 0.45485714285714285}","{'0': 11854, '1': 2500, '2': 3500}"
actual_prefix,raw,8,2,3.0,0.25,0.75,0.6805224124214543,"{'0': 0.8211469688482916, '1': 0.7412215010817108, '2': 0.47919876733436056}","{'0': 11355, '1': 3509, '2': 2990}"
actual_prefix,quota,8,2,3.0,0.25,0.75,0.6934011649674211,"{'0': 0.8378606377594061, '1': 0.7752, '2': 0.46714285714285714}","{'0': 11854, '1': 2500, '2': 3500}"
actual_prefix,raw,8,2,3.0,0.5,0.5,0.6572854529080471,"{'0': 0.8196423158532888, '1': 0.7015277996534888, '2': 0.45068624321736356}","{'0': 11239, '1': 3849, '2': 2766}"
actual_prefix,quota,8,2,3.0,0.5,0.5,0.686914915600119,"{'0': 0.8344018896574996, '1': 0.7552, '2': 0.47114285714285714}","{'0': 11854, '1': 2500, '2': 3500}"
actual_prefix,raw,8,2,3.0,0.75,0.25,0.5879270674233665,"{'0': 0.8029467554810534, '1': 0.6306049822064057, '2': 0.3302294645826405}","{'0': 10815, '1': 4525, '2': 2514}"
actual_prefix,quota,8,2,3.0,0.75,0.25,0.644379274827866,"{'0': 0.8134806816264553, '1': 0.7268, '2': 0.39285714285714285}","{'0': 11854, '1': 2500, '2': 3500}"
actual_prefix,raw,8,2,3.0,1.0,0.0,0.3776646447104565,"{'0': 0.6561601928246964, '1': 0.2292806619511544, '2': 0.24755307935551873}","{'0': 9720, '1': 4993, '2': 3141}"
actual_prefix,quota,8,2,3.0,1.0,0.0,0.30620503105240743,"{'0': 0.6556436645857938, '1': 0.0044, '2': 0.25857142857142856}","{'0': 11854, '1': 2500, '2': 3500}"
actual_prefix,raw,8,2,15.0,0.0,1.0,0.7280306280948432,"{'0': 0.8424534226501988, '1': 0.8663909368818558, '2': 0.4752475247524752}","{'0': 12031, '1': 3061, '2': 2762}"
actual_prefix,quota,8,2,15.0,0.0,1.0,0.7048370443571388,"{'0': 0.8400539902142736, '1': 0.8196, '2': 0.45485714285714285}","{'0': 11854, '1': 2500, '2': 3500}"
actual_prefix,raw,8,2,15.0,0.25,0.75,0.6847690552681462,"{'0': 0.8224892703862661, '1': 0.7526191280838122, '2': 0.47919876733436056}","{'0': 11446, '1': 3418, '2': 2990}"
actual_prefix,quota,8,2,15.0,0.25,0.75,0.6864894212923908,"{'0': 0.8302682638771722, '1': 0.7672, '2': 0.462}","{'0': 11854, '1': 2500, '2': 3500}"
actual_prefix,raw,8,2,15.0,0.5,0.5,0.6572854529080471,"{'0': 0.8196423158532888, '1': 0.7015277996534888, '2': 0.45068624321736356}","{'0': 11239, '1': 3849, '2': 2766}"
actual_prefix,quota,8,2,15.0,0.5,0.5,0.7013177500863682,"{'0': 0.8392103931162477, '1': 0.7936, '2': 0.47114285714285714}","{'0': 11854, '1': 2500, '2': 3500}"
actual_prefix,raw,8,2,15.0,0.75,0.25,0.5879270674233665,"{'0': 0.8029467554810534, '1': 0.6306049822064057, '2': 0.3302294645826405}","{'0': 10815, '1': 4525, '2': 2514}"
actual_prefix,quota,8,2,15.0,0.75,0.25,0.6485633043296617,"{'0': 0.8093470558461279, '1': 0.7392, '2': 0.39714285714285713}","{'0': 11854, '1': 2500, '2': 3500}"
actual_prefix,raw,8,2,15.0,1.0,0.0,0.3776646447104565,"{'0': 0.6561601928246964, '1': 0.2292806619511544, '2': 0.24755307935551873}","{'0': 9720, '1': 4993, '2': 3141}"
actual_prefix,quota,8,2,15.0,1.0,0.0,0.31341779909534256,"{'0': 0.6585962544288848, '1': 0.0208, '2': 0.26085714285714284}","{'0': 11854, '1': 2500, '2': 3500}"
actual_prefix,raw,12,0,0.5,0.0,1.0,0.7032237212533117,"{'0': 0.8187473728457335, '1': 0.8657056145675266, '2': 0.4252181763466747}","{'0': 11936, '1': 2772, '2': 3146}"
actual_prefix,quota,12,0,0.5,0.0,1.0,0.6808872391878972,"{'0': 0.8146617175636915, '1': 0.82, '2': 0.408}","{'0': 11854, '1': 2500, '2': 3500}"
actual_prefix,raw,12,0,0.5,0.25,0.75,0.7032237212533117,"{'0': 0.8187473728457335, '1': 0.8657056145675266, '2': 0.4252181763466747}","{'0': 11936, '1': 2772, '2': 3146}"
actual_prefix,quota,12,0,0.5,0.25,0.75,0.6808872391878972,"{'0': 0.8146617175636915, '1': 0.82, '2': 0.408}","{'0': 11854, '1': 2500, '2': 3500}"
actual_prefix,raw,12,0,0.5,0.5,0.5,0.7032237212533117,"{'0': 0.8187473728457335, '1': 0.8657056145675266, '2': 0.4252181763466747}","{'0': 11936, '1': 2772, '2': 3146}"
actual_prefix,quota,12,0,0.5,0.5,0.5,0.6808872391878972,"{'0': 0.8146617175636915, '1': 0.82, '2': 0.408}","{'0': 11854, '1': 2500, '2': 3500}"
actual_prefix,raw,12,0,0.5,0.75,0.25,0.7032237212533117,"{'0': 0.8187473728457335, '1': 0.8657056145675266, '2': 0.4252181763466747}","{'0': 11936, '1': 2772, '2': 3146}"
actual_prefix,quota,12,0,0.5,0.75,0.25,0.6808872391878972,"{'0': 0.8146617175636915, '1': 0.82, '2': 0.408}","{'0': 11854, '1': 2500, '2': 3500}"
actual_prefix,raw,12,0,0.5,1.0,0.0,0.7032237212533117,"{'0': 0.8187473728457335, '1': 0.8657056145675266, '2': 0.4252181763466747}","{'0': 11936, '1': 2772, '2': 3146}"
actual_prefix,quota,12,0,0.5,1.0,0.0,0.6808872391878972,"{'0': 0.8146617175636915, '1': 0.82, '2': 0.408}","{'0': 11854, '1': 2500, '2': 3500}"
actual_prefix,raw,12,0,3.0,0.0,1.0,0.7032237212533117,"{'0': 0.8187473728457335, '1': 0.8657056145675266, '2': 0.4252181763466747}","{'0': 11936, '1': 2772, '2': 3146}"
actual_prefix,quota,12,0,3.0,0.0,1.0,0.6808872391878972,"{'0': 0.8146617175636915, '1': 0.82, '2': 0.408}","{'0': 11854, '1': 2500, '2': 3500}"
actual_prefix,raw,12,0,3.0,0.25,0.75,0.7032237212533117,"{'0': 0.8187473728457335, '1': 0.8657056145675266, '2': 0.4252181763466747}","{'0': 11936, '1': 2772, '2': 3146}"
actual_prefix,quota,12,0,3.0,0.25,0.75,0.6808872391878972,"{'0': 0.8146617175636915, '1': 0.82, '2': 0.408}","{'0': 11854, '1': 2500, '2': 3500}"
actual_prefix,raw,12,0,3.0,0.5,0.5,0.7032237212533117,"{'0': 0.8187473728457335, '1': 0.8657056145675266, '2': 0.4252181763466747}","{'0': 11936, '1': 2772, '2': 3146}"
actual_prefix,quota,12,0,3.0,0.5,0.5,0.6808872391878972,"{'0': 0.8146617175636915, '1': 0.82, '2': 0.408}","{'0': 11854, '1': 2500, '2': 3500}"
actual_prefix,raw,12,0,3.0,0.75,0.25,0.7032237212533117,"{'0': 0.8187473728457335, '1': 0.8657056145675266, '2': 0.4252181763466747}","{'0': 11936, '1': 2772, '2': 3146}"
actual_prefix,quota,12,0,3.0,0.75,0.25,0.6808872391878972,"{'0': 0.8146617175636915, '1': 0.82, '2': 0.408}","{'0': 11854, '1': 2500, '2': 3500}"
actual_prefix,raw,12,0,3.0,1.0,0.0,0.7032237212533117,"{'0': 0.8187473728457335, '1': 0.8657056145675266, '2': 0.4252181763466747}","{'0': 11936, '1': 2772, '2': 3146}"
actual_prefix,quota,12,0,3.0,1.0,0.0,0.6808872391878972,"{'0': 0.8146617175636915, '1': 0.82, '2': 0.408}","{'0': 11854, '1': 2500, '2': 3500}"
actual_prefix,raw,12,0,15.0,0.0,1.0,0.7032237212533117,"{'0': 0.8187473728457335, '1': 0.8657056145675266, '2': 0.4252181763466747}","{'0': 11936, '1': 2772, '2': 3146}"
actual_prefix,quota,12,0,15.0,0.0,1.0,0.6808872391878972,"{'0': 0.8146617175636915, '1': 0.82, '2': 0.408}","{'0': 11854, '1': 2500, '2': 3500}"
actual_prefix,raw,12,0,15.0,0.25,0.75,0.7032237212533117,"{'0': 0.8187473728457335, '1': 0.8657056145675266, '2': 0.4252181763466747}","{'0': 11936, '1': 2772, '2': 3146}"
actual_prefix,quota,12,0,15.0,0.25,0.75,0.6808872391878972,"{'0': 0.8146617175636915, '1': 0.82, '2': 0.408}","{'0': 11854, '1': 2500, '2': 3500}"
actual_prefix,raw,12,0,15.0,0.5,0.5,0.7032237212533117,"{'0': 0.8187473728457335, '1': 0.8657056145675266, '2': 0.4252181763466747}","{'0': 11936, '1': 2772, '2': 3146}"
actual_prefix,quota,12,0,15.0,0.5,0.5,0.6808872391878972,"{'0': 0.8146617175636915, '1': 0.82, '2': 0.408}","{'0': 11854, '1': 2500, '2': 3500}"
actual_prefix,raw,12,0,15.0,0.75,0.25,0.7032237212533117,"{'0': 0.8187473728457335, '1': 0.8657056145675266, '2': 0.4252181763466747}","{'0': 11936, '1': 2772, '2': 3146}"
actual_prefix,quota,12,0,15.0,0.75,0.25,0.6808872391878972,"{'0': 0.8146617175636915, '1': 0.82, '2': 0.408}","{'0': 11854, '1': 2500, '2': 3500}"
actual_prefix,raw,12,0,15.0,1.0,0.0,0.7032237212533117,"{'0': 0.8187473728457335, '1': 0.8657056145675266, '2': 0.4252181763466747}","{'0': 11936, '1': 2772, '2': 3146}"
actual_prefix,quota,12,0,15.0,1.0,0.0,0.6808872391878972,"{'0': 0.8146617175636915, '1': 0.82, '2': 0.408}","{'0': 11854, '1': 2500, '2': 3500}"
actual_prefix,raw,12,1,0.5,0.0,1.0,0.7032237212533117,"{'0': 0.8187473728457335, '1': 0.8657056145675266, '2': 0.4252181763466747}","{'0': 11936, '1': 2772, '2': 3146}"
actual_prefix,quota,12,1,0.5,0.0,1.0,0.6808872391878972,"{'0': 0.8146617175636915, '1': 0.82, '2': 0.408}","{'0': 11854, '1': 2500, '2': 3500}"
actual_prefix,raw,12,1,0.5,0.25,0.75,0.7129833928347762,"{'0': 0.8144272419264914, '1': 0.8624199019977384, '2': 0.4621030345800988}","{'0': 11463, '1': 2806, '2': 3585}"
actual_prefix,quota,12,1,0.5,0.25,0.75,0.7309973020961379,"{'0': 0.8279061920026995, '1': 0.9108, '2': 0.4542857142857143}","{'0': 11854, '1': 2500, '2': 3500}"
actual_prefix,raw,12,1,0.5,0.5,0.5,0.709848735001764,"{'0': 0.8205911037611839, '1': 0.8660598179453837, '2': 0.4428952832987244}","{'0': 11729, '1': 2883, '2': 3242}"
actual_prefix,quota,12,1,0.5,0.5,0.5,0.6900220524315682,"{'0': 0.8197233001518475, '1': 0.8212, '2': 0.42914285714285716}","{'0': 11854, '1': 2500, '2': 3500}"
actual_prefix,raw,12,1,0.5,0.75,0.25,0.7073159867264458,"{'0': 0.8221137664086167, '1': 0.868425977915029, '2': 0.431408215855692}","{'0': 11914, '1': 2843, '2': 3097}"
actual_prefix,quota,12,1,0.5,0.75,0.25,0.6848293186145726,"{'0': 0.8201450987008605, '1': 0.8172, '2': 0.41714285714285715}","{'0': 11854, '1': 2500, '2': 3500}"
actual_prefix,raw,12,1,0.5,1.0,0.0,0.6517490324184074,"{'0': 0.7848101265822784, '1': 0.8229665071770335, '2': 0.3474704634959103}","{'0': 11609, '1': 3143, '2': 3102}"
actual_prefix,quota,12,1,0.5,1.0,0.0,0.639675039970434,"{'0': 0.797367977054159, '1': 0.7888, '2': 0.33285714285714285}","{'0': 11854, '1': 2500, '2': 3500}"
actual_prefix,raw,12,1,3.0,0.0,1.0,0.7032237212533117,"{'0': 0.8187473728457335, '1': 0.8657056145675266, '2': 0.4252181763466747}","{'0': 11936, '1': 2772, '2': 3146}"
actual_prefix,quota,12,1,3.0,0.0,1.0,0.6808872391878972,"{'0': 0.8146617175636915, '1': 0.82, '2': 0.408}","{'0': 11854, '1': 2500, '2': 3500}"
actual_prefix,raw,12,1,3.0,0.25,0.75,0.7129833928347762,"{'0': 0.8144272419264914, '1': 0.8624199019977384, '2': 0.4621030345800988}","{'0': 11463, '1': 2806, '2': 3585}"
actual_prefix,quota,12,1,3.0,0.25,0.75,0.7309410622896029,"{'0': 0.8277374725830943, '1': 0.9108, '2': 0.4542857142857143}","{'0': 11854, '1': 2500, '2': 3500}"
actual_prefix,raw,12,1,3.0,0.5,0.5,0.709848735001764,"{'0': 0.8205911037611839, '1': 0.8660598179453837, '2': 0.4428952832987244}","{'0': 11729, '1': 2883, '2': 3242}"
actual_prefix,quota,12,1,3.0,0.5,0.5,0.6931458619553776,"{'0': 0.8197233001518475, '1': 0.83, '2': 0.4297142857142857}","{'0': 11854, '1': 2500, '2': 3500}"
actual_prefix,raw,12,1,3.0,0.75,0.25,0.7073159867264458,"{'0': 0.8221137664086167, '1': 0.868425977915029, '2': 0.431408215855692}","{'0': 11914, '1': 2843, '2': 3097}"
actual_prefix,quota,12,1,3.0,0.75,0.25,0.6848293186145726,"{'0': 0.8201450987008605, '1': 0.8172, '2': 0.41714285714285715}","{'0': 11854, '1': 2500, '2': 3500}"
actual_prefix,raw,12,1,3.0,1.0,0.0,0.6517490324184074,"{'0': 0.7848101265822784, '1': 0.8229665071770335, '2': 0.3474704634959103}","{'0': 11609, '1': 3143, '2': 3102}"
actual_prefix,quota,12,1,3.0,1.0,0.0,0.639675039970434,"{'0': 0.797367977054159, '1': 0.7888, '2': 0.33285714285714285}","{'0': 11854, '1': 2500, '2': 3500}"
actual_prefix,raw,12,1,15.0,0.0,1.0,0.7032237212533117,"{'0': 0.8187473728457335, '1': 0.8657056145675266, '2': 0.4252181763466747}","{'0': 11936, '1': 2772, '2': 3146}"
actual_prefix,quota,12,1,15.0,0.0,1.0,0.6808872391878972,"{'0': 0.8146617175636915, '1': 0.82, '2': 0.408}","{'0': 11854, '1': 2500, '2': 3500}"
actual_prefix,raw,12,1,15.0,0.25,0.75,0.7146621187790382,"{'0': 0.8158931323856825, '1': 0.8660105980317941, '2': 0.4620826259196378}","{'0': 11502, '1': 2784, '2': 3568}"
actual_prefix,quota,12,1,15.0,0.25,0.75,0.7316812102806366,"{'0': 0.8282436308419099, '1': 0.9088, '2': 0.458}","{'0': 11854, '1': 2500, '2': 3500}"
actual_prefix,raw,12,1,15.0,0.5,0.5,0.709848735001764,"{'0': 0.8205911037611839, '1': 0.8660598179453837, '2': 0.4428952832987244}","{'0': 11729, '1': 2883, '2': 3242}"
actual_prefix,quota,12,1,15.0,0.5,0.5,0.6920791952887111,"{'0': 0.8197233001518475, '1': 0.8268, '2': 0.4297142857142857}","{'0': 11854, '1': 2500, '2': 3500}"
actual_prefix,raw,12,1,15.0,0.75,0.25,0.7070818135503852,"{'0': 0.8220595658758203, '1': 0.868425977915029, '2': 0.4307598968603064}","{'0': 11918, '1': 2843, '2': 3093}"
actual_prefix,quota,12,1,15.0,0.75,0.25,0.687953128138382,"{'0': 0.8201450987008605, '1': 0.826, '2': 0.4177142857142857}","{'0': 11854, '1': 2500, '2': 3500}"
actual_prefix,raw,12,1,15.0,1.0,0.0,0.6522105562134636,"{'0': 0.7851725607158074, '1': 0.8239886444286728, '2': 0.3474704634959103}","{'0': 11616, '1': 3136, '2': 3102}"
actual_prefix,quota,12,1,15.0,1.0,0.0,0.6427988494942435,"{'0': 0.797367977054159, '1': 0.7976, '2': 0.3334285714285714}","{'0': 11854, '1': 2500, '2': 3500}"
actual_prefix,raw,12,2,0.5,0.0,1.0,0.7032237212533117,"{'0': 0.8187473728457335, '1': 0.8657056145675266, '2': 0.4252181763466747}","{'0': 11936, '1': 2772, '2': 3146}"
actual_prefix,quota,12,2,0.5,0.0,1.0,0.6808872391878972,"{'0': 0.8146617175636915, '1': 0.82, '2': 0.408}","{'0': 11854, '1': 2500, '2': 3500}"
actual_prefix,raw,12,2,0.5,0.25,0.75,0.6467081989354527,"{'0': 0.8003532008830022, '1': 0.6902106567534076, '2': 0.4495607391699485}","{'0': 10796, '1': 3956, '2': 3102}"
actual_prefix,quota,12,2,0.5,0.25,0.75,0.620240105409466,"{'0': 0.7967774590855408, '1': 0.6148, '2': 0.4491428571428571}","{'0': 11854, '1': 2500, '2': 3500}"
actual_prefix,raw,12,2,0.5,0.5,0.5,0.6310359357311414,"{'0': 0.8003532008830022, '1': 0.6646778042959427, '2': 0.42807680201447906}","{'0': 10796, '1': 4204, '2': 2854}"
actual_prefix,quota,12,2,0.5,0.5,0.5,0.6161801698442156,"{'0': 0.7937405095326472, '1': 0.6108, '2': 0.444}","{'0': 11854, '1': 2500, '2': 3500}"
actual_prefix,raw,12,2,0.5,0.75,0.25,0.562968494155517,"{'0': 0.7919673674301851, '1': 0.5861092380310182, '2': 0.3108288770053476}","{'0': 10455, '1': 4915, '2': 2484}"
actual_prefix,quota,12,2,0.5,0.75,0.25,0.5892783597258711,"{'0': 0.7842922220347562, '1': 0.5764, '2': 0.40714285714285714}","{'0': 11854, '1': 2500, '2': 3500}"
actual_prefix,raw,12,2,0.5,1.0,0.0,0.3725348432549222,"{'0': 0.6551483258044987, '1': 0.22076249356002062, '2': 0.24169371040024726}","{'0': 9619, '1': 5264, '2': 2971}"
actual_prefix,quota,12,2,0.5,1.0,0.0,0.34249580370700666,"{'0': 0.6778302682638772, '1': 0.0768, '2': 0.27285714285714285}","{'0': 11854, '1': 2500, '2': 3500}"
actual_prefix,raw,12,2,3.0,0.0,1.0,0.7032237212533117,"{'0': 0.8187473728457335, '1': 0.8657056145675266, '2': 0.4252181763466747}","{'0': 11936, '1': 2772, '2': 3146}"
actual_prefix,quota,12,2,3.0,0.0,1.0,0.6808872391878972,"{'0': 0.8146617175636915, '1': 0.82, '2': 0.408}","{'0': 11854, '1': 2500, '2': 3500}"
actual_prefix,raw,12,2,3.0,0.25,0.75,0.6467081989354527,"{'0': 0.8003532008830022, '1': 0.6902106567534076, '2': 0.4495607391699485}","{'0': 10796, '1': 3956, '2': 3102}"
actual_prefix,quota,12,2,3.0,0.25,0.75,0.6437260285858902,"{'0': 0.8056352286148135, '1': 0.6764, '2': 0.4491428571428571}","{'0': 11854, '1': 2500, '2': 3500}"
actual_prefix,raw,12,2,3.0,0.5,0.5,0.6310359357311414,"{'0': 0.8003532008830022, '1': 0.6646778042959427, '2': 0.42807680201447906}","{'0': 10796, '1': 4204, '2': 2854}"
actual_prefix,quota,12,2,3.0,0.5,0.5,0.6161520499409482,"{'0': 0.7936561498228446, '1': 0.6108, '2': 0.444}","{'0': 11854, '1': 2500, '2': 3500}"
actual_prefix,raw,12,2,3.0,0.75,0.25,0.562968494155517,"{'0': 0.7919673674301851, '1': 0.5861092380310182, '2': 0.3108288770053476}","{'0': 10455, '1': 4915, '2': 2484}"
actual_prefix,quota,12,2,3.0,0.75,0.25,0.5892783597258711,"{'0': 0.7842922220347562, '1': 0.5764, '2': 0.40714285714285714}","{'0': 11854, '1': 2500, '2': 3500}"
actual_prefix,raw,12,2,3.0,1.0,0.0,0.3725348432549222,"{'0': 0.6551483258044987, '1': 0.22076249356002062, '2': 0.24169371040024726}","{'0': 9619, '1': 5264, '2': 2971}"
actual_prefix,quota,12,2,3.0,1.0,0.0,0.3020815477194759,"{'0': 0.6502446431584276, '1': 0.002, '2': 0.254}","{'0': 11854, '1': 2500, '2': 3500}"
actual_prefix,raw,12,2,15.0,0.0,1.0,0.7032237212533117,"{'0': 0.8187473728457335, '1': 0.8657056145675266, '2': 0.4252181763466747}","{'0': 11936, '1': 2772, '2': 3146}"
actual_prefix,quota,12,2,15.0,0.0,1.0,0.6808872391878972,"{'0': 0.8146617175636915, '1': 0.82, '2': 0.408}","{'0': 11854, '1': 2500, '2': 3500}"
actual_prefix,raw,12,2,15.0,0.25,0.75,0.6480170532228559,"{'0': 0.8010589013898081, '1': 0.6934454304841974, '2': 0.44954682779456195}","{'0': 10811, '1': 3923, '2': 3120}"
actual_prefix,quota,12,2,15.0,0.25,0.75,0.684340568986157,"{'0': 0.8260502783870424, '1': 0.7844, '2': 0.44257142857142856}","{'0': 11854, '1': 2500, '2': 3500}"
actual_prefix,raw,12,2,15.0,0.5,0.5,0.6310359357311414,"{'0': 0.8003532008830022, '1': 0.6646778042959427, '2': 0.42807680201447906}","{'0': 10796, '1': 4204, '2': 2854}"
actual_prefix,quota,12,2,15.0,0.5,0.5,0.6230518868455093,"{'0': 0.7963556605365277, '1': 0.6288, '2': 0.444}","{'0': 11854, '1': 2500, '2': 3500}"
actual_prefix,raw,12,2,15.0,0.75,0.25,0.5620139179972766,"{'0': 0.7916479971323596, '1': 0.5861092380310182, '2': 0.30828451882845187}","{'0': 10464, '1': 4915, '2': 2475}"
actual_prefix,quota,12,2,15.0,0.75,0.25,0.5913037704773153,"{'0': 0.7848827400033744, '1': 0.5796, '2': 0.4094285714285714}","{'0': 11854, '1': 2500, '2': 3500}"
actual_prefix,raw,12,2,15.0,1.0,0.0,0.3725348432549222,"{'0': 0.6551483258044987, '1': 0.22076249356002062, '2': 0.24169371040024726}","{'0': 9619, '1': 5264, '2': 2971}"
actual_prefix,quota,12,2,15.0,1.0,0.0,0.3045768275928559,"{'0': 0.652016197064282, '1': 0.002, '2': 0.25971428571428573}","{'0': 11854, '1': 2500, '2': 3500}"
