id,has_anomaly,primary_start_idx,primary_end_idx,primary_anomaly_type,all_spans
1,0,-1,-1,none,
2,0,-1,-1,none,
3,0,-1,-1,none,
4,0,-1,-1,none,
5,0,-1,-1,none,
6,1,10,15,cross_component_mismatch,10|15|cross_component_mismatch
7,0,-1,-1,none,
8,1,8,11,parameter_drift,8|11|parameter_drift
9,1,16,18,timeout_retry,16|18|timeout_retry
10,0,-1,-1,none,
11,0,-1,-1,none,
12,1,24,30,timeout_retry,24|30|timeout_retry
13,0,-1,-1,none,
14,0,-1,-1,none,
15,1,41,44,parameter_drift,41|44|parameter_drift
16,1,145,149,missing_step,145|149|missing_step
17,0,-1,-1,none,
18,1,21,26,slow_burn_warning,21|26|slow_burn_warning
19,1,10,12,partial_recovery_loop,10|12|partial_recovery_loop
20,0,-1,-1,none,
21,0,-1,-1,none,
22,0,-1,-1,none,
23,1,31,34,slow_burn_warning,31|34|slow_burn_warning
24,0,-1,-1,none,
25,0,-1,-1,none,
26,0,-1,-1,none,
27,1,29,34,cross_component_mismatch,29|34|cross_component_mismatch
28,1,13,16,missing_step,13|16|missing_step
29,1,26,31,state_conflict,26|31|state_conflict
30,1,32,35,cross_component_mismatch,32|35|cross_component_mismatch
31,1,69,71,missing_step,69|71|missing_step
32,1,126,129,state_conflict,126|129|state_conflict
33,1,37,40,parameter_drift,37|40|parameter_drift
34,0,-1,-1,none,
35,1,24,27,slow_burn_warning,24|27|slow_burn_warning
36,1,30,32,slow_burn_warning,30|32|slow_burn_warning
37,0,-1,-1,none,
38,0,-1,-1,none,
39,0,-1,-1,none,
40,0,-1,-1,none,
41,0,-1,-1,none,
42,0,-1,-1,none,
43,1,34,38,resource_exhaustion,34|38|resource_exhaustion
44,1,65,71,slow_burn_warning,65|71|slow_burn_warning
45,0,-1,-1,none,
46,1,26,29,duplicate_event,26|29|duplicate_event
47,1,12,16,out_of_order,12|16|out_of_order
48,1,15,18,cross_component_mismatch,15|18|cross_component_mismatch
49,0,-1,-1,none,
50,1,22,26,missing_step,22|26|missing_step
51,1,14,17,missing_step,14|17|missing_step
52,0,-1,-1,none,
53,0,-1,-1,none,
54,1,29,34,duplicate_event,29|34|duplicate_event
55,1,52,55,state_conflict,52|55|state_conflict
56,0,-1,-1,none,
57,1,53,57,partial_recovery_loop,53|57|partial_recovery_loop
58,0,-1,-1,none,
59,1,10,14,timeout_retry,10|14|timeout_retry
60,1,36,42,partial_recovery_loop,36|42|partial_recovery_loop
61,0,-1,-1,none,
62,0,-1,-1,none,
63,1,3,8,cross_component_mismatch,3|8|cross_component_mismatch
64,1,41,43,resource_exhaustion,41|43|resource_exhaustion
65,0,-1,-1,none,
66,1,10,13,state_conflict,10|13|state_conflict
67,1,95,98,duplicate_event,95|98|duplicate_event
68,1,40,43,cross_component_mismatch,40|43|cross_component_mismatch
69,0,-1,-1,none,
70,1,19,24,resource_exhaustion,19|24|resource_exhaustion
71,1,11,13,partial_recovery_loop,11|13|partial_recovery_loop
72,0,-1,-1,none,
73,0,-1,-1,none,
74,0,-1,-1,none,
75,0,-1,-1,none,
76,0,-1,-1,none,
77,1,51,54,timeout_retry,51|54|timeout_retry
78,1,82,84,missing_step,82|84|missing_step
79,0,-1,-1,none,
80,1,69,75,partial_recovery_loop,69|75|partial_recovery_loop
81,1,21,25,out_of_order,21|25|out_of_order
82,1,46,49,partial_recovery_loop,46|49|partial_recovery_loop
83,0,-1,-1,none,
84,0,-1,-1,none,
85,1,22,26,duplicate_event,22|26|duplicate_event
86,0,-1,-1,none,
87,1,35,39,resource_exhaustion,35|39|resource_exhaustion
88,0,-1,-1,none,
89,1,8,11,timeout_retry,8|11|timeout_retry
90,1,78,83,timeout_retry,78|83|timeout_retry
91,1,43,48,resource_exhaustion,43|48|resource_exhaustion
92,0,-1,-1,none,
93,1,8,12,cross_component_mismatch,8|12|cross_component_mismatch
94,1,18,24,partial_recovery_loop,18|24|partial_recovery_loop
95,1,8,14,partial_recovery_loop,8|14|partial_recovery_loop
96,0,-1,-1,none,
97,0,-1,-1,none,
98,0,-1,-1,none,
99,0,-1,-1,none,
100,1,35,41,slow_burn_warning,35|41|slow_burn_warning
101,1,18,22,partial_recovery_loop,18|22|partial_recovery_loop
102,0,-1,-1,none,
103,1,36,44,partial_recovery_loop,36|44|partial_recovery_loop
104,1,60,64,cross_component_mismatch,60|64|cross_component_mismatch
105,1,55,58,timeout_retry,55|58|timeout_retry
106,1,61,64,state_conflict,61|64|state_conflict
107,1,19,23,partial_recovery_loop,19|23|partial_recovery_loop
108,0,-1,-1,none,
109,1,31,35,duplicate_event,31|35|duplicate_event
110,1,27,30,state_conflict,27|30|state_conflict
111,0,-1,-1,none,
112,1,11,19,partial_recovery_loop,11|19|partial_recovery_loop
113,1,2,6,parameter_drift,2|6|parameter_drift
114,0,-1,-1,none,
115,1,2,4,out_of_order,2|4|out_of_order
116,1,26,29,cross_component_mismatch,26|29|cross_component_mismatch
117,1,34,40,cross_component_mismatch,34|40|cross_component_mismatch
118,1,43,47,cross_component_mismatch,43|47|cross_component_mismatch
119,1,23,28,timeout_retry,23|28|timeout_retry
120,0,-1,-1,none,
121,0,-1,-1,none,
122,0,-1,-1,none,
123,0,-1,-1,none,
124,1,33,36,out_of_order,33|36|out_of_order
125,0,-1,-1,none,
126,0,-1,-1,none,
127,0,-1,-1,none,
128,1,21,23,resource_exhaustion,21|23|resource_exhaustion
129,0,-1,-1,none,
130,1,19,22,timeout_retry,19|22|timeout_retry
131,0,-1,-1,none,
132,0,-1,-1,none,
133,0,-1,-1,none,
134,0,-1,-1,none,
135,0,-1,-1,none,
136,0,-1,-1,none,
137,0,-1,-1,none,
138,0,-1,-1,none,
139,0,-1,-1,none,
140,1,4,11,partial_recovery_loop,4|11|partial_recovery_loop
141,1,2,5,duplicate_event,2|5|duplicate_event
142,0,-1,-1,none,
143,0,-1,-1,none,
144,0,-1,-1,none,
145,0,-1,-1,none,
146,1,37,43,partial_recovery_loop,37|43|partial_recovery_loop
147,1,108,113,timeout_retry,108|113|timeout_retry
148,1,15,18,cross_component_mismatch,15|18|cross_component_mismatch
149,0,-1,-1,none,
150,1,39,41,cross_component_mismatch,39|41|cross_component_mismatch
151,0,-1,-1,none,
152,1,36,41,partial_recovery_loop,36|41|partial_recovery_loop
153,1,5,10,partial_recovery_loop,5|10|partial_recovery_loop
154,0,-1,-1,none,
155,0,-1,-1,none,
156,0,-1,-1,none,
157,1,27,32,slow_burn_warning,27|32|slow_burn_warning
158,1,38,44,partial_recovery_loop,38|44|partial_recovery_loop
159,1,32,35,timeout_retry,32|35|timeout_retry
160,1,49,52,timeout_retry,49|52|timeout_retry
161,0,-1,-1,none,
162,0,-1,-1,none,
163,1,26,29,partial_recovery_loop,26|29|partial_recovery_loop
164,1,27,31,timeout_retry,27|31|timeout_retry
165,0,-1,-1,none,
166,0,-1,-1,none,
167,0,-1,-1,none,
168,0,-1,-1,none,
169,1,94,98,cross_component_mismatch,94|98|cross_component_mismatch
170,1,33,39,duplicate_event,33|39|duplicate_event
171,0,-1,-1,none,
172,1,40,44,partial_recovery_loop,40|44|partial_recovery_loop
173,1,13,17,state_conflict,13|17|state_conflict
174,1,14,18,slow_burn_warning,14|18|slow_burn_warning
175,0,-1,-1,none,
176,0,-1,-1,none,
177,0,-1,-1,none,
178,0,-1,-1,none,
179,1,71,73,cross_component_mismatch,71|73|cross_component_mismatch
180,0,-1,-1,none,
181,1,55,58,out_of_order,55|58|out_of_order
182,1,55,62,timeout_retry,55|62|timeout_retry
183,1,33,37,resource_exhaustion,33|37|resource_exhaustion
184,1,39,45,timeout_retry,39|45|timeout_retry
185,1,4,8,partial_recovery_loop,4|8|partial_recovery_loop
186,0,-1,-1,none,
187,0,-1,-1,none,
188,1,15,17,parameter_drift,15|17|parameter_drift
189,1,79,82,cross_component_mismatch,79|82|cross_component_mismatch
190,1,32,35,partial_recovery_loop,32|35|partial_recovery_loop
191,1,87,89,out_of_order,87|89|out_of_order
192,1,59,62,duplicate_event,59|62|duplicate_event
193,1,8,14,slow_burn_warning,8|14|slow_burn_warning
194,0,-1,-1,none,
195,1,3,8,partial_recovery_loop,3|8|partial_recovery_loop
196,1,6,10,cross_component_mismatch,6|10|cross_component_mismatch
197,0,-1,-1,none,
198,0,-1,-1,none,
199,1,53,57,cross_component_mismatch,53|57|cross_component_mismatch
200,0,-1,-1,none,
201,1,64,68,cross_component_mismatch,64|68|cross_component_mismatch
202,0,-1,-1,none,
203,1,20,22,partial_recovery_loop,20|22|partial_recovery_loop
204,1,39,41,cross_component_mismatch,39|41|cross_component_mismatch
205,1,37,41,partial_recovery_loop,37|41|partial_recovery_loop
206,1,28,33,partial_recovery_loop,28|33|partial_recovery_loop
207,1,99,101,partial_recovery_loop,99|101|partial_recovery_loop
208,0,-1,-1,none,
209,0,-1,-1,none,
210,0,-1,-1,none,
211,1,11,16,partial_recovery_loop,11|16|partial_recovery_loop
212,1,72,75,state_conflict,72|75|state_conflict
213,1,44,48,missing_step,44|48|missing_step
214,1,6,8,missing_step,6|8|missing_step
215,1,69,72,cross_component_mismatch,69|72|cross_component_mismatch
216,1,17,21,cross_component_mismatch,17|21|cross_component_mismatch
217,1,11,14,partial_recovery_loop,11|14|partial_recovery_loop
218,0,-1,-1,none,
219,1,48,51,out_of_order,48|51|out_of_order
220,0,-1,-1,none,
221,0,-1,-1,none,
222,0,-1,-1,none,
223,1,134,140,partial_recovery_loop,134|140|partial_recovery_loop
224,1,5,8,cross_component_mismatch,5|8|cross_component_mismatch
225,0,-1,-1,none,
226,0,-1,-1,none,
227,1,40,43,timeout_retry,40|43|timeout_retry
228,1,3,8,partial_recovery_loop,3|8|partial_recovery_loop
229,0,-1,-1,none,
230,1,16,19,timeout_retry,16|19|timeout_retry
231,0,-1,-1,none,
232,0,-1,-1,none,
233,0,-1,-1,none,
234,0,-1,-1,none,
235,0,-1,-1,none,
236,1,69,72,parameter_drift,69|72|parameter_drift
237,1,9,14,state_conflict,9|14|state_conflict
238,1,64,68,cross_component_mismatch,64|68|cross_component_mismatch
239,0,-1,-1,none,
240,1,6,10,timeout_retry,6|10|timeout_retry
241,1,47,52,timeout_retry,47|52|timeout_retry
242,0,-1,-1,none,
243,0,-1,-1,none,
244,1,45,49,missing_step,45|49|missing_step
245,0,-1,-1,none,
246,1,10,15,timeout_retry,10|15|timeout_retry
247,1,45,48,missing_step,45|48|missing_step
248,1,9,13,missing_step,9|13|missing_step
249,1,8,13,partial_recovery_loop,8|13|partial_recovery_loop
250,0,-1,-1,none,
251,1,50,54,partial_recovery_loop,50|54|partial_recovery_loop
252,0,-1,-1,none,
253,0,-1,-1,none,
254,0,-1,-1,none,
255,0,-1,-1,none,
256,1,16,20,timeout_retry,16|20|timeout_retry
257,0,-1,-1,none,
258,1,11,14,missing_step,11|14|missing_step
259,1,56,63,slow_burn_warning,56|63|slow_burn_warning
260,0,-1,-1,none,
261,1,3,5,slow_burn_warning,3|5|slow_burn_warning
262,1,29,32,resource_exhaustion,29|32|resource_exhaustion
263,0,-1,-1,none,
264,0,-1,-1,none,
265,1,54,59,parameter_drift,54|59|parameter_drift
266,1,1,4,duplicate_event,1|4|duplicate_event
267,0,-1,-1,none,
268,1,36,39,cross_component_mismatch,36|39|cross_component_mismatch
269,1,29,34,cross_component_mismatch,29|34|cross_component_mismatch
270,1,24,29,cross_component_mismatch,24|29|cross_component_mismatch
271,0,-1,-1,none,
272,0,-1,-1,none,
273,1,21,23,timeout_retry,21|23|timeout_retry
274,0,-1,-1,none,
275,0,-1,-1,none,
276,1,33,39,resource_exhaustion,33|39|resource_exhaustion
277,1,64,66,partial_recovery_loop,64|66|partial_recovery_loop
278,1,26,30,timeout_retry,26|30|timeout_retry
279,1,13,15,missing_step,13|15|missing_step
280,0,-1,-1,none,
281,1,5,9,parameter_drift,5|9|parameter_drift
282,1,33,36,cross_component_mismatch,33|36|cross_component_mismatch
283,1,67,74,timeout_retry,67|74|timeout_retry
284,0,-1,-1,none,
285,0,-1,-1,none,
286,0,-1,-1,none,
287,0,-1,-1,none,
288,1,11,16,timeout_retry,11|16|timeout_retry
289,1,24,27,state_conflict,24|27|state_conflict
290,1,80,82,state_conflict,80|82|state_conflict
291,1,56,58,parameter_drift,56|58|parameter_drift
292,0,-1,-1,none,
293,1,22,25,cross_component_mismatch,22|25|cross_component_mismatch
294,0,-1,-1,none,
295,1,66,68,state_conflict,66|68|state_conflict
296,0,-1,-1,none,
297,0,-1,-1,none,
298,1,29,33,missing_step,29|33|missing_step
299,1,47,51,resource_exhaustion,47|51|resource_exhaustion
300,1,61,64,missing_step,61|64|missing_step
301,0,-1,-1,none,
302,1,21,25,out_of_order,21|25|out_of_order
303,1,14,19,duplicate_event,14|19|duplicate_event
304,1,8,10,timeout_retry,8|10|timeout_retry
305,1,16,20,missing_step,16|20|missing_step
306,0,-1,-1,none,
307,1,45,48,timeout_retry,45|48|timeout_retry
308,1,38,42,cross_component_mismatch,38|42|cross_component_mismatch
309,1,45,49,resource_exhaustion,45|49|resource_exhaustion
310,1,47,52,slow_burn_warning,47|52|slow_burn_warning
311,0,-1,-1,none,
312,0,-1,-1,none,
313,0,-1,-1,none,
314,1,67,69,resource_exhaustion,67|69|resource_exhaustion
315,1,87,91,partial_recovery_loop,87|91|partial_recovery_loop
316,1,53,58,resource_exhaustion,53|58|resource_exhaustion
317,1,4,8,missing_step,4|8|missing_step
318,0,-1,-1,none,
319,0,-1,-1,none,
320,0,-1,-1,none,
321,1,28,30,out_of_order,28|30|out_of_order
322,0,-1,-1,none,
323,1,32,37,resource_exhaustion,32|37|resource_exhaustion
324,1,38,41,cross_component_mismatch,38|41|cross_component_mismatch
325,1,17,21,cross_component_mismatch,17|21|cross_component_mismatch
326,1,45,50,cross_component_mismatch,45|50|cross_component_mismatch
327,1,25,29,timeout_retry,25|29|timeout_retry
328,1,18,21,cross_component_mismatch,18|21|cross_component_mismatch
329,0,-1,-1,none,
330,0,-1,-1,none,
331,0,-1,-1,none,
332,0,-1,-1,none,
333,0,-1,-1,none,
334,1,41,48,cross_component_mismatch,41|48|cross_component_mismatch
335,1,25,30,duplicate_event,25|30|duplicate_event
336,1,30,32,duplicate_event,30|32|duplicate_event
337,1,154,159,cross_component_mismatch,154|159|cross_component_mismatch
338,1,38,40,duplicate_event,38|40|duplicate_event
339,1,17,20,resource_exhaustion,17|20|resource_exhaustion
340,0,-1,-1,none,
341,0,-1,-1,none,
342,1,97,103,resource_exhaustion,97|103|resource_exhaustion
343,1,6,10,partial_recovery_loop,6|10|partial_recovery_loop
344,1,18,21,state_conflict,18|21|state_conflict
345,0,-1,-1,none,
346,1,42,45,state_conflict,42|45|state_conflict
347,1,65,69,state_conflict,65|69|state_conflict
348,0,-1,-1,none,
349,1,8,13,cross_component_mismatch,8|13|cross_component_mismatch
350,0,-1,-1,none,
351,1,37,39,missing_step,37|39|missing_step
352,1,59,61,partial_recovery_loop,59|61|partial_recovery_loop
353,0,-1,-1,none,
354,1,30,32,timeout_retry,30|32|timeout_retry
355,1,16,18,state_conflict,16|18|state_conflict
356,1,23,26,partial_recovery_loop,23|26|partial_recovery_loop
357,0,-1,-1,none,
358,0,-1,-1,none,
359,0,-1,-1,none,
360,0,-1,-1,none,
361,0,-1,-1,none,
362,1,135,141,resource_exhaustion,135|141|resource_exhaustion
363,1,33,38,cross_component_mismatch,33|38|cross_component_mismatch
364,1,52,56,missing_step,52|56|missing_step
365,1,47,51,state_conflict,47|51|state_conflict
366,0,-1,-1,none,
367,0,-1,-1,none,
368,0,-1,-1,none,
369,0,-1,-1,none,
370,1,5,12,timeout_retry,5|12|timeout_retry
371,0,-1,-1,none,
372,0,-1,-1,none,
373,1,42,47,cross_component_mismatch,42|47|cross_component_mismatch
374,1,9,13,resource_exhaustion,9|13|resource_exhaustion
375,1,45,48,cross_component_mismatch,45|48|cross_component_mismatch
376,1,27,32,partial_recovery_loop,27|32|partial_recovery_loop
377,0,-1,-1,none,
378,0,-1,-1,none,
379,0,-1,-1,none,
380,0,-1,-1,none,
381,1,45,50,duplicate_event,45|50|duplicate_event
382,0,-1,-1,none,
383,0,-1,-1,none,
384,1,51,57,partial_recovery_loop,51|57|partial_recovery_loop
385,0,-1,-1,none,
386,0,-1,-1,none,
387,0,-1,-1,none,
388,0,-1,-1,none,
389,0,-1,-1,none,
390,1,44,48,slow_burn_warning,44|48|slow_burn_warning
391,1,17,20,partial_recovery_loop,17|20|partial_recovery_loop
392,1,46,52,partial_recovery_loop,46|52|partial_recovery_loop
393,1,43,45,out_of_order,43|45|out_of_order
394,1,53,58,parameter_drift,53|58|parameter_drift
395,1,64,71,slow_burn_warning,64|71|slow_burn_warning
396,0,-1,-1,none,
397,0,-1,-1,none,
398,0,-1,-1,none,
399,1,17,19,missing_step,17|19|missing_step
400,0,-1,-1,none,
401,0,-1,-1,none,
402,0,-1,-1,none,
403,0,-1,-1,none,
404,0,-1,-1,none,
405,0,-1,-1,none,
406,0,-1,-1,none,
407,1,18,22,timeout_retry,18|22|timeout_retry
408,1,77,80,slow_burn_warning,77|80|slow_burn_warning
409,1,78,81,cross_component_mismatch,78|81|cross_component_mismatch
410,0,-1,-1,none,
411,1,11,14,missing_step,11|14|missing_step
412,1,27,33,partial_recovery_loop,27|33|partial_recovery_loop
413,0,-1,-1,none,
414,0,-1,-1,none,
415,0,-1,-1,none,
416,0,-1,-1,none,
417,1,42,46,missing_step,42|46|missing_step
418,1,65,69,missing_step,65|69|missing_step
419,1,24,30,slow_burn_warning,24|30|slow_burn_warning
420,1,28,35,slow_burn_warning,28|35|slow_burn_warning
421,1,8,14,cross_component_mismatch,8|14|cross_component_mismatch
422,1,23,26,partial_recovery_loop,23|26|partial_recovery_loop
423,1,48,54,slow_burn_warning,48|54|slow_burn_warning
424,1,11,16,timeout_retry,11|16|timeout_retry
425,0,-1,-1,none,
426,0,-1,-1,none,
427,1,73,76,out_of_order,73|76|out_of_order
428,1,12,20,slow_burn_warning,12|20|slow_burn_warning
429,0,-1,-1,none,
430,0,-1,-1,none,
431,1,15,19,timeout_retry,15|19|timeout_retry
432,0,-1,-1,none,
433,0,-1,-1,none,
434,1,30,32,resource_exhaustion,30|32|resource_exhaustion
435,1,4,7,timeout_retry,4|7|timeout_retry
436,0,-1,-1,none,
437,0,-1,-1,none,
438,0,-1,-1,none,
439,0,-1,-1,none,
440,1,69,72,slow_burn_warning,69|72|slow_burn_warning
441,1,30,32,partial_recovery_loop,30|32|partial_recovery_loop
442,1,57,62,cross_component_mismatch,57|62|cross_component_mismatch
443,0,-1,-1,none,
444,1,33,39,duplicate_event,33|39|duplicate_event
445,1,48,51,duplicate_event,48|51|duplicate_event
446,1,5,8,timeout_retry,5|8|timeout_retry
447,0,-1,-1,none,
448,1,110,114,missing_step,110|114|missing_step
449,0,-1,-1,none,
450,1,21,28,cross_component_mismatch,21|28|cross_component_mismatch
451,0,-1,-1,none,
452,0,-1,-1,none,
453,1,37,40,cross_component_mismatch,37|40|cross_component_mismatch
454,0,-1,-1,none,
455,1,61,65,partial_recovery_loop,61|65|partial_recovery_loop
456,1,25,30,resource_exhaustion,25|30|resource_exhaustion
457,1,3,9,timeout_retry,3|9|timeout_retry
458,1,3,7,partial_recovery_loop,3|7|partial_recovery_loop
459,0,-1,-1,none,
460,0,-1,-1,none,
461,1,54,57,timeout_retry,54|57|timeout_retry
462,1,12,16,missing_step,12|16|missing_step
463,0,-1,-1,none,
464,0,-1,-1,none,
465,0,-1,-1,none,
466,1,61,67,timeout_retry,61|67|timeout_retry
467,1,62,65,partial_recovery_loop,62|65|partial_recovery_loop
468,1,47,49,cross_component_mismatch,47|49|cross_component_mismatch
469,0,-1,-1,none,
470,1,39,42,duplicate_event,39|42|duplicate_event
471,0,-1,-1,none,
472,0,-1,-1,none,
473,1,134,138,partial_recovery_loop,134|138|partial_recovery_loop
474,1,38,41,slow_burn_warning,38|41|slow_burn_warning
475,1,15,20,partial_recovery_loop,15|20|partial_recovery_loop
476,1,25,28,parameter_drift,25|28|parameter_drift
477,0,-1,-1,none,
478,0,-1,-1,none,
479,0,-1,-1,none,
480,1,47,52,cross_component_mismatch,47|52|cross_component_mismatch
481,1,24,27,slow_burn_warning,24|27|slow_burn_warning
482,1,75,78,out_of_order,75|78|out_of_order
483,0,-1,-1,none,
484,1,17,22,partial_recovery_loop,17|22|partial_recovery_loop
485,1,69,73,missing_step,69|73|missing_step
486,0,-1,-1,none,
487,1,38,42,duplicate_event,38|42|duplicate_event
488,0,-1,-1,none,
489,0,-1,-1,none,
490,0,-1,-1,none,
491,1,88,92,cross_component_mismatch,88|92|cross_component_mismatch
492,1,3,7,timeout_retry,3|7|timeout_retry
493,0,-1,-1,none,
494,1,95,97,resource_exhaustion,95|97|resource_exhaustion
495,0,-1,-1,none,
496,0,-1,-1,none,
497,1,22,25,resource_exhaustion,22|25|resource_exhaustion
498,0,-1,-1,none,
499,0,-1,-1,none,
500,0,-1,-1,none,
501,1,57,61,timeout_retry,57|61|timeout_retry
502,1,20,22,out_of_order,20|22|out_of_order
503,1,12,17,slow_burn_warning,12|17|slow_burn_warning
504,0,-1,-1,none,
505,0,-1,-1,none,
506,1,6,11,timeout_retry,6|11|timeout_retry
507,1,25,27,missing_step,25|27|missing_step
508,1,11,14,cross_component_mismatch,11|14|cross_component_mismatch
509,0,-1,-1,none,
510,0,-1,-1,none,
511,1,59,63,partial_recovery_loop,59|63|partial_recovery_loop
512,1,148,151,state_conflict,148|151|state_conflict
513,1,1,4,duplicate_event,1|4|duplicate_event
514,1,54,60,slow_burn_warning,54|60|slow_burn_warning
515,1,25,29,missing_step,25|29|missing_step
516,1,13,16,cross_component_mismatch,13|16|cross_component_mismatch
517,0,-1,-1,none,
518,1,6,10,parameter_drift,6|10|parameter_drift
519,1,18,22,resource_exhaustion,18|22|resource_exhaustion
520,0,-1,-1,none,
521,1,72,74,parameter_drift,72|74|parameter_drift
522,1,41,47,partial_recovery_loop,41|47|partial_recovery_loop
523,0,-1,-1,none,
524,1,13,19,timeout_retry,13|19|timeout_retry
525,1,36,40,timeout_retry,36|40|timeout_retry
526,1,97,102,state_conflict,97|102|state_conflict
527,0,-1,-1,none,
528,0,-1,-1,none,
529,0,-1,-1,none,
530,1,9,11,duplicate_event,9|11|duplicate_event
531,1,51,54,missing_step,51|54|missing_step
532,1,48,52,missing_step,48|52|missing_step
533,1,68,72,state_conflict,68|72|state_conflict
534,1,45,48,timeout_retry,45|48|timeout_retry
535,1,10,13,state_conflict,10|13|state_conflict
536,0,-1,-1,none,
537,0,-1,-1,none,
538,1,17,23,timeout_retry,17|23|timeout_retry
539,0,-1,-1,none,
540,0,-1,-1,none,
541,0,-1,-1,none,
542,1,31,33,parameter_drift,31|33|parameter_drift
543,1,35,40,partial_recovery_loop,35|40|partial_recovery_loop
544,1,9,13,cross_component_mismatch,9|13|cross_component_mismatch
545,0,-1,-1,none,
546,1,21,26,timeout_retry,21|26|timeout_retry
547,1,6,9,timeout_retry,6|9|timeout_retry
548,1,23,29,partial_recovery_loop,23|29|partial_recovery_loop
549,0,-1,-1,none,
550,0,-1,-1,none,
551,0,-1,-1,none,
552,1,18,21,out_of_order,18|21|out_of_order
553,0,-1,-1,none,
554,1,71,77,cross_component_mismatch,71|77|cross_component_mismatch
555,1,142,145,partial_recovery_loop,142|145|partial_recovery_loop
556,1,20,24,slow_burn_warning,20|24|slow_burn_warning
557,1,36,39,state_conflict,36|39|state_conflict
558,0,-1,-1,none,
559,1,2,4,missing_step,2|4|missing_step
560,1,42,48,partial_recovery_loop,42|48|partial_recovery_loop
561,1,34,39,cross_component_mismatch,34|39|cross_component_mismatch
562,0,-1,-1,none,
563,1,37,41,state_conflict,37|41|state_conflict
564,0,-1,-1,none,
565,0,-1,-1,none,
566,0,-1,-1,none,
567,0,-1,-1,none,
568,0,-1,-1,none,
569,0,-1,-1,none,
570,1,20,23,missing_step,20|23|missing_step
571,1,10,16,timeout_retry,10|16|timeout_retry
572,0,-1,-1,none,
573,1,26,30,partial_recovery_loop,26|30|partial_recovery_loop
574,0,-1,-1,none,
575,1,7,10,partial_recovery_loop,7|10|partial_recovery_loop
576,0,-1,-1,none,
577,0,-1,-1,none,
578,0,-1,-1,none,
579,0,-1,-1,none,
580,1,52,57,cross_component_mismatch,52|57|cross_component_mismatch
581,1,35,39,cross_component_mismatch,35|39|cross_component_mismatch
582,0,-1,-1,none,
583,1,37,39,missing_step,37|39|missing_step
584,1,67,70,parameter_drift,67|70|parameter_drift
585,0,-1,-1,none,
586,0,-1,-1,none,
587,0,-1,-1,none,
588,0,-1,-1,none,
589,0,-1,-1,none,
590,0,-1,-1,none,
591,1,51,54,slow_burn_warning,51|54|slow_burn_warning
592,1,58,62,timeout_retry,58|62|timeout_retry
593,1,19,22,state_conflict,19|22|state_conflict
594,0,-1,-1,none,
595,0,-1,-1,none,
596,0,-1,-1,none,
597,1,83,85,out_of_order,83|85|out_of_order
598,0,-1,-1,none,
599,0,-1,-1,none,
600,1,61,64,parameter_drift,61|64|parameter_drift
601,0,-1,-1,none,
602,0,-1,-1,none,
603,0,-1,-1,none,
604,0,-1,-1,none,
605,0,-1,-1,none,
606,1,52,55,cross_component_mismatch,52|55|cross_component_mismatch
607,1,18,20,state_conflict,18|20|state_conflict
608,0,-1,-1,none,
609,1,68,71,missing_step,68|71|missing_step
610,0,-1,-1,none,
611,0,-1,-1,none,
612,1,10,12,partial_recovery_loop,10|12|partial_recovery_loop
613,0,-1,-1,none,
614,0,-1,-1,none,
615,0,-1,-1,none,
616,0,-1,-1,none,
617,0,-1,-1,none,
618,1,23,26,missing_step,23|26|missing_step
619,0,-1,-1,none,
620,1,29,32,state_conflict,29|32|state_conflict
621,1,25,29,state_conflict,25|29|state_conflict
622,0,-1,-1,none,
623,0,-1,-1,none,
624,1,4,6,missing_step,4|6|missing_step
625,0,-1,-1,none,
626,0,-1,-1,none,
627,1,21,24,duplicate_event,21|24|duplicate_event
628,1,21,24,missing_step,21|24|missing_step
629,1,28,31,cross_component_mismatch,28|31|cross_component_mismatch
630,1,34,39,resource_exhaustion,34|39|resource_exhaustion
631,1,33,36,missing_step,33|36|missing_step
632,0,-1,-1,none,
633,0,-1,-1,none,
634,1,27,30,out_of_order,27|30|out_of_order
635,1,31,35,slow_burn_warning,31|35|slow_burn_warning
636,1,55,58,timeout_retry,55|58|timeout_retry
637,1,23,28,timeout_retry,23|28|timeout_retry
638,1,24,26,slow_burn_warning,24|26|slow_burn_warning
639,0,-1,-1,none,
640,0,-1,-1,none,
641,0,-1,-1,none,
642,1,18,20,slow_burn_warning,18|20|slow_burn_warning
643,0,-1,-1,none,
644,1,67,70,state_conflict,67|70|state_conflict
645,1,69,74,slow_burn_warning,69|74|slow_burn_warning
646,1,13,18,partial_recovery_loop,13|18|partial_recovery_loop
647,0,-1,-1,none,
648,0,-1,-1,none,
649,1,47,52,state_conflict,47|52|state_conflict
650,0,-1,-1,none,
651,1,29,31,parameter_drift,29|31|parameter_drift
652,1,42,45,cross_component_mismatch,42|45|cross_component_mismatch
653,1,23,27,cross_component_mismatch,23|27|cross_component_mismatch
654,1,16,20,partial_recovery_loop,16|20|partial_recovery_loop
655,1,16,22,slow_burn_warning,16|22|slow_burn_warning
656,1,55,59,out_of_order,55|59|out_of_order
657,0,-1,-1,none,
658,1,9,15,state_conflict,9|15|state_conflict
659,0,-1,-1,none,
660,0,-1,-1,none,
661,1,4,7,timeout_retry,4|7|timeout_retry
662,1,43,49,cross_component_mismatch,43|49|cross_component_mismatch
663,1,49,52,out_of_order,49|52|out_of_order
664,1,23,26,resource_exhaustion,23|26|resource_exhaustion
665,1,34,36,partial_recovery_loop,34|36|partial_recovery_loop
666,0,-1,-1,none,
667,1,51,57,timeout_retry,51|57|timeout_retry
668,1,38,42,cross_component_mismatch,38|42|cross_component_mismatch
669,1,61,66,timeout_retry,61|66|timeout_retry
670,0,-1,-1,none,
671,0,-1,-1,none,
672,1,32,35,parameter_drift,32|35|parameter_drift
673,0,-1,-1,none,
674,0,-1,-1,none,
675,1,40,42,missing_step,40|42|missing_step
676,0,-1,-1,none,
677,0,-1,-1,none,
678,0,-1,-1,none,
679,1,60,63,parameter_drift,60|63|parameter_drift
680,1,91,96,partial_recovery_loop,91|96|partial_recovery_loop
681,1,62,64,resource_exhaustion,62|64|resource_exhaustion
682,0,-1,-1,none,
683,0,-1,-1,none,
684,1,36,39,cross_component_mismatch,36|39|cross_component_mismatch
685,1,27,29,resource_exhaustion,27|29|resource_exhaustion
686,1,28,33,partial_recovery_loop,28|33|partial_recovery_loop
687,0,-1,-1,none,
688,0,-1,-1,none,
689,0,-1,-1,none,
690,1,40,42,cross_component_mismatch,40|42|cross_component_mismatch
691,0,-1,-1,none,
692,0,-1,-1,none,
693,1,48,50,state_conflict,48|50|state_conflict
694,1,39,42,timeout_retry,39|42|timeout_retry
695,0,-1,-1,none,
696,1,23,27,cross_component_mismatch,23|27|cross_component_mismatch
697,0,-1,-1,none,
698,0,-1,-1,none,
699,0,-1,-1,none,
700,1,45,49,cross_component_mismatch,45|49|cross_component_mismatch
701,1,1,5,resource_exhaustion,1|5|resource_exhaustion
702,0,-1,-1,none,
703,0,-1,-1,none,
704,1,47,52,partial_recovery_loop,47|52|partial_recovery_loop
705,0,-1,-1,none,
706,1,59,61,out_of_order,59|61|out_of_order
707,1,46,49,cross_component_mismatch,46|49|cross_component_mismatch
708,0,-1,-1,none,
709,0,-1,-1,none,
710,0,-1,-1,none,
711,0,-1,-1,none,
712,0,-1,-1,none,
713,0,-1,-1,none,
714,0,-1,-1,none,
715,1,20,24,timeout_retry,20|24|timeout_retry
716,1,86,88,out_of_order,86|88|out_of_order
717,1,6,9,state_conflict,6|9|state_conflict
718,0,-1,-1,none,
719,0,-1,-1,none,
720,0,-1,-1,none,
721,0,-1,-1,none,
722,0,-1,-1,none,
723,1,9,11,missing_step,9|11|missing_step
724,1,29,31,out_of_order,29|31|out_of_order
725,1,3,11,partial_recovery_loop,3|11|partial_recovery_loop
726,0,-1,-1,none,
727,1,41,46,state_conflict,41|46|state_conflict
728,1,42,45,missing_step,42|45|missing_step
729,1,22,25,state_conflict,22|25|state_conflict
730,0,-1,-1,none,
731,1,44,48,resource_exhaustion,44|48|resource_exhaustion
732,0,-1,-1,none,
733,0,-1,-1,none,
734,1,54,57,cross_component_mismatch,54|57|cross_component_mismatch
735,1,103,106,cross_component_mismatch,103|106|cross_component_mismatch
736,1,92,95,partial_recovery_loop,92|95|partial_recovery_loop
737,1,9,11,cross_component_mismatch,9|11|cross_component_mismatch
738,1,14,19,partial_recovery_loop,14|19|partial_recovery_loop
739,1,7,11,partial_recovery_loop,7|11|partial_recovery_loop
740,0,-1,-1,none,
741,0,-1,-1,none,
742,1,7,9,missing_step,7|9|missing_step
743,0,-1,-1,none,
744,0,-1,-1,none,
745,0,-1,-1,none,
746,1,16,22,resource_exhaustion,16|22|resource_exhaustion
747,0,-1,-1,none,
748,0,-1,-1,none,
749,0,-1,-1,none,
750,0,-1,-1,none,
751,0,-1,-1,none,
752,0,-1,-1,none,
753,1,10,13,slow_burn_warning,10|13|slow_burn_warning
754,0,-1,-1,none,
755,0,-1,-1,none,
756,0,-1,-1,none,
757,1,21,26,cross_component_mismatch,21|26|cross_component_mismatch
758,0,-1,-1,none,
759,0,-1,-1,none,
760,1,40,44,resource_exhaustion,40|44|resource_exhaustion
761,1,40,43,cross_component_mismatch,40|43|cross_component_mismatch
762,0,-1,-1,none,
763,1,19,22,parameter_drift,19|22|parameter_drift
764,0,-1,-1,none,
765,1,53,59,resource_exhaustion,53|59|resource_exhaustion
766,1,107,109,resource_exhaustion,107|109|resource_exhaustion
767,1,11,19,slow_burn_warning,11|19|slow_burn_warning
768,0,-1,-1,none,
769,1,60,63,slow_burn_warning,60|63|slow_burn_warning
770,1,29,33,missing_step,29|33|missing_step
771,1,151,155,state_conflict,151|155|state_conflict
772,1,6,10,cross_component_mismatch,6|10|cross_component_mismatch
773,1,12,17,timeout_retry,12|17|timeout_retry
774,0,-1,-1,none,
775,1,40,43,out_of_order,40|43|out_of_order
776,1,15,18,missing_step,15|18|missing_step
777,1,67,72,slow_burn_warning,67|72|slow_burn_warning
778,1,40,45,partial_recovery_loop,40|45|partial_recovery_loop
779,1,12,15,partial_recovery_loop,12|15|partial_recovery_loop
780,0,-1,-1,none,
781,0,-1,-1,none,
782,1,44,49,cross_component_mismatch,44|49|cross_component_mismatch
783,1,14,17,slow_burn_warning,14|17|slow_burn_warning
784,1,29,31,slow_burn_warning,29|31|slow_burn_warning
785,1,19,23,partial_recovery_loop,19|23|partial_recovery_loop
786,0,-1,-1,none,
787,0,-1,-1,none,
788,0,-1,-1,none,
789,0,-1,-1,none,
790,0,-1,-1,none,
791,0,-1,-1,none,
792,1,67,72,partial_recovery_loop,67|72|partial_recovery_loop
793,1,37,41,missing_step,37|41|missing_step
794,0,-1,-1,none,
795,1,13,18,cross_component_mismatch,13|18|cross_component_mismatch
796,1,8,13,resource_exhaustion,8|13|resource_exhaustion
797,0,-1,-1,none,
798,0,-1,-1,none,
799,1,52,57,slow_burn_warning,52|57|slow_burn_warning
800,0,-1,-1,none,
801,1,75,80,slow_burn_warning,75|80|slow_burn_warning
802,1,13,18,slow_burn_warning,13|18|slow_burn_warning
803,1,31,36,cross_component_mismatch,31|36|cross_component_mismatch
804,1,31,35,parameter_drift,31|35|parameter_drift
805,1,19,24,cross_component_mismatch,19|24|cross_component_mismatch
806,1,29,32,timeout_retry,29|32|timeout_retry
807,0,-1,-1,none,
808,0,-1,-1,none,
809,0,-1,-1,none,
810,1,16,18,state_conflict,16|18|state_conflict
811,1,23,31,resource_exhaustion,23|31|resource_exhaustion
812,0,-1,-1,none,
813,0,-1,-1,none,
814,0,-1,-1,none,
815,0,-1,-1,none,
816,1,47,51,resource_exhaustion,47|51|resource_exhaustion
817,0,-1,-1,none,
818,1,10,15,slow_burn_warning,10|15|slow_burn_warning
819,1,47,50,missing_step,47|50|missing_step
820,1,57,60,state_conflict,57|60|state_conflict
821,1,64,68,out_of_order,64|68|out_of_order
822,0,-1,-1,none,
823,1,7,11,slow_burn_warning,7|11|slow_burn_warning
824,1,7,10,cross_component_mismatch,7|10|cross_component_mismatch
825,1,52,56,partial_recovery_loop,52|56|partial_recovery_loop
826,1,4,9,timeout_retry,4|9|timeout_retry
827,1,84,87,partial_recovery_loop,84|87|partial_recovery_loop
828,1,71,75,missing_step,71|75|missing_step
829,1,37,39,slow_burn_warning,37|39|slow_burn_warning
830,0,-1,-1,none,
831,1,69,72,state_conflict,69|72|state_conflict
832,0,-1,-1,none,
833,1,16,21,cross_component_mismatch,16|21|cross_component_mismatch
834,1,25,27,missing_step,25|27|missing_step
835,1,17,19,missing_step,17|19|missing_step
836,1,41,44,resource_exhaustion,41|44|resource_exhaustion
837,0,-1,-1,none,
838,0,-1,-1,none,
839,0,-1,-1,none,
840,1,41,45,parameter_drift,41|45|parameter_drift
841,1,37,40,partial_recovery_loop,37|40|partial_recovery_loop
842,1,18,20,cross_component_mismatch,18|20|cross_component_mismatch
843,1,37,41,cross_component_mismatch,37|41|cross_component_mismatch
844,1,62,65,cross_component_mismatch,62|65|cross_component_mismatch
845,1,71,73,out_of_order,71|73|out_of_order
846,0,-1,-1,none,
847,0,-1,-1,none,
848,0,-1,-1,none,
849,1,21,25,partial_recovery_loop,21|25|partial_recovery_loop
850,0,-1,-1,none,
851,1,32,36,state_conflict,32|36|state_conflict
852,0,-1,-1,none,
853,1,26,30,cross_component_mismatch,26|30|cross_component_mismatch
854,1,3,7,state_conflict,3|7|state_conflict
855,0,-1,-1,none,
856,1,67,72,cross_component_mismatch,67|72|cross_component_mismatch
857,1,29,31,partial_recovery_loop,29|31|partial_recovery_loop
858,1,39,44,partial_recovery_loop,39|44|partial_recovery_loop
859,0,-1,-1,none,
860,0,-1,-1,none,
861,1,54,58,timeout_retry,54|58|timeout_retry
862,1,46,52,slow_burn_warning,46|52|slow_burn_warning
863,0,-1,-1,none,
864,1,13,16,cross_component_mismatch,13|16|cross_component_mismatch
865,0,-1,-1,none,
866,0,-1,-1,none,
867,1,71,74,state_conflict,71|74|state_conflict
868,0,-1,-1,none,
869,1,72,74,resource_exhaustion,72|74|resource_exhaustion
870,1,17,21,duplicate_event,17|21|duplicate_event
871,0,-1,-1,none,
872,0,-1,-1,none,
873,1,30,33,cross_component_mismatch,30|33|cross_component_mismatch
874,1,20,22,state_conflict,20|22|state_conflict
875,0,-1,-1,none,
876,0,-1,-1,none,
877,1,91,95,partial_recovery_loop,91|95|partial_recovery_loop
878,1,56,59,missing_step,56|59|missing_step
879,1,48,50,missing_step,48|50|missing_step
880,0,-1,-1,none,
881,1,12,17,parameter_drift,12|17|parameter_drift
882,1,31,34,partial_recovery_loop,31|34|partial_recovery_loop
883,0,-1,-1,none,
884,0,-1,-1,none,
885,0,-1,-1,none,
886,1,33,37,partial_recovery_loop,33|37|partial_recovery_loop
887,0,-1,-1,none,
888,0,-1,-1,none,
889,1,57,61,missing_step,57|61|missing_step
890,1,15,21,timeout_retry,15|21|timeout_retry
891,0,-1,-1,none,
892,0,-1,-1,none,
893,1,45,48,missing_step,45|48|missing_step
894,0,-1,-1,none,
895,0,-1,-1,none,
896,1,75,81,partial_recovery_loop,75|81|partial_recovery_loop
897,0,-1,-1,none,
898,0,-1,-1,none,
899,0,-1,-1,none,
900,1,64,70,state_conflict,64|70|state_conflict
901,1,16,19,cross_component_mismatch,16|19|cross_component_mismatch
902,1,37,44,slow_burn_warning,37|44|slow_burn_warning
903,1,42,48,slow_burn_warning,42|48|slow_burn_warning
904,1,48,50,parameter_drift,48|50|parameter_drift
905,1,104,106,out_of_order,104|106|out_of_order
906,0,-1,-1,none,
907,0,-1,-1,none,
908,1,6,9,missing_step,6|9|missing_step
909,1,48,52,partial_recovery_loop,48|52|partial_recovery_loop
910,0,-1,-1,none,
911,1,3,6,state_conflict,3|6|state_conflict
912,1,71,74,cross_component_mismatch,71|74|cross_component_mismatch
913,1,37,41,parameter_drift,37|41|parameter_drift
914,1,27,30,missing_step,27|30|missing_step
915,0,-1,-1,none,
916,1,79,81,cross_component_mismatch,79|81|cross_component_mismatch
917,1,40,42,partial_recovery_loop,40|42|partial_recovery_loop
918,1,48,53,cross_component_mismatch,48|53|cross_component_mismatch
919,1,37,40,parameter_drift,37|40|parameter_drift
920,0,-1,-1,none,
921,1,12,16,timeout_retry,12|16|timeout_retry
922,1,27,31,partial_recovery_loop,27|31|partial_recovery_loop
923,0,-1,-1,none,
924,0,-1,-1,none,
925,0,-1,-1,none,
926,1,66,71,cross_component_mismatch,66|71|cross_component_mismatch
927,1,44,46,out_of_order,44|46|out_of_order
928,0,-1,-1,none,
929,1,16,19,missing_step,16|19|missing_step
930,0,-1,-1,none,
931,0,-1,-1,none,
932,1,33,36,parameter_drift,33|36|parameter_drift
933,1,41,43,cross_component_mismatch,41|43|cross_component_mismatch
934,0,-1,-1,none,
935,0,-1,-1,none,
936,0,-1,-1,none,
937,0,-1,-1,none,
938,1,44,47,resource_exhaustion,44|47|resource_exhaustion
939,0,-1,-1,none,
940,0,-1,-1,none,
941,0,-1,-1,none,
942,0,-1,-1,none,
943,0,-1,-1,none,
944,1,5,9,cross_component_mismatch,5|9|cross_component_mismatch
945,1,41,45,resource_exhaustion,41|45|resource_exhaustion
946,0,-1,-1,none,
947,0,-1,-1,none,
948,0,-1,-1,none,
949,1,38,41,partial_recovery_loop,38|41|partial_recovery_loop
950,1,46,49,out_of_order,46|49|out_of_order
951,1,23,27,missing_step,23|27|missing_step
952,1,13,15,out_of_order,13|15|out_of_order
953,1,87,89,cross_component_mismatch,87|89|cross_component_mismatch
954,0,-1,-1,none,
955,0,-1,-1,none,
956,0,-1,-1,none,
957,1,9,11,resource_exhaustion,9|11|resource_exhaustion
958,1,54,57,out_of_order,54|57|out_of_order
959,1,3,7,partial_recovery_loop,3|7|partial_recovery_loop
960,1,33,35,out_of_order,33|35|out_of_order
961,0,-1,-1,none,
962,1,11,15,cross_component_mismatch,11|15|cross_component_mismatch
963,1,63,66,parameter_drift,63|66|parameter_drift
964,0,-1,-1,none,
965,0,-1,-1,none,
966,0,-1,-1,none,
967,0,-1,-1,none,
968,1,33,39,timeout_retry,33|39|timeout_retry
969,1,28,30,timeout_retry,28|30|timeout_retry
970,0,-1,-1,none,
971,0,-1,-1,none,
972,1,95,99,cross_component_mismatch,95|99|cross_component_mismatch
973,1,14,19,state_conflict,14|19|state_conflict
974,0,-1,-1,none,
975,0,-1,-1,none,
976,1,17,23,slow_burn_warning,17|23|slow_burn_warning
977,1,15,20,partial_recovery_loop,15|20|partial_recovery_loop
978,1,27,30,state_conflict,27|30|state_conflict
979,1,49,52,slow_burn_warning,49|52|slow_burn_warning
980,1,47,51,partial_recovery_loop,47|51|partial_recovery_loop
981,0,-1,-1,none,
982,0,-1,-1,none,
983,0,-1,-1,none,
984,0,-1,-1,none,
985,0,-1,-1,none,
986,1,28,32,resource_exhaustion,28|32|resource_exhaustion
987,0,-1,-1,none,
988,0,-1,-1,none,
989,0,-1,-1,none,
990,0,-1,-1,none,
991,0,-1,-1,none,
992,1,2,7,partial_recovery_loop,2|7|partial_recovery_loop
993,1,38,43,partial_recovery_loop,38|43|partial_recovery_loop
994,0,-1,-1,none,
995,0,-1,-1,none,
996,1,2,7,cross_component_mismatch,2|7|cross_component_mismatch
997,0,-1,-1,none,
998,0,-1,-1,none,
999,0,-1,-1,none,
1000,1,18,22,duplicate_event,18|22|duplicate_event
1001,0,-1,-1,none,
1002,1,35,37,state_conflict,35|37|state_conflict
1003,1,60,62,state_conflict,60|62|state_conflict
1004,1,2,6,parameter_drift,2|6|parameter_drift
1005,1,37,39,timeout_retry,37|39|timeout_retry
1006,0,-1,-1,none,
1007,1,31,33,resource_exhaustion,31|33|resource_exhaustion
1008,0,-1,-1,none,
1009,0,-1,-1,none,
1010,0,-1,-1,none,
1011,1,48,50,partial_recovery_loop,48|50|partial_recovery_loop
1012,1,45,48,slow_burn_warning,45|48|slow_burn_warning
1013,0,-1,-1,none,
1014,1,23,27,state_conflict,23|27|state_conflict
1015,1,34,36,partial_recovery_loop,34|36|partial_recovery_loop
1016,1,48,53,parameter_drift,48|53|parameter_drift
1017,0,-1,-1,none,
1018,0,-1,-1,none,
1019,0,-1,-1,none,
1020,1,63,69,partial_recovery_loop,63|69|partial_recovery_loop
1021,0,-1,-1,none,
1022,1,52,54,state_conflict,52|54|state_conflict
1023,1,18,21,cross_component_mismatch,18|21|cross_component_mismatch
1024,1,67,70,resource_exhaustion,67|70|resource_exhaustion
1025,0,-1,-1,none,
1026,0,-1,-1,none,
1027,0,-1,-1,none,
1028,0,-1,-1,none,
1029,1,16,21,resource_exhaustion,16|21|resource_exhaustion
1030,1,28,31,timeout_retry,28|31|timeout_retry
1031,0,-1,-1,none,
1032,1,14,17,timeout_retry,14|17|timeout_retry
1033,1,19,22,timeout_retry,19|22|timeout_retry
1034,0,-1,-1,none,
1035,0,-1,-1,none,
1036,0,-1,-1,none,
1037,1,40,43,partial_recovery_loop,40|43|partial_recovery_loop
1038,0,-1,-1,none,
1039,0,-1,-1,none,
1040,1,79,85,timeout_retry,79|85|timeout_retry
1041,0,-1,-1,none,
1042,0,-1,-1,none,
1043,1,56,61,partial_recovery_loop,56|61|partial_recovery_loop
1044,0,-1,-1,none,
1045,1,19,22,out_of_order,19|22|out_of_order
1046,0,-1,-1,none,
1047,0,-1,-1,none,
1048,0,-1,-1,none,
1049,0,-1,-1,none,
1050,0,-1,-1,none,
1051,1,27,32,partial_recovery_loop,27|32|partial_recovery_loop
1052,0,-1,-1,none,
1053,1,5,9,resource_exhaustion,5|9|resource_exhaustion
1054,0,-1,-1,none,
1055,0,-1,-1,none,
1056,1,11,16,duplicate_event,11|16|duplicate_event
1057,0,-1,-1,none,
1058,0,-1,-1,none,
1059,0,-1,-1,none,
1060,0,-1,-1,none,
1061,1,18,21,cross_component_mismatch,18|21|cross_component_mismatch
1062,0,-1,-1,none,
1063,1,50,54,partial_recovery_loop,50|54|partial_recovery_loop
1064,1,10,13,timeout_retry,10|13|timeout_retry
1065,0,-1,-1,none,
1066,0,-1,-1,none,
1067,1,59,63,resource_exhaustion,59|63|resource_exhaustion
1068,1,53,56,slow_burn_warning,53|56|slow_burn_warning
1069,0,-1,-1,none,
1070,1,22,26,cross_component_mismatch,22|26|cross_component_mismatch
1071,1,38,41,cross_component_mismatch,38|41|cross_component_mismatch
1072,1,14,19,partial_recovery_loop,14|19|partial_recovery_loop
1073,1,42,45,timeout_retry,42|45|timeout_retry
1074,1,46,52,partial_recovery_loop,46|52|partial_recovery_loop
1075,1,7,13,resource_exhaustion,7|13|resource_exhaustion
1076,1,8,15,partial_recovery_loop,8|15|partial_recovery_loop
1077,0,-1,-1,none,
1078,0,-1,-1,none,
1079,0,-1,-1,none,
1080,0,-1,-1,none,
1081,0,-1,-1,none,
1082,1,34,38,duplicate_event,34|38|duplicate_event
1083,1,18,21,missing_step,18|21|missing_step
1084,1,55,61,partial_recovery_loop,55|61|partial_recovery_loop
1085,1,13,17,timeout_retry,13|17|timeout_retry
1086,0,-1,-1,none,
1087,0,-1,-1,none,
1088,1,87,91,state_conflict,87|91|state_conflict
1089,0,-1,-1,none,
1090,1,28,33,resource_exhaustion,28|33|resource_exhaustion
1091,0,-1,-1,none,
1092,0,-1,-1,none,
1093,1,22,29,resource_exhaustion,22|29|resource_exhaustion
1094,1,24,29,partial_recovery_loop,24|29|partial_recovery_loop
1095,0,-1,-1,none,
1096,0,-1,-1,none,
1097,0,-1,-1,none,
1098,0,-1,-1,none,
1099,0,-1,-1,none,
1100,1,42,46,slow_burn_warning,42|46|slow_burn_warning
1101,0,-1,-1,none,
1102,0,-1,-1,none,
1103,1,114,118,timeout_retry,114|118|timeout_retry
1104,1,22,26,state_conflict,22|26|state_conflict
1105,0,-1,-1,none,
1106,0,-1,-1,none,
1107,0,-1,-1,none,
1108,0,-1,-1,none,
1109,1,49,52,missing_step,49|52|missing_step
1110,1,123,128,slow_burn_warning,123|128|slow_burn_warning
1111,1,24,27,cross_component_mismatch,24|27|cross_component_mismatch
1112,1,73,76,missing_step,73|76|missing_step
1113,1,14,18,slow_burn_warning,14|18|slow_burn_warning
1114,1,60,62,parameter_drift,60|62|parameter_drift
1115,0,-1,-1,none,
1116,0,-1,-1,none,
1117,0,-1,-1,none,
1118,1,103,106,out_of_order,103|106|out_of_order
1119,1,28,31,partial_recovery_loop,28|31|partial_recovery_loop
1120,1,11,14,missing_step,11|14|missing_step
1121,1,109,113,cross_component_mismatch,109|113|cross_component_mismatch
1122,1,141,144,state_conflict,141|144|state_conflict
1123,1,45,51,slow_burn_warning,45|51|slow_burn_warning
1124,1,26,32,partial_recovery_loop,26|32|partial_recovery_loop
1125,1,85,91,timeout_retry,85|91|timeout_retry
1126,1,31,34,state_conflict,31|34|state_conflict
1127,0,-1,-1,none,
1128,0,-1,-1,none,
1129,0,-1,-1,none,
1130,0,-1,-1,none,
1131,1,48,50,duplicate_event,48|50|duplicate_event
1132,0,-1,-1,none,
1133,1,23,27,state_conflict,23|27|state_conflict
1134,1,56,59,missing_step,56|59|missing_step
1135,1,3,9,timeout_retry,3|9|timeout_retry
1136,0,-1,-1,none,
1137,0,-1,-1,none,
1138,0,-1,-1,none,
1139,1,48,53,slow_burn_warning,48|53|slow_burn_warning
1140,1,51,53,partial_recovery_loop,51|53|partial_recovery_loop
1141,0,-1,-1,none,
1142,0,-1,-1,none,
1143,1,2,5,out_of_order,2|5|out_of_order
1144,1,31,34,resource_exhaustion,31|34|resource_exhaustion
1145,0,-1,-1,none,
1146,0,-1,-1,none,
1147,0,-1,-1,none,
1148,1,79,83,parameter_drift,79|83|parameter_drift
1149,0,-1,-1,none,
1150,0,-1,-1,none,
1151,1,65,68,cross_component_mismatch,65|68|cross_component_mismatch
1152,0,-1,-1,none,
1153,1,28,31,resource_exhaustion,28|31|resource_exhaustion
1154,0,-1,-1,none,
1155,1,28,32,parameter_drift,28|32|parameter_drift
1156,1,19,22,state_conflict,19|22|state_conflict
1157,1,40,45,resource_exhaustion,40|45|resource_exhaustion
1158,0,-1,-1,none,
1159,0,-1,-1,none,
1160,1,20,25,slow_burn_warning,20|25|slow_burn_warning
1161,0,-1,-1,none,
1162,0,-1,-1,none,
1163,0,-1,-1,none,
1164,1,23,27,cross_component_mismatch,23|27|cross_component_mismatch
1165,1,35,40,partial_recovery_loop,35|40|partial_recovery_loop
1166,1,23,25,out_of_order,23|25|out_of_order
1167,0,-1,-1,none,
1168,0,-1,-1,none,
1169,0,-1,-1,none,
1170,1,5,10,resource_exhaustion,5|10|resource_exhaustion
1171,0,-1,-1,none,
1172,0,-1,-1,none,
1173,1,56,58,missing_step,56|58|missing_step
1174,0,-1,-1,none,
1175,0,-1,-1,none,
1176,0,-1,-1,none,
1177,1,35,40,partial_recovery_loop,35|40|partial_recovery_loop
1178,1,57,59,duplicate_event,57|59|duplicate_event
1179,1,33,36,resource_exhaustion,33|36|resource_exhaustion
1180,1,41,47,slow_burn_warning,41|47|slow_burn_warning
1181,1,58,61,cross_component_mismatch,58|61|cross_component_mismatch
1182,1,51,55,missing_step,51|55|missing_step
1183,1,39,44,partial_recovery_loop,39|44|partial_recovery_loop
1184,1,23,29,timeout_retry,23|29|timeout_retry
1185,0,-1,-1,none,
1186,0,-1,-1,none,
1187,0,-1,-1,none,
1188,0,-1,-1,none,
1189,1,58,61,missing_step,58|61|missing_step
1190,0,-1,-1,none,
1191,1,36,40,parameter_drift,36|40|parameter_drift
1192,1,23,28,resource_exhaustion,23|28|resource_exhaustion
1193,1,34,38,cross_component_mismatch,34|38|cross_component_mismatch
1194,0,-1,-1,none,
1195,0,-1,-1,none,
1196,1,53,55,state_conflict,53|55|state_conflict
1197,0,-1,-1,none,
1198,0,-1,-1,none,
1199,1,27,31,parameter_drift,27|31|parameter_drift
1200,1,49,51,out_of_order,49|51|out_of_order
1201,0,-1,-1,none,
1202,0,-1,-1,none,
1203,1,44,52,resource_exhaustion,44|52|resource_exhaustion
1204,1,5,9,timeout_retry,5|9|timeout_retry
1205,0,-1,-1,none,
1206,1,15,20,cross_component_mismatch,15|20|cross_component_mismatch
1207,0,-1,-1,none,
1208,0,-1,-1,none,
1209,1,51,55,partial_recovery_loop,51|55|partial_recovery_loop
1210,1,87,90,missing_step,87|90|missing_step
1211,1,60,63,missing_step,60|63|missing_step
1212,1,65,67,duplicate_event,65|67|duplicate_event
1213,1,2,5,timeout_retry,2|5|timeout_retry
1214,1,56,60,partial_recovery_loop,56|60|partial_recovery_loop
1215,0,-1,-1,none,
1216,0,-1,-1,none,
1217,1,36,39,cross_component_mismatch,36|39|cross_component_mismatch
1218,0,-1,-1,none,
1219,0,-1,-1,none,
1220,1,67,71,partial_recovery_loop,67|71|partial_recovery_loop
1221,1,18,24,partial_recovery_loop,18|24|partial_recovery_loop
1222,1,5,10,timeout_retry,5|10|timeout_retry
1223,0,-1,-1,none,
1224,1,58,63,partial_recovery_loop,58|63|partial_recovery_loop
1225,1,46,48,state_conflict,46|48|state_conflict
1226,0,-1,-1,none,
1227,1,3,6,missing_step,3|6|missing_step
1228,1,51,54,timeout_retry,51|54|timeout_retry
1229,0,-1,-1,none,
1230,0,-1,-1,none,
1231,0,-1,-1,none,
1232,0,-1,-1,none,
1233,1,26,28,slow_burn_warning,26|28|slow_burn_warning
1234,1,18,20,parameter_drift,18|20|parameter_drift
1235,0,-1,-1,none,
1236,1,57,61,partial_recovery_loop,57|61|partial_recovery_loop
1237,0,-1,-1,none,
1238,0,-1,-1,none,
1239,1,37,43,partial_recovery_loop,37|43|partial_recovery_loop
1240,0,-1,-1,none,
1241,1,21,24,cross_component_mismatch,21|24|cross_component_mismatch
1242,1,29,33,resource_exhaustion,29|33|resource_exhaustion
1243,1,57,61,slow_burn_warning,57|61|slow_burn_warning
1244,1,37,40,missing_step,37|40|missing_step
1245,1,64,68,timeout_retry,64|68|timeout_retry
1246,1,28,31,slow_burn_warning,28|31|slow_burn_warning
1247,1,27,30,state_conflict,27|30|state_conflict
1248,0,-1,-1,none,
1249,0,-1,-1,none,
1250,0,-1,-1,none,
1251,1,7,10,out_of_order,7|10|out_of_order
1252,1,28,30,slow_burn_warning,28|30|slow_burn_warning
1253,1,42,47,resource_exhaustion,42|47|resource_exhaustion
1254,1,62,64,state_conflict,62|64|state_conflict
1255,1,11,14,timeout_retry,11|14|timeout_retry
1256,0,-1,-1,none,
1257,0,-1,-1,none,
1258,1,15,20,slow_burn_warning,15|20|slow_burn_warning
1259,1,80,83,resource_exhaustion,80|83|resource_exhaustion
1260,1,77,82,missing_step,77|82|missing_step
1261,1,37,40,resource_exhaustion,37|40|resource_exhaustion
1262,1,29,34,partial_recovery_loop,29|34|partial_recovery_loop
1263,1,9,12,cross_component_mismatch,9|12|cross_component_mismatch
1264,1,40,46,timeout_retry,40|46|timeout_retry
1265,0,-1,-1,none,
1266,1,62,65,resource_exhaustion,62|65|resource_exhaustion
1267,1,31,34,timeout_retry,31|34|timeout_retry
1268,1,42,47,state_conflict,42|47|state_conflict
1269,1,19,22,state_conflict,19|22|state_conflict
1270,0,-1,-1,none,
1271,0,-1,-1,none,
1272,0,-1,-1,none,
1273,1,38,40,missing_step,38|40|missing_step
1274,0,-1,-1,none,
1275,1,14,18,cross_component_mismatch,14|18|cross_component_mismatch
1276,0,-1,-1,none,
1277,1,52,58,slow_burn_warning,52|58|slow_burn_warning
1278,0,-1,-1,none,
1279,1,4,10,slow_burn_warning,4|10|slow_burn_warning
1280,1,93,95,missing_step,93|95|missing_step
1281,1,45,48,missing_step,45|48|missing_step
1282,1,4,7,state_conflict,4|7|state_conflict
1283,1,52,55,timeout_retry,52|55|timeout_retry
1284,1,32,34,state_conflict,32|34|state_conflict
1285,1,27,30,resource_exhaustion,27|30|resource_exhaustion
1286,0,-1,-1,none,
1287,1,3,6,cross_component_mismatch,3|6|cross_component_mismatch
1288,0,-1,-1,none,
1289,0,-1,-1,none,
1290,1,30,33,missing_step,30|33|missing_step
1291,1,88,93,timeout_retry,88|93|timeout_retry
1292,0,-1,-1,none,
1293,0,-1,-1,none,
1294,1,23,25,cross_component_mismatch,23|25|cross_component_mismatch
1295,1,27,31,out_of_order,27|31|out_of_order
1296,0,-1,-1,none,
1297,0,-1,-1,none,
1298,1,38,42,partial_recovery_loop,38|42|partial_recovery_loop
1299,1,9,11,slow_burn_warning,9|11|slow_burn_warning
1300,0,-1,-1,none,
1301,0,-1,-1,none,
1302,1,31,34,missing_step,31|34|missing_step
1303,0,-1,-1,none,
1304,1,81,84,out_of_order,81|84|out_of_order
1305,1,30,35,parameter_drift,30|35|parameter_drift
1306,1,47,51,resource_exhaustion,47|51|resource_exhaustion
1307,1,17,21,cross_component_mismatch,17|21|cross_component_mismatch
1308,1,46,49,state_conflict,46|49|state_conflict
1309,1,28,33,partial_recovery_loop,28|33|partial_recovery_loop
1310,0,-1,-1,none,
1311,0,-1,-1,none,
1312,0,-1,-1,none,
1313,1,59,62,duplicate_event,59|62|duplicate_event
1314,1,57,60,missing_step,57|60|missing_step
1315,1,68,74,cross_component_mismatch,68|74|cross_component_mismatch
1316,1,49,53,cross_component_mismatch,49|53|cross_component_mismatch
1317,1,29,32,timeout_retry,29|32|timeout_retry
1318,1,15,19,partial_recovery_loop,15|19|partial_recovery_loop
1319,0,-1,-1,none,
1320,0,-1,-1,none,
1321,1,31,36,slow_burn_warning,31|36|slow_burn_warning
1322,0,-1,-1,none,
1323,1,29,32,cross_component_mismatch,29|32|cross_component_mismatch
1324,1,30,33,timeout_retry,30|33|timeout_retry
1325,0,-1,-1,none,
1326,1,4,8,state_conflict,4|8|state_conflict
1327,1,34,39,partial_recovery_loop,34|39|partial_recovery_loop
1328,1,32,36,state_conflict,32|36|state_conflict
1329,0,-1,-1,none,
1330,0,-1,-1,none,
1331,0,-1,-1,none,
1332,0,-1,-1,none,
1333,1,11,14,cross_component_mismatch,11|14|cross_component_mismatch
1334,0,-1,-1,none,
1335,1,38,40,missing_step,38|40|missing_step
1336,0,-1,-1,none,
1337,1,42,48,timeout_retry,42|48|timeout_retry
1338,1,34,38,partial_recovery_loop,34|38|partial_recovery_loop
1339,1,41,45,parameter_drift,41|45|parameter_drift
1340,0,-1,-1,none,
1341,0,-1,-1,none,
1342,1,30,34,out_of_order,30|34|out_of_order
1343,0,-1,-1,none,
1344,1,18,23,parameter_drift,18|23|parameter_drift
1345,0,-1,-1,none,
1346,1,25,28,partial_recovery_loop,25|28|partial_recovery_loop
1347,0,-1,-1,none,
1348,0,-1,-1,none,
1349,0,-1,-1,none,
1350,1,48,53,duplicate_event,48|53|duplicate_event
1351,1,28,33,parameter_drift,28|33|parameter_drift
1352,1,5,9,cross_component_mismatch,5|9|cross_component_mismatch
1353,1,73,77,timeout_retry,73|77|timeout_retry
1354,0,-1,-1,none,
1355,0,-1,-1,none,
1356,1,28,34,resource_exhaustion,28|34|resource_exhaustion
1357,0,-1,-1,none,
1358,0,-1,-1,none,
1359,1,17,21,partial_recovery_loop,17|21|partial_recovery_loop
1360,1,22,25,timeout_retry,22|25|timeout_retry
1361,1,7,12,slow_burn_warning,7|12|slow_burn_warning
1362,0,-1,-1,none,
1363,0,-1,-1,none,
1364,0,-1,-1,none,
1365,1,27,29,missing_step,27|29|missing_step
1366,1,33,36,state_conflict,33|36|state_conflict
1367,1,18,23,resource_exhaustion,18|23|resource_exhaustion
1368,1,5,8,timeout_retry,5|8|timeout_retry
1369,1,12,17,cross_component_mismatch,12|17|cross_component_mismatch
1370,1,15,21,timeout_retry,15|21|timeout_retry
1371,1,17,22,timeout_retry,17|22|timeout_retry
1372,0,-1,-1,none,
1373,0,-1,-1,none,
1374,0,-1,-1,none,
1375,1,3,6,slow_burn_warning,3|6|slow_burn_warning
1376,0,-1,-1,none,
1377,1,63,67,out_of_order,63|67|out_of_order
1378,1,16,19,missing_step,16|19|missing_step
1379,1,5,8,timeout_retry,5|8|timeout_retry
1380,1,42,45,state_conflict,42|45|state_conflict
1381,0,-1,-1,none,
1382,0,-1,-1,none,
1383,0,-1,-1,none,
1384,1,52,59,duplicate_event,52|59|duplicate_event
1385,0,-1,-1,none,
1386,0,-1,-1,none,
1387,1,30,33,cross_component_mismatch,30|33|cross_component_mismatch
1388,1,40,44,state_conflict,40|44|state_conflict
1389,1,5,10,partial_recovery_loop,5|10|partial_recovery_loop
1390,0,-1,-1,none,
1391,0,-1,-1,none,
1392,1,19,21,duplicate_event,19|21|duplicate_event
1393,1,51,53,partial_recovery_loop,51|53|partial_recovery_loop
1394,1,36,40,partial_recovery_loop,36|40|partial_recovery_loop
1395,1,31,37,timeout_retry,31|37|timeout_retry
1396,1,17,19,state_conflict,17|19|state_conflict
1397,0,-1,-1,none,
1398,0,-1,-1,none,
1399,0,-1,-1,none,
1400,0,-1,-1,none,
1401,1,52,56,missing_step,52|56|missing_step
1402,1,6,9,cross_component_mismatch,6|9|cross_component_mismatch
1403,0,-1,-1,none,
1404,0,-1,-1,none,
1405,0,-1,-1,none,
1406,1,42,46,partial_recovery_loop,42|46|partial_recovery_loop
1407,1,30,33,out_of_order,30|33|out_of_order
1408,0,-1,-1,none,
1409,1,62,66,partial_recovery_loop,62|66|partial_recovery_loop
1410,1,25,28,resource_exhaustion,25|28|resource_exhaustion
1411,1,28,30,cross_component_mismatch,28|30|cross_component_mismatch
1412,0,-1,-1,none,
1413,0,-1,-1,none,
1414,0,-1,-1,none,
1415,0,-1,-1,none,
1416,1,77,83,slow_burn_warning,77|83|slow_burn_warning
1417,0,-1,-1,none,
1418,1,16,20,duplicate_event,16|20|duplicate_event
1419,0,-1,-1,none,
1420,1,96,100,duplicate_event,96|100|duplicate_event
1421,1,30,33,timeout_retry,30|33|timeout_retry
1422,1,46,49,cross_component_mismatch,46|49|cross_component_mismatch
1423,1,31,36,cross_component_mismatch,31|36|cross_component_mismatch
1424,0,-1,-1,none,
1425,1,2,6,resource_exhaustion,2|6|resource_exhaustion
1426,1,97,101,resource_exhaustion,97|101|resource_exhaustion
1427,0,-1,-1,none,
1428,0,-1,-1,none,
1429,0,-1,-1,none,
1430,1,8,10,missing_step,8|10|missing_step
1431,1,13,16,out_of_order,13|16|out_of_order
1432,0,-1,-1,none,
1433,0,-1,-1,none,
1434,1,59,63,partial_recovery_loop,59|63|partial_recovery_loop
1435,1,16,20,resource_exhaustion,16|20|resource_exhaustion
1436,0,-1,-1,none,
1437,0,-1,-1,none,
1438,1,62,64,timeout_retry,62|64|timeout_retry
1439,1,20,24,partial_recovery_loop,20|24|partial_recovery_loop
1440,1,29,33,out_of_order,29|33|out_of_order
1441,1,6,9,resource_exhaustion,6|9|resource_exhaustion
1442,0,-1,-1,none,
1443,1,64,70,slow_burn_warning,64|70|slow_burn_warning
1444,1,58,63,state_conflict,58|63|state_conflict
1445,1,21,25,missing_step,21|25|missing_step
1446,1,9,12,cross_component_mismatch,9|12|cross_component_mismatch
1447,1,3,6,parameter_drift,3|6|parameter_drift
1448,1,17,22,parameter_drift,17|22|parameter_drift
1449,1,34,37,parameter_drift,34|37|parameter_drift
1450,0,-1,-1,none,
1451,0,-1,-1,none,
1452,0,-1,-1,none,
1453,1,3,8,partial_recovery_loop,3|8|partial_recovery_loop
1454,1,57,61,slow_burn_warning,57|61|slow_burn_warning
1455,0,-1,-1,none,
1456,0,-1,-1,none,
1457,1,16,20,missing_step,16|20|missing_step
1458,1,2,6,slow_burn_warning,2|6|slow_burn_warning
1459,0,-1,-1,none,
1460,1,6,9,out_of_order,6|9|out_of_order
1461,0,-1,-1,none,
1462,0,-1,-1,none,
1463,1,66,69,out_of_order,66|69|out_of_order
1464,0,-1,-1,none,
1465,0,-1,-1,none,
1466,1,30,34,slow_burn_warning,30|34|slow_burn_warning
1467,1,41,44,slow_burn_warning,41|44|slow_burn_warning
1468,1,36,40,state_conflict,36|40|state_conflict
1469,0,-1,-1,none,
1470,1,41,44,slow_burn_warning,41|44|slow_burn_warning
1471,0,-1,-1,none,
1472,0,-1,-1,none,
1473,0,-1,-1,none,
1474,0,-1,-1,none,
1475,0,-1,-1,none,
1476,0,-1,-1,none,
1477,1,51,55,cross_component_mismatch,51|55|cross_component_mismatch
1478,1,22,26,cross_component_mismatch,22|26|cross_component_mismatch
1479,0,-1,-1,none,
1480,0,-1,-1,none,
1481,1,25,29,out_of_order,25|29|out_of_order
1482,0,-1,-1,none,
1483,1,41,47,slow_burn_warning,41|47|slow_burn_warning
1484,0,-1,-1,none,
1485,1,49,53,cross_component_mismatch,49|53|cross_component_mismatch
1486,1,82,87,state_conflict,82|87|state_conflict
1487,1,65,67,out_of_order,65|67|out_of_order
1488,1,31,35,resource_exhaustion,31|35|resource_exhaustion
1489,1,46,49,resource_exhaustion,46|49|resource_exhaustion
1490,1,36,44,timeout_retry,36|44|timeout_retry
1491,0,-1,-1,none,
1492,0,-1,-1,none,
1493,1,25,27,partial_recovery_loop,25|27|partial_recovery_loop
1494,1,32,36,duplicate_event,32|36|duplicate_event
1495,0,-1,-1,none,
1496,1,17,22,resource_exhaustion,17|22|resource_exhaustion
1497,1,11,16,resource_exhaustion,11|16|resource_exhaustion
1498,1,9,12,state_conflict,9|12|state_conflict
1499,1,40,44,timeout_retry,40|44|timeout_retry
1500,0,-1,-1,none,
1501,1,34,37,missing_step,34|37|missing_step
1502,1,5,9,missing_step,5|9|missing_step
1503,1,38,40,parameter_drift,38|40|parameter_drift
1504,0,-1,-1,none,
1505,0,-1,-1,none,
1506,1,50,53,duplicate_event,50|53|duplicate_event
1507,0,-1,-1,none,
1508,0,-1,-1,none,
1509,0,-1,-1,none,
1510,0,-1,-1,none,
1511,0,-1,-1,none,
1512,1,55,59,missing_step,55|59|missing_step
1513,1,21,28,resource_exhaustion,21|28|resource_exhaustion
1514,1,13,19,partial_recovery_loop,13|19|partial_recovery_loop
1515,1,38,40,missing_step,38|40|missing_step
1516,0,-1,-1,none,
1517,1,6,9,cross_component_mismatch,6|9|cross_component_mismatch
1518,0,-1,-1,none,
1519,1,62,64,missing_step,62|64|missing_step
1520,1,25,27,missing_step,25|27|missing_step
1521,1,16,18,missing_step,16|18|missing_step
1522,0,-1,-1,none,
1523,1,3,8,cross_component_mismatch,3|8|cross_component_mismatch
1524,1,20,22,out_of_order,20|22|out_of_order
1525,1,30,33,resource_exhaustion,30|33|resource_exhaustion
1526,0,-1,-1,none,
1527,0,-1,-1,none,
1528,0,-1,-1,none,
1529,0,-1,-1,none,
1530,0,-1,-1,none,
1531,1,30,37,duplicate_event,30|37|duplicate_event
1532,1,7,10,cross_component_mismatch,7|10|cross_component_mismatch
1533,1,35,38,state_conflict,35|38|state_conflict
1534,0,-1,-1,none,
1535,0,-1,-1,none,
1536,0,-1,-1,none,
1537,1,5,10,timeout_retry,5|10|timeout_retry
1538,1,77,80,cross_component_mismatch,77|80|cross_component_mismatch
1539,1,35,38,timeout_retry,35|38|timeout_retry
1540,1,19,22,resource_exhaustion,19|22|resource_exhaustion
1541,1,16,21,cross_component_mismatch,16|21|cross_component_mismatch
1542,1,42,48,slow_burn_warning,42|48|slow_burn_warning
1543,0,-1,-1,none,
1544,0,-1,-1,none,
1545,1,151,156,cross_component_mismatch,151|156|cross_component_mismatch
1546,0,-1,-1,none,
1547,1,16,20,timeout_retry,16|20|timeout_retry
1548,1,5,10,partial_recovery_loop,5|10|partial_recovery_loop
1549,0,-1,-1,none,
1550,0,-1,-1,none,
1551,0,-1,-1,none,
1552,1,14,17,missing_step,14|17|missing_step
1553,0,-1,-1,none,
1554,1,9,15,resource_exhaustion,9|15|resource_exhaustion
1555,0,-1,-1,none,
1556,0,-1,-1,none,
1557,1,67,69,out_of_order,67|69|out_of_order
1558,0,-1,-1,none,
1559,0,-1,-1,none,
1560,0,-1,-1,none,
1561,1,4,6,partial_recovery_loop,4|6|partial_recovery_loop
1562,1,46,51,resource_exhaustion,46|51|resource_exhaustion
1563,0,-1,-1,none,
1564,0,-1,-1,none,
1565,0,-1,-1,none,
1566,0,-1,-1,none,
1567,0,-1,-1,none,
1568,0,-1,-1,none,
1569,1,67,70,cross_component_mismatch,67|70|cross_component_mismatch
1570,0,-1,-1,none,
1571,1,14,16,cross_component_mismatch,14|16|cross_component_mismatch
1572,0,-1,-1,none,
1573,1,12,15,out_of_order,12|15|out_of_order
1574,0,-1,-1,none,
1575,1,65,68,parameter_drift,65|68|parameter_drift
1576,1,77,81,parameter_drift,77|81|parameter_drift
1577,1,61,63,duplicate_event,61|63|duplicate_event
1578,1,9,14,partial_recovery_loop,9|14|partial_recovery_loop
1579,1,26,33,resource_exhaustion,26|33|resource_exhaustion
1580,0,-1,-1,none,
1581,0,-1,-1,none,
1582,0,-1,-1,none,
1583,0,-1,-1,none,
1584,0,-1,-1,none,
1585,1,84,89,slow_burn_warning,84|89|slow_burn_warning
1586,0,-1,-1,none,
1587,0,-1,-1,none,
1588,1,27,29,out_of_order,27|29|out_of_order
1589,0,-1,-1,none,
1590,0,-1,-1,none,
1591,0,-1,-1,none,
1592,1,44,48,partial_recovery_loop,44|48|partial_recovery_loop
1593,0,-1,-1,none,
1594,1,16,20,out_of_order,16|20|out_of_order
1595,1,5,10,partial_recovery_loop,5|10|partial_recovery_loop
1596,0,-1,-1,none,
1597,0,-1,-1,none,
1598,1,7,12,cross_component_mismatch,7|12|cross_component_mismatch
1599,0,-1,-1,none,
1600,0,-1,-1,none,
1601,1,62,64,duplicate_event,62|64|duplicate_event
1602,1,21,26,cross_component_mismatch,21|26|cross_component_mismatch
1603,1,42,44,slow_burn_warning,42|44|slow_burn_warning
1604,1,26,32,parameter_drift,26|32|parameter_drift
1605,0,-1,-1,none,
1606,0,-1,-1,none,
1607,0,-1,-1,none,
1608,0,-1,-1,none,
1609,0,-1,-1,none,
1610,0,-1,-1,none,
1611,1,15,21,slow_burn_warning,15|21|slow_burn_warning
1612,0,-1,-1,none,
1613,0,-1,-1,none,
1614,0,-1,-1,none,
1615,1,3,6,missing_step,3|6|missing_step
1616,1,19,21,partial_recovery_loop,19|21|partial_recovery_loop
1617,0,-1,-1,none,
1618,0,-1,-1,none,
1619,1,56,60,cross_component_mismatch,56|60|cross_component_mismatch
1620,1,15,17,out_of_order,15|17|out_of_order
1621,1,45,48,resource_exhaustion,45|48|resource_exhaustion
1622,0,-1,-1,none,
1623,1,50,53,slow_burn_warning,50|53|slow_burn_warning
1624,1,22,26,resource_exhaustion,22|26|resource_exhaustion
1625,1,29,32,missing_step,29|32|missing_step
1626,1,20,24,resource_exhaustion,20|24|resource_exhaustion
1627,1,22,30,slow_burn_warning,22|30|slow_burn_warning
1628,1,23,26,partial_recovery_loop,23|26|partial_recovery_loop
1629,1,29,32,out_of_order,29|32|out_of_order
1630,0,-1,-1,none,
1631,0,-1,-1,none,
1632,1,29,35,partial_recovery_loop,29|35|partial_recovery_loop
1633,0,-1,-1,none,
1634,0,-1,-1,none,
1635,0,-1,-1,none,
1636,1,9,12,missing_step,9|12|missing_step
1637,1,32,38,slow_burn_warning,32|38|slow_burn_warning
1638,1,82,86,partial_recovery_loop,82|86|partial_recovery_loop
1639,1,36,41,cross_component_mismatch,36|41|cross_component_mismatch
1640,1,67,69,slow_burn_warning,67|69|slow_burn_warning
1641,1,4,7,resource_exhaustion,4|7|resource_exhaustion
1642,1,21,24,out_of_order,21|24|out_of_order
1643,1,23,28,slow_burn_warning,23|28|slow_burn_warning
1644,1,4,7,missing_step,4|7|missing_step
1645,1,3,8,partial_recovery_loop,3|8|partial_recovery_loop
1646,0,-1,-1,none,
1647,1,3,5,state_conflict,3|5|state_conflict
1648,1,59,67,resource_exhaustion,59|67|resource_exhaustion
1649,0,-1,-1,none,
1650,1,25,27,missing_step,25|27|missing_step
1651,0,-1,-1,none,
1652,1,7,13,partial_recovery_loop,7|13|partial_recovery_loop
1653,1,17,19,resource_exhaustion,17|19|resource_exhaustion
1654,1,10,16,partial_recovery_loop,10|16|partial_recovery_loop
1655,1,59,65,resource_exhaustion,59|65|resource_exhaustion
1656,1,59,65,duplicate_event,59|65|duplicate_event
1657,1,18,22,partial_recovery_loop,18|22|partial_recovery_loop
1658,1,32,36,partial_recovery_loop,32|36|partial_recovery_loop
1659,1,14,18,timeout_retry,14|18|timeout_retry
1660,1,7,12,cross_component_mismatch,7|12|cross_component_mismatch
1661,0,-1,-1,none,
1662,0,-1,-1,none,
1663,0,-1,-1,none,
1664,0,-1,-1,none,
1665,0,-1,-1,none,
1666,1,20,24,missing_step,20|24|missing_step
1667,0,-1,-1,none,
1668,1,26,30,out_of_order,26|30|out_of_order
1669,0,-1,-1,none,
1670,0,-1,-1,none,
1671,1,34,38,timeout_retry,34|38|timeout_retry
1672,1,16,21,duplicate_event,16|21|duplicate_event
1673,1,75,80,partial_recovery_loop,75|80|partial_recovery_loop
1674,1,35,42,resource_exhaustion,35|42|resource_exhaustion
1675,1,36,39,state_conflict,36|39|state_conflict
1676,0,-1,-1,none,
1677,0,-1,-1,none,
1678,1,4,7,parameter_drift,4|7|parameter_drift
1679,0,-1,-1,none,
1680,0,-1,-1,none,
1681,1,22,29,duplicate_event,22|29|duplicate_event
1682,0,-1,-1,none,
1683,1,18,21,slow_burn_warning,18|21|slow_burn_warning
1684,1,4,10,timeout_retry,4|10|timeout_retry
1685,1,28,32,missing_step,28|32|missing_step
1686,1,25,30,slow_burn_warning,25|30|slow_burn_warning
1687,1,19,26,slow_burn_warning,19|26|slow_burn_warning
1688,0,-1,-1,none,
1689,0,-1,-1,none,
1690,1,35,40,state_conflict,35|40|state_conflict
1691,1,31,34,resource_exhaustion,31|34|resource_exhaustion
1692,0,-1,-1,none,
1693,1,111,116,resource_exhaustion,111|116|resource_exhaustion
1694,1,66,69,cross_component_mismatch,66|69|cross_component_mismatch
1695,1,38,41,cross_component_mismatch,38|41|cross_component_mismatch
1696,1,21,25,timeout_retry,21|25|timeout_retry
1697,1,47,50,cross_component_mismatch,47|50|cross_component_mismatch
1698,0,-1,-1,none,
1699,0,-1,-1,none,
1700,1,2,6,missing_step,2|6|missing_step
1701,0,-1,-1,none,
1702,1,27,31,out_of_order,27|31|out_of_order
1703,1,4,11,timeout_retry,4|11|timeout_retry
1704,0,-1,-1,none,
1705,1,12,15,timeout_retry,12|15|timeout_retry
1706,1,36,39,cross_component_mismatch,36|39|cross_component_mismatch
1707,0,-1,-1,none,
1708,0,-1,-1,none,
1709,0,-1,-1,none,
1710,1,25,27,parameter_drift,25|27|parameter_drift
1711,1,45,50,timeout_retry,45|50|timeout_retry
1712,0,-1,-1,none,
1713,1,7,11,cross_component_mismatch,7|11|cross_component_mismatch
1714,1,33,37,timeout_retry,33|37|timeout_retry
1715,1,27,33,partial_recovery_loop,27|33|partial_recovery_loop
1716,0,-1,-1,none,
1717,0,-1,-1,none,
1718,0,-1,-1,none,
1719,1,48,51,out_of_order,48|51|out_of_order
1720,0,-1,-1,none,
1721,1,41,45,cross_component_mismatch,41|45|cross_component_mismatch
1722,1,50,54,partial_recovery_loop,50|54|partial_recovery_loop
1723,1,46,49,resource_exhaustion,46|49|resource_exhaustion
1724,1,76,82,partial_recovery_loop,76|82|partial_recovery_loop
1725,1,14,16,state_conflict,14|16|state_conflict
1726,0,-1,-1,none,
1727,1,16,22,timeout_retry,16|22|timeout_retry
1728,0,-1,-1,none,
1729,1,21,25,partial_recovery_loop,21|25|partial_recovery_loop
1730,1,9,13,missing_step,9|13|missing_step
1731,1,40,45,resource_exhaustion,40|45|resource_exhaustion
1732,1,24,27,missing_step,24|27|missing_step
1733,0,-1,-1,none,
1734,0,-1,-1,none,
1735,0,-1,-1,none,
1736,1,35,37,missing_step,35|37|missing_step
1737,1,40,43,missing_step,40|43|missing_step
1738,1,64,69,slow_burn_warning,64|69|slow_burn_warning
1739,1,14,16,partial_recovery_loop,14|16|partial_recovery_loop
1740,1,11,15,cross_component_mismatch,11|15|cross_component_mismatch
1741,1,16,18,timeout_retry,16|18|timeout_retry
1742,0,-1,-1,none,
1743,0,-1,-1,none,
1744,0,-1,-1,none,
1745,0,-1,-1,none,
1746,1,40,44,parameter_drift,40|44|parameter_drift
1747,1,26,29,state_conflict,26|29|state_conflict
1748,1,21,24,partial_recovery_loop,21|24|partial_recovery_loop
1749,0,-1,-1,none,
1750,0,-1,-1,none,
1751,1,90,93,parameter_drift,90|93|parameter_drift
1752,1,23,27,timeout_retry,23|27|timeout_retry
1753,0,-1,-1,none,
1754,0,-1,-1,none,
1755,0,-1,-1,none,
1756,0,-1,-1,none,
1757,1,31,35,cross_component_mismatch,31|35|cross_component_mismatch
1758,0,-1,-1,none,
1759,1,43,45,state_conflict,43|45|state_conflict
1760,0,-1,-1,none,
1761,1,32,35,state_conflict,32|35|state_conflict
1762,1,32,34,partial_recovery_loop,32|34|partial_recovery_loop
1763,0,-1,-1,none,
1764,1,68,71,missing_step,68|71|missing_step
1765,0,-1,-1,none,
1766,1,5,7,slow_burn_warning,5|7|slow_burn_warning
1767,0,-1,-1,none,
1768,1,4,7,slow_burn_warning,4|7|slow_burn_warning
1769,1,15,19,missing_step,15|19|missing_step
1770,1,35,39,timeout_retry,35|39|timeout_retry
1771,1,53,58,parameter_drift,53|58|parameter_drift
1772,1,32,35,resource_exhaustion,32|35|resource_exhaustion
1773,1,28,30,partial_recovery_loop,28|30|partial_recovery_loop
1774,1,38,44,parameter_drift,38|44|parameter_drift
1775,1,13,18,slow_burn_warning,13|18|slow_burn_warning
1776,1,43,48,cross_component_mismatch,43|48|cross_component_mismatch
1777,0,-1,-1,none,
1778,1,17,22,partial_recovery_loop,17|22|partial_recovery_loop
1779,0,-1,-1,none,
1780,1,4,8,timeout_retry,4|8|timeout_retry
1781,0,-1,-1,none,
1782,1,11,15,out_of_order,11|15|out_of_order
1783,0,-1,-1,none,
1784,1,29,33,state_conflict,29|33|state_conflict
1785,1,115,118,missing_step,115|118|missing_step
1786,1,31,33,resource_exhaustion,31|33|resource_exhaustion
1787,1,64,68,cross_component_mismatch,64|68|cross_component_mismatch
1788,0,-1,-1,none,
1789,1,7,13,cross_component_mismatch,7|13|cross_component_mismatch
1790,1,77,83,partial_recovery_loop,77|83|partial_recovery_loop
1791,0,-1,-1,none,
1792,1,42,44,partial_recovery_loop,42|44|partial_recovery_loop
1793,1,44,49,cross_component_mismatch,44|49|cross_component_mismatch
1794,0,-1,-1,none,
1795,0,-1,-1,none,
1796,1,30,33,out_of_order,30|33|out_of_order
1797,1,54,56,missing_step,54|56|missing_step
1798,1,20,25,parameter_drift,20|25|parameter_drift
1799,0,-1,-1,none,
1800,0,-1,-1,none,
1801,1,3,9,slow_burn_warning,3|9|slow_burn_warning
1802,1,71,75,cross_component_mismatch,71|75|cross_component_mismatch
1803,0,-1,-1,none,
1804,0,-1,-1,none,
1805,0,-1,-1,none,
1806,1,7,9,partial_recovery_loop,7|9|partial_recovery_loop
1807,1,61,64,resource_exhaustion,61|64|resource_exhaustion
1808,0,-1,-1,none,
1809,0,-1,-1,none,
1810,0,-1,-1,none,
1811,1,32,34,parameter_drift,32|34|parameter_drift
1812,0,-1,-1,none,
1813,1,37,42,partial_recovery_loop,37|42|partial_recovery_loop
1814,0,-1,-1,none,
1815,0,-1,-1,none,
1816,0,-1,-1,none,
1817,0,-1,-1,none,
1818,1,22,24,resource_exhaustion,22|24|resource_exhaustion
1819,1,28,30,resource_exhaustion,28|30|resource_exhaustion
1820,1,31,36,parameter_drift,31|36|parameter_drift
1821,1,3,6,timeout_retry,3|6|timeout_retry
1822,0,-1,-1,none,
1823,0,-1,-1,none,
1824,0,-1,-1,none,
1825,0,-1,-1,none,
1826,1,12,16,slow_burn_warning,12|16|slow_burn_warning
1827,1,6,11,state_conflict,6|11|state_conflict
1828,0,-1,-1,none,
1829,1,41,44,timeout_retry,41|44|timeout_retry
1830,0,-1,-1,none,
1831,0,-1,-1,none,
1832,1,42,49,duplicate_event,42|49|duplicate_event
1833,0,-1,-1,none,
1834,1,50,53,slow_burn_warning,50|53|slow_burn_warning
1835,0,-1,-1,none,
1836,0,-1,-1,none,
1837,1,11,16,cross_component_mismatch,11|16|cross_component_mismatch
1838,1,27,34,timeout_retry,27|34|timeout_retry
1839,1,5,8,missing_step,5|8|missing_step
1840,1,14,17,partial_recovery_loop,14|17|partial_recovery_loop
1841,0,-1,-1,none,
1842,0,-1,-1,none,
1843,1,32,36,cross_component_mismatch,32|36|cross_component_mismatch
1844,0,-1,-1,none,
1845,0,-1,-1,none,
1846,1,19,21,duplicate_event,19|21|duplicate_event
1847,1,9,14,timeout_retry,9|14|timeout_retry
1848,1,23,27,partial_recovery_loop,23|27|partial_recovery_loop
1849,1,61,66,slow_burn_warning,61|66|slow_burn_warning
1850,1,24,30,timeout_retry,24|30|timeout_retry
1851,1,3,8,parameter_drift,3|8|parameter_drift
1852,0,-1,-1,none,
1853,1,23,25,slow_burn_warning,23|25|slow_burn_warning
1854,1,29,36,slow_burn_warning,29|36|slow_burn_warning
1855,1,5,7,state_conflict,5|7|state_conflict
1856,1,131,137,resource_exhaustion,131|137|resource_exhaustion
1857,1,8,12,resource_exhaustion,8|12|resource_exhaustion
1858,1,38,41,resource_exhaustion,38|41|resource_exhaustion
1859,1,79,83,state_conflict,79|83|state_conflict
1860,0,-1,-1,none,
1861,0,-1,-1,none,
1862,0,-1,-1,none,
1863,0,-1,-1,none,
1864,1,6,12,slow_burn_warning,6|12|slow_burn_warning
1865,1,41,43,missing_step,41|43|missing_step
1866,1,64,68,cross_component_mismatch,64|68|cross_component_mismatch
1867,1,45,48,parameter_drift,45|48|parameter_drift
1868,0,-1,-1,none,
1869,0,-1,-1,none,
1870,0,-1,-1,none,
1871,0,-1,-1,none,
1872,1,19,24,cross_component_mismatch,19|24|cross_component_mismatch
1873,0,-1,-1,none,
1874,1,2,8,slow_burn_warning,2|8|slow_burn_warning
1875,0,-1,-1,none,
1876,1,50,53,parameter_drift,50|53|parameter_drift
1877,1,38,42,state_conflict,38|42|state_conflict
1878,1,62,66,resource_exhaustion,62|66|resource_exhaustion
1879,0,-1,-1,none,
1880,1,25,31,partial_recovery_loop,25|31|partial_recovery_loop
1881,1,21,23,missing_step,21|23|missing_step
1882,1,111,117,partial_recovery_loop,111|117|partial_recovery_loop
1883,1,79,85,resource_exhaustion,79|85|resource_exhaustion
1884,0,-1,-1,none,
1885,1,30,32,missing_step,30|32|missing_step
1886,0,-1,-1,none,
1887,0,-1,-1,none,
1888,0,-1,-1,none,
1889,0,-1,-1,none,
1890,0,-1,-1,none,
1891,1,22,24,state_conflict,22|24|state_conflict
1892,0,-1,-1,none,
1893,0,-1,-1,none,
1894,0,-1,-1,none,
1895,1,61,63,missing_step,61|63|missing_step
1896,1,69,72,out_of_order,69|72|out_of_order
1897,0,-1,-1,none,
1898,1,47,52,resource_exhaustion,47|52|resource_exhaustion
1899,1,18,23,resource_exhaustion,18|23|resource_exhaustion
1900,0,-1,-1,none,
1901,0,-1,-1,none,
1902,0,-1,-1,none,
1903,1,24,28,out_of_order,24|28|out_of_order
1904,0,-1,-1,none,
1905,0,-1,-1,none,
1906,1,19,23,cross_component_mismatch,19|23|cross_component_mismatch
1907,1,2,7,timeout_retry,2|7|timeout_retry
1908,1,4,9,timeout_retry,4|9|timeout_retry
1909,0,-1,-1,none,
1910,1,55,59,parameter_drift,55|59|parameter_drift
1911,1,43,48,cross_component_mismatch,43|48|cross_component_mismatch
1912,0,-1,-1,none,
1913,1,54,57,cross_component_mismatch,54|57|cross_component_mismatch
1914,1,17,19,parameter_drift,17|19|parameter_drift
1915,1,31,38,slow_burn_warning,31|38|slow_burn_warning
1916,1,56,58,partial_recovery_loop,56|58|partial_recovery_loop
1917,1,25,31,timeout_retry,25|31|timeout_retry
1918,1,11,14,timeout_retry,11|14|timeout_retry
1919,1,23,25,out_of_order,23|25|out_of_order
1920,0,-1,-1,none,
1921,1,9,17,resource_exhaustion,9|17|resource_exhaustion
1922,1,39,43,missing_step,39|43|missing_step
1923,1,23,26,resource_exhaustion,23|26|resource_exhaustion
1924,0,-1,-1,none,
1925,0,-1,-1,none,
1926,1,45,48,state_conflict,45|48|state_conflict
1927,0,-1,-1,none,
1928,0,-1,-1,none,
1929,0,-1,-1,none,
1930,0,-1,-1,none,
1931,0,-1,-1,none,
1932,0,-1,-1,none,
1933,0,-1,-1,none,
1934,0,-1,-1,none,
1935,1,7,10,partial_recovery_loop,7|10|partial_recovery_loop
1936,1,11,15,cross_component_mismatch,11|15|cross_component_mismatch
1937,0,-1,-1,none,
1938,1,9,14,resource_exhaustion,9|14|resource_exhaustion
1939,0,-1,-1,none,
1940,1,62,66,parameter_drift,62|66|parameter_drift
1941,1,88,90,slow_burn_warning,88|90|slow_burn_warning
1942,0,-1,-1,none,
1943,0,-1,-1,none,
1944,0,-1,-1,none,
1945,1,24,29,resource_exhaustion,24|29|resource_exhaustion
1946,0,-1,-1,none,
1947,0,-1,-1,none,
1948,0,-1,-1,none,
1949,1,49,54,cross_component_mismatch,49|54|cross_component_mismatch
1950,0,-1,-1,none,
1951,0,-1,-1,none,
1952,0,-1,-1,none,
1953,0,-1,-1,none,
1954,0,-1,-1,none,
1955,1,63,72,slow_burn_warning,63|72|slow_burn_warning
1956,1,28,30,missing_step,28|30|missing_step
1957,0,-1,-1,none,
1958,0,-1,-1,none,
1959,1,12,18,resource_exhaustion,12|18|resource_exhaustion
1960,0,-1,-1,none,
1961,1,10,12,out_of_order,10|12|out_of_order
1962,1,14,18,timeout_retry,14|18|timeout_retry
1963,0,-1,-1,none,
1964,1,70,72,state_conflict,70|72|state_conflict
1965,0,-1,-1,none,
1966,1,33,39,resource_exhaustion,33|39|resource_exhaustion
1967,1,42,44,missing_step,42|44|missing_step
1968,1,9,12,cross_component_mismatch,9|12|cross_component_mismatch
1969,0,-1,-1,none,
1970,1,2,6,timeout_retry,2|6|timeout_retry
1971,0,-1,-1,none,
1972,1,22,25,cross_component_mismatch,22|25|cross_component_mismatch
1973,1,12,15,partial_recovery_loop,12|15|partial_recovery_loop
1974,0,-1,-1,none,
1975,1,64,68,state_conflict,64|68|state_conflict
1976,1,41,44,slow_burn_warning,41|44|slow_burn_warning
1977,0,-1,-1,none,
1978,0,-1,-1,none,
1979,0,-1,-1,none,
1980,0,-1,-1,none,
1981,0,-1,-1,none,
1982,0,-1,-1,none,
1983,0,-1,-1,none,
1984,1,2,4,resource_exhaustion,2|4|resource_exhaustion
1985,1,60,63,duplicate_event,60|63|duplicate_event
1986,0,-1,-1,none,
1987,0,-1,-1,none,
1988,1,75,77,out_of_order,75|77|out_of_order
1989,0,-1,-1,none,
1990,0,-1,-1,none,
1991,1,28,32,timeout_retry,28|32|timeout_retry
1992,0,-1,-1,none,
1993,1,8,11,parameter_drift,8|11|parameter_drift
1994,1,11,13,out_of_order,11|13|out_of_order
1995,1,57,59,timeout_retry,57|59|timeout_retry
1996,0,-1,-1,none,
1997,0,-1,-1,none,
1998,0,-1,-1,none,
1999,0,-1,-1,none,
2000,1,18,23,state_conflict,18|23|state_conflict
2001,1,41,44,parameter_drift,41|44|parameter_drift
2002,1,31,36,resource_exhaustion,31|36|resource_exhaustion
2003,1,51,58,slow_burn_warning,51|58|slow_burn_warning
2004,1,28,30,state_conflict,28|30|state_conflict
2005,1,49,54,partial_recovery_loop,49|54|partial_recovery_loop
2006,0,-1,-1,none,
2007,0,-1,-1,none,
2008,1,20,22,cross_component_mismatch,20|22|cross_component_mismatch
2009,1,24,27,cross_component_mismatch,24|27|cross_component_mismatch
2010,1,10,13,cross_component_mismatch,10|13|cross_component_mismatch
2011,1,44,47,out_of_order,44|47|out_of_order
2012,1,21,28,slow_burn_warning,21|28|slow_burn_warning
2013,0,-1,-1,none,
2014,0,-1,-1,none,
2015,0,-1,-1,none,
2016,1,25,30,cross_component_mismatch,25|30|cross_component_mismatch
2017,0,-1,-1,none,
2018,1,69,72,cross_component_mismatch,69|72|cross_component_mismatch
2019,0,-1,-1,none,
2020,1,21,26,resource_exhaustion,21|26|resource_exhaustion
2021,1,26,30,partial_recovery_loop,26|30|partial_recovery_loop
2022,0,-1,-1,none,
2023,1,18,23,cross_component_mismatch,18|23|cross_component_mismatch
2024,0,-1,-1,none,
2025,1,131,135,cross_component_mismatch,131|135|cross_component_mismatch
2026,0,-1,-1,none,
2027,0,-1,-1,none,
2028,1,27,32,slow_burn_warning,27|32|slow_burn_warning
2029,0,-1,-1,none,
2030,0,-1,-1,none,
2031,0,-1,-1,none,
2032,1,86,89,missing_step,86|89|missing_step
2033,1,3,6,cross_component_mismatch,3|6|cross_component_mismatch
2034,0,-1,-1,none,
2035,1,90,94,state_conflict,90|94|state_conflict
2036,0,-1,-1,none,
2037,0,-1,-1,none,
2038,0,-1,-1,none,
2039,0,-1,-1,none,
2040,1,5,11,partial_recovery_loop,5|11|partial_recovery_loop
2041,1,56,61,cross_component_mismatch,56|61|cross_component_mismatch
2042,1,30,35,partial_recovery_loop,30|35|partial_recovery_loop
2043,1,32,34,timeout_retry,32|34|timeout_retry
2044,1,56,58,missing_step,56|58|missing_step
2045,0,-1,-1,none,
2046,1,5,8,duplicate_event,5|8|duplicate_event
2047,1,46,49,partial_recovery_loop,46|49|partial_recovery_loop
2048,0,-1,-1,none,
2049,1,15,20,partial_recovery_loop,15|20|partial_recovery_loop
2050,1,59,61,duplicate_event,59|61|duplicate_event
2051,1,76,78,missing_step,76|78|missing_step
2052,1,109,113,timeout_retry,109|113|timeout_retry
2053,0,-1,-1,none,
2054,0,-1,-1,none,
2055,0,-1,-1,none,
2056,1,36,42,partial_recovery_loop,36|42|partial_recovery_loop
2057,1,14,17,state_conflict,14|17|state_conflict
2058,1,18,21,missing_step,18|21|missing_step
2059,1,22,26,cross_component_mismatch,22|26|cross_component_mismatch
2060,0,-1,-1,none,
2061,0,-1,-1,none,
2062,0,-1,-1,none,
2063,0,-1,-1,none,
2064,0,-1,-1,none,
2065,1,30,34,timeout_retry,30|34|timeout_retry
2066,0,-1,-1,none,
2067,1,31,36,partial_recovery_loop,31|36|partial_recovery_loop
2068,1,16,18,resource_exhaustion,16|18|resource_exhaustion
2069,1,37,40,timeout_retry,37|40|timeout_retry
2070,0,-1,-1,none,
2071,0,-1,-1,none,
2072,0,-1,-1,none,
2073,1,3,6,cross_component_mismatch,3|6|cross_component_mismatch
2074,1,80,83,resource_exhaustion,80|83|resource_exhaustion
2075,1,6,11,slow_burn_warning,6|11|slow_burn_warning
2076,0,-1,-1,none,
2077,0,-1,-1,none,
2078,1,20,22,parameter_drift,20|22|parameter_drift
2079,0,-1,-1,none,
2080,0,-1,-1,none,
2081,0,-1,-1,none,
2082,0,-1,-1,none,
2083,0,-1,-1,none,
2084,0,-1,-1,none,
2085,1,54,59,state_conflict,54|59|state_conflict
2086,0,-1,-1,none,
2087,0,-1,-1,none,
2088,1,19,23,out_of_order,19|23|out_of_order
2089,1,42,47,cross_component_mismatch,42|47|cross_component_mismatch
2090,0,-1,-1,none,
2091,1,45,50,parameter_drift,45|50|parameter_drift
2092,0,-1,-1,none,
2093,1,21,27,timeout_retry,21|27|timeout_retry
2094,1,8,11,resource_exhaustion,8|11|resource_exhaustion
2095,0,-1,-1,none,
2096,1,10,16,duplicate_event,10|16|duplicate_event
2097,1,8,12,out_of_order,8|12|out_of_order
2098,0,-1,-1,none,
2099,0,-1,-1,none,
2100,1,41,44,missing_step,41|44|missing_step
2101,1,9,14,duplicate_event,9|14|duplicate_event
2102,1,34,39,partial_recovery_loop,34|39|partial_recovery_loop
2103,1,81,87,slow_burn_warning,81|87|slow_burn_warning
2104,0,-1,-1,none,
2105,1,29,34,state_conflict,29|34|state_conflict
2106,0,-1,-1,none,
2107,0,-1,-1,none,
2108,0,-1,-1,none,
2109,1,50,52,missing_step,50|52|missing_step
2110,1,58,61,partial_recovery_loop,58|61|partial_recovery_loop
2111,1,70,75,slow_burn_warning,70|75|slow_burn_warning
2112,1,41,46,cross_component_mismatch,41|46|cross_component_mismatch
2113,1,3,7,missing_step,3|7|missing_step
2114,0,-1,-1,none,
2115,1,29,33,timeout_retry,29|33|timeout_retry
2116,0,-1,-1,none,
2117,1,4,6,parameter_drift,4|6|parameter_drift
2118,1,22,24,cross_component_mismatch,22|24|cross_component_mismatch
2119,1,25,28,duplicate_event,25|28|duplicate_event
2120,0,-1,-1,none,
2121,1,69,73,duplicate_event,69|73|duplicate_event
2122,0,-1,-1,none,
2123,1,56,59,duplicate_event,56|59|duplicate_event
2124,0,-1,-1,none,
2125,0,-1,-1,none,
2126,0,-1,-1,none,
2127,1,11,14,cross_component_mismatch,11|14|cross_component_mismatch
2128,0,-1,-1,none,
2129,0,-1,-1,none,
2130,0,-1,-1,none,
2131,1,41,43,partial_recovery_loop,41|43|partial_recovery_loop
2132,1,41,43,partial_recovery_loop,41|43|partial_recovery_loop
2133,0,-1,-1,none,
2134,1,31,33,parameter_drift,31|33|parameter_drift
2135,0,-1,-1,none,
2136,0,-1,-1,none,
2137,0,-1,-1,none,
2138,0,-1,-1,none,
2139,0,-1,-1,none,
2140,1,12,14,parameter_drift,12|14|parameter_drift
2141,1,43,47,timeout_retry,43|47|timeout_retry
2142,1,15,19,partial_recovery_loop,15|19|partial_recovery_loop
2143,0,-1,-1,none,
2144,1,32,37,partial_recovery_loop,32|37|partial_recovery_loop
2145,1,28,31,timeout_retry,28|31|timeout_retry
2146,1,5,8,missing_step,5|8|missing_step
2147,1,13,16,partial_recovery_loop,13|16|partial_recovery_loop
2148,0,-1,-1,none,
2149,0,-1,-1,none,
2150,1,44,46,duplicate_event,44|46|duplicate_event
2151,0,-1,-1,none,
2152,0,-1,-1,none,
2153,1,77,79,cross_component_mismatch,77|79|cross_component_mismatch
2154,1,47,53,slow_burn_warning,47|53|slow_burn_warning
2155,1,46,48,state_conflict,46|48|state_conflict
2156,0,-1,-1,none,
2157,0,-1,-1,none,
2158,0,-1,-1,none,
2159,1,17,21,cross_component_mismatch,17|21|cross_component_mismatch
2160,1,13,17,state_conflict,13|17|state_conflict
2161,1,16,20,parameter_drift,16|20|parameter_drift
2162,1,10,16,partial_recovery_loop,10|16|partial_recovery_loop
2163,1,3,8,partial_recovery_loop,3|8|partial_recovery_loop
2164,0,-1,-1,none,
2165,0,-1,-1,none,
2166,0,-1,-1,none,
2167,1,37,40,parameter_drift,37|40|parameter_drift
2168,0,-1,-1,none,
2169,0,-1,-1,none,
2170,1,20,23,out_of_order,20|23|out_of_order
2171,1,57,61,missing_step,57|61|missing_step
2172,0,-1,-1,none,
2173,1,16,19,resource_exhaustion,16|19|resource_exhaustion
2174,1,31,34,missing_step,31|34|missing_step
2175,0,-1,-1,none,
2176,1,43,46,cross_component_mismatch,43|46|cross_component_mismatch
2177,1,23,25,timeout_retry,23|25|timeout_retry
2178,1,11,18,timeout_retry,11|18|timeout_retry
2179,0,-1,-1,none,
2180,1,41,46,cross_component_mismatch,41|46|cross_component_mismatch
2181,0,-1,-1,none,
2182,1,50,52,partial_recovery_loop,50|52|partial_recovery_loop
2183,1,55,58,parameter_drift,55|58|parameter_drift
2184,1,9,13,partial_recovery_loop,9|13|partial_recovery_loop
2185,1,11,15,state_conflict,11|15|state_conflict
2186,1,23,29,cross_component_mismatch,23|29|cross_component_mismatch
2187,0,-1,-1,none,
2188,0,-1,-1,none,
2189,1,24,27,state_conflict,24|27|state_conflict
2190,0,-1,-1,none,
2191,0,-1,-1,none,
2192,0,-1,-1,none,
2193,1,16,18,parameter_drift,16|18|parameter_drift
2194,0,-1,-1,none,
2195,1,9,14,parameter_drift,9|14|parameter_drift
2196,1,33,36,duplicate_event,33|36|duplicate_event
2197,0,-1,-1,none,
2198,1,50,52,cross_component_mismatch,50|52|cross_component_mismatch
2199,1,50,52,missing_step,50|52|missing_step
2200,0,-1,-1,none,
2201,0,-1,-1,none,
2202,0,-1,-1,none,
2203,0,-1,-1,none,
2204,1,6,9,missing_step,6|9|missing_step
2205,0,-1,-1,none,
2206,0,-1,-1,none,
2207,0,-1,-1,none,
2208,1,68,72,parameter_drift,68|72|parameter_drift
2209,1,23,29,timeout_retry,23|29|timeout_retry
2210,0,-1,-1,none,
2211,0,-1,-1,none,
2212,0,-1,-1,none,
2213,0,-1,-1,none,
2214,0,-1,-1,none,
2215,1,13,16,slow_burn_warning,13|16|slow_burn_warning
2216,1,47,51,partial_recovery_loop,47|51|partial_recovery_loop
2217,1,28,31,resource_exhaustion,28|31|resource_exhaustion
2218,1,55,60,slow_burn_warning,55|60|slow_burn_warning
2219,0,-1,-1,none,
2220,0,-1,-1,none,
2221,0,-1,-1,none,
2222,0,-1,-1,none,
2223,1,18,20,parameter_drift,18|20|parameter_drift
2224,0,-1,-1,none,
2225,1,11,18,cross_component_mismatch,11|18|cross_component_mismatch
2226,0,-1,-1,none,
2227,1,31,37,partial_recovery_loop,31|37|partial_recovery_loop
2228,0,-1,-1,none,
2229,0,-1,-1,none,
2230,0,-1,-1,none,
2231,0,-1,-1,none,
2232,0,-1,-1,none,
2233,1,52,55,cross_component_mismatch,52|55|cross_component_mismatch
2234,1,23,27,partial_recovery_loop,23|27|partial_recovery_loop
2235,0,-1,-1,none,
2236,0,-1,-1,none,
2237,0,-1,-1,none,
2238,0,-1,-1,none,
2239,1,78,84,partial_recovery_loop,78|84|partial_recovery_loop
2240,1,33,35,parameter_drift,33|35|parameter_drift
2241,1,3,5,missing_step,3|5|missing_step
2242,0,-1,-1,none,
2243,1,23,28,cross_component_mismatch,23|28|cross_component_mismatch
2244,0,-1,-1,none,
2245,0,-1,-1,none,
2246,0,-1,-1,none,
2247,1,16,18,missing_step,16|18|missing_step
2248,1,4,6,partial_recovery_loop,4|6|partial_recovery_loop
2249,1,27,30,cross_component_mismatch,27|30|cross_component_mismatch
2250,0,-1,-1,none,
2251,1,113,117,partial_recovery_loop,113|117|partial_recovery_loop
2252,0,-1,-1,none,
2253,0,-1,-1,none,
2254,0,-1,-1,none,
2255,1,6,11,cross_component_mismatch,6|11|cross_component_mismatch
2256,0,-1,-1,none,
2257,1,25,28,resource_exhaustion,25|28|resource_exhaustion
2258,0,-1,-1,none,
2259,0,-1,-1,none,
2260,0,-1,-1,none,
2261,0,-1,-1,none,
2262,0,-1,-1,none,
2263,1,42,44,missing_step,42|44|missing_step
2264,0,-1,-1,none,
2265,0,-1,-1,none,
2266,1,98,102,resource_exhaustion,98|102|resource_exhaustion
2267,0,-1,-1,none,
2268,1,14,17,out_of_order,14|17|out_of_order
2269,0,-1,-1,none,
2270,0,-1,-1,none,
2271,0,-1,-1,none,
2272,0,-1,-1,none,
2273,1,48,52,timeout_retry,48|52|timeout_retry
2274,1,42,47,partial_recovery_loop,42|47|partial_recovery_loop
2275,1,15,19,missing_step,15|19|missing_step
2276,1,74,78,out_of_order,74|78|out_of_order
2277,1,22,26,timeout_retry,22|26|timeout_retry
2278,0,-1,-1,none,
2279,0,-1,-1,none,
2280,1,10,13,missing_step,10|13|missing_step
2281,0,-1,-1,none,
2282,1,19,22,missing_step,19|22|missing_step
2283,0,-1,-1,none,
2284,1,31,35,partial_recovery_loop,31|35|partial_recovery_loop
2285,1,30,34,timeout_retry,30|34|timeout_retry
2286,0,-1,-1,none,
2287,0,-1,-1,none,
2288,0,-1,-1,none,
2289,0,-1,-1,none,
2290,1,18,24,partial_recovery_loop,18|24|partial_recovery_loop
2291,1,11,14,duplicate_event,11|14|duplicate_event
2292,1,29,31,out_of_order,29|31|out_of_order
2293,1,50,53,timeout_retry,50|53|timeout_retry
2294,0,-1,-1,none,
2295,1,5,10,partial_recovery_loop,5|10|partial_recovery_loop
2296,0,-1,-1,none,
2297,0,-1,-1,none,
2298,0,-1,-1,none,
2299,0,-1,-1,none,
2300,1,55,59,partial_recovery_loop,55|59|partial_recovery_loop
2301,1,31,34,missing_step,31|34|missing_step
2302,1,27,32,partial_recovery_loop,27|32|partial_recovery_loop
2303,1,4,7,cross_component_mismatch,4|7|cross_component_mismatch
2304,1,45,50,timeout_retry,45|50|timeout_retry
2305,0,-1,-1,none,
2306,0,-1,-1,none,
2307,0,-1,-1,none,
2308,0,-1,-1,none,
2309,1,59,62,out_of_order,59|62|out_of_order
2310,1,48,53,parameter_drift,48|53|parameter_drift
2311,1,53,57,partial_recovery_loop,53|57|partial_recovery_loop
2312,0,-1,-1,none,
2313,0,-1,-1,none,
2314,1,79,81,partial_recovery_loop,79|81|partial_recovery_loop
2315,0,-1,-1,none,
2316,0,-1,-1,none,
2317,1,59,62,missing_step,59|62|missing_step
2318,0,-1,-1,none,
2319,0,-1,-1,none,
2320,0,-1,-1,none,
2321,1,21,26,timeout_retry,21|26|timeout_retry
2322,1,30,32,resource_exhaustion,30|32|resource_exhaustion
2323,0,-1,-1,none,
2324,0,-1,-1,none,
2325,0,-1,-1,none,
2326,1,32,38,resource_exhaustion,32|38|resource_exhaustion
2327,1,133,136,cross_component_mismatch,133|136|cross_component_mismatch
2328,0,-1,-1,none,
2329,1,22,26,cross_component_mismatch,22|26|cross_component_mismatch
2330,1,11,16,timeout_retry,11|16|timeout_retry
2331,1,47,49,partial_recovery_loop,47|49|partial_recovery_loop
2332,1,94,97,duplicate_event,94|97|duplicate_event
2333,0,-1,-1,none,
2334,0,-1,-1,none,
2335,0,-1,-1,none,
2336,1,47,51,partial_recovery_loop,47|51|partial_recovery_loop
2337,1,45,50,parameter_drift,45|50|parameter_drift
2338,0,-1,-1,none,
2339,1,63,69,timeout_retry,63|69|timeout_retry
2340,0,-1,-1,none,
2341,0,-1,-1,none,
2342,0,-1,-1,none,
2343,0,-1,-1,none,
2344,0,-1,-1,none,
2345,0,-1,-1,none,
2346,0,-1,-1,none,
2347,1,19,23,resource_exhaustion,19|23|resource_exhaustion
2348,1,13,17,state_conflict,13|17|state_conflict
2349,1,15,17,slow_burn_warning,15|17|slow_burn_warning
2350,1,27,33,partial_recovery_loop,27|33|partial_recovery_loop
2351,0,-1,-1,none,
2352,0,-1,-1,none,
2353,1,8,12,state_conflict,8|12|state_conflict
2354,0,-1,-1,none,
2355,0,-1,-1,none,
2356,1,2,5,cross_component_mismatch,2|5|cross_component_mismatch
2357,0,-1,-1,none,
2358,1,24,28,partial_recovery_loop,24|28|partial_recovery_loop
2359,0,-1,-1,none,
2360,0,-1,-1,none,
2361,1,39,43,parameter_drift,39|43|parameter_drift
2362,1,63,68,slow_burn_warning,63|68|slow_burn_warning
2363,1,68,71,cross_component_mismatch,68|71|cross_component_mismatch
2364,0,-1,-1,none,
2365,0,-1,-1,none,
2366,0,-1,-1,none,
2367,0,-1,-1,none,
2368,1,5,8,state_conflict,5|8|state_conflict
2369,1,59,61,timeout_retry,59|61|timeout_retry
2370,0,-1,-1,none,
2371,1,5,11,partial_recovery_loop,5|11|partial_recovery_loop
2372,0,-1,-1,none,
2373,0,-1,-1,none,
2374,1,120,123,state_conflict,120|123|state_conflict
2375,1,82,86,partial_recovery_loop,82|86|partial_recovery_loop
2376,1,54,61,duplicate_event,54|61|duplicate_event
2377,1,30,35,slow_burn_warning,30|35|slow_burn_warning
2378,0,-1,-1,none,
2379,1,66,69,partial_recovery_loop,66|69|partial_recovery_loop
2380,1,32,37,cross_component_mismatch,32|37|cross_component_mismatch
2381,1,32,37,state_conflict,32|37|state_conflict
2382,1,9,17,timeout_retry,9|17|timeout_retry
2383,0,-1,-1,none,
2384,0,-1,-1,none,
2385,1,47,50,cross_component_mismatch,47|50|cross_component_mismatch
2386,1,50,53,out_of_order,50|53|out_of_order
2387,1,16,19,resource_exhaustion,16|19|resource_exhaustion
2388,0,-1,-1,none,
2389,1,35,37,missing_step,35|37|missing_step
2390,1,69,74,timeout_retry,69|74|timeout_retry
2391,1,42,46,cross_component_mismatch,42|46|cross_component_mismatch
2392,1,12,16,partial_recovery_loop,12|16|partial_recovery_loop
2393,0,-1,-1,none,
2394,0,-1,-1,none,
2395,0,-1,-1,none,
2396,1,45,49,partial_recovery_loop,45|49|partial_recovery_loop
2397,1,19,23,partial_recovery_loop,19|23|partial_recovery_loop
2398,1,33,40,duplicate_event,33|40|duplicate_event
2399,1,23,27,resource_exhaustion,23|27|resource_exhaustion
2400,1,6,10,cross_component_mismatch,6|10|cross_component_mismatch
2401,1,6,11,timeout_retry,6|11|timeout_retry
2402,0,-1,-1,none,
2403,1,59,62,duplicate_event,59|62|duplicate_event
2404,0,-1,-1,none,
2405,1,61,63,slow_burn_warning,61|63|slow_burn_warning
2406,0,-1,-1,none,
2407,1,14,21,timeout_retry,14|21|timeout_retry
2408,1,54,57,out_of_order,54|57|out_of_order
2409,1,63,72,timeout_retry,63|72|timeout_retry
2410,0,-1,-1,none,
2411,0,-1,-1,none,
2412,0,-1,-1,none,
2413,0,-1,-1,none,
2414,1,7,10,missing_step,7|10|missing_step
2415,0,-1,-1,none,
2416,1,24,27,resource_exhaustion,24|27|resource_exhaustion
2417,1,33,36,parameter_drift,33|36|parameter_drift
2418,1,11,14,missing_step,11|14|missing_step
2419,0,-1,-1,none,
2420,1,43,48,slow_burn_warning,43|48|slow_burn_warning
2421,0,-1,-1,none,
2422,0,-1,-1,none,
2423,1,8,12,parameter_drift,8|12|parameter_drift
2424,1,29,32,cross_component_mismatch,29|32|cross_component_mismatch
2425,1,34,37,parameter_drift,34|37|parameter_drift
2426,0,-1,-1,none,
2427,0,-1,-1,none,
2428,1,16,19,timeout_retry,16|19|timeout_retry
2429,0,-1,-1,none,
2430,0,-1,-1,none,
2431,1,27,33,partial_recovery_loop,27|33|partial_recovery_loop
2432,1,51,57,slow_burn_warning,51|57|slow_burn_warning
2433,0,-1,-1,none,
2434,1,15,17,state_conflict,15|17|state_conflict
2435,1,48,52,resource_exhaustion,48|52|resource_exhaustion
2436,1,32,38,partial_recovery_loop,32|38|partial_recovery_loop
2437,0,-1,-1,none,
2438,0,-1,-1,none,
2439,1,8,12,partial_recovery_loop,8|12|partial_recovery_loop
2440,1,54,58,partial_recovery_loop,54|58|partial_recovery_loop
2441,0,-1,-1,none,
2442,1,94,97,state_conflict,94|97|state_conflict
2443,0,-1,-1,none,
2444,1,15,18,cross_component_mismatch,15|18|cross_component_mismatch
2445,1,24,30,partial_recovery_loop,24|30|partial_recovery_loop
2446,0,-1,-1,none,
2447,1,6,15,slow_burn_warning,6|15|slow_burn_warning
2448,1,13,17,cross_component_mismatch,13|17|cross_component_mismatch
2449,1,119,123,out_of_order,119|123|out_of_order
2450,1,124,130,resource_exhaustion,124|130|resource_exhaustion
2451,0,-1,-1,none,
2452,1,20,24,timeout_retry,20|24|timeout_retry
2453,0,-1,-1,none,
2454,0,-1,-1,none,
2455,0,-1,-1,none,
2456,0,-1,-1,none,
2457,1,25,28,resource_exhaustion,25|28|resource_exhaustion
2458,0,-1,-1,none,
2459,1,49,51,timeout_retry,49|51|timeout_retry
2460,1,60,63,resource_exhaustion,60|63|resource_exhaustion
2461,0,-1,-1,none,
2462,0,-1,-1,none,
2463,0,-1,-1,none,
2464,0,-1,-1,none,
2465,1,61,64,state_conflict,61|64|state_conflict
2466,0,-1,-1,none,
2467,1,142,151,cross_component_mismatch,142|151|cross_component_mismatch
2468,1,11,14,partial_recovery_loop,11|14|partial_recovery_loop
2469,1,12,17,partial_recovery_loop,12|17|partial_recovery_loop
2470,0,-1,-1,none,
2471,0,-1,-1,none,
2472,1,19,24,timeout_retry,19|24|timeout_retry
2473,0,-1,-1,none,
2474,0,-1,-1,none,
2475,1,163,165,missing_step,163|165|missing_step
2476,1,19,24,state_conflict,19|24|state_conflict
2477,1,43,47,partial_recovery_loop,43|47|partial_recovery_loop
2478,1,29,35,partial_recovery_loop,29|35|partial_recovery_loop
2479,0,-1,-1,none,
2480,0,-1,-1,none,
2481,0,-1,-1,none,
2482,1,43,46,partial_recovery_loop,43|46|partial_recovery_loop
2483,1,2,5,out_of_order,2|5|out_of_order
2484,0,-1,-1,none,
2485,0,-1,-1,none,
2486,1,61,64,state_conflict,61|64|state_conflict
2487,0,-1,-1,none,
2488,1,28,32,cross_component_mismatch,28|32|cross_component_mismatch
2489,0,-1,-1,none,
2490,0,-1,-1,none,
2491,0,-1,-1,none,
2492,0,-1,-1,none,
2493,0,-1,-1,none,
2494,1,9,12,missing_step,9|12|missing_step
2495,0,-1,-1,none,
2496,1,6,9,cross_component_mismatch,6|9|cross_component_mismatch
2497,1,8,10,duplicate_event,8|10|duplicate_event
2498,0,-1,-1,none,
2499,0,-1,-1,none,
2500,1,28,31,state_conflict,28|31|state_conflict
2501,1,60,63,partial_recovery_loop,60|63|partial_recovery_loop
2502,1,14,16,out_of_order,14|16|out_of_order
2503,1,88,92,partial_recovery_loop,88|92|partial_recovery_loop
2504,1,56,58,missing_step,56|58|missing_step
2505,0,-1,-1,none,
2506,1,9,14,cross_component_mismatch,9|14|cross_component_mismatch
2507,0,-1,-1,none,
2508,1,55,58,partial_recovery_loop,55|58|partial_recovery_loop
2509,1,15,20,timeout_retry,15|20|timeout_retry
2510,1,33,40,slow_burn_warning,33|40|slow_burn_warning
2511,0,-1,-1,none,
2512,1,16,18,out_of_order,16|18|out_of_order
2513,1,3,6,timeout_retry,3|6|timeout_retry
2514,1,25,29,cross_component_mismatch,25|29|cross_component_mismatch
2515,0,-1,-1,none,
2516,0,-1,-1,none,
2517,1,12,17,cross_component_mismatch,12|17|cross_component_mismatch
2518,0,-1,-1,none,
2519,1,38,42,slow_burn_warning,38|42|slow_burn_warning
2520,1,62,68,timeout_retry,62|68|timeout_retry
2521,1,45,50,resource_exhaustion,45|50|resource_exhaustion
2522,0,-1,-1,none,
2523,0,-1,-1,none,
2524,0,-1,-1,none,
2525,0,-1,-1,none,
2526,0,-1,-1,none,
2527,1,7,11,partial_recovery_loop,7|11|partial_recovery_loop
2528,1,14,19,cross_component_mismatch,14|19|cross_component_mismatch
2529,1,137,142,partial_recovery_loop,137|142|partial_recovery_loop
2530,0,-1,-1,none,
2531,0,-1,-1,none,
2532,0,-1,-1,none,
2533,0,-1,-1,none,
2534,0,-1,-1,none,
2535,1,13,18,state_conflict,13|18|state_conflict
2536,1,16,20,out_of_order,16|20|out_of_order
2537,0,-1,-1,none,
2538,0,-1,-1,none,
2539,0,-1,-1,none,
2540,1,4,6,parameter_drift,4|6|parameter_drift
2541,1,22,28,partial_recovery_loop,22|28|partial_recovery_loop
2542,1,10,16,resource_exhaustion,10|16|resource_exhaustion
2543,1,33,38,partial_recovery_loop,33|38|partial_recovery_loop
2544,0,-1,-1,none,
2545,1,24,29,slow_burn_warning,24|29|slow_burn_warning
2546,0,-1,-1,none,
2547,1,22,24,state_conflict,22|24|state_conflict
2548,0,-1,-1,none,
2549,0,-1,-1,none,
2550,1,84,89,partial_recovery_loop,84|89|partial_recovery_loop
2551,1,23,29,slow_burn_warning,23|29|slow_burn_warning
2552,1,48,53,timeout_retry,48|53|timeout_retry
2553,0,-1,-1,none,
2554,0,-1,-1,none,
2555,0,-1,-1,none,
2556,1,13,15,timeout_retry,13|15|timeout_retry
2557,0,-1,-1,none,
2558,1,19,25,resource_exhaustion,19|25|resource_exhaustion
2559,0,-1,-1,none,
2560,0,-1,-1,none,
2561,1,16,21,parameter_drift,16|21|parameter_drift
2562,0,-1,-1,none,
2563,1,42,45,cross_component_mismatch,42|45|cross_component_mismatch
2564,0,-1,-1,none,
2565,1,48,51,missing_step,48|51|missing_step
2566,1,3,5,parameter_drift,3|5|parameter_drift
2567,0,-1,-1,none,
2568,1,22,26,cross_component_mismatch,22|26|cross_component_mismatch
2569,1,16,19,cross_component_mismatch,16|19|cross_component_mismatch
2570,0,-1,-1,none,
2571,0,-1,-1,none,
2572,1,22,24,cross_component_mismatch,22|24|cross_component_mismatch
2573,1,125,128,timeout_retry,125|128|timeout_retry
2574,1,34,39,slow_burn_warning,34|39|slow_burn_warning
2575,1,14,18,resource_exhaustion,14|18|resource_exhaustion
2576,1,69,71,state_conflict,69|71|state_conflict
2577,1,118,122,partial_recovery_loop,118|122|partial_recovery_loop
2578,1,65,69,cross_component_mismatch,65|69|cross_component_mismatch
2579,0,-1,-1,none,
2580,0,-1,-1,none,
2581,1,2,8,partial_recovery_loop,2|8|partial_recovery_loop
2582,1,4,7,cross_component_mismatch,4|7|cross_component_mismatch
2583,1,97,101,parameter_drift,97|101|parameter_drift
2584,0,-1,-1,none,
2585,1,36,42,partial_recovery_loop,36|42|partial_recovery_loop
2586,1,19,23,partial_recovery_loop,19|23|partial_recovery_loop
2587,1,76,78,out_of_order,76|78|out_of_order
2588,1,9,13,cross_component_mismatch,9|13|cross_component_mismatch
2589,0,-1,-1,none,
2590,0,-1,-1,none,
2591,1,18,21,slow_burn_warning,18|21|slow_burn_warning
2592,1,31,37,timeout_retry,31|37|timeout_retry
2593,0,-1,-1,none,
2594,0,-1,-1,none,
2595,0,-1,-1,none,
2596,0,-1,-1,none,
2597,0,-1,-1,none,
2598,1,52,56,cross_component_mismatch,52|56|cross_component_mismatch
2599,0,-1,-1,none,
2600,1,8,11,resource_exhaustion,8|11|resource_exhaustion
2601,1,2,7,parameter_drift,2|7|parameter_drift
2602,0,-1,-1,none,
2603,0,-1,-1,none,
2604,1,10,13,out_of_order,10|13|out_of_order
2605,1,60,63,missing_step,60|63|missing_step
2606,1,55,58,state_conflict,55|58|state_conflict
2607,1,22,25,duplicate_event,22|25|duplicate_event
2608,0,-1,-1,none,
2609,1,114,118,timeout_retry,114|118|timeout_retry
2610,1,22,27,cross_component_mismatch,22|27|cross_component_mismatch
2611,0,-1,-1,none,
2612,1,9,14,partial_recovery_loop,9|14|partial_recovery_loop
2613,0,-1,-1,none,
2614,0,-1,-1,none,
2615,1,11,15,out_of_order,11|15|out_of_order
2616,1,87,90,timeout_retry,87|90|timeout_retry
2617,1,40,46,duplicate_event,40|46|duplicate_event
2618,1,29,33,partial_recovery_loop,29|33|partial_recovery_loop
2619,1,18,21,missing_step,18|21|missing_step
2620,0,-1,-1,none,
2621,1,57,60,resource_exhaustion,57|60|resource_exhaustion
2622,0,-1,-1,none,
2623,0,-1,-1,none,
2624,0,-1,-1,none,
2625,0,-1,-1,none,
2626,1,9,13,missing_step,9|13|missing_step
2627,1,20,22,parameter_drift,20|22|parameter_drift
2628,1,40,46,cross_component_mismatch,40|46|cross_component_mismatch
2629,1,30,33,cross_component_mismatch,30|33|cross_component_mismatch
2630,0,-1,-1,none,
2631,0,-1,-1,none,
2632,1,4,7,resource_exhaustion,4|7|resource_exhaustion
2633,0,-1,-1,none,
2634,1,48,50,cross_component_mismatch,48|50|cross_component_mismatch
2635,1,135,140,partial_recovery_loop,135|140|partial_recovery_loop
2636,1,25,28,out_of_order,25|28|out_of_order
2637,1,6,9,timeout_retry,6|9|timeout_retry
2638,1,13,17,partial_recovery_loop,13|17|partial_recovery_loop
2639,0,-1,-1,none,
2640,0,-1,-1,none,
2641,1,40,44,cross_component_mismatch,40|44|cross_component_mismatch
2642,0,-1,-1,none,
2643,1,54,57,missing_step,54|57|missing_step
2644,1,65,70,partial_recovery_loop,65|70|partial_recovery_loop
2645,1,7,9,slow_burn_warning,7|9|slow_burn_warning
2646,1,50,52,timeout_retry,50|52|timeout_retry
2647,0,-1,-1,none,
2648,0,-1,-1,none,
2649,1,19,22,slow_burn_warning,19|22|slow_burn_warning
2650,1,27,31,resource_exhaustion,27|31|resource_exhaustion
2651,1,12,14,out_of_order,12|14|out_of_order
2652,1,47,49,missing_step,47|49|missing_step
2653,1,16,22,resource_exhaustion,16|22|resource_exhaustion
2654,1,8,12,cross_component_mismatch,8|12|cross_component_mismatch
2655,0,-1,-1,none,
2656,0,-1,-1,none,
2657,0,-1,-1,none,
2658,1,17,21,missing_step,17|21|missing_step
2659,0,-1,-1,none,
2660,1,94,98,state_conflict,94|98|state_conflict
2661,1,30,33,out_of_order,30|33|out_of_order
2662,1,53,55,missing_step,53|55|missing_step
2663,1,55,59,partial_recovery_loop,55|59|partial_recovery_loop
2664,1,21,26,duplicate_event,21|26|duplicate_event
2665,0,-1,-1,none,
2666,1,14,17,out_of_order,14|17|out_of_order
2667,1,22,25,missing_step,22|25|missing_step
2668,1,25,30,partial_recovery_loop,25|30|partial_recovery_loop
2669,0,-1,-1,none,
2670,1,23,27,timeout_retry,23|27|timeout_retry
2671,0,-1,-1,none,
2672,1,30,32,missing_step,30|32|missing_step
2673,0,-1,-1,none,
2674,1,99,104,slow_burn_warning,99|104|slow_burn_warning
2675,1,15,20,duplicate_event,15|20|duplicate_event
2676,1,17,20,parameter_drift,17|20|parameter_drift
2677,0,-1,-1,none,
2678,1,4,9,duplicate_event,4|9|duplicate_event
2679,1,140,144,partial_recovery_loop,140|144|partial_recovery_loop
2680,1,3,7,parameter_drift,3|7|parameter_drift
2681,1,23,25,duplicate_event,23|25|duplicate_event
2682,0,-1,-1,none,
2683,1,30,32,out_of_order,30|32|out_of_order
2684,0,-1,-1,none,
2685,0,-1,-1,none,
2686,1,49,54,resource_exhaustion,49|54|resource_exhaustion
2687,1,55,59,partial_recovery_loop,55|59|partial_recovery_loop
2688,0,-1,-1,none,
2689,1,25,29,partial_recovery_loop,25|29|partial_recovery_loop
2690,1,14,17,timeout_retry,14|17|timeout_retry
2691,1,8,11,missing_step,8|11|missing_step
2692,0,-1,-1,none,
2693,1,42,48,slow_burn_warning,42|48|slow_burn_warning
2694,1,15,18,out_of_order,15|18|out_of_order
2695,1,133,138,partial_recovery_loop,133|138|partial_recovery_loop
2696,0,-1,-1,none,
2697,0,-1,-1,none,
2698,1,41,44,parameter_drift,41|44|parameter_drift
2699,1,5,9,resource_exhaustion,5|9|resource_exhaustion
2700,0,-1,-1,none,
2701,0,-1,-1,none,
2702,0,-1,-1,none,
2703,0,-1,-1,none,
2704,1,51,56,cross_component_mismatch,51|56|cross_component_mismatch
2705,1,43,45,partial_recovery_loop,43|45|partial_recovery_loop
2706,1,71,76,slow_burn_warning,71|76|slow_burn_warning
2707,1,21,26,partial_recovery_loop,21|26|partial_recovery_loop
2708,1,12,15,cross_component_mismatch,12|15|cross_component_mismatch
2709,0,-1,-1,none,
2710,0,-1,-1,none,
2711,1,76,83,slow_burn_warning,76|83|slow_burn_warning
2712,1,3,5,resource_exhaustion,3|5|resource_exhaustion
2713,0,-1,-1,none,
2714,1,36,38,partial_recovery_loop,36|38|partial_recovery_loop
2715,1,79,82,resource_exhaustion,79|82|resource_exhaustion
2716,1,7,12,partial_recovery_loop,7|12|partial_recovery_loop
2717,0,-1,-1,none,
2718,1,16,19,parameter_drift,16|19|parameter_drift
2719,1,8,11,slow_burn_warning,8|11|slow_burn_warning
2720,0,-1,-1,none,
2721,0,-1,-1,none,
2722,0,-1,-1,none,
2723,1,141,145,out_of_order,141|145|out_of_order
2724,1,41,44,parameter_drift,41|44|parameter_drift
2725,1,3,8,cross_component_mismatch,3|8|cross_component_mismatch
2726,1,35,39,missing_step,35|39|missing_step
2727,1,32,36,timeout_retry,32|36|timeout_retry
2728,1,44,49,timeout_retry,44|49|timeout_retry
2729,1,7,11,missing_step,7|11|missing_step
2730,0,-1,-1,none,
2731,1,26,29,missing_step,26|29|missing_step
2732,1,22,26,out_of_order,22|26|out_of_order
2733,1,99,103,cross_component_mismatch,99|103|cross_component_mismatch
2734,0,-1,-1,none,
2735,0,-1,-1,none,
2736,1,34,38,timeout_retry,34|38|timeout_retry
2737,1,27,31,partial_recovery_loop,27|31|partial_recovery_loop
2738,0,-1,-1,none,
2739,0,-1,-1,none,
2740,1,14,16,cross_component_mismatch,14|16|cross_component_mismatch
2741,0,-1,-1,none,
2742,0,-1,-1,none,
2743,1,14,18,partial_recovery_loop,14|18|partial_recovery_loop
2744,1,39,43,duplicate_event,39|43|duplicate_event
2745,0,-1,-1,none,
2746,1,16,19,state_conflict,16|19|state_conflict
2747,0,-1,-1,none,
2748,0,-1,-1,none,
2749,1,93,96,out_of_order,93|96|out_of_order
2750,1,151,154,resource_exhaustion,151|154|resource_exhaustion
2751,1,32,35,missing_step,32|35|missing_step
2752,1,26,31,cross_component_mismatch,26|31|cross_component_mismatch
2753,0,-1,-1,none,
2754,1,13,20,timeout_retry,13|20|timeout_retry
2755,0,-1,-1,none,
2756,1,13,18,slow_burn_warning,13|18|slow_burn_warning
2757,0,-1,-1,none,
2758,0,-1,-1,none,
2759,1,29,31,missing_step,29|31|missing_step
2760,1,77,79,out_of_order,77|79|out_of_order
2761,1,45,50,partial_recovery_loop,45|50|partial_recovery_loop
2762,1,34,36,duplicate_event,34|36|duplicate_event
2763,0,-1,-1,none,
2764,1,25,31,partial_recovery_loop,25|31|partial_recovery_loop
2765,0,-1,-1,none,
2766,0,-1,-1,none,
2767,0,-1,-1,none,
2768,0,-1,-1,none,
2769,1,20,22,missing_step,20|22|missing_step
2770,1,46,49,state_conflict,46|49|state_conflict
2771,1,17,20,resource_exhaustion,17|20|resource_exhaustion
2772,0,-1,-1,none,
2773,0,-1,-1,none,
2774,0,-1,-1,none,
2775,0,-1,-1,none,
2776,1,54,58,missing_step,54|58|missing_step
2777,0,-1,-1,none,
2778,0,-1,-1,none,
2779,0,-1,-1,none,
2780,0,-1,-1,none,
2781,0,-1,-1,none,
2782,1,41,43,out_of_order,41|43|out_of_order
2783,1,32,36,parameter_drift,32|36|parameter_drift
2784,1,78,83,cross_component_mismatch,78|83|cross_component_mismatch
2785,0,-1,-1,none,
2786,0,-1,-1,none,
2787,1,47,52,timeout_retry,47|52|timeout_retry
2788,0,-1,-1,none,
2789,0,-1,-1,none,
2790,0,-1,-1,none,
2791,1,19,22,cross_component_mismatch,19|22|cross_component_mismatch
2792,1,144,147,cross_component_mismatch,144|147|cross_component_mismatch
2793,0,-1,-1,none,
2794,1,30,35,timeout_retry,30|35|timeout_retry
2795,0,-1,-1,none,
2796,0,-1,-1,none,
2797,0,-1,-1,none,
2798,0,-1,-1,none,
2799,0,-1,-1,none,
2800,0,-1,-1,none,
2801,1,67,69,slow_burn_warning,67|69|slow_burn_warning
2802,1,27,32,duplicate_event,27|32|duplicate_event
2803,1,40,42,resource_exhaustion,40|42|resource_exhaustion
2804,1,30,34,slow_burn_warning,30|34|slow_burn_warning
2805,0,-1,-1,none,
2806,1,19,23,parameter_drift,19|23|parameter_drift
2807,1,19,22,cross_component_mismatch,19|22|cross_component_mismatch
2808,1,27,31,missing_step,27|31|missing_step
2809,0,-1,-1,none,
2810,1,68,73,partial_recovery_loop,68|73|partial_recovery_loop
2811,1,8,10,cross_component_mismatch,8|10|cross_component_mismatch
2812,1,59,61,timeout_retry,59|61|timeout_retry
2813,1,41,44,slow_burn_warning,41|44|slow_burn_warning
2814,1,47,53,timeout_retry,47|53|timeout_retry
2815,0,-1,-1,none,
2816,1,8,10,out_of_order,8|10|out_of_order
2817,1,129,131,cross_component_mismatch,129|131|cross_component_mismatch
2818,1,7,10,timeout_retry,7|10|timeout_retry
2819,0,-1,-1,none,
2820,1,43,45,missing_step,43|45|missing_step
2821,1,163,165,out_of_order,163|165|out_of_order
2822,1,7,10,out_of_order,7|10|out_of_order
2823,0,-1,-1,none,
2824,1,69,72,timeout_retry,69|72|timeout_retry
2825,0,-1,-1,none,
2826,0,-1,-1,none,
2827,0,-1,-1,none,
2828,1,39,41,missing_step,39|41|missing_step
2829,0,-1,-1,none,
2830,1,14,18,partial_recovery_loop,14|18|partial_recovery_loop
2831,0,-1,-1,none,
2832,0,-1,-1,none,
2833,0,-1,-1,none,
2834,0,-1,-1,none,
2835,0,-1,-1,none,
2836,0,-1,-1,none,
2837,0,-1,-1,none,
2838,0,-1,-1,none,
2839,1,76,79,timeout_retry,76|79|timeout_retry
2840,1,5,8,timeout_retry,5|8|timeout_retry
2841,0,-1,-1,none,
2842,0,-1,-1,none,
2843,0,-1,-1,none,
2844,1,50,56,resource_exhaustion,50|56|resource_exhaustion
2845,1,3,6,out_of_order,3|6|out_of_order
2846,1,36,40,cross_component_mismatch,36|40|cross_component_mismatch
2847,1,7,12,duplicate_event,7|12|duplicate_event
2848,1,18,22,parameter_drift,18|22|parameter_drift
2849,1,24,30,resource_exhaustion,24|30|resource_exhaustion
2850,1,35,40,timeout_retry,35|40|timeout_retry
2851,0,-1,-1,none,
2852,1,133,136,parameter_drift,133|136|parameter_drift
2853,1,19,22,partial_recovery_loop,19|22|partial_recovery_loop
2854,0,-1,-1,none,
2855,1,32,35,missing_step,32|35|missing_step
2856,1,37,43,timeout_retry,37|43|timeout_retry
2857,0,-1,-1,none,
2858,1,45,50,partial_recovery_loop,45|50|partial_recovery_loop
2859,0,-1,-1,none,
2860,1,28,31,resource_exhaustion,28|31|resource_exhaustion
2861,1,44,46,resource_exhaustion,44|46|resource_exhaustion
2862,1,33,36,state_conflict,33|36|state_conflict
2863,0,-1,-1,none,
2864,1,28,32,parameter_drift,28|32|parameter_drift
2865,1,10,14,out_of_order,10|14|out_of_order
2866,1,14,16,missing_step,14|16|missing_step
2867,0,-1,-1,none,
2868,1,88,91,state_conflict,88|91|state_conflict
2869,0,-1,-1,none,
2870,1,47,52,partial_recovery_loop,47|52|partial_recovery_loop
2871,0,-1,-1,none,
2872,0,-1,-1,none,
2873,1,8,12,missing_step,8|12|missing_step
2874,0,-1,-1,none,
2875,1,62,65,parameter_drift,62|65|parameter_drift
2876,1,56,59,state_conflict,56|59|state_conflict
2877,1,101,103,duplicate_event,101|103|duplicate_event
2878,1,40,42,slow_burn_warning,40|42|slow_burn_warning
2879,0,-1,-1,none,
2880,0,-1,-1,none,
2881,0,-1,-1,none,
2882,0,-1,-1,none,
2883,0,-1,-1,none,
2884,1,114,117,timeout_retry,114|117|timeout_retry
2885,1,18,23,cross_component_mismatch,18|23|cross_component_mismatch
2886,1,16,18,cross_component_mismatch,16|18|cross_component_mismatch
2887,0,-1,-1,none,
2888,0,-1,-1,none,
2889,1,73,76,resource_exhaustion,73|76|resource_exhaustion
2890,0,-1,-1,none,
2891,0,-1,-1,none,
2892,1,15,19,parameter_drift,15|19|parameter_drift
2893,1,31,34,slow_burn_warning,31|34|slow_burn_warning
2894,1,34,36,duplicate_event,34|36|duplicate_event
2895,1,27,30,resource_exhaustion,27|30|resource_exhaustion
2896,0,-1,-1,none,
2897,0,-1,-1,none,
2898,1,3,10,slow_burn_warning,3|10|slow_burn_warning
2899,1,23,26,missing_step,23|26|missing_step
2900,1,43,47,resource_exhaustion,43|47|resource_exhaustion
2901,1,39,42,parameter_drift,39|42|parameter_drift
2902,1,10,14,duplicate_event,10|14|duplicate_event
2903,1,45,49,state_conflict,45|49|state_conflict
2904,1,46,50,resource_exhaustion,46|50|resource_exhaustion
2905,1,11,16,cross_component_mismatch,11|16|cross_component_mismatch
2906,0,-1,-1,none,
2907,0,-1,-1,none,
2908,0,-1,-1,none,
2909,1,14,19,resource_exhaustion,14|19|resource_exhaustion
2910,0,-1,-1,none,
2911,1,6,10,slow_burn_warning,6|10|slow_burn_warning
2912,0,-1,-1,none,
2913,1,25,30,timeout_retry,25|30|timeout_retry
2914,0,-1,-1,none,
2915,0,-1,-1,none,
2916,0,-1,-1,none,
2917,0,-1,-1,none,
2918,1,45,49,out_of_order,45|49|out_of_order
2919,0,-1,-1,none,
2920,1,21,26,timeout_retry,21|26|timeout_retry
2921,1,23,26,resource_exhaustion,23|26|resource_exhaustion
2922,1,10,12,parameter_drift,10|12|parameter_drift
2923,1,11,15,parameter_drift,11|15|parameter_drift
2924,0,-1,-1,none,
2925,0,-1,-1,none,
2926,0,-1,-1,none,
2927,1,31,35,partial_recovery_loop,31|35|partial_recovery_loop
2928,1,107,109,missing_step,107|109|missing_step
2929,0,-1,-1,none,
2930,1,3,8,parameter_drift,3|8|parameter_drift
2931,1,36,39,parameter_drift,36|39|parameter_drift
2932,0,-1,-1,none,
2933,1,50,52,resource_exhaustion,50|52|resource_exhaustion
2934,1,93,97,cross_component_mismatch,93|97|cross_component_mismatch
2935,0,-1,-1,none,
2936,0,-1,-1,none,
2937,1,29,33,cross_component_mismatch,29|33|cross_component_mismatch
2938,1,25,29,timeout_retry,25|29|timeout_retry
2939,1,4,8,parameter_drift,4|8|parameter_drift
2940,0,-1,-1,none,
2941,0,-1,-1,none,
2942,1,66,69,timeout_retry,66|69|timeout_retry
2943,1,7,10,timeout_retry,7|10|timeout_retry
2944,1,54,58,cross_component_mismatch,54|58|cross_component_mismatch
2945,1,29,33,out_of_order,29|33|out_of_order
2946,1,6,9,slow_burn_warning,6|9|slow_burn_warning
2947,1,2,5,missing_step,2|5|missing_step
2948,1,101,105,cross_component_mismatch,101|105|cross_component_mismatch
2949,1,11,15,parameter_drift,11|15|parameter_drift
2950,0,-1,-1,none,
2951,0,-1,-1,none,
2952,1,58,61,cross_component_mismatch,58|61|cross_component_mismatch
2953,0,-1,-1,none,
2954,0,-1,-1,none,
2955,1,74,79,timeout_retry,74|79|timeout_retry
2956,0,-1,-1,none,
2957,1,17,21,cross_component_mismatch,17|21|cross_component_mismatch
2958,0,-1,-1,none,
2959,0,-1,-1,none,
2960,1,125,128,duplicate_event,125|128|duplicate_event
2961,0,-1,-1,none,
2962,1,35,41,timeout_retry,35|41|timeout_retry
2963,1,37,41,timeout_retry,37|41|timeout_retry
2964,1,30,36,partial_recovery_loop,30|36|partial_recovery_loop
2965,0,-1,-1,none,
2966,0,-1,-1,none,
2967,0,-1,-1,none,
2968,0,-1,-1,none,
2969,0,-1,-1,none,
2970,1,150,154,out_of_order,150|154|out_of_order
2971,1,23,26,slow_burn_warning,23|26|slow_burn_warning
2972,0,-1,-1,none,
2973,1,17,21,resource_exhaustion,17|21|resource_exhaustion
2974,1,87,93,slow_burn_warning,87|93|slow_burn_warning
2975,1,49,52,state_conflict,49|52|state_conflict
2976,1,71,75,resource_exhaustion,71|75|resource_exhaustion
2977,0,-1,-1,none,
2978,1,18,23,partial_recovery_loop,18|23|partial_recovery_loop
2979,1,19,21,partial_recovery_loop,19|21|partial_recovery_loop
2980,1,31,35,partial_recovery_loop,31|35|partial_recovery_loop
2981,1,14,18,slow_burn_warning,14|18|slow_burn_warning
2982,1,19,21,out_of_order,19|21|out_of_order
2983,1,43,47,cross_component_mismatch,43|47|cross_component_mismatch
2984,1,76,82,timeout_retry,76|82|timeout_retry
2985,1,51,53,timeout_retry,51|53|timeout_retry
2986,0,-1,-1,none,
2987,0,-1,-1,none,
2988,0,-1,-1,none,
2989,1,11,15,parameter_drift,11|15|parameter_drift
2990,0,-1,-1,none,
2991,0,-1,-1,none,
2992,1,60,63,state_conflict,60|63|state_conflict
2993,0,-1,-1,none,
2994,0,-1,-1,none,
2995,0,-1,-1,none,
2996,0,-1,-1,none,
2997,0,-1,-1,none,
2998,1,33,35,missing_step,33|35|missing_step
2999,1,62,66,missing_step,62|66|missing_step
3000,1,10,15,timeout_retry,10|15|timeout_retry
3001,1,26,30,resource_exhaustion,26|30|resource_exhaustion
3002,1,3,6,missing_step,3|6|missing_step
3003,0,-1,-1,none,
3004,0,-1,-1,none,
3005,1,30,33,resource_exhaustion,30|33|resource_exhaustion
3006,0,-1,-1,none,
3007,0,-1,-1,none,
3008,0,-1,-1,none,
3009,1,13,21,timeout_retry,13|21|timeout_retry
3010,1,25,29,timeout_retry,25|29|timeout_retry
3011,1,13,19,partial_recovery_loop,13|19|partial_recovery_loop
3012,0,-1,-1,none,
3013,1,13,17,cross_component_mismatch,13|17|cross_component_mismatch
3014,0,-1,-1,none,
3015,1,33,37,partial_recovery_loop,33|37|partial_recovery_loop
3016,0,-1,-1,none,
3017,0,-1,-1,none,
3018,1,59,64,state_conflict,59|64|state_conflict
3019,1,20,26,partial_recovery_loop,20|26|partial_recovery_loop
3020,1,18,21,parameter_drift,18|21|parameter_drift
3021,0,-1,-1,none,
3022,1,16,20,partial_recovery_loop,16|20|partial_recovery_loop
3023,1,45,50,timeout_retry,45|50|timeout_retry
3024,0,-1,-1,none,
3025,1,36,42,slow_burn_warning,36|42|slow_burn_warning
3026,0,-1,-1,none,
3027,0,-1,-1,none,
3028,1,19,22,timeout_retry,19|22|timeout_retry
3029,1,11,14,timeout_retry,11|14|timeout_retry
3030,0,-1,-1,none,
3031,1,71,76,cross_component_mismatch,71|76|cross_component_mismatch
3032,0,-1,-1,none,
3033,0,-1,-1,none,
3034,1,5,7,out_of_order,5|7|out_of_order
3035,1,27,31,slow_burn_warning,27|31|slow_burn_warning
3036,0,-1,-1,none,
3037,1,14,17,partial_recovery_loop,14|17|partial_recovery_loop
3038,1,27,30,slow_burn_warning,27|30|slow_burn_warning
3039,0,-1,-1,none,
3040,0,-1,-1,none,
3041,0,-1,-1,none,
3042,0,-1,-1,none,
3043,0,-1,-1,none,
3044,1,102,106,missing_step,102|106|missing_step
3045,1,61,64,resource_exhaustion,61|64|resource_exhaustion
3046,1,33,35,partial_recovery_loop,33|35|partial_recovery_loop
3047,1,40,42,slow_burn_warning,40|42|slow_burn_warning
3048,0,-1,-1,none,
3049,0,-1,-1,none,
3050,1,27,31,cross_component_mismatch,27|31|cross_component_mismatch
3051,1,13,18,slow_burn_warning,13|18|slow_burn_warning
3052,1,30,36,resource_exhaustion,30|36|resource_exhaustion
3053,1,27,30,duplicate_event,27|30|duplicate_event
3054,1,60,66,partial_recovery_loop,60|66|partial_recovery_loop
3055,0,-1,-1,none,
3056,0,-1,-1,none,
3057,0,-1,-1,none,
3058,1,25,28,missing_step,25|28|missing_step
3059,1,69,76,resource_exhaustion,69|76|resource_exhaustion
3060,1,27,31,partial_recovery_loop,27|31|partial_recovery_loop
3061,1,83,86,timeout_retry,83|86|timeout_retry
3062,1,55,57,missing_step,55|57|missing_step
3063,0,-1,-1,none,
3064,0,-1,-1,none,
3065,0,-1,-1,none,
3066,1,52,60,resource_exhaustion,52|60|resource_exhaustion
3067,1,72,74,resource_exhaustion,72|74|resource_exhaustion
3068,0,-1,-1,none,
3069,1,71,77,slow_burn_warning,71|77|slow_burn_warning
3070,1,27,31,timeout_retry,27|31|timeout_retry
3071,1,2,5,parameter_drift,2|5|parameter_drift
3072,0,-1,-1,none,
3073,0,-1,-1,none,
3074,0,-1,-1,none,
3075,0,-1,-1,none,
3076,1,40,45,cross_component_mismatch,40|45|cross_component_mismatch
3077,0,-1,-1,none,
3078,0,-1,-1,none,
3079,0,-1,-1,none,
3080,0,-1,-1,none,
3081,0,-1,-1,none,
3082,0,-1,-1,none,
3083,1,15,19,out_of_order,15|19|out_of_order
3084,1,17,21,cross_component_mismatch,17|21|cross_component_mismatch
3085,1,24,27,cross_component_mismatch,24|27|cross_component_mismatch
3086,1,57,63,partial_recovery_loop,57|63|partial_recovery_loop
3087,1,23,26,out_of_order,23|26|out_of_order
3088,0,-1,-1,none,
3089,1,50,53,partial_recovery_loop,50|53|partial_recovery_loop
3090,1,50,54,duplicate_event,50|54|duplicate_event
3091,1,40,44,timeout_retry,40|44|timeout_retry
3092,0,-1,-1,none,
3093,0,-1,-1,none,
3094,1,8,14,cross_component_mismatch,8|14|cross_component_mismatch
3095,1,48,52,partial_recovery_loop,48|52|partial_recovery_loop
3096,1,23,27,slow_burn_warning,23|27|slow_burn_warning
3097,0,-1,-1,none,
3098,1,33,36,parameter_drift,33|36|parameter_drift
3099,0,-1,-1,none,
3100,1,3,8,timeout_retry,3|8|timeout_retry
3101,0,-1,-1,none,
3102,0,-1,-1,none,
3103,0,-1,-1,none,
3104,1,15,18,state_conflict,15|18|state_conflict
3105,0,-1,-1,none,
3106,0,-1,-1,none,
3107,1,3,9,resource_exhaustion,3|9|resource_exhaustion
3108,1,21,25,state_conflict,21|25|state_conflict
3109,0,-1,-1,none,
3110,1,34,37,missing_step,34|37|missing_step
3111,0,-1,-1,none,
3112,1,47,52,cross_component_mismatch,47|52|cross_component_mismatch
3113,1,115,117,missing_step,115|117|missing_step
3114,0,-1,-1,none,
3115,0,-1,-1,none,
3116,0,-1,-1,none,
3117,1,51,54,cross_component_mismatch,51|54|cross_component_mismatch
3118,0,-1,-1,none,
3119,1,39,42,state_conflict,39|42|state_conflict
3120,1,37,39,cross_component_mismatch,37|39|cross_component_mismatch
3121,1,16,19,cross_component_mismatch,16|19|cross_component_mismatch
3122,0,-1,-1,none,
3123,1,41,45,resource_exhaustion,41|45|resource_exhaustion
3124,0,-1,-1,none,
3125,0,-1,-1,none,
3126,1,3,6,missing_step,3|6|missing_step
3127,0,-1,-1,none,
3128,0,-1,-1,none,
3129,0,-1,-1,none,
3130,0,-1,-1,none,
3131,1,30,32,out_of_order,30|32|out_of_order
3132,0,-1,-1,none,
3133,1,16,18,out_of_order,16|18|out_of_order
3134,1,31,33,resource_exhaustion,31|33|resource_exhaustion
3135,1,50,54,missing_step,50|54|missing_step
3136,1,43,49,partial_recovery_loop,43|49|partial_recovery_loop
3137,1,27,31,cross_component_mismatch,27|31|cross_component_mismatch
3138,1,45,49,parameter_drift,45|49|parameter_drift
3139,1,18,25,resource_exhaustion,18|25|resource_exhaustion
3140,0,-1,-1,none,
3141,1,18,23,partial_recovery_loop,18|23|partial_recovery_loop
3142,1,24,29,partial_recovery_loop,24|29|partial_recovery_loop
3143,1,64,70,resource_exhaustion,64|70|resource_exhaustion
3144,1,121,125,partial_recovery_loop,121|125|partial_recovery_loop
3145,1,7,10,out_of_order,7|10|out_of_order
3146,1,8,13,resource_exhaustion,8|13|resource_exhaustion
3147,0,-1,-1,none,
3148,1,32,35,partial_recovery_loop,32|35|partial_recovery_loop
3149,1,21,25,cross_component_mismatch,21|25|cross_component_mismatch
3150,1,14,16,parameter_drift,14|16|parameter_drift
3151,1,38,42,partial_recovery_loop,38|42|partial_recovery_loop
3152,1,51,53,state_conflict,51|53|state_conflict
3153,0,-1,-1,none,
3154,1,31,37,parameter_drift,31|37|parameter_drift
3155,0,-1,-1,none,
3156,0,-1,-1,none,
3157,1,55,59,out_of_order,55|59|out_of_order
3158,0,-1,-1,none,
3159,0,-1,-1,none,
3160,0,-1,-1,none,
3161,1,37,39,missing_step,37|39|missing_step
3162,0,-1,-1,none,
3163,1,49,53,timeout_retry,49|53|timeout_retry
3164,1,43,48,timeout_retry,43|48|timeout_retry
3165,1,79,82,slow_burn_warning,79|82|slow_burn_warning
3166,0,-1,-1,none,
3167,0,-1,-1,none,
3168,1,28,31,missing_step,28|31|missing_step
3169,0,-1,-1,none,
3170,0,-1,-1,none,
3171,1,19,22,cross_component_mismatch,19|22|cross_component_mismatch
3172,0,-1,-1,none,
3173,1,50,54,partial_recovery_loop,50|54|partial_recovery_loop
3174,0,-1,-1,none,
3175,0,-1,-1,none,
3176,0,-1,-1,none,
3177,0,-1,-1,none,
3178,1,29,32,missing_step,29|32|missing_step
3179,0,-1,-1,none,
3180,1,9,14,cross_component_mismatch,9|14|cross_component_mismatch
3181,1,16,19,duplicate_event,16|19|duplicate_event
3182,1,18,24,parameter_drift,18|24|parameter_drift
3183,1,33,36,cross_component_mismatch,33|36|cross_component_mismatch
3184,1,31,33,duplicate_event,31|33|duplicate_event
3185,1,52,56,resource_exhaustion,52|56|resource_exhaustion
3186,1,65,68,resource_exhaustion,65|68|resource_exhaustion
3187,0,-1,-1,none,
3188,1,63,67,resource_exhaustion,63|67|resource_exhaustion
3189,1,28,33,partial_recovery_loop,28|33|partial_recovery_loop
3190,0,-1,-1,none,
3191,0,-1,-1,none,
3192,0,-1,-1,none,
3193,0,-1,-1,none,
3194,0,-1,-1,none,
3195,1,56,61,slow_burn_warning,56|61|slow_burn_warning
3196,0,-1,-1,none,
3197,1,19,22,resource_exhaustion,19|22|resource_exhaustion
3198,1,20,24,timeout_retry,20|24|timeout_retry
3199,1,54,56,partial_recovery_loop,54|56|partial_recovery_loop
3200,0,-1,-1,none,
3201,1,6,14,timeout_retry,6|14|timeout_retry
3202,1,7,10,partial_recovery_loop,7|10|partial_recovery_loop
3203,0,-1,-1,none,
3204,0,-1,-1,none,
3205,0,-1,-1,none,
3206,0,-1,-1,none,
3207,0,-1,-1,none,
3208,1,84,90,partial_recovery_loop,84|90|partial_recovery_loop
3209,1,44,46,partial_recovery_loop,44|46|partial_recovery_loop
3210,1,13,16,duplicate_event,13|16|duplicate_event
3211,1,28,30,cross_component_mismatch,28|30|cross_component_mismatch
3212,1,58,62,resource_exhaustion,58|62|resource_exhaustion
3213,1,38,43,state_conflict,38|43|state_conflict
3214,1,29,37,cross_component_mismatch,29|37|cross_component_mismatch
3215,1,11,13,cross_component_mismatch,11|13|cross_component_mismatch
3216,0,-1,-1,none,
3217,1,31,36,slow_burn_warning,31|36|slow_burn_warning
3218,1,12,16,cross_component_mismatch,12|16|cross_component_mismatch
3219,1,32,37,parameter_drift,32|37|parameter_drift
3220,0,-1,-1,none,
3221,0,-1,-1,none,
3222,1,25,29,timeout_retry,25|29|timeout_retry
3223,0,-1,-1,none,
3224,0,-1,-1,none,
3225,0,-1,-1,none,
3226,1,35,41,parameter_drift,35|41|parameter_drift
3227,1,36,40,slow_burn_warning,36|40|slow_burn_warning
3228,1,17,20,slow_burn_warning,17|20|slow_burn_warning
3229,0,-1,-1,none,
3230,1,19,22,missing_step,19|22|missing_step
3231,1,33,35,parameter_drift,33|35|parameter_drift
3232,0,-1,-1,none,
3233,1,33,36,slow_burn_warning,33|36|slow_burn_warning
3234,1,20,23,cross_component_mismatch,20|23|cross_component_mismatch
3235,0,-1,-1,none,
3236,0,-1,-1,none,
3237,1,59,63,cross_component_mismatch,59|63|cross_component_mismatch
3238,0,-1,-1,none,
3239,1,28,34,partial_recovery_loop,28|34|partial_recovery_loop
3240,1,49,53,partial_recovery_loop,49|53|partial_recovery_loop
3241,0,-1,-1,none,
3242,1,3,10,parameter_drift,3|10|parameter_drift
3243,0,-1,-1,none,
3244,0,-1,-1,none,
3245,0,-1,-1,none,
3246,0,-1,-1,none,
3247,1,16,19,resource_exhaustion,16|19|resource_exhaustion
3248,1,17,22,partial_recovery_loop,17|22|partial_recovery_loop
3249,1,106,109,partial_recovery_loop,106|109|partial_recovery_loop
3250,1,46,49,missing_step,46|49|missing_step
3251,1,29,35,duplicate_event,29|35|duplicate_event
3252,0,-1,-1,none,
3253,0,-1,-1,none,
3254,0,-1,-1,none,
3255,0,-1,-1,none,
3256,1,4,9,timeout_retry,4|9|timeout_retry
3257,1,44,48,missing_step,44|48|missing_step
3258,1,3,6,state_conflict,3|6|state_conflict
3259,0,-1,-1,none,
3260,1,19,24,partial_recovery_loop,19|24|partial_recovery_loop
3261,1,58,62,duplicate_event,58|62|duplicate_event
3262,1,63,65,state_conflict,63|65|state_conflict
3263,1,5,11,timeout_retry,5|11|timeout_retry
3264,1,15,18,cross_component_mismatch,15|18|cross_component_mismatch
3265,1,9,12,timeout_retry,9|12|timeout_retry
3266,0,-1,-1,none,
3267,0,-1,-1,none,
3268,1,99,102,slow_burn_warning,99|102|slow_burn_warning
3269,1,27,30,duplicate_event,27|30|duplicate_event
3270,1,71,75,cross_component_mismatch,71|75|cross_component_mismatch
3271,1,49,55,partial_recovery_loop,49|55|partial_recovery_loop
3272,1,11,16,resource_exhaustion,11|16|resource_exhaustion
3273,1,6,10,slow_burn_warning,6|10|slow_burn_warning
3274,1,22,27,timeout_retry,22|27|timeout_retry
3275,1,37,43,timeout_retry,37|43|timeout_retry
3276,0,-1,-1,none,
3277,1,3,8,cross_component_mismatch,3|8|cross_component_mismatch
3278,0,-1,-1,none,
3279,0,-1,-1,none,
3280,1,40,44,timeout_retry,40|44|timeout_retry
3281,1,7,11,resource_exhaustion,7|11|resource_exhaustion
3282,1,34,37,parameter_drift,34|37|parameter_drift
3283,1,13,16,out_of_order,13|16|out_of_order
3284,0,-1,-1,none,
3285,0,-1,-1,none,
3286,1,14,19,cross_component_mismatch,14|19|cross_component_mismatch
3287,0,-1,-1,none,
3288,1,34,39,resource_exhaustion,34|39|resource_exhaustion
3289,1,75,79,cross_component_mismatch,75|79|cross_component_mismatch
3290,1,7,9,cross_component_mismatch,7|9|cross_component_mismatch
3291,0,-1,-1,none,
3292,0,-1,-1,none,
3293,1,54,59,partial_recovery_loop,54|59|partial_recovery_loop
3294,0,-1,-1,none,
3295,1,34,40,timeout_retry,34|40|timeout_retry
3296,0,-1,-1,none,
3297,1,33,36,resource_exhaustion,33|36|resource_exhaustion
3298,0,-1,-1,none,
3299,0,-1,-1,none,
3300,1,63,71,duplicate_event,63|71|duplicate_event
3301,1,44,46,state_conflict,44|46|state_conflict
3302,1,77,80,timeout_retry,77|80|timeout_retry
3303,1,47,49,duplicate_event,47|49|duplicate_event
3304,0,-1,-1,none,
3305,1,53,56,resource_exhaustion,53|56|resource_exhaustion
3306,1,49,53,state_conflict,49|53|state_conflict
3307,0,-1,-1,none,
3308,1,73,76,out_of_order,73|76|out_of_order
3309,1,34,37,out_of_order,34|37|out_of_order
3310,1,47,51,timeout_retry,47|51|timeout_retry
3311,0,-1,-1,none,
3312,0,-1,-1,none,
3313,0,-1,-1,none,
3314,1,8,12,state_conflict,8|12|state_conflict
3315,1,28,31,timeout_retry,28|31|timeout_retry
3316,0,-1,-1,none,
3317,0,-1,-1,none,
3318,0,-1,-1,none,
3319,0,-1,-1,none,
3320,0,-1,-1,none,
3321,1,27,29,cross_component_mismatch,27|29|cross_component_mismatch
3322,0,-1,-1,none,
3323,1,72,75,parameter_drift,72|75|parameter_drift
3324,1,21,26,partial_recovery_loop,21|26|partial_recovery_loop
3325,0,-1,-1,none,
3326,1,33,37,slow_burn_warning,33|37|slow_burn_warning
3327,0,-1,-1,none,
3328,0,-1,-1,none,
3329,1,17,20,timeout_retry,17|20|timeout_retry
3330,1,7,10,state_conflict,7|10|state_conflict
3331,1,65,70,resource_exhaustion,65|70|resource_exhaustion
3332,1,81,86,timeout_retry,81|86|timeout_retry
3333,1,46,48,duplicate_event,46|48|duplicate_event
3334,0,-1,-1,none,
3335,0,-1,-1,none,
3336,0,-1,-1,none,
3337,1,11,18,slow_burn_warning,11|18|slow_burn_warning
3338,1,32,36,out_of_order,32|36|out_of_order
3339,1,2,10,slow_burn_warning,2|10|slow_burn_warning
3340,0,-1,-1,none,
3341,0,-1,-1,none,
3342,0,-1,-1,none,
3343,1,16,24,slow_burn_warning,16|24|slow_burn_warning
3344,1,36,43,timeout_retry,36|43|timeout_retry
3345,1,47,49,cross_component_mismatch,47|49|cross_component_mismatch
3346,1,64,67,resource_exhaustion,64|67|resource_exhaustion
3347,1,17,20,out_of_order,17|20|out_of_order
3348,1,67,72,slow_burn_warning,67|72|slow_burn_warning
3349,0,-1,-1,none,
3350,1,22,24,timeout_retry,22|24|timeout_retry
3351,1,67,70,missing_step,67|70|missing_step
3352,1,8,11,missing_step,8|11|missing_step
3353,1,25,29,slow_burn_warning,25|29|slow_burn_warning
3354,0,-1,-1,none,
3355,0,-1,-1,none,
3356,1,31,37,resource_exhaustion,31|37|resource_exhaustion
3357,1,27,30,partial_recovery_loop,27|30|partial_recovery_loop
3358,0,-1,-1,none,
3359,1,9,12,duplicate_event,9|12|duplicate_event
3360,1,61,65,cross_component_mismatch,61|65|cross_component_mismatch
3361,1,64,66,parameter_drift,64|66|parameter_drift
3362,0,-1,-1,none,
3363,0,-1,-1,none,
3364,1,4,10,resource_exhaustion,4|10|resource_exhaustion
3365,1,59,64,partial_recovery_loop,59|64|partial_recovery_loop
3366,0,-1,-1,none,
3367,0,-1,-1,none,
3368,1,37,41,partial_recovery_loop,37|41|partial_recovery_loop
3369,1,36,40,slow_burn_warning,36|40|slow_burn_warning
3370,0,-1,-1,none,
3371,0,-1,-1,none,
3372,0,-1,-1,none,
3373,1,4,6,resource_exhaustion,4|6|resource_exhaustion
3374,1,20,23,cross_component_mismatch,20|23|cross_component_mismatch
3375,1,15,18,missing_step,15|18|missing_step
3376,1,4,7,partial_recovery_loop,4|7|partial_recovery_loop
3377,1,21,24,timeout_retry,21|24|timeout_retry
3378,1,2,6,slow_burn_warning,2|6|slow_burn_warning
3379,1,57,60,resource_exhaustion,57|60|resource_exhaustion
3380,1,81,84,cross_component_mismatch,81|84|cross_component_mismatch
3381,1,52,56,partial_recovery_loop,52|56|partial_recovery_loop
3382,1,74,79,partial_recovery_loop,74|79|partial_recovery_loop
3383,1,73,75,resource_exhaustion,73|75|resource_exhaustion
3384,0,-1,-1,none,
3385,1,24,28,slow_burn_warning,24|28|slow_burn_warning
3386,1,27,30,timeout_retry,27|30|timeout_retry
3387,1,30,37,timeout_retry,30|37|timeout_retry
3388,0,-1,-1,none,
3389,0,-1,-1,none,
3390,0,-1,-1,none,
3391,1,5,9,cross_component_mismatch,5|9|cross_component_mismatch
3392,1,137,140,missing_step,137|140|missing_step
3393,1,28,33,resource_exhaustion,28|33|resource_exhaustion
3394,0,-1,-1,none,
3395,1,17,20,out_of_order,17|20|out_of_order
3396,1,35,39,out_of_order,35|39|out_of_order
3397,1,95,101,timeout_retry,95|101|timeout_retry
3398,0,-1,-1,none,
3399,0,-1,-1,none,
3400,0,-1,-1,none,
3401,0,-1,-1,none,
3402,0,-1,-1,none,
3403,1,23,26,parameter_drift,23|26|parameter_drift
3404,0,-1,-1,none,
3405,0,-1,-1,none,
3406,0,-1,-1,none,
3407,1,18,21,timeout_retry,18|21|timeout_retry
3408,1,3,7,timeout_retry,3|7|timeout_retry
3409,0,-1,-1,none,
3410,0,-1,-1,none,
3411,0,-1,-1,none,
3412,0,-1,-1,none,
3413,1,38,41,missing_step,38|41|missing_step
3414,0,-1,-1,none,
3415,0,-1,-1,none,
3416,0,-1,-1,none,
3417,0,-1,-1,none,
3418,0,-1,-1,none,
3419,1,27,30,out_of_order,27|30|out_of_order
3420,0,-1,-1,none,
3421,1,23,28,timeout_retry,23|28|timeout_retry
3422,1,11,17,cross_component_mismatch,11|17|cross_component_mismatch
3423,1,62,66,timeout_retry,62|66|timeout_retry
3424,1,62,65,partial_recovery_loop,62|65|partial_recovery_loop
3425,1,76,85,slow_burn_warning,76|85|slow_burn_warning
3426,0,-1,-1,none,
3427,0,-1,-1,none,
3428,1,35,38,parameter_drift,35|38|parameter_drift
3429,1,5,10,cross_component_mismatch,5|10|cross_component_mismatch
3430,0,-1,-1,none,
3431,1,90,92,state_conflict,90|92|state_conflict
3432,1,12,14,resource_exhaustion,12|14|resource_exhaustion
3433,0,-1,-1,none,
3434,1,86,88,state_conflict,86|88|state_conflict
3435,0,-1,-1,none,
3436,1,7,10,missing_step,7|10|missing_step
3437,1,12,16,partial_recovery_loop,12|16|partial_recovery_loop
3438,1,28,32,cross_component_mismatch,28|32|cross_component_mismatch
3439,1,29,33,state_conflict,29|33|state_conflict
3440,0,-1,-1,none,
3441,0,-1,-1,none,
3442,0,-1,-1,none,
3443,0,-1,-1,none,
3444,0,-1,-1,none,
3445,0,-1,-1,none,
3446,1,20,26,cross_component_mismatch,20|26|cross_component_mismatch
3447,1,38,41,partial_recovery_loop,38|41|partial_recovery_loop
3448,0,-1,-1,none,
3449,0,-1,-1,none,
3450,1,63,67,partial_recovery_loop,63|67|partial_recovery_loop
3451,1,67,71,out_of_order,67|71|out_of_order
3452,0,-1,-1,none,
3453,1,15,18,cross_component_mismatch,15|18|cross_component_mismatch
3454,1,7,10,slow_burn_warning,7|10|slow_burn_warning
3455,0,-1,-1,none,
3456,0,-1,-1,none,
3457,1,20,26,resource_exhaustion,20|26|resource_exhaustion
3458,0,-1,-1,none,
3459,0,-1,-1,none,
3460,0,-1,-1,none,
3461,1,59,63,parameter_drift,59|63|parameter_drift
3462,0,-1,-1,none,
3463,1,24,26,slow_burn_warning,24|26|slow_burn_warning
3464,1,15,19,out_of_order,15|19|out_of_order
3465,1,58,62,state_conflict,58|62|state_conflict
3466,1,12,15,out_of_order,12|15|out_of_order
3467,0,-1,-1,none,
3468,1,72,75,state_conflict,72|75|state_conflict
3469,0,-1,-1,none,
3470,1,7,9,cross_component_mismatch,7|9|cross_component_mismatch
3471,0,-1,-1,none,
3472,1,10,14,duplicate_event,10|14|duplicate_event
3473,1,27,30,partial_recovery_loop,27|30|partial_recovery_loop
3474,1,37,41,timeout_retry,37|41|timeout_retry
3475,0,-1,-1,none,
3476,0,-1,-1,none,
3477,1,35,40,parameter_drift,35|40|parameter_drift
3478,0,-1,-1,none,
3479,1,28,32,slow_burn_warning,28|32|slow_burn_warning
3480,1,40,43,out_of_order,40|43|out_of_order
3481,1,49,53,timeout_retry,49|53|timeout_retry
3482,1,16,19,missing_step,16|19|missing_step
3483,1,117,120,timeout_retry,117|120|timeout_retry
3484,0,-1,-1,none,
3485,1,85,89,partial_recovery_loop,85|89|partial_recovery_loop
3486,1,111,113,timeout_retry,111|113|timeout_retry
3487,0,-1,-1,none,
3488,0,-1,-1,none,
3489,1,96,101,state_conflict,96|101|state_conflict
3490,0,-1,-1,none,
3491,0,-1,-1,none,
3492,0,-1,-1,none,
3493,1,22,26,partial_recovery_loop,22|26|partial_recovery_loop
3494,1,36,40,cross_component_mismatch,36|40|cross_component_mismatch
3495,1,63,65,cross_component_mismatch,63|65|cross_component_mismatch
3496,1,41,46,cross_component_mismatch,41|46|cross_component_mismatch
3497,1,5,10,resource_exhaustion,5|10|resource_exhaustion
3498,0,-1,-1,none,
3499,0,-1,-1,none,
3500,0,-1,-1,none,
3501,1,13,17,slow_burn_warning,13|17|slow_burn_warning
3502,0,-1,-1,none,
3503,0,-1,-1,none,
3504,1,33,35,state_conflict,33|35|state_conflict
3505,0,-1,-1,none,
3506,1,15,21,partial_recovery_loop,15|21|partial_recovery_loop
3507,0,-1,-1,none,
3508,0,-1,-1,none,
3509,1,38,42,missing_step,38|42|missing_step
3510,0,-1,-1,none,
3511,1,65,67,resource_exhaustion,65|67|resource_exhaustion
3512,0,-1,-1,none,
3513,1,8,12,duplicate_event,8|12|duplicate_event
3514,1,11,16,resource_exhaustion,11|16|resource_exhaustion
3515,0,-1,-1,none,
3516,1,22,26,out_of_order,22|26|out_of_order
3517,1,59,64,resource_exhaustion,59|64|resource_exhaustion
3518,1,53,56,cross_component_mismatch,53|56|cross_component_mismatch
3519,1,31,34,timeout_retry,31|34|timeout_retry
3520,1,20,26,resource_exhaustion,20|26|resource_exhaustion
3521,1,26,31,partial_recovery_loop,26|31|partial_recovery_loop
3522,0,-1,-1,none,
3523,0,-1,-1,none,
3524,1,75,80,partial_recovery_loop,75|80|partial_recovery_loop
3525,0,-1,-1,none,
3526,0,-1,-1,none,
3527,1,119,122,parameter_drift,119|122|parameter_drift
3528,0,-1,-1,none,
3529,0,-1,-1,none,
3530,1,25,33,partial_recovery_loop,25|33|partial_recovery_loop
3531,0,-1,-1,none,
3532,0,-1,-1,none,
3533,0,-1,-1,none,
3534,0,-1,-1,none,
3535,0,-1,-1,none,
3536,1,38,40,missing_step,38|40|missing_step
3537,1,5,9,cross_component_mismatch,5|9|cross_component_mismatch
3538,1,5,8,cross_component_mismatch,5|8|cross_component_mismatch
3539,1,4,6,cross_component_mismatch,4|6|cross_component_mismatch
3540,1,31,34,state_conflict,31|34|state_conflict
3541,0,-1,-1,none,
3542,0,-1,-1,none,
3543,0,-1,-1,none,
3544,0,-1,-1,none,
3545,1,78,80,missing_step,78|80|missing_step
3546,0,-1,-1,none,
3547,1,14,20,resource_exhaustion,14|20|resource_exhaustion
3548,0,-1,-1,none,
3549,1,23,27,timeout_retry,23|27|timeout_retry
3550,0,-1,-1,none,
3551,0,-1,-1,none,
3552,0,-1,-1,none,
3553,1,42,45,slow_burn_warning,42|45|slow_burn_warning
3554,1,87,91,timeout_retry,87|91|timeout_retry
3555,0,-1,-1,none,
3556,1,16,21,parameter_drift,16|21|parameter_drift
3557,1,10,15,cross_component_mismatch,10|15|cross_component_mismatch
3558,0,-1,-1,none,
3559,0,-1,-1,none,
3560,0,-1,-1,none,
3561,0,-1,-1,none,
3562,0,-1,-1,none,
3563,1,24,27,duplicate_event,24|27|duplicate_event
3564,0,-1,-1,none,
3565,1,41,43,out_of_order,41|43|out_of_order
3566,1,11,15,partial_recovery_loop,11|15|partial_recovery_loop
3567,0,-1,-1,none,
3568,1,26,29,timeout_retry,26|29|timeout_retry
3569,1,5,8,partial_recovery_loop,5|8|partial_recovery_loop
3570,0,-1,-1,none,
3571,1,23,25,state_conflict,23|25|state_conflict
3572,1,52,55,slow_burn_warning,52|55|slow_burn_warning
3573,1,30,34,slow_burn_warning,30|34|slow_burn_warning
3574,1,18,21,timeout_retry,18|21|timeout_retry
3575,1,32,36,missing_step,32|36|missing_step
3576,1,129,131,cross_component_mismatch,129|131|cross_component_mismatch
3577,1,91,97,timeout_retry,91|97|timeout_retry
3578,0,-1,-1,none,
3579,0,-1,-1,none,
3580,1,80,83,duplicate_event,80|83|duplicate_event
3581,0,-1,-1,none,
3582,1,47,53,timeout_retry,47|53|timeout_retry
3583,0,-1,-1,none,
3584,0,-1,-1,none,
3585,1,33,35,missing_step,33|35|missing_step
3586,1,16,18,partial_recovery_loop,16|18|partial_recovery_loop
3587,0,-1,-1,none,
3588,1,16,22,slow_burn_warning,16|22|slow_burn_warning
3589,1,55,58,resource_exhaustion,55|58|resource_exhaustion
3590,1,2,6,timeout_retry,2|6|timeout_retry
3591,1,14,19,duplicate_event,14|19|duplicate_event
3592,0,-1,-1,none,
3593,0,-1,-1,none,
3594,0,-1,-1,none,
3595,1,28,32,partial_recovery_loop,28|32|partial_recovery_loop
3596,1,68,72,parameter_drift,68|72|parameter_drift
3597,1,25,28,duplicate_event,25|28|duplicate_event
3598,1,37,42,state_conflict,37|42|state_conflict
3599,0,-1,-1,none,
3600,1,9,13,state_conflict,9|13|state_conflict
3601,1,21,25,cross_component_mismatch,21|25|cross_component_mismatch
3602,0,-1,-1,none,
3603,1,21,26,resource_exhaustion,21|26|resource_exhaustion
3604,0,-1,-1,none,
3605,1,27,30,duplicate_event,27|30|duplicate_event
3606,1,23,26,parameter_drift,23|26|parameter_drift
3607,1,33,35,slow_burn_warning,33|35|slow_burn_warning
3608,0,-1,-1,none,
3609,1,30,32,cross_component_mismatch,30|32|cross_component_mismatch
3610,0,-1,-1,none,
3611,1,22,25,cross_component_mismatch,22|25|cross_component_mismatch
3612,0,-1,-1,none,
3613,0,-1,-1,none,
3614,1,36,39,timeout_retry,36|39|timeout_retry
3615,1,30,33,cross_component_mismatch,30|33|cross_component_mismatch
3616,1,42,45,timeout_retry,42|45|timeout_retry
3617,0,-1,-1,none,
3618,0,-1,-1,none,
3619,0,-1,-1,none,
3620,1,38,44,partial_recovery_loop,38|44|partial_recovery_loop
3621,1,72,76,missing_step,72|76|missing_step
3622,1,25,28,parameter_drift,25|28|parameter_drift
3623,1,39,43,missing_step,39|43|missing_step
3624,0,-1,-1,none,
3625,1,26,31,state_conflict,26|31|state_conflict
3626,0,-1,-1,none,
3627,0,-1,-1,none,
3628,1,74,77,timeout_retry,74|77|timeout_retry
3629,0,-1,-1,none,
3630,1,6,8,timeout_retry,6|8|timeout_retry
3631,0,-1,-1,none,
3632,0,-1,-1,none,
3633,0,-1,-1,none,
3634,0,-1,-1,none,
3635,0,-1,-1,none,
3636,1,13,15,resource_exhaustion,13|15|resource_exhaustion
3637,0,-1,-1,none,
3638,0,-1,-1,none,
3639,1,36,38,resource_exhaustion,36|38|resource_exhaustion
3640,1,42,46,state_conflict,42|46|state_conflict
3641,0,-1,-1,none,
3642,1,16,21,cross_component_mismatch,16|21|cross_component_mismatch
3643,1,43,47,out_of_order,43|47|out_of_order
3644,1,39,45,cross_component_mismatch,39|45|cross_component_mismatch
3645,1,42,48,partial_recovery_loop,42|48|partial_recovery_loop
3646,0,-1,-1,none,
3647,1,63,67,duplicate_event,63|67|duplicate_event
3648,1,43,49,partial_recovery_loop,43|49|partial_recovery_loop
3649,1,52,54,parameter_drift,52|54|parameter_drift
3650,1,35,43,partial_recovery_loop,35|43|partial_recovery_loop
3651,1,42,45,partial_recovery_loop,42|45|partial_recovery_loop
3652,0,-1,-1,none,
3653,1,8,13,cross_component_mismatch,8|13|cross_component_mismatch
3654,0,-1,-1,none,
3655,1,18,21,parameter_drift,18|21|parameter_drift
3656,1,8,12,cross_component_mismatch,8|12|cross_component_mismatch
3657,0,-1,-1,none,
3658,0,-1,-1,none,
3659,0,-1,-1,none,
3660,0,-1,-1,none,
3661,1,5,9,out_of_order,5|9|out_of_order
3662,1,16,19,missing_step,16|19|missing_step
3663,1,72,75,out_of_order,72|75|out_of_order
3664,1,72,74,cross_component_mismatch,72|74|cross_component_mismatch
3665,1,27,29,partial_recovery_loop,27|29|partial_recovery_loop
3666,0,-1,-1,none,
3667,0,-1,-1,none,
3668,0,-1,-1,none,
3669,0,-1,-1,none,
3670,0,-1,-1,none,
3671,0,-1,-1,none,
3672,1,43,47,state_conflict,43|47|state_conflict
3673,1,57,59,slow_burn_warning,57|59|slow_burn_warning
3674,1,48,52,partial_recovery_loop,48|52|partial_recovery_loop
3675,1,8,12,cross_component_mismatch,8|12|cross_component_mismatch
3676,1,51,55,resource_exhaustion,51|55|resource_exhaustion
3677,0,-1,-1,none,
3678,0,-1,-1,none,
3679,0,-1,-1,none,
3680,0,-1,-1,none,
3681,1,2,8,slow_burn_warning,2|8|slow_burn_warning
3682,1,43,46,missing_step,43|46|missing_step
3683,0,-1,-1,none,
3684,1,10,13,cross_component_mismatch,10|13|cross_component_mismatch
3685,0,-1,-1,none,
3686,1,35,38,out_of_order,35|38|out_of_order
3687,0,-1,-1,none,
3688,1,16,19,slow_burn_warning,16|19|slow_burn_warning
3689,0,-1,-1,none,
3690,0,-1,-1,none,
3691,1,57,62,resource_exhaustion,57|62|resource_exhaustion
3692,0,-1,-1,none,
3693,1,25,29,resource_exhaustion,25|29|resource_exhaustion
3694,1,29,35,timeout_retry,29|35|timeout_retry
3695,0,-1,-1,none,
3696,0,-1,-1,none,
3697,1,39,44,timeout_retry,39|44|timeout_retry
3698,1,5,10,cross_component_mismatch,5|10|cross_component_mismatch
3699,0,-1,-1,none,
3700,0,-1,-1,none,
3701,1,30,34,state_conflict,30|34|state_conflict
3702,0,-1,-1,none,
3703,0,-1,-1,none,
3704,0,-1,-1,none,
3705,0,-1,-1,none,
3706,1,23,27,resource_exhaustion,23|27|resource_exhaustion
3707,1,49,55,cross_component_mismatch,49|55|cross_component_mismatch
3708,1,9,13,slow_burn_warning,9|13|slow_burn_warning
3709,1,37,39,cross_component_mismatch,37|39|cross_component_mismatch
3710,0,-1,-1,none,
3711,1,58,61,parameter_drift,58|61|parameter_drift
3712,1,50,53,resource_exhaustion,50|53|resource_exhaustion
3713,0,-1,-1,none,
3714,1,15,19,out_of_order,15|19|out_of_order
3715,1,37,42,timeout_retry,37|42|timeout_retry
3716,0,-1,-1,none,
3717,0,-1,-1,none,
3718,0,-1,-1,none,
3719,1,25,27,slow_burn_warning,25|27|slow_burn_warning
3720,0,-1,-1,none,
3721,0,-1,-1,none,
3722,0,-1,-1,none,
3723,0,-1,-1,none,
3724,1,5,9,missing_step,5|9|missing_step
3725,1,34,36,partial_recovery_loop,34|36|partial_recovery_loop
3726,1,45,49,partial_recovery_loop,45|49|partial_recovery_loop
3727,1,27,31,parameter_drift,27|31|parameter_drift
3728,1,59,63,resource_exhaustion,59|63|resource_exhaustion
3729,1,17,24,resource_exhaustion,17|24|resource_exhaustion
3730,0,-1,-1,none,
3731,0,-1,-1,none,
3732,1,25,29,partial_recovery_loop,25|29|partial_recovery_loop
3733,1,5,7,out_of_order,5|7|out_of_order
3734,0,-1,-1,none,
3735,1,44,47,resource_exhaustion,44|47|resource_exhaustion
3736,1,38,44,slow_burn_warning,38|44|slow_burn_warning
3737,1,44,49,missing_step,44|49|missing_step
3738,0,-1,-1,none,
3739,1,20,25,partial_recovery_loop,20|25|partial_recovery_loop
3740,1,32,38,duplicate_event,32|38|duplicate_event
3741,0,-1,-1,none,
3742,1,37,39,out_of_order,37|39|out_of_order
3743,0,-1,-1,none,
3744,1,4,10,partial_recovery_loop,4|10|partial_recovery_loop
3745,0,-1,-1,none,
3746,1,44,48,cross_component_mismatch,44|48|cross_component_mismatch
3747,0,-1,-1,none,
3748,1,40,44,out_of_order,40|44|out_of_order
3749,0,-1,-1,none,
3750,1,36,38,parameter_drift,36|38|parameter_drift
3751,0,-1,-1,none,
3752,0,-1,-1,none,
3753,0,-1,-1,none,
3754,0,-1,-1,none,
3755,1,80,84,cross_component_mismatch,80|84|cross_component_mismatch
3756,1,49,52,resource_exhaustion,49|52|resource_exhaustion
3757,0,-1,-1,none,
3758,1,7,13,partial_recovery_loop,7|13|partial_recovery_loop
3759,1,27,30,cross_component_mismatch,27|30|cross_component_mismatch
3760,1,31,33,resource_exhaustion,31|33|resource_exhaustion
3761,1,39,42,partial_recovery_loop,39|42|partial_recovery_loop
3762,0,-1,-1,none,
3763,0,-1,-1,none,
3764,0,-1,-1,none,
3765,0,-1,-1,none,
3766,1,68,71,resource_exhaustion,68|71|resource_exhaustion
3767,1,10,13,timeout_retry,10|13|timeout_retry
3768,0,-1,-1,none,
3769,0,-1,-1,none,
3770,0,-1,-1,none,
3771,0,-1,-1,none,
3772,0,-1,-1,none,
3773,0,-1,-1,none,
3774,1,42,45,state_conflict,42|45|state_conflict
3775,1,8,12,duplicate_event,8|12|duplicate_event
3776,1,3,9,resource_exhaustion,3|9|resource_exhaustion
3777,0,-1,-1,none,
3778,0,-1,-1,none,
3779,0,-1,-1,none,
3780,0,-1,-1,none,
3781,0,-1,-1,none,
3782,0,-1,-1,none,
3783,1,123,127,parameter_drift,123|127|parameter_drift
3784,0,-1,-1,none,
3785,1,34,38,missing_step,34|38|missing_step
3786,1,17,21,timeout_retry,17|21|timeout_retry
3787,0,-1,-1,none,
3788,1,72,74,missing_step,72|74|missing_step
3789,1,4,9,parameter_drift,4|9|parameter_drift
3790,1,11,15,resource_exhaustion,11|15|resource_exhaustion
3791,1,32,36,partial_recovery_loop,32|36|partial_recovery_loop
3792,1,31,34,missing_step,31|34|missing_step
3793,1,32,36,cross_component_mismatch,32|36|cross_component_mismatch
3794,0,-1,-1,none,
3795,1,36,39,out_of_order,36|39|out_of_order
3796,1,9,13,cross_component_mismatch,9|13|cross_component_mismatch
3797,0,-1,-1,none,
3798,0,-1,-1,none,
3799,1,42,46,partial_recovery_loop,42|46|partial_recovery_loop
3800,0,-1,-1,none,
3801,1,42,44,partial_recovery_loop,42|44|partial_recovery_loop
3802,1,5,10,cross_component_mismatch,5|10|cross_component_mismatch
3803,0,-1,-1,none,
3804,0,-1,-1,none,
3805,1,21,27,resource_exhaustion,21|27|resource_exhaustion
3806,0,-1,-1,none,
3807,1,10,12,duplicate_event,10|12|duplicate_event
3808,1,25,31,slow_burn_warning,25|31|slow_burn_warning
3809,0,-1,-1,none,
3810,1,14,18,out_of_order,14|18|out_of_order
3811,1,41,46,timeout_retry,41|46|timeout_retry
3812,0,-1,-1,none,
3813,0,-1,-1,none,
3814,0,-1,-1,none,
3815,0,-1,-1,none,
3816,0,-1,-1,none,
3817,0,-1,-1,none,
3818,1,18,21,timeout_retry,18|21|timeout_retry
3819,1,8,11,cross_component_mismatch,8|11|cross_component_mismatch
3820,0,-1,-1,none,
3821,1,27,31,timeout_retry,27|31|timeout_retry
3822,0,-1,-1,none,
3823,0,-1,-1,none,
3824,0,-1,-1,none,
3825,0,-1,-1,none,
3826,0,-1,-1,none,
3827,0,-1,-1,none,
3828,0,-1,-1,none,
3829,1,46,50,resource_exhaustion,46|50|resource_exhaustion
3830,0,-1,-1,none,
3831,0,-1,-1,none,
3832,1,21,26,slow_burn_warning,21|26|slow_burn_warning
3833,1,5,9,slow_burn_warning,5|9|slow_burn_warning
3834,1,31,35,partial_recovery_loop,31|35|partial_recovery_loop
3835,0,-1,-1,none,
3836,1,21,26,resource_exhaustion,21|26|resource_exhaustion
3837,1,33,39,resource_exhaustion,33|39|resource_exhaustion
3838,0,-1,-1,none,
3839,0,-1,-1,none,
3840,0,-1,-1,none,
3841,0,-1,-1,none,
3842,1,11,17,partial_recovery_loop,11|17|partial_recovery_loop
3843,0,-1,-1,none,
3844,0,-1,-1,none,
3845,1,25,28,resource_exhaustion,25|28|resource_exhaustion
3846,0,-1,-1,none,
3847,0,-1,-1,none,
3848,0,-1,-1,none,
3849,0,-1,-1,none,
3850,0,-1,-1,none,
3851,1,55,60,cross_component_mismatch,55|60|cross_component_mismatch
3852,1,7,10,state_conflict,7|10|state_conflict
3853,1,42,47,slow_burn_warning,42|47|slow_burn_warning
3854,1,20,25,parameter_drift,20|25|parameter_drift
3855,0,-1,-1,none,
3856,0,-1,-1,none,
3857,1,61,66,timeout_retry,61|66|timeout_retry
3858,1,5,8,resource_exhaustion,5|8|resource_exhaustion
3859,1,29,32,cross_component_mismatch,29|32|cross_component_mismatch
3860,0,-1,-1,none,
3861,0,-1,-1,none,
3862,0,-1,-1,none,
3863,1,13,16,out_of_order,13|16|out_of_order
3864,1,15,19,cross_component_mismatch,15|19|cross_component_mismatch
3865,0,-1,-1,none,
3866,1,28,32,state_conflict,28|32|state_conflict
3867,1,20,22,duplicate_event,20|22|duplicate_event
3868,1,21,23,partial_recovery_loop,21|23|partial_recovery_loop
3869,1,40,45,slow_burn_warning,40|45|slow_burn_warning
3870,1,31,34,parameter_drift,31|34|parameter_drift
3871,0,-1,-1,none,
3872,1,12,16,parameter_drift,12|16|parameter_drift
3873,1,29,32,out_of_order,29|32|out_of_order
3874,1,10,14,state_conflict,10|14|state_conflict
3875,1,41,47,partial_recovery_loop,41|47|partial_recovery_loop
3876,0,-1,-1,none,
3877,0,-1,-1,none,
3878,1,45,47,timeout_retry,45|47|timeout_retry
3879,1,6,10,parameter_drift,6|10|parameter_drift
3880,0,-1,-1,none,
3881,0,-1,-1,none,
3882,1,10,12,missing_step,10|12|missing_step
3883,1,41,43,missing_step,41|43|missing_step
3884,1,69,73,resource_exhaustion,69|73|resource_exhaustion
3885,0,-1,-1,none,
3886,1,35,39,partial_recovery_loop,35|39|partial_recovery_loop
3887,1,5,8,parameter_drift,5|8|parameter_drift
3888,1,10,14,timeout_retry,10|14|timeout_retry
3889,0,-1,-1,none,
3890,1,28,31,resource_exhaustion,28|31|resource_exhaustion
3891,0,-1,-1,none,
3892,0,-1,-1,none,
3893,0,-1,-1,none,
3894,0,-1,-1,none,
3895,1,18,24,timeout_retry,18|24|timeout_retry
3896,1,29,32,partial_recovery_loop,29|32|partial_recovery_loop
3897,0,-1,-1,none,
3898,1,11,16,timeout_retry,11|16|timeout_retry
3899,0,-1,-1,none,
3900,0,-1,-1,none,
3901,1,55,57,timeout_retry,55|57|timeout_retry
3902,0,-1,-1,none,
3903,1,2,4,partial_recovery_loop,2|4|partial_recovery_loop
3904,1,10,14,missing_step,10|14|missing_step
3905,0,-1,-1,none,
3906,0,-1,-1,none,
3907,1,40,42,partial_recovery_loop,40|42|partial_recovery_loop
3908,1,74,79,resource_exhaustion,74|79|resource_exhaustion
3909,1,24,29,timeout_retry,24|29|timeout_retry
3910,1,5,9,state_conflict,5|9|state_conflict
3911,1,22,26,resource_exhaustion,22|26|resource_exhaustion
3912,1,4,9,state_conflict,4|9|state_conflict
3913,1,27,31,partial_recovery_loop,27|31|partial_recovery_loop
3914,1,35,40,timeout_retry,35|40|timeout_retry
3915,1,16,22,slow_burn_warning,16|22|slow_burn_warning
3916,0,-1,-1,none,
3917,0,-1,-1,none,
3918,0,-1,-1,none,
3919,0,-1,-1,none,
3920,0,-1,-1,none,
3921,0,-1,-1,none,
3922,0,-1,-1,none,
3923,0,-1,-1,none,
3924,1,37,40,slow_burn_warning,37|40|slow_burn_warning
3925,0,-1,-1,none,
3926,0,-1,-1,none,
3927,0,-1,-1,none,
3928,0,-1,-1,none,
3929,0,-1,-1,none,
3930,0,-1,-1,none,
3931,0,-1,-1,none,
3932,0,-1,-1,none,
3933,0,-1,-1,none,
3934,0,-1,-1,none,
3935,0,-1,-1,none,
3936,0,-1,-1,none,
3937,0,-1,-1,none,
3938,0,-1,-1,none,
3939,0,-1,-1,none,
3940,0,-1,-1,none,
3941,0,-1,-1,none,
3942,0,-1,-1,none,
3943,0,-1,-1,none,
3944,1,33,35,state_conflict,33|35|state_conflict
3945,0,-1,-1,none,
3946,0,-1,-1,none,
3947,0,-1,-1,none,
3948,0,-1,-1,none,
3949,0,-1,-1,none,
3950,0,-1,-1,none,
3951,0,-1,-1,none,
3952,0,-1,-1,none,
3953,1,38,43,partial_recovery_loop,38|43|partial_recovery_loop
3954,0,-1,-1,none,
3955,0,-1,-1,none,
3956,0,-1,-1,none,
3957,0,-1,-1,none,
3958,0,-1,-1,none,
3959,0,-1,-1,none,
3960,0,-1,-1,none,
3961,0,-1,-1,none,
3962,0,-1,-1,none,
3963,0,-1,-1,none,
3964,0,-1,-1,none,
3965,0,-1,-1,none,
3966,0,-1,-1,none,
3967,0,-1,-1,none,
3968,0,-1,-1,none,
3969,0,-1,-1,none,
3970,0,-1,-1,none,
3971,0,-1,-1,none,
3972,0,-1,-1,none,
3973,0,-1,-1,none,
3974,0,-1,-1,none,
3975,0,-1,-1,none,
3976,0,-1,-1,none,
3977,0,-1,-1,none,
3978,0,-1,-1,none,
3979,0,-1,-1,none,
3980,0,-1,-1,none,
3981,0,-1,-1,none,
3982,0,-1,-1,none,
3983,0,-1,-1,none,
3984,0,-1,-1,none,
3985,0,-1,-1,none,
3986,0,-1,-1,none,
3987,0,-1,-1,none,
3988,0,-1,-1,none,
3989,0,-1,-1,none,
3990,0,-1,-1,none,
3991,0,-1,-1,none,
3992,1,18,23,cross_component_mismatch,18|23|cross_component_mismatch
3993,0,-1,-1,none,
3994,0,-1,-1,none,
3995,0,-1,-1,none,
3996,1,48,51,state_conflict,48|51|state_conflict
3997,0,-1,-1,none,
3998,0,-1,-1,none,
3999,0,-1,-1,none,
4000,0,-1,-1,none,
4001,0,-1,-1,none,
4002,0,-1,-1,none,
4003,0,-1,-1,none,
4004,0,-1,-1,none,
4005,0,-1,-1,none,
4006,0,-1,-1,none,
4007,0,-1,-1,none,
4008,0,-1,-1,none,
4009,0,-1,-1,none,
4010,0,-1,-1,none,
4011,0,-1,-1,none,
4012,0,-1,-1,none,
4013,0,-1,-1,none,
4014,0,-1,-1,none,
4015,0,-1,-1,none,
4016,0,-1,-1,none,
4017,0,-1,-1,none,
4018,0,-1,-1,none,
4019,0,-1,-1,none,
4020,0,-1,-1,none,
4021,0,-1,-1,none,
4022,0,-1,-1,none,
4023,1,22,29,slow_burn_warning,22|29|slow_burn_warning
4024,0,-1,-1,none,
4025,0,-1,-1,none,
4026,0,-1,-1,none,
4027,0,-1,-1,none,
4028,0,-1,-1,none,
4029,0,-1,-1,none,
4030,1,5,8,out_of_order,5|8|out_of_order
4031,0,-1,-1,none,
4032,1,9,15,timeout_retry,9|15|timeout_retry
4033,0,-1,-1,none,
4034,0,-1,-1,none,
4035,0,-1,-1,none,
4036,0,-1,-1,none,
4037,0,-1,-1,none,
4038,0,-1,-1,none,
4039,0,-1,-1,none,
4040,1,27,30,out_of_order,27|30|out_of_order
4041,1,48,50,partial_recovery_loop,48|50|partial_recovery_loop
4042,0,-1,-1,none,
4043,0,-1,-1,none,
4044,0,-1,-1,none,
4045,0,-1,-1,none,
4046,0,-1,-1,none,
4047,0,-1,-1,none,
4048,0,-1,-1,none,
4049,0,-1,-1,none,
4050,0,-1,-1,none,
4051,0,-1,-1,none,
4052,0,-1,-1,none,
4053,0,-1,-1,none,
4054,1,27,29,missing_step,27|29|missing_step
4055,0,-1,-1,none,
4056,0,-1,-1,none,
4057,0,-1,-1,none,
4058,0,-1,-1,none,
4059,0,-1,-1,none,
4060,1,54,58,out_of_order,54|58|out_of_order
4061,0,-1,-1,none,
4062,1,8,13,resource_exhaustion,8|13|resource_exhaustion
4063,0,-1,-1,none,
4064,0,-1,-1,none,
4065,0,-1,-1,none,
4066,0,-1,-1,none,
4067,0,-1,-1,none,
4068,0,-1,-1,none,
4069,1,14,16,cross_component_mismatch,14|16|cross_component_mismatch
4070,1,13,18,partial_recovery_loop,13|18|partial_recovery_loop
4071,0,-1,-1,none,
4072,0,-1,-1,none,
4073,0,-1,-1,none,
4074,0,-1,-1,none,
4075,0,-1,-1,none,
4076,0,-1,-1,none,
4077,0,-1,-1,none,
4078,0,-1,-1,none,
4079,1,4,9,timeout_retry,4|9|timeout_retry
4080,0,-1,-1,none,
4081,0,-1,-1,none,
4082,0,-1,-1,none,
4083,0,-1,-1,none,
4084,0,-1,-1,none,
4085,0,-1,-1,none,
4086,0,-1,-1,none,
4087,0,-1,-1,none,
4088,0,-1,-1,none,
4089,0,-1,-1,none,
4090,0,-1,-1,none,
4091,0,-1,-1,none,
4092,0,-1,-1,none,
4093,1,24,28,slow_burn_warning,24|28|slow_burn_warning
4094,1,42,50,slow_burn_warning,42|50|slow_burn_warning
4095,1,52,56,partial_recovery_loop,52|56|partial_recovery_loop
4096,0,-1,-1,none,
4097,0,-1,-1,none,
4098,0,-1,-1,none,
4099,0,-1,-1,none,
4100,0,-1,-1,none,
4101,0,-1,-1,none,
4102,0,-1,-1,none,
4103,0,-1,-1,none,
4104,1,23,28,partial_recovery_loop,23|28|partial_recovery_loop
4105,0,-1,-1,none,
4106,0,-1,-1,none,
4107,0,-1,-1,none,
4108,0,-1,-1,none,
4109,0,-1,-1,none,
4110,1,35,39,out_of_order,35|39|out_of_order
4111,0,-1,-1,none,
4112,0,-1,-1,none,
4113,0,-1,-1,none,
4114,0,-1,-1,none,
4115,0,-1,-1,none,
4116,0,-1,-1,none,
4117,0,-1,-1,none,
4118,0,-1,-1,none,
4119,1,34,36,parameter_drift,34|36|parameter_drift
4120,1,97,102,cross_component_mismatch,97|102|cross_component_mismatch
4121,0,-1,-1,none,
4122,0,-1,-1,none,
4123,0,-1,-1,none,
4124,0,-1,-1,none,
4125,0,-1,-1,none,
4126,0,-1,-1,none,
4127,0,-1,-1,none,
4128,1,10,14,partial_recovery_loop,10|14|partial_recovery_loop
4129,0,-1,-1,none,
4130,0,-1,-1,none,
4131,0,-1,-1,none,
4132,0,-1,-1,none,
4133,0,-1,-1,none,
4134,0,-1,-1,none,
4135,0,-1,-1,none,
4136,0,-1,-1,none,
4137,0,-1,-1,none,
4138,1,3,7,missing_step,3|7|missing_step
4139,0,-1,-1,none,
4140,0,-1,-1,none,
4141,0,-1,-1,none,
4142,0,-1,-1,none,
4143,0,-1,-1,none,
4144,0,-1,-1,none,
4145,0,-1,-1,none,
4146,0,-1,-1,none,
4147,0,-1,-1,none,
4148,0,-1,-1,none,
4149,0,-1,-1,none,
4150,0,-1,-1,none,
4151,0,-1,-1,none,
4152,1,65,69,timeout_retry,65|69|timeout_retry
4153,1,65,69,resource_exhaustion,65|69|resource_exhaustion
4154,0,-1,-1,none,
4155,0,-1,-1,none,
4156,0,-1,-1,none,
4157,0,-1,-1,none,
4158,0,-1,-1,none,
4159,0,-1,-1,none,
4160,0,-1,-1,none,
4161,1,56,62,partial_recovery_loop,56|62|partial_recovery_loop
4162,1,43,45,missing_step,43|45|missing_step
4163,1,25,30,timeout_retry,25|30|timeout_retry
4164,0,-1,-1,none,
4165,0,-1,-1,none,
4166,0,-1,-1,none,
4167,0,-1,-1,none,
4168,0,-1,-1,none,
4169,0,-1,-1,none,
4170,0,-1,-1,none,
4171,0,-1,-1,none,
4172,0,-1,-1,none,
4173,0,-1,-1,none,
4174,0,-1,-1,none,
4175,0,-1,-1,none,
4176,1,50,52,out_of_order,50|52|out_of_order
4177,1,11,16,parameter_drift,11|16|parameter_drift
4178,1,35,38,parameter_drift,35|38|parameter_drift
4179,0,-1,-1,none,
4180,0,-1,-1,none,
4181,0,-1,-1,none,
4182,0,-1,-1,none,
4183,0,-1,-1,none,
4184,0,-1,-1,none,
4185,0,-1,-1,none,
4186,0,-1,-1,none,
4187,0,-1,-1,none,
4188,0,-1,-1,none,
4189,1,4,7,missing_step,4|7|missing_step
4190,0,-1,-1,none,
4191,0,-1,-1,none,
4192,0,-1,-1,none,
4193,0,-1,-1,none,
4194,0,-1,-1,none,
4195,0,-1,-1,none,
4196,0,-1,-1,none,
4197,0,-1,-1,none,
4198,0,-1,-1,none,
4199,0,-1,-1,none,
4200,0,-1,-1,none,
4201,0,-1,-1,none,
4202,0,-1,-1,none,
4203,1,39,41,parameter_drift,39|41|parameter_drift
4204,1,17,19,cross_component_mismatch,17|19|cross_component_mismatch
4205,0,-1,-1,none,
4206,0,-1,-1,none,
4207,0,-1,-1,none,
4208,0,-1,-1,none,
4209,0,-1,-1,none,
4210,0,-1,-1,none,
4211,0,-1,-1,none,
4212,0,-1,-1,none,
4213,0,-1,-1,none,
4214,0,-1,-1,none,
4215,0,-1,-1,none,
4216,0,-1,-1,none,
4217,0,-1,-1,none,
4218,0,-1,-1,none,
4219,0,-1,-1,none,
4220,0,-1,-1,none,
4221,0,-1,-1,none,
4222,0,-1,-1,none,
4223,0,-1,-1,none,
4224,0,-1,-1,none,
4225,0,-1,-1,none,
4226,0,-1,-1,none,
4227,0,-1,-1,none,
4228,0,-1,-1,none,
4229,0,-1,-1,none,
4230,0,-1,-1,none,
4231,0,-1,-1,none,
4232,0,-1,-1,none,
4233,0,-1,-1,none,
4234,0,-1,-1,none,
4235,0,-1,-1,none,
4236,0,-1,-1,none,
4237,0,-1,-1,none,
4238,0,-1,-1,none,
4239,0,-1,-1,none,
4240,0,-1,-1,none,
4241,0,-1,-1,none,
4242,0,-1,-1,none,
4243,1,119,122,out_of_order,119|122|out_of_order
4244,0,-1,-1,none,
4245,0,-1,-1,none,
4246,0,-1,-1,none,
4247,0,-1,-1,none,
4248,0,-1,-1,none,
4249,0,-1,-1,none,
4250,0,-1,-1,none,
4251,1,12,16,missing_step,12|16|missing_step
4252,0,-1,-1,none,
4253,0,-1,-1,none,
4254,0,-1,-1,none,
4255,0,-1,-1,none,
4256,0,-1,-1,none,
4257,0,-1,-1,none,
4258,0,-1,-1,none,
4259,0,-1,-1,none,
4260,1,60,62,partial_recovery_loop,60|62|partial_recovery_loop
4261,1,61,63,out_of_order,61|63|out_of_order
4262,0,-1,-1,none,
4263,0,-1,-1,none,
4264,0,-1,-1,none,
4265,0,-1,-1,none,
4266,1,41,44,timeout_retry,41|44|timeout_retry
4267,1,19,24,slow_burn_warning,19|24|slow_burn_warning
4268,0,-1,-1,none,
4269,0,-1,-1,none,
4270,0,-1,-1,none,
4271,0,-1,-1,none,
4272,0,-1,-1,none,
4273,0,-1,-1,none,
4274,1,17,21,out_of_order,17|21|out_of_order
4275,0,-1,-1,none,
4276,0,-1,-1,none,
4277,0,-1,-1,none,
4278,0,-1,-1,none,
4279,0,-1,-1,none,
4280,0,-1,-1,none,
4281,0,-1,-1,none,
4282,0,-1,-1,none,
4283,1,37,41,parameter_drift,37|41|parameter_drift
4284,0,-1,-1,none,
4285,0,-1,-1,none,
4286,0,-1,-1,none,
4287,0,-1,-1,none,
4288,0,-1,-1,none,
4289,0,-1,-1,none,
4290,1,76,80,missing_step,76|80|missing_step
4291,0,-1,-1,none,
4292,0,-1,-1,none,
4293,0,-1,-1,none,
4294,0,-1,-1,none,
4295,0,-1,-1,none,
4296,0,-1,-1,none,
4297,0,-1,-1,none,
4298,0,-1,-1,none,
4299,0,-1,-1,none,
4300,0,-1,-1,none,
4301,0,-1,-1,none,
4302,0,-1,-1,none,
4303,0,-1,-1,none,
4304,0,-1,-1,none,
4305,0,-1,-1,none,
4306,0,-1,-1,none,
4307,0,-1,-1,none,
4308,0,-1,-1,none,
4309,0,-1,-1,none,
4310,0,-1,-1,none,
4311,0,-1,-1,none,
4312,0,-1,-1,none,
4313,0,-1,-1,none,
4314,0,-1,-1,none,
4315,0,-1,-1,none,
4316,0,-1,-1,none,
4317,0,-1,-1,none,
4318,0,-1,-1,none,
4319,0,-1,-1,none,
4320,0,-1,-1,none,
4321,1,32,38,partial_recovery_loop,32|38|partial_recovery_loop
4322,0,-1,-1,none,
4323,1,35,39,partial_recovery_loop,35|39|partial_recovery_loop
4324,0,-1,-1,none,
4325,0,-1,-1,none,
4326,0,-1,-1,none,
4327,0,-1,-1,none,
4328,0,-1,-1,none,
4329,0,-1,-1,none,
4330,1,63,66,parameter_drift,63|66|parameter_drift
4331,1,14,19,resource_exhaustion,14|19|resource_exhaustion
4332,0,-1,-1,none,
4333,0,-1,-1,none,
4334,0,-1,-1,none,
4335,0,-1,-1,none,
4336,0,-1,-1,none,
4337,0,-1,-1,none,
4338,0,-1,-1,none,
4339,0,-1,-1,none,
4340,0,-1,-1,none,
4341,0,-1,-1,none,
4342,0,-1,-1,none,
4343,0,-1,-1,none,
4344,0,-1,-1,none,
4345,0,-1,-1,none,
4346,0,-1,-1,none,
4347,0,-1,-1,none,
4348,0,-1,-1,none,
4349,0,-1,-1,none,
4350,0,-1,-1,none,
4351,0,-1,-1,none,
4352,0,-1,-1,none,
4353,0,-1,-1,none,
4354,0,-1,-1,none,
4355,0,-1,-1,none,
4356,0,-1,-1,none,
4357,0,-1,-1,none,
4358,0,-1,-1,none,
4359,0,-1,-1,none,
4360,0,-1,-1,none,
4361,0,-1,-1,none,
4362,0,-1,-1,none,
4363,0,-1,-1,none,
4364,1,16,18,missing_step,16|18|missing_step
4365,1,30,35,timeout_retry,30|35|timeout_retry
4366,0,-1,-1,none,
4367,0,-1,-1,none,
4368,0,-1,-1,none,
4369,0,-1,-1,none,
4370,0,-1,-1,none,
4371,0,-1,-1,none,
4372,0,-1,-1,none,
4373,0,-1,-1,none,
4374,0,-1,-1,none,
4375,1,28,30,state_conflict,28|30|state_conflict
4376,0,-1,-1,none,
4377,0,-1,-1,none,
4378,0,-1,-1,none,
4379,0,-1,-1,none,
4380,0,-1,-1,none,
4381,0,-1,-1,none,
4382,0,-1,-1,none,
4383,0,-1,-1,none,
4384,0,-1,-1,none,
4385,0,-1,-1,none,
4386,0,-1,-1,none,
4387,0,-1,-1,none,
4388,0,-1,-1,none,
4389,1,33,35,resource_exhaustion,33|35|resource_exhaustion
4390,1,51,53,resource_exhaustion,51|53|resource_exhaustion
4391,1,33,37,state_conflict,33|37|state_conflict
4392,0,-1,-1,none,
4393,0,-1,-1,none,
4394,0,-1,-1,none,
4395,0,-1,-1,none,
4396,0,-1,-1,none,
4397,0,-1,-1,none,
4398,0,-1,-1,none,
4399,0,-1,-1,none,
4400,0,-1,-1,none,
4401,0,-1,-1,none,
4402,0,-1,-1,none,
4403,1,6,10,missing_step,6|10|missing_step
4404,1,89,91,cross_component_mismatch,89|91|cross_component_mismatch
4405,0,-1,-1,none,
4406,0,-1,-1,none,
4407,0,-1,-1,none,
4408,0,-1,-1,none,
4409,0,-1,-1,none,
4410,0,-1,-1,none,
4411,0,-1,-1,none,
4412,0,-1,-1,none,
4413,1,3,5,state_conflict,3|5|state_conflict
4414,1,75,79,parameter_drift,75|79|parameter_drift
4415,1,28,33,partial_recovery_loop,28|33|partial_recovery_loop
4416,0,-1,-1,none,
4417,0,-1,-1,none,
4418,0,-1,-1,none,
4419,0,-1,-1,none,
4420,0,-1,-1,none,
4421,0,-1,-1,none,
4422,1,26,29,cross_component_mismatch,26|29|cross_component_mismatch
4423,1,52,55,state_conflict,52|55|state_conflict
4424,0,-1,-1,none,
4425,0,-1,-1,none,
4426,0,-1,-1,none,
4427,0,-1,-1,none,
4428,0,-1,-1,none,
4429,0,-1,-1,none,
4430,0,-1,-1,none,
4431,0,-1,-1,none,
4432,0,-1,-1,none,
4433,0,-1,-1,none,
4434,0,-1,-1,none,
4435,0,-1,-1,none,
4436,0,-1,-1,none,
4437,0,-1,-1,none,
4438,0,-1,-1,none,
4439,0,-1,-1,none,
4440,1,42,48,partial_recovery_loop,42|48|partial_recovery_loop
4441,0,-1,-1,none,
4442,0,-1,-1,none,
4443,0,-1,-1,none,
4444,0,-1,-1,none,
4445,0,-1,-1,none,
4446,0,-1,-1,none,
4447,0,-1,-1,none,
4448,0,-1,-1,none,
4449,0,-1,-1,none,
4450,1,111,115,parameter_drift,111|115|parameter_drift
4451,0,-1,-1,none,
4452,0,-1,-1,none,
4453,0,-1,-1,none,
4454,1,55,59,cross_component_mismatch,55|59|cross_component_mismatch
4455,0,-1,-1,none,
4456,1,35,38,timeout_retry,35|38|timeout_retry
4457,1,21,27,resource_exhaustion,21|27|resource_exhaustion
4458,0,-1,-1,none,
4459,0,-1,-1,none,
4460,0,-1,-1,none,
4461,0,-1,-1,none,
4462,0,-1,-1,none,
4463,0,-1,-1,none,
4464,1,61,64,state_conflict,61|64|state_conflict
4465,1,73,75,out_of_order,73|75|out_of_order
4466,0,-1,-1,none,
4467,0,-1,-1,none,
4468,0,-1,-1,none,
4469,0,-1,-1,none,
4470,0,-1,-1,none,
4471,0,-1,-1,none,
4472,0,-1,-1,none,
4473,0,-1,-1,none,
4474,1,43,45,duplicate_event,43|45|duplicate_event
4475,0,-1,-1,none,
4476,0,-1,-1,none,
4477,0,-1,-1,none,
4478,0,-1,-1,none,
4479,0,-1,-1,none,
4480,0,-1,-1,none,
4481,0,-1,-1,none,
4482,0,-1,-1,none,
4483,0,-1,-1,none,
4484,0,-1,-1,none,
4485,0,-1,-1,none,
4486,1,7,11,cross_component_mismatch,7|11|cross_component_mismatch
4487,0,-1,-1,none,
4488,0,-1,-1,none,
4489,0,-1,-1,none,
4490,0,-1,-1,none,
4491,0,-1,-1,none,
4492,0,-1,-1,none,
4493,0,-1,-1,none,
4494,1,43,45,missing_step,43|45|missing_step
4495,0,-1,-1,none,
4496,0,-1,-1,none,
4497,0,-1,-1,none,
4498,0,-1,-1,none,
4499,0,-1,-1,none,
4500,0,-1,-1,none,
4501,0,-1,-1,none,
4502,0,-1,-1,none,
4503,0,-1,-1,none,
4504,0,-1,-1,none,
4505,0,-1,-1,none,
4506,0,-1,-1,none,
4507,0,-1,-1,none,
4508,0,-1,-1,none,
4509,0,-1,-1,none,
4510,0,-1,-1,none,
4511,0,-1,-1,none,
4512,0,-1,-1,none,
4513,1,21,26,slow_burn_warning,21|26|slow_burn_warning
4514,1,15,19,missing_step,15|19|missing_step
4515,0,-1,-1,none,
4516,0,-1,-1,none,
4517,0,-1,-1,none,
4518,0,-1,-1,none,
4519,0,-1,-1,none,
4520,0,-1,-1,none,
4521,0,-1,-1,none,
4522,1,83,87,out_of_order,83|87|out_of_order
4523,0,-1,-1,none,
4524,0,-1,-1,none,
4525,1,67,71,resource_exhaustion,67|71|resource_exhaustion
4526,0,-1,-1,none,
4527,0,-1,-1,none,
4528,0,-1,-1,none,
4529,0,-1,-1,none,
4530,0,-1,-1,none,
4531,0,-1,-1,none,
4532,0,-1,-1,none,
4533,0,-1,-1,none,
4534,0,-1,-1,none,
4535,0,-1,-1,none,
4536,1,27,31,slow_burn_warning,27|31|slow_burn_warning
4537,1,29,35,duplicate_event,29|35|duplicate_event
4538,0,-1,-1,none,
4539,0,-1,-1,none,
4540,0,-1,-1,none,
4541,0,-1,-1,none,
4542,1,12,14,state_conflict,12|14|state_conflict
4543,1,11,16,resource_exhaustion,11|16|resource_exhaustion
4544,0,-1,-1,none,
4545,0,-1,-1,none,
4546,0,-1,-1,none,
4547,0,-1,-1,none,
4548,0,-1,-1,none,
4549,0,-1,-1,none,
4550,0,-1,-1,none,
4551,0,-1,-1,none,
4552,0,-1,-1,none,
4553,0,-1,-1,none,
4554,0,-1,-1,none,
4555,0,-1,-1,none,
4556,0,-1,-1,none,
4557,0,-1,-1,none,
4558,1,40,43,duplicate_event,40|43|duplicate_event
4559,1,27,32,timeout_retry,27|32|timeout_retry
4560,1,2,5,out_of_order,2|5|out_of_order
4561,0,-1,-1,none,
4562,0,-1,-1,none,
4563,0,-1,-1,none,
4564,0,-1,-1,none,
4565,1,51,56,parameter_drift,51|56|parameter_drift
4566,0,-1,-1,none,
4567,0,-1,-1,none,
4568,0,-1,-1,none,
4569,0,-1,-1,none,
4570,0,-1,-1,none,
4571,0,-1,-1,none,
4572,0,-1,-1,none,
4573,0,-1,-1,none,
4574,0,-1,-1,none,
4575,0,-1,-1,none,
4576,0,-1,-1,none,
4577,0,-1,-1,none,
4578,0,-1,-1,none,
4579,0,-1,-1,none,
4580,0,-1,-1,none,
4581,0,-1,-1,none,
4582,0,-1,-1,none,
4583,0,-1,-1,none,
4584,0,-1,-1,none,
4585,0,-1,-1,none,
4586,0,-1,-1,none,
4587,1,10,15,slow_burn_warning,10|15|slow_burn_warning
4588,1,13,19,timeout_retry,13|19|timeout_retry
4589,0,-1,-1,none,
4590,0,-1,-1,none,
4591,0,-1,-1,none,
4592,0,-1,-1,none,
4593,0,-1,-1,none,
4594,0,-1,-1,none,
4595,0,-1,-1,none,
4596,0,-1,-1,none,
4597,0,-1,-1,none,
4598,0,-1,-1,none,
4599,1,11,13,out_of_order,11|13|out_of_order
4600,0,-1,-1,none,
4601,0,-1,-1,none,
4602,0,-1,-1,none,
4603,0,-1,-1,none,
4604,0,-1,-1,none,
4605,0,-1,-1,none,
4606,0,-1,-1,none,
4607,1,30,35,cross_component_mismatch,30|35|cross_component_mismatch
4608,0,-1,-1,none,
4609,0,-1,-1,none,
4610,0,-1,-1,none,
4611,0,-1,-1,none,
4612,0,-1,-1,none,
4613,0,-1,-1,none,
4614,1,54,57,slow_burn_warning,54|57|slow_burn_warning
4615,1,11,16,cross_component_mismatch,11|16|cross_component_mismatch
4616,0,-1,-1,none,
4617,0,-1,-1,none,
4618,0,-1,-1,none,
4619,0,-1,-1,none,
4620,0,-1,-1,none,
4621,1,17,19,resource_exhaustion,17|19|resource_exhaustion
4622,0,-1,-1,none,
4623,0,-1,-1,none,
4624,0,-1,-1,none,
4625,0,-1,-1,none,
4626,0,-1,-1,none,
4627,0,-1,-1,none,
4628,0,-1,-1,none,
4629,0,-1,-1,none,
4630,1,11,13,state_conflict,11|13|state_conflict
4631,1,26,31,cross_component_mismatch,26|31|cross_component_mismatch
4632,0,-1,-1,none,
4633,0,-1,-1,none,
4634,0,-1,-1,none,
4635,0,-1,-1,none,
4636,0,-1,-1,none,
4637,0,-1,-1,none,
4638,0,-1,-1,none,
4639,0,-1,-1,none,
4640,1,29,33,partial_recovery_loop,29|33|partial_recovery_loop
4641,1,55,57,state_conflict,55|57|state_conflict
4642,0,-1,-1,none,
4643,0,-1,-1,none,
4644,0,-1,-1,none,
4645,0,-1,-1,none,
4646,0,-1,-1,none,
4647,0,-1,-1,none,
4648,0,-1,-1,none,
4649,0,-1,-1,none,
4650,0,-1,-1,none,
4651,1,17,21,missing_step,17|21|missing_step
4652,0,-1,-1,none,
4653,0,-1,-1,none,
4654,0,-1,-1,none,
4655,0,-1,-1,none,
4656,0,-1,-1,none,
4657,0,-1,-1,none,
4658,0,-1,-1,none,
4659,0,-1,-1,none,
4660,0,-1,-1,none,
4661,1,58,60,state_conflict,58|60|state_conflict
4662,0,-1,-1,none,
4663,0,-1,-1,none,
4664,0,-1,-1,none,
4665,0,-1,-1,none,
4666,0,-1,-1,none,
4667,1,4,9,partial_recovery_loop,4|9|partial_recovery_loop
4668,0,-1,-1,none,
4669,0,-1,-1,none,
4670,0,-1,-1,none,
4671,0,-1,-1,none,
4672,0,-1,-1,none,
4673,0,-1,-1,none,
4674,0,-1,-1,none,
4675,0,-1,-1,none,
4676,0,-1,-1,none,
4677,0,-1,-1,none,
4678,0,-1,-1,none,
4679,0,-1,-1,none,
4680,0,-1,-1,none,
4681,0,-1,-1,none,
4682,0,-1,-1,none,
4683,0,-1,-1,none,
4684,1,72,78,timeout_retry,72|78|timeout_retry
4685,1,38,44,partial_recovery_loop,38|44|partial_recovery_loop
4686,0,-1,-1,none,
4687,0,-1,-1,none,
4688,0,-1,-1,none,
4689,0,-1,-1,none,
4690,0,-1,-1,none,
4691,0,-1,-1,none,
4692,0,-1,-1,none,
4693,1,17,19,resource_exhaustion,17|19|resource_exhaustion
4694,1,71,76,cross_component_mismatch,71|76|cross_component_mismatch
4695,1,40,46,partial_recovery_loop,40|46|partial_recovery_loop
4696,0,-1,-1,none,
4697,0,-1,-1,none,
4698,0,-1,-1,none,
4699,0,-1,-1,none,
4700,0,-1,-1,none,
4701,0,-1,-1,none,
4702,0,-1,-1,none,
4703,1,4,6,resource_exhaustion,4|6|resource_exhaustion
4704,0,-1,-1,none,
4705,0,-1,-1,none,
4706,0,-1,-1,none,
4707,0,-1,-1,none,
4708,0,-1,-1,none,
4709,0,-1,-1,none,
4710,0,-1,-1,none,
4711,0,-1,-1,none,
4712,1,59,64,resource_exhaustion,59|64|resource_exhaustion
4713,0,-1,-1,none,
4714,0,-1,-1,none,
4715,0,-1,-1,none,
4716,0,-1,-1,none,
4717,0,-1,-1,none,
4718,0,-1,-1,none,
4719,1,14,19,partial_recovery_loop,14|19|partial_recovery_loop
4720,1,36,40,timeout_retry,36|40|timeout_retry
4721,0,-1,-1,none,
4722,0,-1,-1,none,
4723,0,-1,-1,none,
4724,0,-1,-1,none,
4725,0,-1,-1,none,
4726,0,-1,-1,none,
4727,0,-1,-1,none,
4728,0,-1,-1,none,
4729,0,-1,-1,none,
4730,0,-1,-1,none,
4731,0,-1,-1,none,
4732,0,-1,-1,none,
4733,0,-1,-1,none,
4734,0,-1,-1,none,
4735,0,-1,-1,none,
4736,0,-1,-1,none,
4737,0,-1,-1,none,
4738,0,-1,-1,none,
4739,1,27,33,resource_exhaustion,27|33|resource_exhaustion
4740,0,-1,-1,none,
4741,0,-1,-1,none,
4742,1,18,21,duplicate_event,18|21|duplicate_event
4743,0,-1,-1,none,
4744,0,-1,-1,none,
4745,1,26,31,timeout_retry,26|31|timeout_retry
4746,0,-1,-1,none,
4747,0,-1,-1,none,
4748,0,-1,-1,none,
4749,0,-1,-1,none,
4750,0,-1,-1,none,
4751,0,-1,-1,none,
4752,0,-1,-1,none,
4753,0,-1,-1,none,
4754,0,-1,-1,none,
4755,1,10,12,parameter_drift,10|12|parameter_drift
4756,0,-1,-1,none,
4757,0,-1,-1,none,
4758,0,-1,-1,none,
4759,0,-1,-1,none,
4760,0,-1,-1,none,
4761,0,-1,-1,none,
4762,0,-1,-1,none,
4763,1,69,72,out_of_order,69|72|out_of_order
4764,0,-1,-1,none,
4765,0,-1,-1,none,
4766,0,-1,-1,none,
4767,0,-1,-1,none,
4768,1,33,36,resource_exhaustion,33|36|resource_exhaustion
4769,0,-1,-1,none,
4770,0,-1,-1,none,
4771,0,-1,-1,none,
4772,0,-1,-1,none,
4773,0,-1,-1,none,
4774,0,-1,-1,none,
4775,0,-1,-1,none,
4776,1,33,38,parameter_drift,33|38|parameter_drift
4777,1,6,11,cross_component_mismatch,6|11|cross_component_mismatch
4778,1,4,7,state_conflict,4|7|state_conflict
4779,0,-1,-1,none,
4780,0,-1,-1,none,
4781,0,-1,-1,none,
4782,0,-1,-1,none,
4783,0,-1,-1,none,
4784,0,-1,-1,none,
4785,1,33,36,parameter_drift,33|36|parameter_drift
4786,1,29,32,resource_exhaustion,29|32|resource_exhaustion
4787,1,10,14,missing_step,10|14|missing_step
4788,0,-1,-1,none,
4789,0,-1,-1,none,
4790,0,-1,-1,none,
4791,0,-1,-1,none,
4792,0,-1,-1,none,
4793,0,-1,-1,none,
4794,0,-1,-1,none,
4795,0,-1,-1,none,
4796,0,-1,-1,none,
4797,0,-1,-1,none,
4798,0,-1,-1,none,
4799,0,-1,-1,none,
4800,0,-1,-1,none,
4801,0,-1,-1,none,
4802,0,-1,-1,none,
4803,0,-1,-1,none,
4804,0,-1,-1,none,
4805,0,-1,-1,none,
4806,1,14,17,timeout_retry,14|17|timeout_retry
4807,1,70,73,duplicate_event,70|73|duplicate_event
4808,0,-1,-1,none,
4809,0,-1,-1,none,
4810,0,-1,-1,none,
4811,0,-1,-1,none,
4812,0,-1,-1,none,
4813,0,-1,-1,none,
4814,0,-1,-1,none,
4815,0,-1,-1,none,
4816,1,58,64,resource_exhaustion,58|64|resource_exhaustion
4817,1,4,8,parameter_drift,4|8|parameter_drift
4818,0,-1,-1,none,
4819,0,-1,-1,none,
4820,0,-1,-1,none,
4821,1,25,29,cross_component_mismatch,25|29|cross_component_mismatch
4822,1,55,59,state_conflict,55|59|state_conflict
4823,1,13,18,timeout_retry,13|18|timeout_retry
4824,0,-1,-1,none,
4825,0,-1,-1,none,
4826,0,-1,-1,none,
4827,0,-1,-1,none,
4828,0,-1,-1,none,
4829,0,-1,-1,none,
4830,1,17,19,timeout_retry,17|19|timeout_retry
4831,0,-1,-1,none,
4832,0,-1,-1,none,
4833,0,-1,-1,none,
4834,0,-1,-1,none,
4835,0,-1,-1,none,
4836,0,-1,-1,none,
4837,1,44,46,parameter_drift,44|46|parameter_drift
4838,1,7,16,slow_burn_warning,7|16|slow_burn_warning
4839,0,-1,-1,none,
4840,0,-1,-1,none,
4841,0,-1,-1,none,
4842,0,-1,-1,none,
4843,0,-1,-1,none,
4844,1,73,79,resource_exhaustion,73|79|resource_exhaustion
4845,1,34,38,timeout_retry,34|38|timeout_retry
4846,0,-1,-1,none,
4847,0,-1,-1,none,
4848,0,-1,-1,none,
4849,0,-1,-1,none,
4850,0,-1,-1,none,
4851,0,-1,-1,none,
4852,0,-1,-1,none,
4853,0,-1,-1,none,
4854,1,24,26,cross_component_mismatch,24|26|cross_component_mismatch
4855,0,-1,-1,none,
4856,0,-1,-1,none,
4857,0,-1,-1,none,
4858,0,-1,-1,none,
4859,0,-1,-1,none,
4860,0,-1,-1,none,
4861,0,-1,-1,none,
4862,0,-1,-1,none,
4863,0,-1,-1,none,
4864,1,22,26,partial_recovery_loop,22|26|partial_recovery_loop
4865,1,7,11,missing_step,7|11|missing_step
4866,0,-1,-1,none,
4867,0,-1,-1,none,
4868,0,-1,-1,none,
4869,0,-1,-1,none,
4870,0,-1,-1,none,
4871,0,-1,-1,none,
4872,0,-1,-1,none,
4873,0,-1,-1,none,
4874,0,-1,-1,none,
4875,0,-1,-1,none,
4876,0,-1,-1,none,
4877,0,-1,-1,none,
4878,0,-1,-1,none,
4879,0,-1,-1,none,
4880,0,-1,-1,none,
4881,0,-1,-1,none,
4882,0,-1,-1,none,
4883,0,-1,-1,none,
4884,1,55,60,partial_recovery_loop,55|60|partial_recovery_loop
4885,0,-1,-1,none,
4886,0,-1,-1,none,
4887,0,-1,-1,none,
4888,0,-1,-1,none,
4889,1,22,26,parameter_drift,22|26|parameter_drift
4890,1,138,140,missing_step,138|140|missing_step
4891,1,8,11,cross_component_mismatch,8|11|cross_component_mismatch
4892,0,-1,-1,none,
4893,0,-1,-1,none,
4894,0,-1,-1,none,
4895,0,-1,-1,none,
4896,0,-1,-1,none,
4897,0,-1,-1,none,
4898,0,-1,-1,none,
4899,0,-1,-1,none,
4900,0,-1,-1,none,
4901,0,-1,-1,none,
4902,0,-1,-1,none,
4903,0,-1,-1,none,
4904,0,-1,-1,none,
4905,0,-1,-1,none,
4906,1,37,39,resource_exhaustion,37|39|resource_exhaustion
4907,0,-1,-1,none,
4908,0,-1,-1,none,
4909,0,-1,-1,none,
4910,0,-1,-1,none,
4911,0,-1,-1,none,
4912,0,-1,-1,none,
4913,0,-1,-1,none,
4914,0,-1,-1,none,
4915,0,-1,-1,none,
4916,0,-1,-1,none,
4917,0,-1,-1,none,
4918,0,-1,-1,none,
4919,0,-1,-1,none,
4920,0,-1,-1,none,
4921,1,78,81,timeout_retry,78|81|timeout_retry
4922,0,-1,-1,none,
4923,1,58,60,timeout_retry,58|60|timeout_retry
4924,0,-1,-1,none,
4925,1,36,40,out_of_order,36|40|out_of_order
4926,0,-1,-1,none,
4927,0,-1,-1,none,
4928,0,-1,-1,none,
4929,0,-1,-1,none,
4930,0,-1,-1,none,
4931,0,-1,-1,none,
4932,0,-1,-1,none,
4933,0,-1,-1,none,
4934,0,-1,-1,none,
4935,0,-1,-1,none,
4936,0,-1,-1,none,
4937,0,-1,-1,none,
4938,0,-1,-1,none,
4939,0,-1,-1,none,
4940,0,-1,-1,none,
4941,0,-1,-1,none,
4942,0,-1,-1,none,
4943,0,-1,-1,none,
4944,0,-1,-1,none,
4945,0,-1,-1,none,
4946,0,-1,-1,none,
4947,0,-1,-1,none,
4948,0,-1,-1,none,
4949,0,-1,-1,none,
4950,1,9,14,timeout_retry,9|14|timeout_retry
4951,0,-1,-1,none,
4952,0,-1,-1,none,
4953,0,-1,-1,none,
4954,0,-1,-1,none,
4955,0,-1,-1,none,
4956,0,-1,-1,none,
4957,0,-1,-1,none,
4958,1,31,34,slow_burn_warning,31|34|slow_burn_warning
4959,1,30,32,partial_recovery_loop,30|32|partial_recovery_loop
4960,0,-1,-1,none,
4961,0,-1,-1,none,
4962,0,-1,-1,none,
4963,0,-1,-1,none,
4964,0,-1,-1,none,
4965,0,-1,-1,none,
4966,0,-1,-1,none,
4967,1,83,89,partial_recovery_loop,83|89|partial_recovery_loop
4968,0,-1,-1,none,
4969,0,-1,-1,none,
4970,0,-1,-1,none,
4971,0,-1,-1,none,
4972,0,-1,-1,none,
4973,0,-1,-1,none,
4974,0,-1,-1,none,
4975,0,-1,-1,none,
4976,0,-1,-1,none,
4977,0,-1,-1,none,
4978,0,-1,-1,none,
4979,0,-1,-1,none,
4980,0,-1,-1,none,
4981,0,-1,-1,none,
4982,0,-1,-1,none,
4983,1,36,40,slow_burn_warning,36|40|slow_burn_warning
4984,0,-1,-1,none,
4985,0,-1,-1,none,
4986,0,-1,-1,none,
4987,0,-1,-1,none,
4988,0,-1,-1,none,
4989,0,-1,-1,none,
4990,0,-1,-1,none,
4991,0,-1,-1,none,
4992,0,-1,-1,none,
4993,0,-1,-1,none,
4994,0,-1,-1,none,
4995,0,-1,-1,none,
4996,0,-1,-1,none,
4997,0,-1,-1,none,
4998,0,-1,-1,none,
4999,0,-1,-1,none,
5000,0,-1,-1,none,
